{
    "coefficients": [
        [
            4.3749216353352915
        ]
    ],
    "intercept": [
        -7.710133915985771
    ],
    "classes": [
        0.0,
        1.0
    ],
    "solver": "liblinear",
    "test_calculations": {
        "x=0": {
            "logit_score_z": -7.710133915985771,
            "prob_class_1": 0.0004480605954520292,
            "predicted_class": 0
        },
        "x=0.1": {
            "logit_score_z": -7.272641752452241,
            "prob_class_1": 0.0006937937810884451,
            "predicted_class": 0
        },
        "x=0.5": {
            "logit_score_z": -5.5226730983181245,
            "prob_class_1": 0.003979256472480735,
            "predicted_class": 0
        },
        "x=0.9": {
            "logit_score_z": -3.7727044441840083,
            "prob_class_1": 0.022473151143244628,
            "predicted_class": 0
        }
    }
}