step_no,equity,k_coef,k_intercept,c_coef,c_intercept,intresses,losses
1,3033.79,10.0,-10.0,10.0,-10.0,42.2343,0.0
2,3285.82,10.0,-10.0,10.0,-10.0,315.04,0.0
3,3590.99,10.0,-10.0,10.0,-10.0,381.459,0.0
4,3919.51,10.0,-10.0,10.0,-10.0,410.649,0.0
5,4260.73,10.0,-10.0,10.0,-10.0,426.527,0.0
6,4573.05,-0.200289,-3.59193,10.0,-10.0,414.667,24.2605
7,4757.74,7.30409,-7.53678,10.0,-10.0,378.346,147.493
8,4985.07,9.02046,-8.61384,10.0,-10.0,337.794,53.6268
9,5179.58,7.62482,-7.60712,10.0,-10.0,299.556,56.4187
10,5375.28,4.61569,-5.91762,8.56659,-4.75427,327.427,82.8035
11,5659.9,4.11445,-5.22308,8.68258,-4.89487,388.788,33.0124
12,5838.79,4.75298,-5.43175,11.668,-5.41502,392.099,168.48
13,6230.57,4.77115,-4.70126,9.26521,-5.04679,525.832,36.117
14,6095.27,4.64812,-4.44478,15.3424,-6.53215,486.124,621.422
15,6236.16,4.38078,-4.45384,16.6912,-7.04312,534.154,358.039
16,5928.96,4.55721,-4.29792,19.1877,-7.61701,497.098,804.302
17,6076.94,4.40911,-4.23874,18.9506,-7.59217,522.132,337.156
18,6158.21,3.91358,-4.24865,18.9458,-7.54482,548.172,446.576
19,6467.49,4.16139,-4.2491,17.1241,-7.19728,619.136,232.54
20,6326.47,3.71508,-4.10578,19.1796,-7.86478,572.954,713.976
21,6265.52,5.03133,-4.67621,19.3306,-7.89749,524.09,585.043
22,6259.28,5.04143,-4.43426,19.7423,-7.93761,507.989,514.223
23,6407.73,5.52139,-4.4424,18.7123,-7.67563,549.0,363.441
24,6119.91,4.27646,-3.60773,17.7928,-7.13978,479.555,767.369
25,5918.15,4.98853,-3.76088,17.1528,-6.74097,415.031,616.791
26,5834.84,4.61775,-3.41603,16.7574,-6.3831,379.058,462.369
27,5872.82,4.24889,-3.2509,17.2127,-6.63903,383.731,336.261
28,5759.27,2.83919,-3.17398,17.5036,-6.68984,358.439,471.986
29,5657.75,2.67565,-2.73607,16.9682,-6.28468,334.665,436.186
30,5768.98,2.54728,-2.67688,14.8987,-5.5793,343.143,204.107
31,5557.15,3.7656,-2.52279,14.3153,-5.34464,269.62,481.446
32,5498.44,3.96523,-2.41422,14.2813,-5.49245,244.158,302.873
33,5590.04,3.51079,-2.25223,14.3003,-5.31734,253.953,139.444
34,5477.72,3.16757,-2.30529,14.128,-5.15018,215.232,327.558
35,5531.44,2.97824,-2.0735,13.1784,-4.8299,220.598,153.443
36,5535.02,2.93914,-1.92235,13.864,-4.90216,209.087,204.612
37,5572.63,2.23608,-1.78098,12.4866,-4.53678,214.17,167.166
38,5461.11,2.66277,-1.64349,12.8999,-4.35261,183.16,294.678
39,5371.31,2.73742,-1.2115,12.9704,-4.16045,147.383,237.18
40,5504.49,2.47884,-1.13696,12.195,-3.96071,177.761,11.2855
41,5422.82,2.59227,-0.668,11.369,-3.73758,147.796,229.467
42,5466.45,2.0947,-0.800535,10.2297,-3.69782,146.275,91.7354
43,5378.76,2.00653,-0.879066,11.4393,-3.44124,115.181,202.867
44,5437.43,2.71706,-0.890796,10.3533,-3.39442,117.015,43.6821
45,5473.8,2.52862,-0.59417,10.4861,-3.2092,121.14,75.6765
46,5565.06,2.33544,-0.0354986,6.50579,-3.18942,134.958,20.8877
47,5594.28,1.6449,-0.507558,9.0404,-3.47894,133.405,96.8735
48,5700.33,1.84516,-0.588616,7.50191,-3.73155,155.145,22.5904
49,5522.6,2.31886,-0.230307,9.80561,-3.36988,116.016,293.746
50,5441.72,2.10827,-0.305542,9.84877,-3.16806,93.6697,174.551
51,5454.24,1.99807,-0.853578,10.0633,-2.82928,92.8619,77.2018
52,5421.07,2.1492,-0.331502,9.59354,-2.82178,75.0722,108.248
53,5502.21,1.93687,-0.0301981,7.80612,-2.75829,101.433,0.0
54,5417.39,1.70672,-0.631518,8.7732,-2.52958,74.3274,159.147
55,5440.38,2.07671,-0.332515,8.10226,-2.58846,69.6919,40.9539
56,5512.02,1.90556,-0.00312606,8.52558,-2.58545,89.5434,0.0
57,5601.3,1.71224,-0.590726,8.52558,-2.58545,116.571,4.96602
58,5559.38,1.95638,-0.192749,6.89788,-2.83815,94.8682,136.791
59,5562.54,1.79881,0.135447,8.64529,-2.94446,89.7122,85.7618
60,5651.42,1.76285,-0.512134,8.6449,-2.94543,116.103,5.00865
61,5621.36,1.83622,0.0612783,8.94176,-3.14086,98.9381,128.993
62,5719.77,1.60692,0.418231,7.11183,-3.26603,123.017,0.0
63,5729.48,1.57898,-0.342112,9.32516,-3.48057,122.891,110.763
64,5724.59,1.77849,0.12756,9.29709,-3.60264,113.498,118.384
65,5846.89,1.53991,0.529701,9.2954,-3.73503,152.87,0.0
66,5803.1,1.38486,-0.227621,10.1282,-3.84627,149.756,193.547
67,5528.41,1.70614,0.11239,11.1774,-3.61411,85.3628,360.054
68,5543.41,1.51711,0.519002,10.7492,-3.15826,97.1437,78.3852
69,5469.82,1.45376,-0.260565,10.1959,-2.66859,84.242,157.834
70,5516.0,1.60037,0.241477,8.21909,-2.75173,99.2001,41.4711
71,5507.22,1.39084,0.655985,8.57453,-2.89708,100.202,108.982
72,5407.63,1.42033,-0.228974,8.88235,-3.08092,67.6494,167.243
73,5427.74,1.56642,0.285825,8.85829,-2.8958,66.8509,41.7142
74,5502.26,1.3197,0.751164,8.0751,-2.92856,93.145,0.0
75,5514.81,1.37058,-0.169814,6.11019,-2.94862,93.877,78.1786
76,5476.91,1.50852,0.354484,7.76783,-3.02082,81.5905,119.498
77,5484.26,1.26242,0.845422,8.81094,-3.08144,84.1966,75.0002
78,5572.24,1.32773,-0.0954373,7.86306,-3.15149,115.03,5.06031
79,5529.87,1.43094,0.456633,8.21171,-3.40337,100.251,142.62
80,5432.61,1.1732,0.949085,9.1901,-3.48929,72.4798,169.737
81,5506.68,1.38951,-0.0663044,9.21152,-3.41364,97.8397,5.26164
82,5463.64,1.37237,0.615258,9.06062,-3.16757,85.0007,128.034
83,5464.35,1.05509,1.13823,8.07251,-3.08369,86.4062,85.5161
84,5503.33,1.21785,0.0719768,8.68036,-3.12104,104.88,56.1549
85,5485.45,1.34396,0.629417,8.72982,-3.31229,100.843,118.726
86,5495.59,1.01966,1.17643,8.90299,-3.54774,105.475,92.8069
87,5423.31,1.16009,0.0939978,9.59053,-3.42572,95.4022,167.679
88,5387.08,1.31431,0.623105,8.98691,-3.11134,90.4185,126.647
89,5263.44,1.0003,1.18709,8.90027,-2.67443,65.1586,188.799
90,5204.69,1.12564,0.0940469,8.26331,-2.32477,51.1674,109.916
91,5212.26,1.28389,0.613075,8.28448,-2.19223,51.496,42.0317
92,5272.72,0.980924,1.18875,6.88989,-2.414,75.5682,0.0
93,5353.87,1.17099,0.0619936,6.88989,-2.414,106.741,5.29511
94,5293.37,1.25043,0.65357,6.98793,-3.27241,78.5626,139.065
95,5298.23,0.953662,1.24206,8.23208,-3.3227,77.1717,71.0947
96,5377.81,1.26164,0.0924905,8.35114,-3.3785,104.599,5.12908
97,5248.6,1.18057,0.832217,8.73089,-2.95541,72.9088,202.122
98,5243.21,0.845212,1.40892,8.71573,-2.83308,73.9575,79.3424
99,5323.9,1.104,0.212384,8.81898,-2.82044,106.167,5.30938
100,5241.31,1.18181,0.821841,8.74458,-2.96513,79.5875,162.177
101,5328.1,0.828097,1.42643,7.59816,-3.11624,108.494,0.0
102,5381.15,1.10359,0.219023,8.78612,-3.34647,132.266,65.954
103,5288.03,1.15986,0.848875,9.14257,-3.45146,112.903,206.026
104,5236.71,0.822996,1.46196,10.1849,-3.52442,108.014,159.33
105,5131.86,1.07785,0.264634,10.433,-3.35647,87.9234,192.778
106,5137.81,1.11807,0.899374,9.60107,-3.2779,94.9252,87.4915
107,5163.76,0.774,1.49873,8.73787,-3.29032,114.258,81.8161
108,4918.51,0.927078,0.29024,9.28905,-3.35491,46.3882,291.639
109,4922.36,1.14915,0.76743,8.40831,-2.8866,46.9858,42.1743
110,4920.95,0.820492,1.40302,7.80297,-2.1344,54.2301,55.6396
111,4893.31,1.06857,0.180885,6.09764,-2.06011,48.9234,76.5603
112,4897.72,1.11876,0.803384,6.45756,-2.10989,47.6619,42.1481
113,4950.66,0.791877,1.43363,6.09687,-2.56807,66.1767,0.0
114,5018.57,1.06258,0.185164,6.09687,-2.56807,90.1914,5.31076
115,4955.24,1.11341,0.810933,6.32087,-2.87765,69.3441,132.673
116,4884.03,0.789183,1.45282,8.03946,-2.70831,55.2324,126.443
117,4939.3,1.1698,0.192211,8.15006,-2.62078,74.2593,5.16394
118,4975.7,1.0658,0.95909,6.7602,-2.58317,85.8764,40.3791
119,4954.74,0.709057,1.58267,6.92994,-3.39479,75.3812,96.3434
120,4965.95,0.98947,0.305784,7.66849,-3.21567,79.9712,65.9565
121,5004.81,1.087,0.902211,7.70919,-3.30082,89.6204,41.0437
122,4987.42,0.724215,1.5503,7.60828,-3.27577,88.107,105.497
123,4916.04,0.959851,0.289561,8.46289,-3.39803,71.1425,142.527
124,4868.5,1.08595,0.853294,8.70766,-3.07361,58.8684,106.411
125,4937.38,0.739181,1.50669,7.62931,-2.87897,86.0993,0.0
126,4824.79,1.0159,0.232892,7.63797,-2.61969,58.5731,171.16
127,4837.24,1.0785,0.850603,7.17169,-2.69003,57.754,42.1898
128,4904.12,0.750654,1.50705,7.78478,-2.78347,83.6035,0.0
129,4916.95,1.0715,0.232507,5.89727,-2.92886,87.2975,71.2676
130,4959.0,1.04547,0.925146,5.40584,-3.05558,94.0073,41.4448
131,4850.01,0.721706,1.5632,8.86059,-3.38275,71.1754,180.166
132,4922.94,1.02431,0.284597,8.1488,-3.4671,96.3009,5.1378
133,4830.5,1.04149,0.941527,9.24446,-3.33682,75.4001,167.835
134,4837.85,0.696135,1.58251,7.61252,-2.98737,83.5409,74.3527
135,4801.79,1.05713,0.27738,8.53117,-3.02356,74.2881,110.352
136,4754.69,1.04515,0.970871,8.02927,-2.86118,59.6629,106.765
137,4823.07,0.675253,1.62393,7.88839,-3.11221,85.4757,0.0
138,4838.14,0.881681,0.349212,7.24146,-2.92546,94.5523,75.7063
139,4830.47,1.06254,0.86647,6.92538,-3.13906,92.742,100.417
140,4755.94,0.730761,1.53145,8.60879,-3.28523,80.2018,154.727
141,4749.4,1.08693,0.240995,8.75009,-3.39979,80.7676,87.3158
142,4680.64,1.02385,0.969107,8.92572,-3.22627,61.4032,130.158
143,4754.44,0.674762,1.61156,7.76855,-3.35587,92.2535,0.0
144,4609.85,0.916442,0.321522,8.42145,-3.01813,58.1363,202.73
145,4546.83,1.05674,0.874163,7.71635,-2.60533,41.4376,104.455
146,4596.92,0.723237,1.54308,7.62679,-2.29872,62.6148,0.0
147,4582.5,1.0692,0.249996,6.7091,-2.42438,59.3355,73.7554
148,4593.91,1.01921,0.965423,6.06427,-2.88595,55.5153,41.2627
149,4651.16,0.686187,1.60925,6.52496,-3.05992,71.5655,0.0
150,4724.58,0.956387,0.319129,6.52496,-3.05992,96.9716,5.18861
151,4781.39,1.03316,0.924989,6.52496,-3.05992,112.746,41.7445
152,4697.27,0.700723,1.58019,8.3713,-3.63503,99.7536,183.868
153,4711.75,1.11501,0.273768,9.03301,-3.81051,114.088,95.9907
154,4553.63,1.0041,1.05041,9.95693,-3.76042,69.1989,227.312
155,4556.97,0.650292,1.69097,9.09477,-3.56316,75.6369,71.4628
156,4579.85,0.824685,0.417979,8.93748,-3.4951,86.6365,58.0456
157,4539.44,1.03339,0.912198,7.42195,-3.08275,77.8914,118.299
158,4477.68,0.69231,1.5686,8.22858,-3.29462,65.2026,126.965
159,4552.74,1.02241,0.258618,7.48128,-3.14426,99.1357,5.31107
160,4345.43,1.03681,0.924037,8.65011,-3.08896,45.4436,252.745
161,4400.08,0.679145,1.59083,7.45927,-2.91957,68.3041,0.0
162,4407.05,1.08489,0.259928,7.63789,-2.67338,80.9778,72.2591
163,4256.29,1.02335,0.999036,7.26108,-2.80553,36.8832,187.648
164,4301.88,0.665345,1.65989,7.16276,-2.6586,56.9911,0.0
165,4291.11,0.90922,0.372669,7.06822,-2.38457,61.5613,72.3317
166,4222.32,1.02031,0.949677,6.26056,-2.35193,40.4723,109.26
167,4271.0,0.685492,1.60177,6.31943,-2.37525,60.8491,0.0
168,4249.72,0.966562,0.308413,6.92663,-2.60682,55.2706,76.5551
169,4260.26,1.02586,0.929612,5.86422,-2.71766,55.0073,41.8236
170,4321.24,0.691071,1.58831,5.96662,-2.89961,76.2183,0.0
171,4404.63,0.996867,0.287389,5.96662,-2.89961,109.429,5.18722
172,4130.51,1.02227,0.93805,8.12843,-3.36905,30.2839,304.408
173,4163.35,0.690123,1.59551,7.62942,-2.91765,41.0531,0.0
174,4204.88,1.12611,0.282802,8.08791,-2.44227,57.0701,5.15414
175,4221.25,0.991128,1.08147,8.08791,-2.44227,60.1875,39.7298
176,4294.64,0.631311,1.72054,8.08791,-2.44227,91.7318,0.0
177,4311.99,0.856902,0.424804,5.90966,-3.18836,93.5315,71.8378
178,4264.0,1.02222,0.962711,7.95602,-3.51749,73.8797,121.866
179,4346.77,0.683291,1.62072,7.85216,-3.63189,103.461,0.0
180,4362.77,1.0015,0.325304,8.26316,-3.98565,113.397,93.3948
181,4189.06,1.00693,0.994801,8.6956,-3.77123,67.4153,241.126
182,4182.84,0.673136,1.64379,8.57489,-3.51822,70.1245,76.3456
183,4127.05,0.986676,0.345189,8.21834,-3.02051,58.9521,114.745
184,4141.7,1.00455,1.00426,7.55946,-3.37333,59.1623,40.8514
185,4119.07,0.648852,1.6512,7.66939,-3.1429,54.8658,77.4957
186,4176.19,0.878839,0.356011,5.75014,-3.04261,76.7326,5.333
187,4133.67,1.04205,0.890624,7.10318,-3.29306,63.5076,106.027
188,4069.72,0.688668,1.5655,7.34872,-3.07105,52.9367,116.89
189,4127.88,1.09588,0.232336,7.54061,-3.12997,78.0211,5.31775
190,4099.07,1.02092,0.981883,7.16812,-2.88084,75.0455,103.85
191,3947.24,0.651084,1.6463,7.6271,-2.77528,39.9878,191.82
192,3989.82,0.994376,0.319497,7.4891,-2.55471,58.5428,5.31889
193,4008.86,1.02536,0.975958,7.1485,-2.55896,64.8129,41.017
194,3993.48,0.654251,1.64238,5.75853,-3.02066,60.1063,75.4829
195,3953.76,0.968566,0.325257,7.02948,-2.89279,51.62,91.3462
196,3961.97,1.02876,0.954154,7.00218,-2.78475,51.6161,41.3463
197,3951.81,0.664929,1.6224,6.95114,-2.65159,50.9318,61.0971
198,4003.0,0.920229,0.324051,5.49618,-2.91043,69.2881,5.29487
199,4027.95,1.03575,0.897746,5.23557,-3.04553,73.4271,42.2417
200,3921.18,0.686355,1.56881,7.08845,-3.1935,50.1322,156.903
201,3974.15,1.08587,0.234743,6.84845,-3.13459,71.5295,5.31821
202,3895.32,1.02198,0.973837,7.5167,-2.9042,47.9117,126.738
203,3863.39,0.660358,1.63934,6.8008,-2.76826,41.0487,72.9794
204,3904.62,0.990406,0.32091,7.08128,-2.6305,56.7919,5.25001
205,3915.92,1.01956,0.975157,6.32994,-2.74781,55.2509,41.1306
206,3976.38,0.65662,1.63671,6.32994,-2.74781,75.5731,0.0
207,4056.99,0.975175,0.318633,6.32994,-2.74781,106.074,5.31191
208,4061.8,1.02801,0.953607,5.19328,-3.41516,97.8825,91.8608
209,4073.1,0.678431,1.62231,7.74265,-3.97907,103.774,89.6529
210,3997.9,1.09139,0.311443,9.44349,-4.29648,82.5472,157.746
211,4037.84,0.988632,1.08082,9.25733,-4.38884,89.7124,39.7895
212,4060.92,0.625793,1.72065,9.36407,-4.40109,101.98,73.1355
213,4086.68,0.770588,0.446061,8.18618,-4.12727,117.125,84.9226
214,4009.25,1.03438,0.895346,9.69745,-4.4926,102.211,179.635
215,3886.67,0.699349,1.56227,10.0757,-4.40103,84.3816,206.964
216,3717.99,1.06058,0.249542,9.46844,-3.63874,50.5389,219.224
217,3630.57,1.01465,0.966324,8.25214,-2.64537,24.8693,112.281
218,3663.8,0.659429,1.62488,7.40709,-2.18319,41.5371,0.0
219,3709.21,0.926755,0.317247,5.59096,-2.46349,62.0877,5.32776
220,3730.73,1.03808,0.895815,5.59096,-2.46349,69.1426,42.2399
221,3744.94,0.693432,1.56984,4.55336,-2.81281,78.2716,60.5186
222,3653.96,1.08601,0.245678,7.20324,-3.15605,61.7227,152.698
223,3518.29,1.01148,0.99026,7.22017,-2.53594,25.5593,161.234
224,3548.59,0.657904,1.64728,7.01489,-2.14301,37.8755,0.0
225,3585.56,0.884164,0.356303,6.47361,-2.16717,51.4565,5.23559
226,3594.86,1.03062,0.901661,6.47361,-2.16717,53.8731,42.2552
227,3658.6,0.694052,1.56772,6.47361,-2.16717,79.6772,0.0
228,3745.04,1.0712,0.246484,6.47361,-2.16717,113.28,5.23393
229,3590.35,1.01498,0.97414,7.63474,-3.33616,61.5272,216.215
230,3658.35,0.671829,1.63391,7.71342,-3.43028,84.9966,0.0
231,3685.68,1.09365,0.319715,8.63763,-3.4615,99.091,64.9197
232,3697.5,0.986016,1.09434,6.59828,-3.61712,98.7722,84.0011
233,3551.97,0.634412,1.73432,8.58764,-3.65372,65.5314,211.061
234,3477.26,0.865053,0.442988,8.5097,-3.33272,46.4556,121.171
235,3483.44,1.00425,1.00175,8.06562,-2.69341,48.6089,40.8821
236,3539.24,0.650017,1.64873,6.69058,-2.83694,69.7581,0.0
237,3490.05,0.879335,0.356222,6.45025,-2.77287,57.3143,106.504
238,3500.56,1.03978,0.893324,6.63038,-2.90192,55.3803,42.2469
239,3566.25,0.69924,1.56871,6.7863,-2.99867,82.1168,0.0
240,3584.8,1.03787,0.26109,5.46357,-3.13339,88.1258,64.9479
241,3559.02,1.01256,0.956316,7.02405,-3.56072,74.0526,99.8282
242,3570.96,0.681421,1.61204,8.07298,-3.75105,80.3963,65.4688
243,3655.57,1.02564,0.301435,7.47661,-4.06446,110.903,5.14312
244,3475.9,1.00641,0.99319,9.09635,-4.20328,61.4808,241.151
245,3544.94,0.653762,1.64464,8.34746,-4.17191,86.2991,0.0
246,3489.77,1.03315,0.316792,9.05376,-3.99809,79.9426,135.116
247,3428.03,1.01371,1.01924,7.88585,-3.7807,61.707,123.442
248,3429.02,0.658889,1.68055,8.26027,-3.70556,64.8872,63.6456
249,3422.74,0.891314,0.396761,7.85377,-3.62387,68.1532,74.4368
250,3453.26,1.00763,0.968492,6.82392,-3.61281,79.5875,41.4318
251,3327.0,0.664666,1.61717,7.96412,-3.67872,49.9075,176.173
252,3380.4,0.928453,0.316232,7.38032,-3.74743,72.0766,5.32443
253,3299.92,1.03703,0.897096,7.89409,-3.46861,51.6447,132.128
254,3266.0,0.686466,1.57094,7.03826,-3.29115,45.193,79.114
255,3313.28,1.08661,0.237624,7.09936,-3.22857,64.3999,5.29888
256,3258.32,1.01871,0.979621,6.94706,-3.14377,49.0519,104.008
257,3315.12,0.651828,1.64369,5.15602,-3.07299,70.9945,0.0
258,3257.88,0.982168,0.318883,7.13652,-3.27087,59.4555,116.691
259,3194.93,1.02637,0.962359,7.15321,-3.26217,40.6457,103.596
260,3240.3,0.672011,1.63061,7.4159,-3.15984,56.7076,0.0
261,3296.32,0.955444,0.33213,5.94297,-3.30072,75.199,5.16742
262,3248.89,1.01623,0.952861,5.8832,-3.22434,59.8094,107.245
263,3314.88,0.678393,1.60994,5.68269,-3.36809,82.4887,0.0
264,3359.11,1.05953,0.292162,6.31263,-3.47069,105.617,50.3242
265,3139.69,1.00532,1.01918,8.36091,-3.92273,53.0618,272.487
266,3123.93,0.65627,1.67221,8.37852,-3.67585,51.1402,66.8928
267,3181.67,0.982014,0.365216,8.22569,-3.4907,77.2999,5.13339
268,3152.4,1.00155,1.02662,6.50501,-3.50525,66.0849,95.3487
269,3109.22,0.636663,1.67484,6.57426,-3.44686,55.2063,98.3934
270,3111.33,0.950267,0.354721,7.03662,-3.4408,58.3864,55.7403
271,3079.81,1.01247,0.888778,7.08564,-3.22037,48.6404,80.1683
272,3135.74,0.644685,1.54015,6.23683,-3.30871,69.9182,0.0
273,3205.18,0.890999,0.356409,3.56688,-2.94424,92.0925,5.29321
274,2996.6,1.02482,0.916413,7.72663,-4.03196,40.3029,248.881
275,3025.89,0.728253,1.77931,7.47163,-3.75513,49.5303,12.9221
276,3073.46,1.30846,0.548811,7.80286,-3.47951,70.8588,11.3981
277,3044.22,1.09502,1.15784,4.95801,-3.01228,58.8719,88.1072
278,3061.75,0.66189,1.72937,6.49462,-3.3202,66.7877,44.8801
279,3135.2,0.899779,0.387966,6.31909,-3.45226,97.0495,5.23615
280,3130.69,1.03259,0.95037,6.93539,-4.12024,97.6235,102.134
281,3089.81,0.999135,0.829327,8.32558,-4.70472,89.7532,130.628
282,3107.85,1.38923,0.121782,8.69589,-4.81711,101.279,78.7333
283,2883.82,1.08218,1.23175,9.06559,-4.4071,45.9574,269.984
284,2881.99,0.982877,1.10136,7.80972,-3.50419,58.7779,60.6142
285,2846.17,1.27615,0.356921,7.9864,-3.08325,52.0925,87.91
286,2859.59,1.60789,0.425348,6.69087,-3.02343,56.5922,39.8106
287,2914.93,1.47391,0.339929,6.05545,-3.48577,78.052,8.88487
288,2971.33,1.51493,0.206635,6.05545,-3.48577,96.8883,26.3826
289,2916.98,1.36007,0.607527,6.56407,-4.10706,79.7603,134.109
290,2824.78,1.37033,0.589433,8.23373,-4.2087,66.8172,159.025
291,2839.09,1.77415,0.0785245,8.05228,-3.80271,82.0212,64.1241
292,2765.52,1.93138,0.164555,7.88539,-3.51427,67.0363,140.613
293,2711.64,1.13872,1.48291,7.29376,-3.42777,52.7764,106.659
294,2758.19,0.490214,2.23128,7.39153,-3.65864,74.0198,15.8281
295,2777.83,0.766917,0.872565,6.71765,-3.56579,89.967,65.4123
296,2689.92,1.5081,0.22211,7.25661,-3.48423,71.8987,159.812
297,2670.57,1.52431,0.49801,8.00678,-3.63264,74.8168,94.1612
298,2692.36,1.65071,0.069279,8.27812,-3.81392,87.2215,59.9928
299,2751.69,1.44604,0.277956,6.69497,-3.92637,108.049,33.8851
300,2585.59,1.26733,0.700625,8.30539,-4.32821,64.6025,230.7
301,2641.13,1.37836,0.42112,7.58125,-4.16635,87.5047,18.0836
302,2549.05,1.77481,0.0878566,8.25456,-3.8832,70.3459,162.427
303,2540.61,1.93748,0.268215,6.8105,-3.54817,73.5284,81.9673
304,2549.17,1.90787,0.1539,7.37847,-3.63459,79.2973,68.5893
305,2549.31,2.19604,-0.611239,6.62351,-3.69109,81.7134,81.5486
306,2496.01,2.16866,-0.2926,7.50434,-3.95953,71.4713,124.764
307,2535.39,2.04565,0.0241337,7.36784,-4.02825,87.0847,37.8689
308,2597.99,1.81729,-0.0541868,6.77988,-4.14825,107.437,29.1775
309,2537.95,1.92504,-0.109704,6.95766,-4.2702,90.4143,150.458
310,2454.39,1.75452,0.369057,7.85996,-4.09253,74.3001,157.854
311,2464.99,2.33274,-0.416674,8.02787,-3.93779,82.078,68.828
312,2488.31,2.79927,-1.17556,7.64124,-3.79288,93.0082,63.8637
313,2472.77,2.62647,-0.909409,7.60078,-4.06763,89.6868,105.226
314,2487.69,2.74228,-1.07296,7.93266,-4.21347,92.4656,73.8147
315,2520.35,2.41174,-0.436073,7.85378,-4.24073,112.233,71.4024
316,2524.16,2.02035,0.223942,8.03098,-4.52639,106.509,101.751
317,2537.36,1.99356,-0.767385,8.83496,-4.78147,119.927,103.423
318,2555.67,2.06948,-0.669154,9.03009,-4.84667,137.877,114.995
319,2403.29,1.70518,-0.0479677,9.62049,-4.79197,103.211,255.59
320,2371.64,1.93369,-0.500733,9.22342,-4.53127,101.677,133.33
321,2274.71,2.13362,-0.959263,9.51836,-4.2936,75.6251,172.549
322,2332.1,1.8898,-0.287717,8.90269,-4.28469,94.6921,22.9529
323,2382.31,1.61155,0.167759,8.51373,-4.36588,116.019,53.2609
324,2318.9,2.02927,-0.729624,8.65839,-4.50168,107.98,171.389
325,2317.61,2.63268,-1.14766,9.40172,-4.631,113.17,114.464
326,2394.01,2.81021,-1.50747,9.33135,-4.70039,146.88,51.3717
327,2241.56,3.02734,-1.86933,9.6493,-4.67902,123.939,276.388
328,2255.92,3.35317,-2.01997,9.35717,-4.67504,137.164,119.22
329,2179.11,2.50007,-1.28773,10.388,-4.9419,127.716,204.529
330,2277.77,1.7842,-1.12552,9.30484,-5.10525,154.116,30.7931
331,2280.03,2.06605,-1.47882,9.61808,-5.213,160.879,158.043
332,2204.0,1.91202,-1.18946,9.61764,-5.21373,152.459,228.495
333,2154.55,1.59744,-1.15729,9.94019,-5.08196,152.434,201.884
334,2207.38,2.2033,-1.56081,9.39612,-4.8883,186.921,120.888
335,2117.95,2.74487,-1.69002,9.40136,-4.85516,154.386,243.808
336,2254.92,2.32731,-1.83589,9.37407,-5.13404,221.597,50.3831
337,2188.67,2.07387,-2.26837,10.8187,-5.55244,186.828,253.088
338,2168.32,2.232,-2.23855,10.7752,-5.49877,193.054,213.403
339,2187.15,2.81458,-2.01002,10.9361,-5.41486,199.087,175.546
340,2214.77,1.70611,-1.41893,10.8857,-5.54477,211.863,177.338
341,2167.18,1.51626,-1.10994,11.7342,-6.02062,220.334,267.924
342,2151.96,1.9515,-1.20443,11.9433,-6.06507,221.398,236.619
343,2137.48,2.40095,-1.78363,12.4119,-6.18869,236.992,251.466
344,2202.19,1.62502,-1.03689,11.4894,-5.86441,250.959,170.081
345,2141.35,1.94094,-1.43604,11.9725,-6.21896,258.05,318.891
346,1952.1,1.68596,-1.06135,12.1482,-6.1983,209.29,398.532
347,1788.41,-0.0202295,0.487599,12.6297,-6.13995,196.871,360.565
348,1938.74,0.430668,-0.540821,12.6334,-6.30564,250.525,62.6132
349,2022.81,1.02433,-1.7933,11.8311,-6.31389,296.38,191.29
350,1892.75,2.51261,-2.44103,11.9576,-6.55137,242.495,372.553
351,1738.28,2.71087,-2.07129,11.9668,-6.10584,200.683,355.153
352,1768.79,1.10967,-0.756621,12.3784,-6.14677,232.467,194.337
353,1910.28,-0.0564812,-2.59787,11.7833,-5.88697,321.451,144.589
354,1879.25,0.755675,-2.52261,12.6118,-6.34633,316.266,347.296
355,1928.28,1.92699,-3.32769,12.3368,-6.01066,358.89,297.597
356,1981.63,2.37385,-2.85814,12.8707,-6.39769,391.879,325.186
357,1870.02,3.07549,-3.32591,13.4592,-6.64652,370.021,598.402
358,1888.98,3.20412,-3.43799,14.9151,-7.63447,390.365,383.434
359,1928.63,2.67968,-3.48132,14.0043,-6.97424,434.58,385.014
360,1863.15,1.25957,-2.60062,13.2737,-6.51648,363.145,663.816
361,1932.05,1.84065,-2.71162,11.319,-5.46652,415.725,329.6
362,1962.27,1.56457,-2.67149,12.0343,-5.83618,459.994,422.214
363,2028.55,2.79822,-3.56026,12.6324,-6.37708,523.212,440.361
364,2093.52,3.27998,-4.00282,14.6111,-7.34776,587.089,505.874
365,2193.14,4.11129,-4.64642,15.5167,-7.94909,637.403,512.879
366,2231.18,4.20232,-4.71098,16.6291,-8.51767,644.503,596.951
367,2588.11,2.65591,-3.47515,16.0641,-8.66963,789.899,343.738
368,2169.19,2.0644,-3.31245,17.8791,-9.45458,669.193,1121.24
369,2184.31,2.34337,-3.72458,16.9107,-8.99529,655.683,636.783
370,2288.72,2.00537,-3.97169,18.2763,-9.56001,686.591,556.086
371,2668.87,2.56235,-4.2296,15.5352,-8.51636,831.889,356.692
372,2351.44,3.68092,-4.58363,17.9336,-9.80802,741.249,1058.68
373,2220.36,4.10346,-4.71691,17.0457,-9.143,720.362,879.542
374,2431.98,4.22896,-4.768,18.5229,-9.86562,805.85,541.333
375,2370.43,3.46652,-4.1571,17.3826,-8.99592,870.434,962.377
376,2425.48,2.1605,-3.80292,18.5785,-9.62678,925.483,958.273
377,2338.36,2.29609,-3.68453,18.1824,-9.26668,838.359,1026.73
378,2717.83,2.14168,-4.10113,18.2137,-9.59984,973.511,499.171
379,2870.49,3.75542,-4.82432,18.2907,-9.64421,1103.08,912.263
380,2889.32,3.70952,-5.19165,20.9369,-11.1455,1140.48,1116.94
381,3122.37,5.25168,-5.75913,20.3409,-10.8041,1162.77,871.45
382,3108.51,5.30267,-5.65744,21.5963,-11.4959,1172.26,1186.12
383,3322.93,3.1552,-3.88623,20.7845,-10.987,1293.22,1025.19
384,3100.1,3.0569,-3.81502,23.3954,-12.2791,1232.35,1455.18
385,2664.14,4.36919,-4.37292,23.294,-11.9595,1164.14,1632.74
386,2750.17,4.85693,-5.113,24.1895,-12.4498,1220.39,1112.85
387,2930.02,2.7095,-4.38809,23.405,-12.0697,1291.04,1066.22
388,2819.77,3.20196,-4.81772,23.8061,-12.4324,1319.77,1559.55
389,2735.2,4.90849,-5.46858,23.3864,-12.1367,1235.2,1335.82
390,3042.2,4.30818,-5.0469,23.0862,-11.8658,1348.94,965.187
391,3364.23,4.45511,-4.64138,22.2159,-11.611,1456.35,1053.81
392,3605.09,4.65773,-4.61638,22.1054,-11.7227,1524.58,1223.51
393,3955.23,4.55054,-5.12142,22.8032,-12.3882,1586.33,1148.65
394,3348.75,2.31347,-4.95824,24.392,-12.9447,1474.61,2081.09
395,3747.61,4.5097,-4.88044,23.6686,-12.4836,1574.56,1075.98
396,3747.12,5.09606,-4.89701,23.6857,-12.3,1579.42,1579.9
397,3761.51,4.5007,-4.33702,23.1103,-12.2115,1613.02,1595.04
398,2981.85,3.86365,-4.5453,25.3194,-13.1356,1458.73,2238.38
399,3576.06,1.87784,-4.61284,24.8967,-12.9955,1638.44,895.68
400,3502.06,1.33483,-3.97961,24.3385,-12.5847,1527.26,1601.26
401,3933.4,3.7726,-4.7961,20.797,-11.1113,1583.01,1043.83
402,4447.35,4.85834,-5.07915,21.0685,-11.1921,1705.45,1063.01
403,4478.63,4.28786,-5.11057,21.6761,-11.5528,1611.77,1572.67
404,5158.06,5.53687,-5.74005,23.7738,-12.6724,1753.47,904.186
405,5597.02,4.9138,-5.53559,25.2294,-13.4325,1826.74,1278.03
406,6018.55,4.57408,-5.3824,25.2589,-13.5965,1951.87,1424.96
407,5193.36,3.47495,-4.36819,27.7359,-14.7566,1713.18,2538.36
408,4951.48,5.08585,-4.72303,28.3634,-15.0427,1579.55,1821.44
409,5389.77,5.1153,-4.60171,28.0998,-14.7484,1660.71,1112.85
410,5622.88,4.92375,-4.74884,25.8563,-13.596,1675.04,1383.66
411,5340.2,4.37716,-4.46946,24.8694,-12.9154,1593.91,1876.59
412,5201.83,4.35733,-4.28702,25.7519,-13.2625,1535.57,1673.94
413,5552.46,4.45637,-3.78238,26.5744,-13.6153,1604.45,1166.17
414,5766.79,3.80356,-3.46196,27.2246,-14.0194,1661.89,1393.97
415,5358.33,3.67728,-3.48171,27.2571,-13.9595,1551.34,1959.8
416,5241.86,4.20317,-3.57651,25.409,-12.9579,1427.75,1544.21
417,4798.96,4.70313,-3.66166,24.5547,-12.2505,1298.65,1741.56
418,5326.52,4.60331,-3.53406,22.7185,-11.3047,1416.39,756.934
419,5180.68,4.39409,-3.75289,24.5104,-11.8411,1344.61,1490.45
420,5874.32,4.69588,-4.02489,21.8126,-10.7952,1485.78,618.727
421,5873.45,4.93379,-4.34393,22.5243,-11.0835,1430.63,1431.5
422,6243.14,4.57238,-4.20329,21.1815,-10.7545,1436.17,974.058
423,6562.8,4.09394,-3.65116,22.458,-11.2537,1508.33,1108.76
424,6913.34,3.96497,-3.16393,21.458,-10.8483,1537.06,1098.88
425,7285.96,4.27876,-3.58895,22.4174,-11.3536,1569.75,1103.97
426,7444.65,3.87546,-3.61014,23.9206,-12.3665,1569.8,1371.44
427,7444.16,4.98509,-3.7144,23.5447,-12.1534,1505.29,1199.65
428,7308.62,4.73066,-3.70739,23.2564,-12.0019,1316.82,1452.36
429,7136.68,4.34111,-3.04016,20.0083,-10.1992,1256.38,657.917
430,7100.81,3.94202,-1.78032,20.1047,-10.4058,1198.93,708.357
431,6813.16,3.64487,-2.2213,20.6051,-10.4908,995.931,1283.59
432,6884.48,3.55173,-3.03664,21.5927,-11.1715,1050.64,219.855
433,6955.36,3.39499,-3.18787,22.9264,-11.9017,1021.47,690.942
434,6609.48,1.97804,-1.96515,22.4922,-11.7284,872.545,1218.43
435,6242.72,1.68105,-1.38649,23.3504,-11.9585,740.014,1106.77
436,6585.16,2.6315,-2.28849,21.7228,-10.975,786.689,358.641
437,6317.2,2.86939,-1.66936,21.7117,-11.1833,687.221,955.18
438,6089.98,2.99718,-1.67022,21.1728,-10.8118,583.071,810.294
439,6189.19,3.29404,-2.60576,19.8746,-10.0515,616.161,492.145
440,6235.78,3.16893,-2.81208,16.7886,-8.4139,594.871,536.633
441,5471.56,2.92992,-2.35998,17.5871,-8.78843,468.872,1233.1
442,5436.26,2.41039,-1.55968,18.234,-8.98592,454.299,489.596
443,5407.27,2.33091,-1.09048,18.5181,-9.00473,476.409,505.406
444,5145.11,2.44248,-1.31065,17.1679,-8.3757,407.59,669.742
445,5060.02,2.2027,-1.53684,16.2915,-8.00876,414.46,499.549
446,4928.78,1.92967,-1.52454,15.8571,-7.70408,352.961,484.204
447,4727.14,2.0055,-1.75342,14.7661,-6.96494,313.486,515.131
448,4721.46,1.50697,-1.52001,15.2122,-7.01266,288.878,294.555
449,4883.54,1.15439,-1.12497,14.8105,-6.82663,339.269,136.676
450,5030.95,1.68535,-1.79745,13.1638,-6.47812,345.615,161.347
451,4860.87,2.35085,-2.13746,13.7222,-6.5991,333.982,504.065
452,5003.64,2.63053,-1.70559,14.4109,-7.10581,348.837,170.365
453,4622.09,2.50058,-0.536611,16.3316,-7.72493,315.481,697.032
454,4538.85,1.5016,-0.86829,16.3162,-7.87905,298.902,382.15
455,4029.7,2.18038,-0.259196,16.0445,-7.05668,231.551,740.695
456,3976.95,2.3077,-0.267562,15.3392,-6.61313,220.349,273.1
457,4074.35,2.36806,-0.667147,15.1246,-6.3941,260.549,138.802
458,4266.83,2.26343,-1.0092,12.5369,-6.27819,284.134,43.5255
459,4075.93,2.11603,-0.792087,13.724,-6.59844,265.132,456.033
460,4003.68,1.97639,0.0581826,14.5144,-6.69574,249.109,321.365
461,3717.65,1.9845,-0.29298,15.8793,-6.669,272.325,558.357
462,3386.44,2.03857,0.160448,15.8873,-6.50078,211.383,542.59
463,3191.76,1.77038,0.440949,15.8739,-6.28273,231.298,425.978
464,3105.92,1.8152,-0.0420362,15.4467,-6.21214,206.775,292.613
465,3171.52,1.73485,-0.409516,14.3514,-6.04308,268.18,186.175
466,2964.86,1.71848,-0.486284,13.9537,-5.86348,230.118,436.78
467,2739.63,1.71965,-0.433769,14.4467,-6.12753,211.174,436.41
468,2628.63,1.66508,-0.223737,14.2284,-5.77128,180.867,291.861
469,2470.05,1.52237,0.079895,13.8325,-5.56884,161.379,319.964
470,2493.45,1.66785,0.266313,13.1056,-5.28398,160.581,131.327
471,2532.63,1.6312,0.415612,12.3179,-4.98931,182.312,133.344
472,2592.57,1.53189,0.105212,9.81357,-4.26221,185.943,111.018
473,2205.07,1.63165,0.0821232,11.7719,-4.4207,134.485,521.981
474,2300.85,1.65723,0.138461,11.8248,-4.54188,149.542,29.8202
475,2452.1,1.58205,0.657025,12.1898,-4.79102,205.718,16.6589
476,2196.06,1.41897,1.21972,11.8066,-4.93319,153.541,409.58
477,2101.92,1.08561,1.12653,12.3477,-4.77895,151.014,245.149
478,2140.32,1.14617,0.648503,12.6531,-4.75568,159.967,111.963
479,1897.93,1.27966,0.951006,11.9203,-4.31336,121.635,364.032
480,1894.34,1.14321,1.04864,11.7468,-4.29254,120.783,124.374
481,1892.42,1.14027,0.464318,11.9898,-4.0939,138.222,140.144
482,1877.61,1.39104,0.384825,10.3755,-3.81662,136.023,150.826
483,1727.02,1.30846,0.767757,11.099,-3.95838,102.345,252.94
484,1713.3,1.24296,0.471679,10.9735,-3.82873,100.412,114.136
485,1779.47,1.31874,0.45075,10.802,-3.87885,111.439,28.7196
486,1867.0,1.22928,0.857343,7.53046,-3.49291,123.633,14.2146
487,1867.26,1.19935,0.540256,7.51996,-3.61931,117.964,117.65
488,1949.36,1.2905,0.526141,6.99513,-3.57866,131.371,28.7425
489,1779.99,1.17649,0.976318,9.94062,-3.69606,119.417,288.787
490,1583.86,1.1003,0.677893,10.8231,-3.64386,83.8566,340.335
491,1645.32,1.20701,0.625851,10.3668,-3.29698,105.541,28.711
492,1621.33,1.10691,1.05359,10.0663,-3.46648,105.955,129.945
493,1571.6,1.0223,0.731002,9.36006,-3.28823,71.5978,252.63
494,1615.56,1.18726,0.62334,9.40381,-3.21454,84.0856,29.1336
495,1563.02,1.06961,1.06802,9.60053,-2.67851,63.0213,210.956
496,1628.32,1.03469,0.697896,7.51016,-2.49185,86.5037,4.88472
497,1570.2,1.18433,0.599612,9.00665,-2.61217,70.2034,144.14
498,1622.83,1.05404,1.06444,7.47984,-3.10769,80.1014,14.3183
499,1698.93,1.10957,0.689824,7.69554,-3.27929,100.041,4.91673
500,1640.96,1.11014,0.713082,7.0853,-3.06568,83.9517,141.917
501,1579.77,0.987368,1.15786,8.93109,-3.1823,71.916,133.109
502,1651.27,1.05757,0.758091,9.10388,-3.17379,94.1655,4.79487
503,1716.1,1.07666,0.763671,7.75471,-3.35276,109.574,28.536
504,1678.27,0.933211,1.21998,7.79171,-3.49619,100.66,138.491
505,1653.05,1.00689,0.800934,9.26491,-3.52568,105.021,130.24
506,1614.6,1.09946,0.770134,9.71386,-3.37968,107.96,146.406
507,1582.66,0.906418,1.28132,10.0762,-3.22253,82.6594,255.675
508,1672.8,0.855824,0.870995,9.00183,-3.11883,117.619,4.94792
509,1604.1,1.0662,0.691458,9.60689,-3.46931,104.096,177.133
510,1578.08,1.23078,0.805375,9.80022,-3.96294,78.0809,176.488
511,1661.05,1.75736,-0.0871122,10.0661,-4.00952,108.703,4.99302
512,1613.58,2.12304,-0.451493,9.34146,-3.53902,109.065,156.533
513,1581.11,2.4719,-0.666365,9.15434,-3.15029,81.1067,253.741
514,1579.93,2.66855,-1.27632,9.54387,-2.97798,79.9299,123.965
515,1644.6,3.03096,-1.7312,9.03562,-2.99216,109.145,28.3044
516,1601.71,3.17222,-2.09115,8.74977,-3.26503,101.712,154.157
517,1579.26,2.69626,-0.798027,8.82778,-3.38238,79.2598,172.518
518,1637.55,0.790019,2.03449,8.87393,-3.4376,101.585,28.7275
519,1593.73,0.822532,1.23559,9.05062,-3.62851,93.7323,142.348
520,1601.64,0.971105,0.741197,8.15466,-3.26272,101.639,113.319
521,1549.92,1.15351,0.706917,9.61535,-3.03103,49.9193,283.653
522,1593.8,1.03138,0.937379,8.72546,-2.64958,69.9019,15.0499
523,1665.97,1.07396,0.63343,8.67753,-2.81927,100.681,10.4661
524,1607.13,1.14295,0.672121,7.25917,-3.05573,84.0543,142.895
525,1678.77,1.08185,0.858783,7.42866,-3.31696,105.201,15.6488
526,1661.32,1.21999,0.565906,9.45028,-3.53497,107.204,124.658
527,1741.93,1.12552,0.778979,7.32747,-3.49954,130.938,30.171
528,1620.7,1.01269,0.992688,10.1778,-3.84286,110.709,231.942
529,1619.58,1.04845,0.698713,9.96928,-3.8917,119.58,124.477
530,1561.76,1.14394,0.732938,10.7662,-3.41326,61.7642,325.305
531,1619.58,1.02986,0.945713,9.4592,-3.07836,87.3938,15.1272
532,1591.55,1.05864,0.628675,9.13306,-2.71413,91.5507,120.239
533,1566.41,1.17098,0.618583,8.1891,-2.84324,66.4083,152.923
534,1628.58,1.12803,0.78983,8.59162,-2.93479,93.6897,15.9788
535,1724.54,1.19306,0.508622,7.62682,-3.32066,130.36,10.4012
536,1597.49,1.17252,0.627724,8.51426,-3.17689,97.4903,248.799
537,1599.69,1.11826,0.803836,8.95383,-3.11963,99.6866,128.262
538,1552.99,1.3057,0.483095,9.29865,-2.55615,52.986,237.281
539,1577.83,1.20014,0.712886,8.38871,-2.34853,61.52,30.4594
540,1626.52,0.89837,1.26706,8.56445,-2.39205,79.1471,18.2941
541,1692.1,0.234921,3.18296,8.56445,-2.39205,103.547,21.5688
542,1802.92,0.0365504,6.35238,8.56445,-2.39205,149.244,10.7138
543,1848.43,0.115892,0.953907,6.95314,-3.27996,162.792,105.91
544,1631.44,1.44766,0.0148287,10.2583,-3.47138,91.3734,308.359
545,1706.15,1.09991,1.14629,10.2437,-3.3358,113.848,20.4614
546,1837.25,1.21206,0.568128,9.89613,-3.41528,163.866,0.0
547,1844.95,1.31293,0.292504,7.86853,-3.65677,157.29,147.664
548,1698.17,0.988704,1.30207,10.9446,-3.91385,111.419,258.193
549,1824.28,1.1679,0.628832,10.791,-3.88151,157.631,0.0
550,1836.72,1.34327,0.311855,10.8086,-3.93415,160.627,145.074
551,1694.43,0.980844,1.35836,10.8112,-3.94156,117.357,259.642
552,1829.85,1.04124,0.704313,10.6058,-3.93541,169.268,0.0
553,1817.72,1.3594,0.24325,10.4693,-3.9503,162.314,174.447
554,1634.8,1.01035,1.28794,10.4965,-3.9933,102.631,285.545
555,1748.3,1.11949,0.641337,10.6881,-3.92743,141.871,0.0
556,1868.54,1.34954,0.26139,9.84447,-3.88254,186.167,35.8644
557,1742.74,0.996057,1.30593,10.1864,-4.21713,145.022,270.826
558,1811.38,1.08138,0.649887,10.8465,-4.30661,174.803,89.0051
559,1715.42,1.4432,0.20572,11.9191,-4.2821,153.861,249.811
560,1632.47,1.00921,1.35735,10.845,-3.83881,132.467,230.905
561,1638.59,0.952406,0.750035,10.6685,-3.73176,134.805,127.147
562,1616.29,1.32287,0.205868,10.4724,-3.71305,116.286,159.393
563,1715.35,1.02894,1.20018,9.87175,-4.11093,145.381,21.5567
564,1728.97,0.1157,3.97553,9.53239,-3.80544,151.892,134.857
565,1612.0,0.0109544,7.49681,10.3584,-3.83474,111.999,241.698
566,1736.8,0.257814,0.906184,10.184,-3.7486,156.006,0.0
567,1729.95,1.39867,0.0955416,10.7447,-3.99787,147.028,153.876
568,1859.68,1.06994,1.18676,8.44788,-4.26432,182.948,20.7953
569,1927.74,1.16527,0.57987,10.4352,-4.78366,204.488,119.404
570,1791.49,1.37242,0.219821,11.872,-5.06439,162.425,298.675
571,1949.9,1.01013,1.27573,11.7278,-5.15752,218.962,20.9512
572,1745.52,1.15495,0.613735,12.9818,-5.27361,164.357,368.737
573,1886.6,1.36098,0.260038,11.6733,-5.30987,212.156,35.8055
574,1729.96,0.996339,1.3126,12.9557,-5.20128,180.66,337.306
575,1634.65,1.0534,0.656427,12.5332,-4.769,134.653,354.567
576,1755.67,1.48134,0.148583,12.3102,-4.5773,188.159,36.8885
577,1655.0,1.04122,1.30931,12.3872,-4.58965,154.998,297.967
578,1645.51,0.134366,4.12291,11.2533,-4.38939,145.508,204.762
579,1622.59,0.225119,1.68688,12.1449,-4.21074,122.592,225.799
580,1740.55,1.03041,0.143863,11.0584,-4.01072,169.154,21.7058
581,1773.97,1.28953,0.782574,11.0078,-4.2633,185.282,143.502
582,1717.18,0.442096,2.49346,10.344,-4.13924,175.066,231.864
583,1634.91,0.783185,0.744143,11.5461,-4.26164,134.914,262.725
584,1646.4,1.45247,0.0462178,11.1776,-3.91059,137.203,122.842
585,1778.92,1.13559,1.10979,10.8018,-4.12724,186.847,21.2017
586,1858.0,0.131303,4.00552,8.94977,-3.88548,220.114,121.259
587,1753.28,0.00343613,8.6216,11.1797,-4.66288,183.015,287.742
588,1692.68,0.332397,0.840933,12.2462,-4.55521,172.16,232.759
589,1847.92,1.51954,0.0165546,12.0215,-4.6863,231.615,37.5659
590,1620.42,1.13528,1.16167,12.5313,-4.28932,120.415,487.385
591,1728.87,0.134685,4.09009,11.497,-4.1705,154.822,19.2588
592,1908.47,0.33802,1.61789,11.8429,-4.12959,224.51,0.0
593,1856.93,1.13829,0.069883,10.5492,-4.32271,199.019,250.564
594,2031.46,1.32156,0.772298,10.7422,-4.6523,255.998,37.8327
595,2070.55,1.20887,0.802834,12.8451,-5.10063,275.799,226.94
596,2114.57,1.45452,0.089794,12.2928,-5.17516,294.111,239.082
597,2029.72,1.17673,1.03802,13.8439,-5.65089,259.582,344.428
598,2154.46,1.02078,0.955625,13.7409,-5.92937,312.483,156.559
599,1924.91,1.42269,0.0248595,14.6327,-6.0807,247.891,477.448
600,1856.48,1.265,0.884027,14.2417,-5.90427,221.458,289.888
601,2000.78,1.08294,0.858952,13.7066,-5.67049,290.009,109.634
602,1868.58,1.39617,-0.0260139,13.8246,-6.05655,250.14,382.335
603,1825.98,1.28553,0.77787,13.4534,-5.93107,233.77,276.37
604,1789.17,1.18862,0.735723,13.7587,-5.87318,223.95,260.759
605,1778.27,1.47992,-0.0721814,13.1772,-5.58494,220.248,231.155
606,1726.13,1.25642,0.838284,13.2626,-5.32549,212.627,264.762
607,1749.56,0.440264,2.50532,12.9629,-5.10768,230.632,201.342
608,1712.54,0.00134281,9.95261,13.0896,-5.09983,212.537,274.749
609,1815.87,0.00109824,9.66825,12.6449,-5.23196,258.346,129.178
610,1834.75,0.00103113,9.87661,13.1962,-5.73261,270.029,246.435
611,1789.51,0.000833112,9.86161,13.5351,-6.16322,259.859,305.1
612,1667.98,0.256327,0.837052,13.7769,-5.87237,167.976,452.878
613,1694.4,1.56109,-0.125193,12.6555,-5.12212,168.335,135.311
614,1755.36,1.22498,0.959467,12.3205,-4.56757,193.806,117.599
615,1833.58,0.131325,3.96981,11.4834,-4.49995,223.26,125.486
616,2084.08,0.000822957,10.117,10.4129,-4.68129,324.174,11.0497
617,1976.88,0.000701119,10.2368,12.9757,-5.40572,305.566,412.771
618,1743.71,0.0727206,1.61003,14.3191,-5.84434,227.636,460.805
619,1844.38,1.3649,-0.0142438,14.2373,-5.63301,264.025,138.183
620,1989.75,1.31577,0.97955,13.4741,-5.64479,324.666,142.958
621,1912.83,0.9366,1.04344,13.0959,-5.68974,302.356,379.269
622,1770.5,1.31053,0.0585093,13.9559,-5.80433,249.665,391.999
623,1911.76,1.34935,0.730939,14.0547,-5.82612,308.219,131.643
624,1910.36,1.18497,0.724007,14.2991,-5.97824,313.894,315.298
625,1935.83,0.534859,2.23312,13.9334,-6.20303,317.553,285.707
626,1847.3,0.120565,3.65161,14.8106,-6.53048,285.478,374.009
627,1828.56,0.000466956,10.8499,14.5872,-6.59851,273.224,291.967
628,1834.43,0.00038033,10.506,14.0173,-6.10381,278.104,270.768
629,1718.95,0.000385308,10.8678,13.7668,-5.67338,218.947,388.047
630,1972.4,0.000385308,10.8678,13.1414,-5.58641,316.818,0.0
631,1906.62,0.000385308,10.8678,14.2005,-5.90237,301.699,367.477
632,2029.33,0.000385308,10.8678,13.8994,-6.20254,358.05,204.662
633,2072.33,0.655003,-0.263714,15.0336,-6.53522,390.468,336.726
634,1844.66,1.73615,0.261097,15.3217,-6.8534,316.911,544.582
635,1804.21,0.753327,2.05887,15.5301,-6.89268,304.21,345.82
636,1767.44,1.0476,-0.301769,15.5572,-6.60445,267.442,418.306
637,1900.72,1.87172,-0.0980467,14.2877,-6.20804,318.202,151.607
638,1847.47,0.822258,1.84764,13.9417,-6.05837,304.807,358.052
639,1769.17,0.000259868,11.6475,13.7543,-6.27956,269.174,357.723
640,1785.91,5.80345e-05,11.5787,14.4987,-6.31807,273.437,252.513
641,2078.21,0.000193044,11.5787,13.7698,-6.47877,395.011,29.6401
642,1791.04,0.000193044,11.5787,14.6572,-6.51454,291.036,658.075
643,1785.1,0.000193044,11.5787,14.7608,-6.55032,285.098,323.934
644,1881.99,0.000193044,11.5787,15.3676,-6.54281,340.538,219.428
645,1745.63,0.573555,-0.290236,15.2867,-6.38641,245.635,558.108
646,1858.7,1.86522,0.0586595,14.6601,-6.13648,287.331,145.997
647,1873.0,0.821536,1.9274,14.9566,-6.00308,299.651,281.779
648,1957.39,0.00018614,11.8028,13.8844,-5.93244,337.736,232.246
649,1816.19,0.00018614,11.8028,15.3446,-6.19806,309.018,450.218
650,1801.63,0.00018614,11.8028,15.1767,-6.15857,301.63,325.963
651,1883.22,0.00018614,11.8028,15.1539,-6.19109,347.242,245.248
652,1853.26,0.00018614,11.8028,14.6535,-6.29302,342.574,372.539
653,1740.96,0.00018614,11.8028,14.5063,-5.98393,240.965,518.38
654,1848.51,0.00018614,11.8028,13.8617,-5.55931,267.466,133.029
655,2180.39,0.00018614,11.8028,13.0278,-5.51849,414.842,0.0
656,2047.65,0.00018614,11.8028,13.4729,-5.92907,359.877,492.617
657,2168.39,0.00018614,11.8028,14.3738,-6.38181,400.602,249.672
658,2270.67,0.92373,-0.286279,15.6612,-6.68856,440.177,312.323
659,2367.82,1.66583,0.504908,15.6175,-6.94868,483.15,361.712
660,2430.3,0.71909,2.1997,16.4298,-7.39506,531.05,452.951
661,1904.17,0.873433,-0.19188,17.2003,-7.45555,354.906,881.038
662,1954.91,2.0169,-0.224993,16.4831,-7.09756,362.382,298.958
663,2191.09,0.903301,1.75008,15.8365,-6.87556,463.973,168.754
664,1991.65,5.79063e-05,12.5913,15.6239,-6.92163,400.538,599.978
665,2042.92,5.79063e-05,12.5913,16.5052,-7.23991,431.449,367.357
666,1936.37,0.589159,-0.327826,17.0301,-7.089,415.031,521.579
667,1853.96,1.95238,-0.0383087,16.5443,-6.85968,353.963,534.398
668,1928.88,0.869899,1.85729,16.0614,-6.57865,403.122,309.472
669,1826.16,0.000144442,13.1126,15.7294,-6.35742,326.157,537.482
670,1848.26,2.95192e-05,13.1125,14.6307,-5.91283,333.199,305.565
671,1858.08,2.95192e-05,13.1125,14.0936,-5.62591,314.226,301.962
672,2127.08,2.95192e-05,13.1125,13.5495,-5.82488,424.454,88.2028
673,2262.78,2.95192e-05,13.1125,13.8804,-6.04277,481.218,311.588
674,2251.78,2.95192e-05,13.1125,15.3315,-6.61093,469.512,480.515
675,2510.98,0.680619,-0.358781,15.7517,-7.03496,575.415,251.409
676,2480.35,1.95137,0.00608438,17.3224,-8.12353,548.78,579.411
677,2256.29,0.870017,1.87801,17.881,-8.29156,473.581,697.647
678,2257.85,1.45345,-0.488909,18.0003,-7.94854,492.409,490.447
679,2028.64,1.88589,0.0760968,17.9097,-7.51137,423.756,652.975
680,2110.64,0.833746,1.9307,17.2167,-7.274,490.749,388.249
681,1931.37,2.81409e-05,13.6387,17.0084,-7.20651,431.372,615.615
682,1851.57,2.81409e-05,13.6387,16.5106,-7.0103,351.572,560.943
683,1876.06,2.81409e-05,13.6387,15.6825,-6.38942,359.18,328.571
684,1913.56,2.81409e-05,13.6387,15.2558,-5.95703,362.63,315.755
685,2312.33,2.81409e-05,13.6387,14.0908,-5.9704,530.664,32.2039
686,2460.01,2.81409e-05,13.6387,15.0159,-6.82793,600.447,415.845
687,2095.18,2.81409e-05,13.6387,16.4388,-7.28983,442.6,807.427
688,2332.54,2.81409e-05,13.6387,16.8751,-7.4351,535.223,238.528
689,2423.67,0.944763,-0.202065,16.7956,-7.29534,571.288,457.375
690,2370.82,1.59365,0.673783,17.3855,-7.79887,546.367,599.21
691,2578.47,0.683027,2.30372,18.4716,-8.27228,664.34,404.782
692,2115.19,0.908779,-0.149027,19.2162,-8.37858,516.45,979.733
693,2127.65,1.98428,-0.0720892,18.5722,-8.25126,521.311,505.73
694,1901.7,0.888046,1.83211,17.6151,-7.34687,401.699,799.68
695,1921.56,0.124173,3.71155,16.2125,-6.85979,395.29,370.464
696,2173.2,0.0777604,3.37384,15.8674,-6.56434,516.183,201.636
697,2171.62,0.11393,3.61001,15.8039,-7.11193,502.513,504.085
698,2215.77,1.25807e-05,14.2833,16.6918,-7.32147,534.535,479.348
699,2233.58,0.668771,-0.318285,17.5951,-7.67006,553.324,531.07
700,2100.9,1.96024,-0.0889493,17.7691,-7.61481,495.653,628.333
701,2158.7,0.877301,1.84543,17.4327,-7.44948,533.285,461.027
702,1950.69,0.111495,3.92344,16.9394,-7.0906,438.936,646.954
703,2055.86,-4.11911e-05,14.5036,15.978,-6.69393,460.524,329.053
704,2396.95,-4.11911e-05,14.5036,15.8067,-6.95648,605.957,179.598
705,2468.34,-4.11911e-05,14.5036,16.4253,-7.20591,657.475,568.233
706,2054.57,-4.11911e-05,14.5036,18.5093,-7.97392,497.802,911.58
707,2337.28,0.12018,3.4896,18.8922,-8.12243,653.299,299.903
708,2093.59,0.822066,-0.270269,19.015,-8.31937,571.995,815.688
709,1911.83,1.90253,0.135719,18.3171,-7.91836,411.832,849.448
710,2177.06,0.825369,1.96672,17.5264,-7.55996,523.003,191.463
711,2335.04,1.28538,-0.514142,16.6455,-7.22507,590.835,393.368
712,2370.42,2.15622,-0.359336,16.3387,-7.47502,610.28,566.053
713,2174.22,0.978202,1.68159,17.6067,-7.67322,539.844,736.045
714,2058.78,1.704,-0.636924,17.9988,-7.6211,510.663,626.101
715,2036.03,1.88288,0.157717,17.6253,-7.26027,499.298,522.048
716,2024.34,0.638745,2.4748,17.4202,-6.9898,490.25,501.943
717,1984.92,-5.22626e-06,13.3841,17.5497,-6.76796,475.294,514.707
718,2505.85,-5.22626e-06,13.3841,16.9074,-6.93374,744.337,93.1779
719,2033.64,-5.22626e-06,13.3841,17.6061,-7.26222,533.637,1086.77
720,2043.6,-5.22626e-06,13.3841,17.513,-7.45173,520.86,508.407
721,2307.98,1.0408,-0.0902257,17.5576,-7.30322,641.982,311.507
722,2354.46,1.51591,0.785481,17.7155,-7.56787,665.902,607.796
723,2121.04,0.632505,2.39635,18.8296,-8.00922,583.469,816.896
724,2405.91,0.896331,-0.138051,18.9269,-8.15355,704.906,348.811
725,2087.14,1.99801,-0.0822108,18.5883,-7.85484,561.862,880.638
726,2638.94,0.904959,1.81778,17.6159,-7.96247,847.135,157.384
727,2126.31,1.571,-0.60206,19.2935,-8.39722,626.306,1243.88
728,2028.35,1.98576,-0.0339129,19.3668,-8.51422,528.346,812.018
729,1976.68,0.866567,1.86889,18.6747,-7.74308,476.678,625.09
730,1998.28,1.65095,-0.481779,17.4475,-7.00918,488.378,461.373
731,2142.23,1.82392,0.338899,16.6865,-6.69091,541.593,361.658
732,2150.49,0.767086,2.10432,16.5789,-6.46546,535.491,525.164
733,2553.91,0.141464,3.89588,16.2866,-6.75143,728.719,224.447
734,2472.17,9.8466e-05,15.8023,17.6329,-7.30981,682.148,763.886
735,2595.72,9.8466e-05,15.8023,18.0872,-7.79881,759.535,605.096
736,2211.41,0.151499,3.44867,18.7228,-7.80128,568.009,952.324
737,2582.61,0.899579,-0.426271,17.6133,-7.42216,751.832,287.823
738,2262.4,2.12225,-0.175339,17.804,-7.1296,623.431,943.642
739,2556.74,0.732307,2.25261,17.2926,-7.1068,777.831,409.908
740,2590.77,1.48468,-0.421785,18.2808,-7.6299,789.939,747.403
741,2047.92,1.86942,0.169945,18.3778,-7.58826,547.924,1195.95
742,2009.96,0.835068,1.96631,17.9738,-7.10321,509.959,592.341
743,2279.34,1.30028,-0.562612,17.6308,-6.60864,628.595,291.867
744,2579.98,2.11084,-0.228564,16.8402,-6.80884,785.399,409.596
745,2582.77,0.817489,1.98785,17.7343,-7.52578,804.602,801.116
746,2345.45,1.59184,-0.785683,18.9394,-7.94347,698.336,935.658
747,2073.16,2.21047,-0.324105,18.6848,-7.65142,571.198,843.492
748,2302.14,1.02351,1.6402,17.9855,-7.28487,666.922,380.691
749,2530.14,6.295e-05,14.5111,18.0528,-7.40975,793.905,508.913
750,2412.79,6.295e-05,14.5111,18.8864,-7.9359,743.518,860.863
751,2340.29,0.514824,-0.45431,19.3618,-8.07363,699.601,772.099
752,2353.61,2.37681,-0.595212,19.3277,-7.92113,690.107,673.457
753,2446.19,1.12632,1.45423,19.2302,-7.77692,732.202,616.483
754,2657.38,-1.76621e-05,13.0116,19.3357,-7.92867,861.089,597.105
755,2206.71,-1.76621e-05,13.0116,19.8041,-8.05513,668.406,1119.08
756,2310.64,-1.76621e-05,13.0116,19.4361,-8.12487,718.241,588.323
757,2172.19,-1.76621e-05,13.0116,19.5842,-8.19086,657.463,795.915
758,2282.7,-1.76621e-05,13.0116,19.088,-8.34364,722.66,584.514
759,2179.58,-1.76621e-05,13.0116,19.072,-8.03136,679.575,795.441
760,2172.12,-1.76621e-05,13.0116,18.5187,-7.82145,672.123,690.02
761,2374.34,-1.76621e-05,13.0116,18.2944,-7.75414,765.941,513.173
762,2177.59,-1.76621e-05,13.0116,17.9288,-7.51468,655.38,852.131
763,2614.43,-1.76621e-05,13.0116,17.8763,-7.7497,862.13,316.08
764,2662.21,1.02233,-0.478113,19.0235,-8.1595,917.796,858.063
765,2244.63,2.38821,-0.379892,20.1253,-8.54969,744.631,1251.26
766,2202.17,1.10665,1.70321,20.4158,-8.47734,702.175,841.333
767,2228.71,1.9927,-0.358724,19.3279,-7.9162,721.146,687.978
768,2384.19,2.24511,-0.276114,18.7284,-8.06145,793.835,599.489
769,2092.15,1.1801,1.58204,18.063,-7.52068,592.152,1091.48
770,2261.38,0.374751,3.30225,17.6517,-7.33576,658.162,446.622
771,2689.35,0.000115908,13.8779,17.6452,-7.29555,895.661,360.701
772,2298.74,0.000115908,13.8779,18.4245,-7.70536,696.177,1086.79
773,2873.91,0.194209,3.76908,18.9733,-8.15306,977.338,258.378
774,2995.26,1.66749,0.28321,19.6513,-8.50502,1078.04,926.344
775,2202.72,1.73999,0.533109,20.0254,-8.60613,702.719,1634.0
776,2142.85,0.892864,1.71328,19.8828,-8.34705,642.848,808.107
777,2437.68,1.65772,-0.185744,18.873,-7.6935,794.282,425.742
778,2373.32,2.03142,0.081636,18.2021,-7.47713,761.04,825.402
779,2458.47,1.15425,1.53868,18.1267,-7.37959,821.715,715.277
780,2527.12,1.2892,0.0131275,18.6171,-7.44376,855.925,770.106
781,2719.57,2.11263,-0.113789,18.7968,-7.77675,958.025,717.469
782,2491.64,1.19364,1.37808,19.7179,-8.1716,868.512,1096.44
783,2556.09,1.03222e-05,15.9592,20.0336,-8.51282,890.639,810.074
784,2395.41,1.03222e-05,15.9592,19.7941,-8.13172,818.005,978.678
785,2397.69,1.03222e-05,15.9592,19.0469,-7.8387,832.068,829.228
786,2459.79,1.03222e-05,15.9592,18.962,-7.66684,843.717,766.085
787,2563.76,1.03222e-05,15.9592,19.0098,-7.99322,891.122,761.161
788,2655.66,1.03222e-05,15.9592,19.6666,-8.64669,944.01,829.137
789,2210.72,0.277743,3.17748,20.2909,-8.88443,710.716,1279.89
790,2350.28,0.482628,2.66416,19.1716,-8.21192,772.188,597.739
791,2975.03,0.424438,3.33743,18.3154,-8.05069,1105.9,324.949
792,2534.11,0.737191,2.47175,18.4936,-8.40529,898.032,1338.95
793,2580.84,0.613433,2.57935,18.9405,-8.47448,898.233,839.82
794,2812.4,0.818673,2.1794,20.0361,-8.45526,1047.21,757.761
795,2490.79,2.00537,-0.136819,20.9062,-8.74086,924.696,1246.3
796,2252.83,2.2179,0.181383,21.3826,-8.8975,752.834,1182.61
797,2238.53,1.57398,0.861424,20.8904,-8.5958,738.534,773.628
798,2195.2,1.26926,1.1511,19.1617,-7.62348,695.198,808.679
799,2544.14,1.10983,1.15543,17.7266,-7.19742,835.135,398.962
800,2900.22,0.690055,2.51413,17.6004,-7.10363,1049.15,604.049
801,3061.05,0.67085,2.29772,19.1666,-7.68705,1150.13,949.086
802,2540.41,1.78141,0.0140333,21.896,-8.44214,979.559,1500.21
803,2238.5,2.62903,-0.835474,22.3602,-8.52945,738.5,1278.07
804,2287.52,2.42895,-0.080324,21.3621,-8.05596,792.454,731.178
805,2339.13,1.6076,0.985385,19.5539,-7.52778,828.229,763.711
806,2251.64,1.23477,1.57125,18.2969,-7.04664,738.863,826.356
807,2726.92,0.935973,2.12925,17.8435,-6.91953,1003.11,409.009
808,2585.04,1.20487,1.80687,18.8989,-7.19384,945.32,1087.19
809,2625.28,1.33534,1.53639,20.0551,-7.65657,982.19,931.897
810,2367.85,2.43043,-0.218354,20.5066,-7.65838,867.854,1221.35
811,2324.84,3.0126,-0.862019,19.5638,-7.29742,824.838,909.619
812,2431.26,2.8401,-0.551324,19.0499,-7.06974,875.589,742.559
813,2278.9,2.41262,0.250703,19.0936,-7.13826,778.904,932.263
814,2684.77,0.932008,2.52862,19.3122,-7.29383,1042.82,535.488
815,2659.95,0.30091,3.49878,19.1337,-7.39118,1029.63,1054.45
816,2397.8,0.351264,3.43516,19.6628,-7.55075,897.795,1220.87
817,2350.26,1.29405,0.656175,20.1163,-7.59044,850.258,957.695
818,2326.81,1.53003,0.789117,20.1163,-7.21404,826.814,901.12
819,2471.31,1.16503,1.43937,18.8521,-6.77749,919.676,739.057
820,2353.21,0.737426,2.73042,18.9226,-6.6757,853.208,987.336
821,2494.12,0.582762,3.1668,18.8478,-6.73063,957.335,781.193
822,2505.9,0.808664,2.75181,19.8083,-6.94491,952.332,937.612
823,2580.84,0.942444,2.05199,20.2037,-7.03948,966.464,872.783
824,2797.47,0.898128,1.75445,20.8163,-7.26343,1081.94,811.156
825,2453.28,0.697364,1.9597,20.8797,-7.14968,903.205,1247.4
826,2812.22,0.804495,1.81174,20.0201,-7.12631,1098.42,649.741
827,2500.73,0.399279,3.05096,20.0854,-7.06531,945.54,1257.03
828,2319.08,0.163083,4.15397,19.3972,-6.83519,819.085,1079.16
829,2478.91,0.225385,3.58206,19.7677,-6.69253,935.295,735.515
830,2398.07,0.510562,2.443,18.9108,-6.26367,894.57,975.405
831,2411.78,0.815724,1.92009,19.8345,-6.53193,894.105,876.975
832,2394.56,0.706118,2.2583,20.4392,-6.63105,869.354,886.57
833,2615.36,0.247461,3.49532,20.2021,-6.69441,1012.86,736.865
834,2325.91,0.189658,3.60488,20.0181,-6.55667,825.91,1253.71
835,2584.49,-1.80426e-05,15.7403,19.3966,-6.4843,982.674,659.453
836,2295.68,-1.80426e-05,15.7403,20.1625,-6.44197,795.677,1229.09
837,2682.78,-1.80426e-05,15.7403,19.6266,-6.47435,1018.92,535.042
838,2617.8,-1.80426e-05,15.7403,20.039,-6.41899,964.657,1029.64
839,2624.57,-1.80426e-05,15.7403,18.0747,-5.91972,972.945,964.477
840,2675.96,-1.80426e-05,15.7403,18.799,-6.15634,1021.28,957.044
841,2749.67,-1.80426e-05,15.7403,17.4621,-5.8437,1061.95,969.814
842,2721.05,0.123898,3.55796,18.7763,-6.48749,1045.5,1074.12
843,2778.15,0.199328,4.03487,18.4466,-6.3361,1104.15,1032.78
844,2865.4,-3.7205e-06,15.8136,19.7836,-6.73677,1172.97,1063.9
845,2515.26,0.0192277,6.94108,20.4532,-6.88171,1015.26,1399.42
846,2587.11,0.202935,2.8595,20.8675,-7.13016,1044.4,954.597
847,2472.09,0.244863,3.67897,20.7162,-6.94046,961.076,1076.1
848,2520.51,0.00156594,9.98222,20.0675,-6.5316,1025.27,1001.48
849,2453.25,-2.64736e-09,13.1265,20.3939,-6.36881,953.25,1150.58
850,2824.21,-2.64736e-09,13.1265,19.5087,-6.2386,1173.13,709.428
851,2565.98,-2.64736e-09,13.1265,20.5464,-6.51718,1013.11,1271.35
852,2626.64,-2.64736e-09,13.1265,20.2795,-6.51767,1069.59,993.757
853,2519.78,-2.64736e-09,13.1265,21.2133,-6.57352,1019.78,1181.4
854,2670.48,0.750742,0.140577,19.9834,-6.21606,1128.04,939.661
855,2805.79,1.90608,-0.754375,20.1834,-6.34907,1203.57,1034.44
856,3000.77,2.29769,-0.927968,20.8607,-6.78687,1330.52,1086.79
857,2487.87,1.42637,0.034696,21.7151,-6.9705,987.866,1667.53
858,2636.8,0.101226,4.84504,21.6706,-6.88684,1134.27,948.101
859,2589.83,0.102271,4.673,20.6417,-6.36433,1089.83,1185.77
860,3033.8,0.046533,6.09856,20.5843,-6.51557,1351.4,796.438
861,3127.69,4.86683e-05,16.1759,21.0065,-6.72191,1392.11,1274.74
862,2797.74,4.86683e-05,16.1759,19.892,-6.57686,1225.93,1555.88
863,2652.08,4.86683e-05,16.1759,19.5872,-6.45894,1112.0,1257.66
864,2821.62,4.86683e-05,16.1759,19.1934,-6.27704,1203.07,991.135
865,2800.47,4.86683e-05,16.1759,20.3732,-6.4322,1142.82,1163.98
866,2962.59,4.86683e-05,16.1759,20.6157,-6.59332,1232.7,1030.05
867,2752.53,4.86683e-05,16.1759,19.9956,-6.25254,1111.94,1322.0
868,2848.17,4.86683e-05,16.1759,18.7738,-5.99147,1241.33,1121.77
869,3301.53,4.86683e-05,16.1759,19.5586,-6.31498,1507.27,940.572
870,3437.4,4.86683e-05,16.1759,20.7292,-6.98353,1586.4,1416.56
871,2926.51,4.86683e-05,16.1759,22.9091,-7.70358,1324.91,1835.79
872,3011.77,2.24045,0.279919,22.1754,-7.37037,1406.78,1300.21
873,3261.29,2.78078,-0.711936,21.849,-7.2754,1529.43,1217.54
874,3210.94,2.75566,-0.637515,20.4362,-6.77899,1507.07,1557.42
875,3173.73,3.24214,-1.15821,20.8144,-6.95153,1469.09,1506.3
876,3228.89,3.72745,-1.56078,19.7396,-6.62957,1525.17,1456.21
877,3400.91,3.31781,-1.61178,19.8279,-6.70587,1616.07,1401.04
878,3218.13,2.39506,-0.347484,19.6124,-6.56371,1557.39,1740.17
879,3222.67,1.60018e-05,15.1015,21.2016,-7.01782,1529.64,1523.95
880,3432.35,1.60018e-05,15.1015,21.2034,-7.17749,1570.74,1308.64
881,4058.68,1.60018e-05,15.1015,20.1736,-7.26688,1954.62,1171.72
882,3245.9,2.52548,-0.366556,19.9994,-7.16761,1586.77,2399.55
883,3248.63,3.33475,-1.03662,19.7265,-7.08344,1539.42,1536.01
884,3500.45,3.50954,-1.44546,20.5761,-7.07051,1666.08,1351.3
885,3506.85,3.55462,-1.36104,21.3786,-7.51633,1568.86,1560.87
886,3999.18,3.19873,-1.80083,20.7099,-7.34399,1878.27,1262.86
887,3469.4,3.77035,-2.54737,20.059,-7.016,1636.93,2166.7
888,3532.88,3.75714,-2.17804,18.9346,-6.53709,1636.5,1557.15
889,3768.3,2.96224,-1.37916,18.3605,-6.22892,1658.23,1363.96
890,3899.23,0.202592,3.86997,18.3726,-6.34946,1754.28,1590.61
891,4347.18,1.55638e-06,15.8612,18.3208,-6.45302,1989.1,1429.16
892,4305.5,1.55638e-06,15.8612,20.954,-7.35033,1958.24,1999.93
893,4328.29,1.55638e-06,15.8612,21.7487,-7.72564,2004.87,1976.37
894,4261.64,1.55638e-06,15.8612,22.3659,-7.95311,1997.67,2064.33
895,4297.19,1.55638e-06,15.8612,22.1762,-7.83057,1987.98,1943.53
896,4309.96,1.55638e-06,15.8612,23.1705,-8.18294,1957.13,1941.18
897,4368.47,1.55638e-06,15.8612,22.7944,-8.00598,2005.84,1932.7
898,4126.13,1.55638e-06,15.8612,21.1907,-7.51038,1916.34,2158.67
899,3899.13,1.55638e-06,15.8612,20.6296,-7.2153,1784.29,2011.29
900,4783.35,1.55638e-06,15.8612,20.9569,-7.352,2313.15,1207.88
901,4340.64,1.55638e-06,15.8612,23.3139,-8.00719,2160.5,2603.2
902,3637.49,1.55638e-06,15.8612,23.4768,-8.00593,1800.4,2503.56
903,3780.74,1.55638e-06,15.8612,23.4941,-7.9028,1851.01,1671.95
904,4301.19,1.55638e-06,15.8612,22.7176,-7.72063,2162.75,1512.19
905,4209.41,1.55638e-06,15.8612,21.4105,-7.26589,2097.59,2189.37
906,4109.78,1.55638e-06,15.8612,22.0896,-7.5403,1968.4,2068.02
907,4584.03,1.55638e-06,15.8612,21.414,-7.36854,2198.1,1605.29
908,4699.97,1.55638e-06,15.8612,22.9677,-8.06738,2213.49,2068.57
909,4387.68,1.55638e-06,15.8612,22.0792,-7.73254,2025.0,2337.28
910,4670.21,1.55638e-06,15.8612,22.6859,-8.03632,2162.49,1809.33
911,4687.74,1.55638e-06,15.8612,23.0421,-8.14837,2150.19,2128.27
912,5339.97,1.55638e-06,15.8612,22.9453,-8.33197,2508.16,1692.88
913,5008.97,1.55638e-06,15.8612,21.8765,-7.87306,2289.28,2620.28
914,4896.6,1.55638e-06,15.8612,20.5434,-7.35308,2269.51,2381.89
915,5030.9,1.55638e-06,15.8612,19.9904,-7.06702,2321.18,2153.3
916,4692.2,1.55638e-06,15.8612,20.3362,-7.21829,2144.68,2483.38
917,5139.5,1.55638e-06,15.8612,20.6113,-7.40332,2329.65,1770.53
918,5237.45,1.55638e-06,15.8612,21.5136,-7.64808,2392.81,2270.37
919,5531.47,1.55638e-06,15.8612,23.2959,-8.28456,2494.8,2127.27
920,5014.98,0.311644,4.39723,24.637,-8.65125,2221.41,2737.9
921,5618.84,0.314335,4.43356,26.0409,-9.28967,2630.18,1875.35
922,4999.6,-2.6901e-06,13.7498,25.1163,-8.58252,2240.11,2859.35
923,5042.69,-2.6901e-06,13.7498,23.5899,-8.03461,2267.3,2213.43
924,5230.99,-2.6901e-06,13.7498,21.8185,-7.41082,2297.98,2062.61
925,5445.25,-2.6901e-06,13.7498,21.3202,-7.44437,2406.69,2138.87
926,5772.2,-2.6901e-06,13.7498,21.8327,-7.83214,2443.9,2035.21
927,5387.04,-2.6901e-06,13.7498,21.9545,-7.52976,2288.61,2673.78
928,5379.86,-2.6901e-06,13.7498,22.522,-7.72008,2200.64,2207.81
929,6169.07,0.193152,4.93672,22.3997,-7.74148,2622.64,1636.13
930,5936.22,0.192119,5.40647,22.2896,-7.81905,2434.4,2667.25
931,6005.6,-6.51137e-05,18.676,22.9633,-7.95424,2532.7,2445.98
932,5937.23,-6.51137e-05,18.676,24.3321,-8.19809,2354.74,2423.11
933,6330.91,-6.51137e-05,18.676,25.3439,-8.70015,2577.9,2085.8
934,6394.15,-6.51137e-05,18.676,23.7186,-8.15922,2554.02,2474.98
935,6538.83,-6.51137e-05,18.676,23.3826,-8.08195,2659.75,2478.9
936,5809.44,0.276493,4.00728,23.8679,-7.9227,2293.04,3022.43
937,6222.2,0.473188,3.63748,22.9803,-7.67089,2503.33,1987.37
938,6664.97,0.208129,4.90961,23.1292,-7.77898,2622.98,2069.51
939,6728.02,-1.6695e-06,12.6237,20.9114,-7.1995,2615.74,2536.93
940,6106.61,-1.6695e-06,12.6237,21.6879,-7.25606,2301.41,2922.82
941,6426.22,0.000145409,12.9734,22.0983,-7.19823,2578.62,2179.11
942,5986.79,1.1745e-07,14.1887,22.9144,-7.31891,2240.64,2680.07
943,6165.69,1.1745e-07,14.1887,22.8566,-7.36384,2377.62,2154.0
944,6595.33,1.1745e-07,14.1887,21.03,-6.98695,2519.38,1982.33
945,6645.85,0.313502,4.61061,21.5485,-7.29783,2520.28,2457.13
946,6917.04,0.826124,2.70543,22.5026,-7.78654,2576.5,2237.52
947,7153.99,0.72364,3.11726,22.5176,-7.79352,2731.88,2435.7
948,7123.54,0.280331,4.65894,24.3373,-8.50809,2667.7,2698.15
949,6926.64,0.183814,5.28209,22.5314,-7.7228,2610.29,2807.19
950,6992.67,0.0907716,6.37506,23.9629,-8.11376,2632.3,2549.75
951,6601.25,0.331504,4.58678,24.5793,-8.1687,2409.8,2801.22
952,7021.68,0.336388,4.36865,26.677,-8.96432,2647.99,2122.45
953,6284.49,0.324388,4.06206,27.2569,-9.08232,2247.21,2984.4
954,6240.34,0.213866,3.56716,26.6834,-8.966,2160.12,2204.27
955,6641.6,0.213671,3.61331,26.7515,-9.04837,2326.83,1825.26
956,6548.27,0.312361,3.7422,26.0492,-8.70497,2249.87,2343.2
957,6882.45,0.332907,4.22405,24.1446,-8.16397,2442.68,2024.94
958,6333.12,0.334606,3.93396,24.2272,-7.92264,2085.89,2635.23
959,6936.3,0.634434,2.60017,23.0914,-7.616,2396.9,1642.92
960,6693.79,0.63002,2.3127,23.6917,-7.73376,2222.21,2464.73
961,6619.84,0.561943,3.11652,22.2547,-7.35492,2210.46,2284.41
962,6175.33,0.530013,4.02735,22.0349,-7.21752,1953.25,2397.76
963,6805.33,1.05558,2.63801,22.4417,-7.4205,2289.75,1502.25
964,7009.48,1.06155,2.02999,23.5208,-7.81854,2316.09,2060.91
965,7080.21,0.834524,2.34443,24.138,-8.02557,2433.15,2344.73
966,6914.39,1.73098,1.25431,24.4404,-8.05166,2274.85,2440.67
967,6861.07,1.95454,1.18535,24.23,-8.03103,2268.32,2321.64
968,7236.49,1.16269,2.22379,25.642,-8.68568,2427.24,1957.97
969,7029.4,0.987818,2.12081,25.5171,-8.77427,2233.11,2440.2
970,6448.69,0.835058,2.36007,25.3274,-8.38839,1867.21,2447.92
971,7491.0,0.891359,1.25319,24.2133,-8.04642,2529.23,1226.33
972,7453.2,0.86928,1.068,24.7185,-8.17867,2383.66,2421.46
973,6783.01,1.63862,0.643324,24.5328,-8.0839,2049.44,2719.62
974,6849.73,1.24675,1.82712,24.0484,-7.67296,2103.25,2019.86
975,6533.1,1.2004,1.77471,24.1206,-7.45013,1924.35,2240.98
976,7340.0,1.72413,-0.248747,22.9983,-7.37207,2366.82,1358.18
977,7096.99,1.76981,-0.281135,23.869,-7.73639,2251.68,2494.69
978,6175.53,2.13889,0.789926,23.8515,-7.68083,1753.0,2674.46
979,6687.0,1.83238,1.37286,24.9494,-7.81283,2058.06,1418.72
980,7249.95,1.52338,0.332407,25.7797,-8.21465,2325.3,1621.6
981,6859.92,2.07083,0.533267,24.4649,-8.0041,2065.52,2455.55
982,7270.87,1.81554,0.814573,23.951,-8.05642,2230.69,1717.01
983,5987.77,1.80481,0.577396,23.1893,-7.37394,1662.49,2945.59
984,6491.6,1.1359,1.63565,23.5724,-7.52069,1909.93,1280.14
985,6898.28,0.946154,2.01692,24.955,-7.79217,2125.01,1616.67
986,6746.77,1.08979,1.8858,25.4588,-8.38949,1952.72,2104.24
987,6473.91,1.56486,1.2896,25.3068,-8.01492,1855.47,2128.33
988,6666.95,1.70488,1.0135,23.1885,-7.30022,1874.33,1633.03
989,7120.91,1.70465,0.746753,23.164,-7.25474,2101.04,1533.58
990,6743.73,1.34076,1.22142,23.8,-7.50705,1876.61,2253.79
991,7089.84,0.950403,2.33296,25.1649,-7.89776,2133.82,1701.19
992,6304.07,1.41363,1.65057,25.6126,-7.69487,1707.73,2493.49
993,6421.07,1.27744,2.03571,24.9518,-7.51251,1796.13,1649.88
994,6926.76,0.658402,2.88884,24.9063,-7.47947,2056.62,1424.5
995,6869.87,0.37822,3.57997,23.8873,-7.48192,2003.94,2060.84
996,6557.58,0.28605,4.48523,24.0189,-7.52854,1754.07,2066.36
997,6584.0,0.539166,2.6854,24.5612,-7.64772,1839.6,1806.58
998,6530.76,0.550955,2.51911,23.9141,-7.37628,1738.32,1791.56
999,6465.53,0.239243,4.44485,23.728,-7.18184,1660.88,1726.11
1000,7058.82,0.262797,4.439,23.699,-7.16222,1988.56,1246.95
1001,6326.77,-7.31247e-06,13.4488,25.5085,-7.46599,1630.77,2362.81
1002,6447.82,-7.31247e-06,13.4488,25.441,-7.53404,1689.12,1537.8
1003,6548.67,1.7711,0.0356088,24.6706,-7.28758,1709.41,1583.35
1004,6666.56,1.97779,0.162998,23.71,-7.21639,1732.59,1585.23
1005,7137.35,0.895081,2.01011,23.9585,-7.58576,1993.72,1405.24
1006,6217.24,0.219923,3.99834,23.7797,-7.34081,1548.75,2468.86
1007,6638.91,0.226901,3.93007,23.957,-7.47579,1796.9,1269.81
1008,6213.36,9.45093e-06,18.032,24.0965,-7.09299,1542.8,1968.35
1009,6212.35,0.16268,4.13477,24.2425,-7.23275,1551.08,1552.09
1010,5750.34,0.135458,4.25118,23.5082,-6.7529,1274.71,1736.71
1011,6497.35,0.12516,3.94969,22.2623,-6.61995,1695.97,762.214
1012,6616.22,0.20373,4.18797,23.4871,-7.02078,1696.0,1547.41
1013,6471.73,0.26441,4.02573,24.4092,-7.45244,1603.48,1747.96
1014,6216.54,1.88825,0.18893,24.7451,-7.39497,1424.07,1679.26
1015,6257.72,2.32884,-0.126334,23.4567,-6.8781,1473.49,1422.01
1016,6371.59,2.11651,0.654619,22.6687,-6.6008,1514.29,1371.96
1017,6046.06,0.606833,3.31278,23.1336,-6.51856,1355.85,1681.38
1018,6269.98,6.58125e-06,17.1581,23.9385,-6.72115,1488.04,1208.13
1019,6502.76,6.58125e-06,17.1581,24.505,-6.88594,1602.33,1311.36
1020,6340.48,6.58125e-06,17.1581,23.7231,-6.81907,1507.84,1670.12
1021,6441.42,6.58125e-06,17.1581,22.8759,-6.65061,1548.53,1422.35
1022,6510.91,6.58125e-06,17.1581,22.7676,-6.67285,1575.72,1488.87
1023,6481.99,6.58125e-06,17.1581,22.7136,-6.74432,1533.08,1562.0
1024,6489.96,6.58125e-06,17.1581,22.8612,-6.90909,1530.67,1520.7
1025,6561.13,6.58125e-06,17.1581,22.2036,-6.69844,1541.61,1452.65
1026,6590.54,6.58125e-06,17.1581,23.0302,-6.84608,1590.75,1553.99
1027,5937.41,6.58125e-06,17.1581,23.9049,-6.77142,1257.0,1910.13
1028,5991.38,6.58125e-06,17.1581,24.5231,-6.73425,1312.92,1245.46
1029,6106.08,0.267825,4.33436,23.4499,-6.41233,1317.02,1173.65
1030,6530.62,0.274294,4.31139,22.3559,-6.50478,1578.63,1047.96
1031,6417.09,0.271413,4.38873,21.9325,-6.56228,1498.06,1611.59
1032,6308.52,-8.11616e-05,14.8923,22.3568,-6.71422,1432.4,1540.97
1033,6264.54,0.154867,4.41779,22.5385,-6.59612,1412.54,1456.52
1034,5981.3,0.133239,4.56352,22.9623,-6.64886,1264.51,1547.76
1035,6228.55,0.165972,4.5587,23.2404,-6.80199,1384.68,1075.62
1036,6171.5,-5.40014e-05,17.2305,22.689,-6.75196,1336.76,1393.81
1037,6468.89,-5.40014e-05,17.2305,22.3186,-6.93761,1496.94,1125.21
1038,6185.48,-5.40014e-05,17.2305,21.8357,-6.53498,1349.49,1632.89
1039,5951.14,-5.40014e-05,17.2305,22.1795,-6.51712,1263.19,1497.52
1040,6009.78,-5.40014e-05,17.2305,22.5237,-6.42298,1260.6,1187.31
1041,6066.2,-5.40014e-05,17.2305,22.3008,-6.40599,1295.51,1224.98
1042,6192.76,-5.40014e-05,17.2305,22.0912,-6.28159,1348.67,1190.48
1043,6090.24,-5.40014e-05,17.2305,22.5474,-6.27934,1313.97,1416.49
1044,5676.96,-5.40014e-05,17.2305,23.0133,-6.27143,1107.71,1521.0
1045,5946.38,-5.40014e-05,17.2305,23.1904,-6.38383,1275.04,938.263
1046,5881.84,-5.40014e-05,17.2305,23.1957,-6.46358,1226.25,1290.79
1047,6241.05,-5.40014e-05,17.2305,22.7908,-6.7117,1422.82,973.804
1048,5903.23,0.0526442,6.56774,23.2327,-6.77582,1220.81,1558.63
1049,6018.07,0.0473245,6.45172,23.0808,-6.8709,1295.1,1151.56
1050,5751.91,0.0414832,6.46016,22.7394,-6.63028,1124.69,1390.85
1051,6189.21,3.23144e-06,13.3121,22.1991,-6.68698,1387.45,840.837
1052,5936.61,3.23144e-06,13.3121,22.0448,-6.35702,1265.78,1518.37
1053,5756.85,3.23144e-06,13.3121,22.6702,-6.4421,1206.15,1385.92
1054,5366.85,3.23144e-06,13.3121,22.3999,-6.1378,995.475,1385.47
1055,5472.09,3.23144e-06,13.3121,21.8325,-6.04953,1058.68,927.125
1056,5888.32,3.23144e-06,13.3121,21.6201,-6.10336,1302.34,782.054
1057,5618.44,3.23144e-06,13.3121,22.121,-6.30842,1176.96,1446.84
1058,5511.25,3.23144e-06,13.3121,22.2063,-6.36064,1132.78,1239.96
1059,5563.67,3.23144e-06,13.3121,22.15,-6.38148,1137.05,1071.53
1060,5580.17,3.23144e-06,13.3121,21.7518,-6.37516,1151.19,1130.57
1061,5659.83,3.23144e-06,13.3121,21.7078,-6.44836,1168.57,1068.99
1062,5954.81,0.000129199,13.6424,21.7053,-6.49374,1335.08,966.366
1063,5488.63,0.000129199,13.6424,22.09,-6.39301,1101.31,1567.49
1064,5444.7,0.000129199,13.6424,21.8474,-6.17775,1104.5,1148.43
1065,5378.01,0.000129199,13.6424,21.7284,-5.88215,1051.36,1118.05
1066,5584.56,0.201264,4.49313,21.0462,-5.83103,1192.28,934.088
1067,5621.88,0.250246,4.55936,21.2033,-5.96362,1196.98,1150.33
1068,5427.4,0.293329,4.5411,21.3105,-5.98001,1099.01,1293.49
1069,5555.08,-1.48928e-05,18.1366,21.8123,-6.08848,1159.94,1000.33
1070,5435.57,-1.48928e-05,18.1366,22.3286,-6.07646,1108.16,1227.67
1071,5528.92,0.264403,4.66483,21.5008,-5.9985,1175.65,1058.96
1072,5553.13,0.276156,4.65269,20.9346,-5.86383,1181.14,1150.87
1073,5291.71,0.277752,4.7045,20.35,-5.72642,1061.08,1322.5
1074,5136.53,-5.60396e-05,14.3377,21.0309,-5.83533,970.543,1125.72
1075,5293.1,7.69288e-05,14.3377,21.0437,-5.78999,1056.89,861.178
1076,5339.77,7.69288e-05,14.3377,21.2927,-5.79143,1090.68,1032.34
1077,5349.35,7.69288e-05,14.3377,21.4916,-5.81263,1072.96,1060.99
1078,5661.19,7.69288e-05,14.3377,21.2208,-5.89541,1247.45,857.655
1079,5341.77,7.69288e-05,14.3377,21.6321,-6.03706,1089.93,1409.35
1080,5517.91,7.69288e-05,14.3377,21.4956,-6.21192,1195.63,975.452
1081,5295.92,0.0190007,7.89739,21.7418,-6.15151,1071.95,1293.94
1082,5290.17,0.227465,5.07879,21.0554,-6.15206,1059.63,1065.38
1083,4892.03,0.19012,4.94185,20.5917,-5.84386,870.79,1268.93
1084,5103.23,-7.53929e-05,16.4442,19.9702,-5.73358,994.594,730.595
1085,5284.7,-7.53929e-05,16.4442,20.27,-5.8107,1090.96,864.122
1086,5156.31,-7.53929e-05,16.4442,20.7893,-5.93157,1028.59,1156.98
1087,5144.99,-7.53929e-05,16.4442,21.2809,-5.82203,1031.48,1042.8
1088,5002.49,-7.53929e-05,16.4442,21.7002,-5.77989,967.056,1109.55
1089,5088.69,-7.53929e-05,16.4442,21.1066,-5.70088,1024.16,916.405
1090,4999.11,-7.53929e-05,16.4442,21.0944,-5.82192,957.723,1047.3
1091,5210.51,-7.53929e-05,16.4442,20.4249,-5.8044,1075.17,810.917
1092,4977.51,-7.53929e-05,16.4442,20.3859,-5.67118,960.805,1193.81
1093,5174.72,-7.53929e-05,16.4442,20.8218,-5.71025,1098.31,851.802
1094,4943.75,-7.53929e-05,16.4442,22.0049,-5.79414,980.625,1211.59
1095,4949.65,-7.53929e-05,16.4442,21.8829,-5.8302,990.534,983.163
1096,4999.98,-7.53929e-05,16.4442,20.8092,-5.64229,1031.82,968.892
1097,4977.94,-7.53929e-05,16.4442,20.0273,-5.59207,986.995,1009.04
1098,4873.6,-7.53929e-05,16.4442,19.9105,-5.53286,956.971,1061.31
1099,4790.63,-7.53929e-05,16.4442,20.3756,-5.57373,912.559,995.529
1100,4896.17,-7.53929e-05,16.4442,20.6362,-5.5202,986.007,854.086
1101,4581.35,-7.53929e-05,16.4442,21.2105,-5.54521,842.28,1157.09
1102,4827.07,-7.53929e-05,16.4442,21.0142,-5.54739,986.745,679.599
1103,4758.81,0.0410399,6.865,21.0621,-5.61313,951.58,1019.84
1104,4990.48,0.0402193,6.71327,20.514,-5.77777,1084.69,795.094
1105,4604.55,2.7142e-05,15.2084,20.9772,-5.94765,878.82,1264.75
1106,4534.42,2.7142e-05,15.2084,20.4281,-5.71287,859.96,930.095
1107,4550.43,2.7142e-05,15.2084,20.3382,-5.5469,876.41,856.39
1108,4721.26,0.0835232,5.82303,20.0143,-5.4567,975.654,762.123
1109,4802.62,0.0546444,5.59811,20.5052,-5.74458,1016.24,914.537
1110,4873.22,0.348215,3.31791,20.5292,-5.83086,1078.23,989.981
1111,4615.07,1.35366,1.5152,20.9426,-5.90163,919.161,1177.31
1112,4622.12,3.21711,-0.879977,20.1718,-5.5376,925.759,916.947
1113,4582.71,3.92816,-0.734065,20.2473,-5.42201,906.346,945.755
1114,4605.37,1.35362,1.57586,19.9322,-5.29466,933.35,905.028
1115,4312.07,-7.51653e-05,14.647,20.069,-5.27948,778.44,1071.74
1116,4776.93,-7.51653e-05,14.647,19.5208,-5.3299,1052.79,471.707
1117,4589.63,-7.51653e-05,14.647,19.8056,-5.31431,948.232,1135.53
1118,4614.93,-7.51653e-05,14.647,20.0554,-5.56187,970.052,938.433
1119,4262.31,0.323858,3.43661,20.554,-5.45074,782.041,1134.66
1120,4325.3,0.98017,2.31838,20.1001,-5.45159,820.269,741.527
1121,4507.57,0.684717,1.69658,19.4905,-5.26952,885.732,657.904
1122,4595.86,0.0715265,2.31768,19.328,-5.33133,941.678,831.313
1123,4414.1,-5.67638e-05,14.0366,19.5975,-5.20276,863.024,1044.78
1124,4423.85,-5.67638e-05,14.0366,19.6478,-5.13619,886.108,873.916
1125,4528.5,-5.67638e-05,14.0366,19.4618,-5.17123,936.077,805.271
1126,4475.62,-5.67638e-05,14.0366,19.8349,-5.41346,907.727,960.6
1127,4433.93,-5.67638e-05,14.0366,20.487,-5.50712,900.023,941.721
1128,4638.88,-5.67638e-05,14.0366,20.1679,-5.47094,1020.28,764.081
1129,4155.27,-5.67638e-05,14.0366,19.9716,-5.2473,771.386,1255.0
1130,4349.12,-5.67638e-05,14.0366,18.9129,-5.03236,902.764,660.455
1131,4339.93,-5.67638e-05,14.0366,19.0928,-4.92405,883.545,892.731
1132,4310.75,0.401108,3.84714,18.4029,-4.83797,866.488,895.673
1133,4107.65,0.765403,3.4665,18.7068,-4.78266,783.015,986.113
1134,4306.84,0.681117,3.60682,18.2435,-4.71421,903.981,654.997
1135,4317.53,0.692946,3.60957,18.5284,-4.80918,916.034,902.661
1136,4107.59,0.668041,2.96746,19.0854,-4.8555,809.791,1019.73
1137,4170.07,0.549543,3.34026,19.1851,-4.8525,842.324,764.231
1138,4157.77,0.426343,3.81319,19.2179,-4.78445,823.287,835.585
1139,4232.58,0.284289,3.9655,19.1127,-4.84527,882.486,788.967
1140,4279.32,0.0743194,4.0675,19.6413,-4.87007,923.939,865.522
1141,4036.88,-0.00039654,4.12097,19.8864,-4.86374,834.999,1077.44
1142,3989.47,-0.00473712,4.12385,19.3467,-4.78175,802.746,850.158
1143,4187.37,-0.0154687,4.14072,19.7913,-4.95469,930.818,683.437
1144,4140.54,-0.0149262,4.20358,19.758,-5.02308,905.046,951.878
1145,4216.19,0.00317023,3.72478,20.0696,-5.22872,959.784,865.225
1146,3746.36,0.267879,3.90405,20.117,-5.04603,712.177,1182.01
1147,3917.29,0.201024,4.20173,19.8904,-4.96525,827.484,613.815
1148,3956.44,0.0672226,4.35279,20.5427,-4.87932,875.527,826.592
1149,3882.04,-0.995849,2.22717,20.059,-4.82957,846.147,920.543
1150,3698.51,-0.77042,2.46273,19.9933,-4.76359,759.366,942.901
1151,3922.78,3.65982e-05,17.9009,18.9712,-4.64875,927.144,646.807
1152,3884.98,3.65982e-05,17.9009,19.6556,-4.89847,860.685,898.484
1153,4053.68,3.65982e-05,17.9009,19.6318,-5.03439,978.406,767.53
1154,3769.92,3.65982e-05,17.9009,20.797,-5.19081,833.057,1116.82
1155,3636.85,3.65982e-05,17.9009,19.3904,-4.77799,788.613,921.679
1156,3682.55,3.65982e-05,17.9009,19.1924,-4.6793,794.442,737.315
1157,3896.3,3.65982e-05,17.9009,18.3996,-4.51368,946.729,679.541
1158,3653.84,3.65982e-05,17.9009,18.6854,-4.60458,821.261,1063.72
1159,3720.62,3.65982e-05,17.9009,18.985,-4.63652,889.851,806.38
1160,3763.23,3.65982e-05,17.9009,18.5409,-4.54427,874.214,820.95
1161,3891.76,3.65982e-05,17.9009,18.6099,-4.67475,953.018,792.351
1162,3795.14,3.65982e-05,17.9009,18.8044,-4.76195,917.706,1014.33
1163,3548.34,3.65982e-05,17.9009,19.5587,-4.86604,831.853,1078.65
1164,3800.02,3.65982e-05,17.9009,19.8961,-5.01671,950.753,636.161
1165,3653.07,3.65982e-05,17.9009,19.5711,-4.91675,865.455,1012.41
1166,3805.41,3.65982e-05,17.9009,18.5338,-4.87833,951.53,761.095
1167,3838.33,3.65982e-05,17.9009,18.7497,-4.93845,981.192,940.051
1168,3428.89,0.273488,3.61283,19.0281,-4.92046,759.983,1169.42
1169,3692.1,0.107857,2.97889,19.1607,-4.95314,897.558,568.543
1170,3655.17,-0.181197,2.56673,19.3578,-4.86754,876.123,913.049
1171,3716.12,-0.0367159,2.7527,18.3347,-4.7495,898.831,822.65
1172,3577.16,0.170058,3.60076,18.7006,-4.65272,876.316,1015.28
1173,3628.81,-8.02001e-06,14.3962,18.3845,-4.54307,913.556,848.983
1174,3551.31,-8.02001e-06,14.3962,19.2151,-4.70317,874.553,952.061
1175,3572.84,-8.02001e-06,14.3962,19.7213,-4.80874,934.195,907.283
1176,3589.17,-8.02001e-06,14.3962,18.9616,-4.69264,949.156,928.739
1177,3578.07,-8.02001e-06,14.3962,18.5297,-4.66865,911.566,922.664
1178,3784.25,-8.02001e-06,14.3962,17.8021,-4.66765,1048.8,791.075
1179,3614.97,-8.02001e-06,14.3962,18.0369,-4.65402,962.071,1131.35
1180,3300.05,-8.02001e-06,14.3962,17.9768,-4.49104,841.445,1156.36
1181,3562.15,-8.02001e-06,14.3962,18.1239,-4.55874,976.155,648.525
1182,3301.31,-8.02001e-06,14.3962,19.3988,-4.74274,857.942,1118.79
1183,3625.82,-8.02001e-06,14.3962,20.2072,-5.19334,1048.46,642.821
1184,3374.89,-8.02001e-06,14.3962,21.2088,-5.25876,933.901,1184.83
1185,3378.69,-8.02001e-06,14.3962,19.9468,-5.1467,924.909,920.16
1186,3516.82,-8.02001e-06,14.3962,19.2739,-4.91939,984.311,811.647
1187,3510.15,-1.03533,1.52675,18.648,-4.89551,959.977,966.64
1188,3383.66,-1.40145,1.63366,18.9088,-4.90695,915.377,1041.87
1189,3634.96,9.74953e-06,15.0934,18.7263,-4.89853,1044.15,730.017
1190,3458.14,9.74953e-06,15.0934,18.2519,-4.74221,952.925,1129.75
1191,3315.17,9.74953e-06,15.0934,16.7606,-4.30532,865.768,1008.73
1192,3540.6,9.74953e-06,15.0934,16.738,-4.24404,1017.88,736.089
1193,3279.18,9.74953e-06,15.0934,17.854,-4.41748,884.278,1145.7
1194,3336.45,9.74953e-06,15.0934,19.4846,-4.88892,925.698,854.118
1195,3376.72,9.74953e-06,15.0934,19.7472,-4.85837,948.968,898.628
1196,3280.35,9.74953e-06,15.0934,19.1531,-4.75291,879.911,976.28
1197,3571.42,9.74953e-06,15.0934,18.6796,-4.72235,1068.61,704.774
1198,3388.62,9.74953e-06,15.0934,18.5772,-4.76238,940.416,1123.21
1199,3397.64,9.74953e-06,15.0934,17.2765,-4.56166,965.245,953.967
1200,3207.45,9.74953e-06,15.0934,17.7376,-4.54146,876.573,1066.76
1201,3443.24,9.74953e-06,15.0934,17.8469,-4.60928,1016.73,721.996
1202,3394.21,9.74953e-06,15.0934,17.9846,-4.57066,964.671,1013.71
1203,3435.89,9.74953e-06,15.0934,16.4988,-4.28026,1006.92,954.826
1204,3348.89,9.74953e-06,15.0934,16.5904,-4.21315,937.507,1024.5
1205,3471.26,9.74953e-06,15.0934,17.2672,-4.49962,1025.74,872.774
1206,3475.06,9.74953e-06,15.0934,17.9377,-4.75294,980.148,975.401
1207,3531.6,9.74953e-06,15.0934,17.3342,-4.70346,987.987,917.312
1208,3344.01,9.74953e-06,15.0934,16.6828,-4.39193,848.655,1036.25
1209,3429.13,9.74953e-06,15.0934,15.1511,-3.9032,942.143,835.742
1210,3625.66,9.74953e-06,15.0934,14.9707,-3.85982,1066.38,820.721
1211,3577.44,9.74953e-06,15.0934,15.5519,-4.06315,1050.82,1099.04
1212,3611.46,9.74953e-06,15.0934,16.2066,-4.3852,1068.43,1025.9
1213,3290.15,9.74953e-06,15.0934,17.462,-4.65877,893.46,1214.77
1214,3507.54,9.74953e-06,15.0934,16.8574,-4.60244,1002.6,730.868
1215,3621.17,9.74953e-06,15.0934,17.263,-4.65589,1044.9,902.863
1216,3505.23,9.74953e-06,15.0934,16.3161,-4.40253,1029.38,1145.32
1217,3544.35,9.74953e-06,15.0934,17.3,-4.66293,1061.11,1012.21
1218,3623.18,9.74953e-06,15.0934,18.5575,-5.05323,1074.54,976.005
1219,3399.44,9.74953e-06,15.0934,19.1332,-5.2529,943.07,1166.82
1220,3437.67,9.74953e-06,15.0934,18.2479,-4.88909,1003.96,956.17
1221,3564.87,-0.630375,2.09996,17.5429,-4.69032,1076.39,917.393
1222,3810.22,-0.292735,2.18169,17.2906,-4.85951,1186.26,879.566
1223,3651.23,-0.254697,2.06117,17.7442,-5.15753,1100.14,1259.13
1224,3578.84,-9.19617e-05,15.6111,17.5917,-5.08824,1102.83,1175.23
1225,3668.61,-9.19617e-05,15.6111,16.5614,-4.78983,1134.32,1022.11
1226,3536.48,-9.19617e-05,15.6111,16.0668,-4.61121,1069.73,1201.86
1227,3612.8,-9.19617e-05,15.6111,16.2023,-4.78329,1141.42,1046.02
1228,3628.22,-9.19617e-05,15.6111,16.4217,-4.80756,1137.55,1118.27
1229,3554.58,-9.19617e-05,15.6111,17.4262,-5.19122,1133.83,1207.47
1230,3391.49,0.108135,4.2622,16.8217,-4.87194,1012.44,1175.53
1231,3617.59,0.201139,3.68727,17.0012,-4.9027,1178.56,895.937
1232,3398.92,0.0438545,3.15229,16.4119,-4.68409,1030.85,1249.52
1233,3552.74,0.013033,2.7635,15.8081,-4.63234,1147.52,955.248
1234,3752.85,-1.24251,1.07165,15.3074,-4.57035,1251.21,1001.06
1235,3434.77,-0.642677,1.31603,15.7655,-4.61072,1124.62,1442.7
1236,3287.79,-0.599323,1.02796,15.9277,-4.51382,1044.76,1191.74
1237,3650.28,-7.76932e-05,12.3534,16.3345,-4.63361,1271.1,817.981
1238,3258.02,-1.37599,1.5664,16.5795,-4.68114,1052.38,1444.65
1239,3364.14,-1.07017,1.30367,17.4181,-5.00524,1159.72,1027.07
1240,3500.94,2.35507e-05,15.1798,17.4142,-5.06963,1207.16,1036.16
1241,3446.52,2.35507e-05,15.1798,16.4853,-5.01486,1181.83,1236.25
1242,3468.78,2.35507e-05,15.1798,16.7918,-5.24827,1171.18,1143.34
1243,3499.41,2.35507e-05,15.1798,16.7787,-5.18781,1195.83,1157.55
1244,3107.55,2.35507e-05,15.1798,16.6055,-4.9914,1006.88,1398.74
1245,3606.83,2.35507e-05,15.1798,15.0969,-4.66083,1322.49,698.393
1246,3227.34,2.35507e-05,15.1798,15.2677,-4.63992,1114.58,1494.07
1247,3399.95,2.35507e-05,15.1798,15.287,-4.8338,1239.94,1024.18
1248,3043.57,2.35507e-05,15.1798,15.4606,-4.59607,1037.08,1393.46
1249,3220.92,2.35507e-05,15.1798,14.4102,-4.4277,1149.94,928.254
1250,3281.96,2.35507e-05,15.1798,14.3382,-4.47787,1146.44,1070.14
1251,3602.75,2.35507e-05,15.1798,15.178,-5.00441,1399.15,998.168
1252,3073.35,2.35507e-05,15.1798,15.1305,-4.76561,1115.7,1645.1
1253,3162.84,2.35507e-05,15.1798,15.1347,-4.71489,1172.92,1061.05
1254,3364.66,2.35507e-05,15.1798,15.3307,-4.82835,1270.57,1018.3
1255,3288.65,2.35507e-05,15.1798,15.1578,-4.9885,1206.07,1282.08
1256,3152.13,2.35507e-05,15.1798,14.4251,-4.74721,1145.11,1281.64
1257,3182.46,2.35507e-05,15.1798,13.421,-4.36612,1141.37,1103.46
1258,3444.13,2.35507e-05,15.1798,12.8962,-4.31735,1251.36,924.282
1259,3345.57,2.35507e-05,15.1798,13.716,-4.62744,1230.07,1328.63
1260,3173.82,2.35507e-05,15.1798,14.0902,-4.74029,1162.93,1334.69
1261,3309.44,2.35507e-05,15.1798,14.1496,-4.69714,1193.15,1023.63
1262,3257.66,2.35507e-05,15.1798,13.1308,-4.38542,1172.58,1224.35
1263,3223.71,2.35507e-05,15.1798,13.0124,-4.36649,1149.06,1183.02
1264,3387.33,2.35507e-05,15.1798,13.0351,-4.357,1259.14,1054.62
1265,3243.59,2.35507e-05,15.1798,13.0545,-4.29973,1145.54,1289.28
1266,3129.02,2.35507e-05,15.1798,11.7487,-3.83424,1096.98,1211.55
1267,3221.12,2.35507e-05,15.1798,11.5239,-3.75837,1186.72,1071.6
1268,3379.48,2.35507e-05,15.1798,11.6907,-3.9582,1277.99,1080.04
1269,3287.35,2.35507e-05,15.1798,13.3597,-4.5704,1211.68,1303.81
1270,3110.61,2.35507e-05,15.1798,13.4252,-4.48008,1100.01,1276.76
1271,3128.38,2.35507e-05,15.1798,13.2855,-4.30837,1092.98,1070.76
1272,3275.15,2.35507e-05,15.1798,11.528,-3.81596,1160.64,977.177
1273,3301.2,2.35507e-05,15.1798,10.8601,-3.6115,1175.9,1143.34
1274,3255.4,2.35507e-05,15.1798,10.6692,-3.57223,1153.93,1199.73
1275,3270.04,2.35507e-05,15.1798,10.9559,-3.55967,1154.9,1136.59
1276,3360.42,2.35507e-05,15.1798,11.625,-3.83512,1195.76,1082.79
1277,3508.27,2.35507e-05,15.1798,11.8871,-4.01078,1287.98,1103.17
1278,3190.09,2.35507e-05,15.1798,13.4112,-4.44021,1135.28,1453.45
1279,3256.42,2.35507e-05,15.1798,13.3019,-4.34655,1137.36,1054.46
1280,3293.0,2.35507e-05,15.1798,12.8968,-4.13528,1118.82,1073.09
1281,3454.79,2.35507e-05,15.1798,11.3343,-3.82569,1217.17,1014.94
1282,3204.27,2.35507e-05,15.1798,11.9283,-3.93877,1129.68,1380.2
1283,3484.78,2.35507e-05,15.1798,12.2878,-4.17033,1239.91,889.274
1284,3221.29,2.35507e-05,15.1798,13.1323,-4.31668,1141.88,1405.38
1285,3442.39,2.35507e-05,15.1798,12.1509,-4.23676,1241.76,965.382
1286,3025.44,2.35507e-05,15.1798,12.6375,-4.26919,1034.48,1451.43
1287,3426.71,2.35507e-05,15.1798,11.8676,-4.23852,1250.95,749.354
1288,3226.84,2.35507e-05,15.1798,12.5366,-4.36543,1120.09,1319.96
1289,3281.24,2.35507e-05,15.1798,11.7216,-4.12659,1160.28,1092.28
1290,3193.93,2.35507e-05,15.1798,12.1359,-4.09197,1092.9,1180.21
1291,3236.57,2.35507e-05,15.1798,11.4588,-3.85038,1129.7,1076.4
1292,3180.87,2.35507e-05,15.1798,11.8818,-3.96525,1071.26,1126.97
1293,3255.17,2.35507e-05,15.1798,10.012,-3.36056,1131.57,1038.7
1294,3321.49,2.35507e-05,15.1798,9.98664,-3.44232,1186.71,1103.81
1295,3320.63,2.35507e-05,15.1798,9.60153,-3.32459,1193.84,1194.7
1296,3361.77,2.35507e-05,15.1798,11.4424,-3.92273,1215.97,1164.54
1297,3474.19,2.35507e-05,15.1798,12.7221,-4.37089,1228.73,1088.2
1298,3114.33,2.35507e-05,15.1798,11.7209,-3.95355,998.909,1358.78
1299,3636.95,2.35507e-05,15.1798,11.4745,-4.13035,1370.23,716.943
1300,3001.14,2.35507e-05,15.1798,10.3696,-3.46753,1004.62,1640.43
1301,3192.13,2.35507e-05,15.1798,10.4743,-3.68309,1119.66,880.922
1302,3229.35,2.35507e-05,15.1798,10.2321,-3.44718,1129.18,1082.66
1303,3503.13,2.35507e-05,15.1798,10.8788,-4.04271,1260.89,918.669
1304,3072.54,2.35507e-05,15.1798,11.8781,-4.12363,1101.91,1532.5
1305,3523.41,2.35507e-05,15.1798,11.4462,-4.1564,1349.83,786.245
1306,2943.26,2.35507e-05,15.1798,10.3485,-3.49433,1059.35,1639.5
1307,3222.66,2.35507e-05,15.1798,10.3993,-3.82909,1257.82,908.576
1308,3320.85,2.35507e-05,15.1798,11.2423,-4.03509,1282.62,1159.88
1309,3101.56,2.35507e-05,15.1798,12.824,-4.77793,1195.52,1414.81
1310,3249.19,2.35507e-05,15.1798,12.016,-4.38377,1216.52,1031.98
1311,3147.41,2.35507e-05,15.1798,11.4147,-4.11888,1144.26,1246.04
1312,3079.6,2.35507e-05,15.1798,10.3337,-3.73297,1133.17,1200.97
1313,3316.21,2.35507e-05,15.1798,10.7597,-3.91417,1197.01,901.246
1314,3114.91,2.35507e-05,15.1798,10.7376,-3.81165,1151.73,1353.03
1315,3222.42,2.35507e-05,15.1798,11.2907,-4.01695,1197.47,1063.1
1316,3377.17,2.35507e-05,15.1798,10.4863,-3.72847,1279.77,1086.33
1317,3164.45,2.35507e-05,15.1798,10.6542,-3.78391,1206.05,1418.76
1318,3494.96,2.35507e-05,15.1798,10.7619,-3.95366,1391.34,978.212
1319,3063.23,2.35507e-05,15.1798,11.6371,-4.13063,1161.77,1593.5
1320,3029.48,2.35507e-05,15.1798,11.4576,-4.11805,1157.3,1191.05
1321,3184.46,2.35507e-05,15.1798,11.84,-4.21836,1235.12,1041.4
1322,3086.89,2.35507e-05,15.1798,11.3762,-4.04195,1174.22,1271.79
1323,3068.62,2.35507e-05,15.1798,11.7436,-4.15155,1151.28,1169.56
1324,3163.73,2.35507e-05,15.1798,11.9504,-4.2161,1212.53,1093.65
1325,3132.78,2.35507e-05,15.1798,11.8353,-4.244,1188.78,1219.73
1326,2971.24,2.35507e-05,15.1798,11.4688,-4.06512,1104.64,1266.18
1327,3125.03,2.35507e-05,15.1798,9.98062,-3.57083,1190.12,997.882
1328,3341.72,2.35507e-05,15.1798,9.61803,-3.59403,1288.43,1017.57
1329,3291.72,2.35507e-05,15.1798,10.2915,-3.92656,1276.49,1326.49
1330,2798.03,2.35507e-05,15.1798,11.7286,-4.23605,1006.47,1500.15
1331,3003.36,2.35507e-05,15.1798,11.1902,-4.04917,1096.33,839.665
1332,3139.67,2.35507e-05,15.1798,10.9048,-4.00231,1179.39,1009.0
1333,3305.9,2.35507e-05,15.1798,9.89807,-3.82059,1239.02,1031.23
1334,2917.08,2.35507e-05,15.1798,10.5352,-3.68995,1068.28,1457.1
1335,3015.37,2.35507e-05,15.1798,10.2732,-3.57554,1114.08,991.21
1336,3301.19,2.35507e-05,15.1798,10.5608,-3.72561,1259.54,902.268
1337,3320.27,2.35507e-05,15.1798,11.9471,-4.38189,1295.99,1272.15
1338,3013.2,2.35507e-05,15.1798,11.6178,-4.18989,1101.91,1408.98
1339,3107.56,2.35507e-05,15.1798,11.3985,-4.03058,1182.02,1064.08
1340,3179.6,2.35507e-05,15.1798,9.68435,-3.43576,1175.01,1084.95
1341,3308.96,2.35507e-05,15.1798,9.59492,-3.48731,1246.02,1084.31
1342,2716.02,2.35507e-05,15.1798,9.45137,-3.22524,1004.95,1597.9
1343,3036.11,2.35507e-05,15.1798,10.2012,-3.56965,1164.39,764.27
1344,3048.22,2.35507e-05,15.1798,10.6756,-3.62594,1162.29,1147.15
1345,3180.2,2.35507e-05,15.1798,10.6369,-3.86977,1204.21,1039.23
1346,2922.65,2.35507e-05,15.1798,11.0018,-3.76035,1082.67,1340.22
1347,2989.26,2.35507e-05,15.1798,10.214,-3.49582,1106.38,1023.12
1348,3284.92,2.35507e-05,15.1798,10.4211,-3.64808,1256.61,887.036
1349,3140.82,2.35507e-05,15.1798,9.88862,-3.42715,1207.56,1351.66
1350,2930.87,2.35507e-05,15.1798,11.0985,-3.83038,1067.39,1277.34
1351,3130.87,2.35507e-05,15.1798,10.7785,-3.62315,1184.92,934.908
1352,2972.15,2.35507e-05,15.1798,12.2404,-4.16722,1141.64,1300.37
1353,3055.57,2.35507e-05,15.1798,12.6226,-4.26603,1129.77,1025.49
1354,2985.45,2.35507e-05,15.1798,13.1763,-4.33547,1083.34,1153.46
1355,2628.08,2.35507e-05,15.1798,12.063,-3.95827,910.55,1267.92
1356,3237.43,2.35507e-05,15.1798,11.0566,-3.91171,1269.56,507.873
1357,2958.17,2.35507e-05,15.1798,12.1832,-4.20297,1123.7,1402.96
1358,3000.61,2.35507e-05,15.1798,11.3969,-4.06576,1104.12,1051.07
1359,2920.66,2.35507e-05,15.1798,12.8094,-4.23836,1081.88,1161.83
1360,3146.04,2.35507e-05,15.1798,11.8845,-4.13171,1195.07,913.337
1361,2996.03,2.35507e-05,15.1798,13.8689,-4.64029,1085.92,1235.94
1362,3301.16,2.35507e-05,15.1798,10.625,-3.74841,1225.53,844.108
1363,2989.63,2.35507e-05,15.1798,11.3656,-3.8107,1102.03,1413.57
1364,2999.72,2.35507e-05,15.1798,10.5282,-3.59258,1062.4,1049.78
1365,3136.63,2.35507e-05,15.1798,12.7776,-4.10618,1126.42,955.282
1366,3042.75,2.35507e-05,15.1798,12.7741,-4.0153,1047.6,1141.48
1367,3113.35,2.35507e-05,15.1798,12.6919,-3.92017,1090.74,1002.49
1368,3301.68,2.35507e-05,15.1798,12.5734,-3.93714,1199.83,964.418
1369,3075.9,2.35507e-05,15.1798,12.901,-4.03695,1066.3,1292.08
1370,3230.01,2.35507e-05,15.1798,12.9372,-4.12138,1148.18,955.541
1371,2987.14,2.35507e-05,15.1798,13.4832,-4.15284,1027.89,1270.76
1372,3146.78,2.35507e-05,15.1798,12.6903,-4.07604,1096.57,897.021
1373,3067.99,2.35507e-05,15.1798,12.0614,-3.84258,1057.7,1136.5
1374,3050.89,2.35507e-05,15.1798,11.3566,-3.76577,1018.09,1035.18
1375,3336.04,2.35507e-05,15.1798,11.3342,-3.79134,1224.16,867.72
1376,2910.45,2.35507e-05,15.1798,12.2053,-3.88124,1006.75,1432.34
1377,2948.77,2.35507e-05,15.1798,12.476,-3.91256,1023.74,975.848
1378,2898.92,2.35507e-05,15.1798,13.2898,-4.00609,997.997,1047.85
1379,3168.66,2.35507e-05,15.1798,13.49,-4.39103,1182.73,845.552
1380,2984.37,2.35507e-05,15.1798,14.2254,-4.56544,1070.17,1254.46
1381,3089.18,2.35507e-05,15.1798,12.3668,-4.04332,1145.85,1014.84
1382,2933.63,2.35507e-05,15.1798,12.7037,-4.0258,1066.01,1221.56
1383,3169.51,2.35507e-05,15.1798,11.7829,-3.90694,1191.52,896.675
1384,2865.34,2.35507e-05,15.1798,13.4529,-4.34071,1022.42,1326.6
1385,2975.68,2.35507e-05,15.1798,12.3227,-4.09407,1064.49,926.563
1386,2861.2,2.35507e-05,15.1798,12.8069,-4.13476,1025.08,1139.56
1387,3053.82,2.35507e-05,15.1798,13.0022,-4.3131,1144.19,903.425
1388,2874.25,2.35507e-05,15.1798,12.3596,-3.94873,1045.34,1224.9
1389,2824.01,2.35507e-05,15.1798,12.2534,-3.92761,1024.48,1074.72
1390,2969.72,2.35507e-05,15.1798,11.9811,-3.91171,1139.31,957.173
1391,2893.4,2.35507e-05,15.1798,13.2688,-4.3645,1090.14,1166.46
1392,2909.66,2.35507e-05,15.1798,12.7326,-4.18829,1099.3,1078.97
1393,2820.05,2.35507e-05,15.1798,12.7664,-4.14116,1070.31,1159.93
1394,2852.07,2.35507e-05,15.1798,12.7826,-4.1846,1107.53,1067.51
1395,3045.23,2.35507e-05,15.1798,13.5505,-4.51295,1209.36,967.911
1396,2759.26,2.35507e-05,15.1798,13.3594,-4.33433,1088.97,1374.94
1397,2623.7,2.35507e-05,15.1798,13.4389,-4.35813,1035.11,1170.67
1398,2721.62,2.35507e-05,15.1798,13.9626,-4.52456,1032.45,910.062
1399,2959.81,2.35507e-05,15.1798,14.2781,-4.84536,1174.95,877.206
1400,2914.97,2.35507e-05,15.1798,14.2763,-4.87194,1174.02,1218.86
1401,2841.95,2.35507e-05,15.1798,12.6751,-4.31046,1139.81,1212.83
1402,2674.71,2.35507e-05,15.1798,13.4936,-4.42415,1070.4,1237.64
1403,2712.94,2.35507e-05,15.1798,13.3739,-4.38904,1084.3,1036.52
1404,2622.31,2.35507e-05,15.1798,15.1812,-4.8622,1012.54,1103.17
1405,2806.35,2.35507e-05,15.1798,14.4243,-4.75895,1149.11,919.053
1406,2676.4,2.35507e-05,15.1798,13.0185,-4.2868,1042.43,1172.39
1407,2505.5,2.35507e-05,15.1798,12.7478,-4.15321,1005.5,1179.65
1408,2589.14,2.35507e-05,15.1798,12.1788,-3.93101,1025.53,920.975
1409,2807.25,2.35507e-05,15.1798,12.8316,-4.12718,1165.31,892.677
1410,2928.39,2.35507e-05,15.1798,12.0243,-4.03434,1211.17,1059.75
1411,2694.75,2.35507e-05,15.1798,12.5974,-4.13899,1106.38,1340.02
1412,2720.16,2.35507e-05,15.1798,13.4524,-4.44792,1084.91,1053.15
1413,2850.41,2.35507e-05,15.1798,14.0321,-4.62292,1120.43,957.617
1414,2574.23,2.35507e-05,15.1798,13.653,-4.40369,978.995,1255.18
1415,2762.99,2.35507e-05,15.1798,12.6914,-4.09285,1098.69,862.741
1416,2765.85,2.35507e-05,15.1798,13.5085,-4.35929,1098.75,1095.17
1417,2858.66,2.35507e-05,15.1798,13.813,-4.66443,1137.83,1021.82
1418,2657.25,2.35507e-05,15.1798,13.7872,-4.46499,1045.83,1247.23
1419,2953.56,2.35507e-05,15.1798,11.9408,-3.97287,1189.85,819.466
1420,2618.01,2.35507e-05,15.1798,12.786,-4.03641,1005.77,1341.32
1421,2869.9,2.35507e-05,15.1798,12.6344,-4.19914,1171.35,856.489
1422,2705.14,2.35507e-05,15.1798,13.7218,-4.40891,1053.42,1218.18
1423,2610.26,2.35507e-05,15.1798,12.1,-3.92457,1007.73,1102.62
1424,2665.28,2.35507e-05,15.1798,12.4945,-3.93636,1039.24,970.464
1425,2798.55,2.35507e-05,15.1798,12.3046,-3.87112,1125.38,958.791
1426,2790.55,2.35507e-05,15.1798,13.4717,-4.32976,1077.58,1085.58
1427,2775.95,2.35507e-05,15.1798,12.9015,-4.15257,1068.77,1083.36
1428,2741.73,2.35507e-05,15.1798,13.5243,-4.34681,1070.39,1104.61
1429,2757.13,2.35507e-05,15.1798,13.5248,-4.34534,1052.13,1032.88
1430,3034.69,2.35507e-05,15.1798,13.4834,-4.51568,1228.99,882.046
1431,2889.5,2.35507e-05,15.1798,13.4265,-4.52736,1146.67,1291.86
1432,2634.27,2.35507e-05,15.1798,12.9726,-4.29967,1050.66,1305.88
1433,2762.84,2.35507e-05,15.1798,13.9128,-4.53072,1133.48,972.773
1434,2797.02,2.35507e-05,15.1798,12.576,-4.16725,1114.0,1071.28
1435,2681.91,2.35507e-05,15.1798,12.902,-4.33848,1061.01,1176.11
1436,2781.97,2.35507e-05,15.1798,13.5558,-4.5341,1090.23,965.156
1437,2784.47,2.35507e-05,15.1798,14.5952,-4.71645,1109.33,1106.2
1438,2833.22,2.35507e-05,15.1798,14.8783,-4.90618,1100.33,1039.39
1439,2908.0,2.35507e-05,15.1798,14.2834,-4.7276,1137.88,1044.41
1440,2862.8,2.35507e-05,15.1798,14.7822,-4.8521,1146.16,1191.36
1441,2982.15,2.35507e-05,15.1798,14.083,-4.63949,1184.51,1035.33
1442,2761.97,2.35507e-05,15.1798,14.0382,-4.43963,1080.25,1300.43
1443,2951.22,2.35507e-05,15.1798,14.1087,-4.61447,1183.08,946.513
1444,2770.42,2.35507e-05,15.1798,15.5289,-4.93466,1100.51,1281.32
1445,2475.26,2.35507e-05,15.1798,15.8816,-5.06465,961.636,1256.79
1446,2783.14,2.35507e-05,15.1798,15.7456,-5.04859,1097.37,712.518
1447,2923.26,2.35507e-05,15.1798,14.8466,-4.80246,1143.34,968.195
1448,2926.11,2.35507e-05,15.1798,15.1304,-4.98388,1145.01,1141.44
1449,2602.46,2.35507e-05,15.1798,15.5978,-4.83986,964.43,1288.08
1450,2915.29,2.35507e-05,15.1798,14.6937,-4.61148,1137.48,746.444
1451,2993.61,2.35507e-05,15.1798,13.8936,-4.37022,1153.47,1055.57
1452,3108.07,2.35507e-05,15.1798,14.185,-4.62437,1207.29,1064.2
1453,2698.01,2.35507e-05,15.1798,14.4959,-4.47065,1005.22,1415.27
1454,2864.84,2.35507e-05,15.1798,14.0759,-4.35988,1114.19,905.653
1455,3029.27,2.35507e-05,15.1798,13.607,-4.18844,1181.68,976.145
1456,2745.94,2.35507e-05,15.1798,14.5292,-4.49091,1035.27,1318.6
1457,2835.06,2.35507e-05,15.1798,15.3102,-4.69429,1072.42,961.011
1458,2958.39,2.35507e-05,15.1798,15.3641,-4.73379,1085.43,931.278
1459,2953.3,2.35507e-05,15.1798,15.6006,-4.81736,1104.83,1109.92
1460,2769.39,2.35507e-05,15.1798,16.5808,-4.90782,1013.42,1197.33
1461,2996.84,2.35507e-05,15.1798,16.2362,-4.79774,1130.57,846.254
1462,2701.55,2.35507e-05,15.1798,15.848,-4.53887,999.677,1294.97
1463,2687.7,2.35507e-05,15.1798,15.2819,-4.46634,971.809,985.659
1464,2871.39,2.35507e-05,15.1798,15.0936,-4.35785,1064.47,834.861
1465,2850.15,2.35507e-05,15.1798,15.0712,-4.45339,1075.9,1097.14
1466,2869.46,2.35507e-05,15.1798,15.4854,-4.57029,1081.47,1057.33
1467,3039.62,2.35507e-05,15.1798,16.3037,-4.90441,1174.47,961.77
1468,2887.04,2.35507e-05,15.1798,16.4273,-5.01135,1082.59,1235.17
1469,2739.4,2.35507e-05,15.1798,16.2039,-4.97939,1030.54,1178.19
1470,2817.92,2.35507e-05,15.1798,16.0646,-4.82643,1061.72,963.561
1471,2705.86,2.35507e-05,15.1798,16.1847,-4.82043,1003.64,1115.69
1472,2770.0,2.35507e-05,15.1798,15.9054,-4.69329,1071.09,990.911
1473,2824.66,2.35507e-05,15.1798,16.0502,-4.73031,1114.26,1045.93
1474,2894.61,2.35507e-05,15.1798,16.4894,-4.95567,1142.97,1055.54
1475,2498.32,2.35507e-05,15.1798,17.4004,-5.17424,933.271,1329.56
1476,2664.37,2.35507e-05,15.1798,16.1104,-4.88219,989.909,782.345
1477,2640.61,2.35507e-05,15.1798,14.0598,-4.19745,1023.14,1046.89
1478,2871.45,2.35507e-05,15.1798,13.2094,-4.18229,1141.4,852.853
1479,2656.66,2.35507e-05,15.1798,13.8949,-4.23157,1002.45,1217.24
1480,2857.9,2.35507e-05,15.1798,15.2689,-4.80844,1157.44,905.892
1481,2589.51,2.35507e-05,15.1798,15.182,-4.54451,1011.52,1279.9
1482,2876.57,2.35507e-05,15.1798,15.8227,-4.96808,1224.12,865.289
1483,2600.73,2.35507e-05,15.1798,16.5829,-5.11692,1014.53,1290.37
1484,2669.61,2.35507e-05,15.1798,17.0471,-5.4362,1064.42,978.316
1485,2751.11,2.35507e-05,15.1798,16.4532,-5.18464,1097.95,996.077
1486,2836.24,2.35507e-05,15.1798,16.1953,-5.1828,1130.63,1024.22
1487,2521.83,2.35507e-05,15.1798,16.3087,-5.12097,979.295,1293.71
1488,2548.79,2.35507e-05,15.1798,15.8592,-4.89641,989.995,956.3
1489,2735.76,2.35507e-05,15.1798,15.2181,-4.67387,1089.06,855.352
1490,2679.36,2.35507e-05,15.1798,16.0274,-4.98096,1059.36,1115.75
1491,2698.93,2.35507e-05,15.1798,15.4479,-4.81378,1048.47,1024.02
1492,2732.09,2.35507e-05,15.1798,16.0405,-4.95748,1104.73,1063.28
1493,2492.45,2.35507e-05,15.1798,15.3552,-4.60276,992.447,1258.15
1494,2816.39,2.35507e-05,15.1798,16.8794,-5.21498,1207.14,802.216
1495,2645.63,2.35507e-05,15.1798,17.0078,-5.24233,1089.88,1260.63
1496,2661.49,2.35507e-05,15.1798,16.8957,-5.37891,1119.6,1099.79
1497,2509.2,2.35507e-05,15.1798,16.5054,-5.1508,1009.2,1216.96
1498,2543.04,2.35507e-05,15.1798,16.4277,-5.1407,1028.49,986.189
1499,2837.38,2.35507e-05,15.1798,15.4307,-4.90871,1217.43,849.509
1500,2963.83,2.35507e-05,15.1798,16.0957,-5.20266,1291.87,1133.8
1501,2758.5,2.35507e-05,15.1798,15.0716,-4.90569,1158.81,1364.14
1502,2801.69,2.35507e-05,15.1798,16.2429,-5.29118,1197.74,1143.75
1503,2669.2,2.35507e-05,15.1798,15.7027,-5.05023,1111.62,1244.12
1504,2777.67,2.35507e-05,15.1798,16.6826,-5.46647,1157.32,1021.74
1505,2795.27,2.35507e-05,15.1798,15.4904,-5.06265,1136.01,1114.01
1506,2701.47,2.35507e-05,15.1798,16.0711,-5.25818,1109.39,1203.19
1507,2931.95,2.35507e-05,15.1798,15.178,-4.97081,1228.97,940.871
1508,2711.17,2.35507e-05,15.1798,15.8125,-4.98849,1153.21,1373.99
1509,2919.93,2.35507e-05,15.1798,15.0263,-4.86744,1264.02,1003.07
1510,2624.88,2.35507e-05,15.1798,16.3146,-5.11933,1110.5,1405.55
1511,2769.47,2.35507e-05,15.1798,17.088,-5.56637,1196.89,1016.15
1512,2709.23,2.35507e-05,15.1798,15.989,-5.06352,1121.81,1182.05
1513,2735.13,2.35507e-05,15.1798,14.9175,-4.79889,1122.23,1089.85
1514,3035.13,2.35507e-05,15.1798,14.0522,-4.62369,1300.51,925.512
1515,2645.09,2.35507e-05,15.1798,15.6544,-5.21247,1095.08,1485.11
1516,2747.04,2.35507e-05,15.1798,16.0495,-5.38827,1190.27,1062.83
1517,2847.23,2.35507e-05,15.1798,16.2007,-5.28687,1194.2,1068.96
1518,2789.84,2.35507e-05,15.1798,15.4561,-5.04482,1158.28,1215.67
1519,2587.96,2.35507e-05,15.1798,16.4054,-5.22018,1069.52,1271.4
1520,2532.72,2.35507e-05,15.1798,17.0046,-5.33496,1032.72,1091.17
1521,2774.74,2.35507e-05,15.1798,17.751,-5.59667,1122.19,819.663
1522,2856.4,2.35507e-05,15.1798,16.893,-5.40428,1158.09,1056.02
1523,2786.35,2.35507e-05,15.1798,16.5188,-5.28972,1175.86,1245.91
1524,2891.05,2.35507e-05,15.1798,16.2143,-5.16152,1208.55,1077.68
1525,2611.6,2.35507e-05,15.1798,16.2132,-5.09277,1045.71,1325.16
1526,2657.39,2.35507e-05,15.1798,15.5572,-4.89018,1062.08,1004.84
1527,2794.46,2.35507e-05,15.1798,15.6745,-4.91441,1138.49,967.158
1528,2807.09,2.35507e-05,15.1798,15.7332,-4.95204,1155.97,1140.18
1529,2819.9,2.35507e-05,15.1798,16.0838,-5.07916,1135.46,1119.45
1530,2784.68,2.35507e-05,15.1798,15.7345,-4.85408,1146.49,1181.7
1531,2789.83,2.35507e-05,15.1798,16.2237,-5.08328,1148.17,1141.74
1532,2799.58,2.35507e-05,15.1798,16.4362,-5.11685,1145.52,1133.32
1533,2684.38,2.35507e-05,15.1798,17.3231,-5.38275,1078.18,1193.39
1534,2831.59,2.35507e-05,15.1798,17.1209,-5.29355,1142.84,958.825
1535,2896.59,2.35507e-05,15.1798,17.0575,-5.29764,1162.08,1080.82
1536,2858.94,2.35507e-05,15.1798,17.1163,-5.3996,1159.39,1197.04
1537,2660.3,2.35507e-05,15.1798,17.1275,-5.27338,1064.84,1263.48
1538,2564.72,2.35507e-05,15.1798,16.7645,-5.10239,1046.19,1141.78
1539,2699.16,2.35507e-05,15.1798,15.9799,-4.81572,1106.21,938.167
1540,2669.95,2.35507e-05,15.1798,15.419,-4.60552,1064.39,1093.6
1541,2653.87,2.35507e-05,15.1798,15.7345,-4.68038,1044.72,1060.8
1542,2783.95,2.35507e-05,15.1798,16.121,-4.86355,1091.49,928.891
1543,2832.19,2.35507e-05,15.1798,16.5129,-5.06971,1114.46,1054.16
1544,2711.62,2.35507e-05,15.1798,15.9386,-4.93031,1045.35,1165.91
1545,2759.83,2.35507e-05,15.1798,15.7831,-4.79846,1051.24,990.975
1546,2887.59,2.35507e-05,15.1798,14.7015,-4.52762,1125.44,965.745
1547,3077.46,2.35507e-05,15.1798,14.9718,-4.65911,1220.11,982.757
1548,3002.33,2.35507e-05,15.1798,15.1251,-4.68883,1156.3,1231.43
1549,2738.36,2.35507e-05,15.1798,16.4266,-5.00937,989.136,1253.11
1550,2734.75,2.35507e-05,15.1798,16.3277,-4.83854,1001.83,1005.44
1551,2870.26,2.35507e-05,15.1798,15.9967,-4.69501,1055.15,885.758
1552,2932.27,2.35507e-05,15.1798,15.8618,-4.60914,1115.69,1038.17
1553,3094.49,2.35507e-05,15.1798,16.8194,-4.97378,1182.33,979.553
1554,2576.45,2.35507e-05,15.1798,17.7451,-5.07552,929.775,1447.82
1555,2775.66,2.35507e-05,15.1798,18.0931,-5.19275,1050.61,801.603
1556,2850.95,2.35507e-05,15.1798,16.6075,-4.68168,1096.43,1002.32
1557,2833.53,2.35507e-05,15.1798,15.6893,-4.56829,1086.02,1103.43
1558,2957.8,2.35507e-05,15.1798,14.9963,-4.41514,1131.46,976.124
1559,2866.87,2.35507e-05,15.1798,15.6134,-4.57,1109.28,1200.21
1560,2967.14,2.35507e-05,15.1798,16.6384,-4.91739,1136.56,1011.23
1561,2847.35,2.35507e-05,15.1798,17.9319,-5.15017,1052.26,1172.04
1562,3119.54,2.35507e-05,15.1798,17.792,-5.29398,1208.66,868.431
1563,2786.04,2.35507e-05,15.1798,17.1781,-4.95227,1053.07,1386.57
1564,2985.57,2.35507e-05,15.1798,17.2658,-5.10079,1160.3,910.893
1565,2814.84,2.35507e-05,15.1798,18.403,-5.26845,1073.42,1244.15
1566,2715.03,2.35507e-05,15.1798,18.6102,-5.38366,1033.21,1133.02
1567,2554.48,2.35507e-05,15.1798,18.2084,-5.06113,937.431,1097.98
1568,2744.86,2.35507e-05,15.1798,16.6786,-4.72249,1041.47,803.497
1569,2870.0,2.35507e-05,15.1798,15.8867,-4.6584,1095.93,939.502
1570,2863.3,2.35507e-05,15.1798,16.1254,-4.87978,1122.91,1129.61
1571,3062.64,2.35507e-05,15.1798,17.1515,-5.16981,1238.69,989.517
1572,2744.23,2.35507e-05,15.1798,18.3417,-5.36416,1063.2,1381.6
1573,2630.18,2.35507e-05,15.1798,18.5059,-5.39158,1011.47,1125.52
1574,2643.15,2.35507e-05,15.1798,18.691,-5.40907,993.456,977.237
1575,2491.16,2.35507e-05,15.1798,18.5155,-5.21441,918.408,1070.4
1576,2913.69,2.35507e-05,15.1798,18.0877,-5.16951,1135.72,607.564
1577,2878.35,2.35507e-05,15.1798,18.0128,-5.07623,1118.98,1154.32
1578,2522.76,2.35507e-05,15.1798,18.5275,-5.21854,945.249,1300.84
1579,2424.39,2.35507e-05,15.1798,18.5272,-5.02887,904.791,1003.16
1580,2493.2,2.35507e-05,15.1798,18.295,-4.94469,953.734,867.721
1581,2697.96,2.35507e-05,15.1798,17.6348,-4.8554,1039.73,783.781
1582,2964.74,2.35507e-05,15.1798,18.0455,-5.22259,1200.25,866.774
1583,2471.57,2.35507e-05,15.1798,17.7201,-4.98282,954.945,1448.12
1584,2640.84,2.35507e-05,15.1798,17.3341,-5.00176,1032.95,821.37
1585,2735.43,2.35507e-05,15.1798,16.9538,-4.8073,1062.31,944.068
1586,2895.45,2.35507e-05,15.1798,18.2048,-5.44396,1138.96,938.928
1587,2621.5,2.35507e-05,15.1798,18.6651,-5.37755,990.765,1264.72
1588,2659.93,2.35507e-05,15.1798,18.6571,-5.36971,1041.97,993.937
1589,2896.96,2.35507e-05,15.1798,17.016,-4.90944,1135.51,839.218
1590,2523.27,2.35507e-05,15.1798,17.1641,-4.88394,947.826,1321.52
1591,2846.25,2.35507e-05,15.1798,17.3139,-5.01244,1132.8,729.074
1592,2784.88,2.35507e-05,15.1798,18.4103,-5.15414,1106.61,1167.97
1593,2859.93,2.35507e-05,15.1798,18.2065,-5.36004,1121.53,1027.72
1594,2705.24,2.35507e-05,15.1798,17.8995,-5.11255,1039.07,1193.76
1595,2545.56,2.35507e-05,15.1798,17.3504,-4.91924,923.593,1083.27
1596,2749.93,2.35507e-05,15.1798,17.0094,-4.76955,1038.27,782.808
1597,2898.1,2.35507e-05,15.1798,18.0486,-5.15065,1105.2,919.986
1598,2786.1,2.35507e-05,15.1798,19.3119,-5.47751,1026.65,1138.64
1599,3000.12,2.35507e-05,15.1798,19.588,-5.5977,1146.66,879.144
1600,2610.29,2.35507e-05,15.1798,19.4376,-5.43033,948.655,1338.48
1601,2617.49,2.35507e-05,15.1798,18.7747,-5.26994,968.905,959.905
1602,2624.63,2.35507e-05,15.1798,19.3824,-5.28543,912.052,903.13
1603,2873.23,2.35507e-05,15.1798,17.8957,-4.97852,1089.76,779.004
1604,2731.09,2.35507e-05,15.1798,17.8411,-4.93737,1029.75,1171.9
1605,2858.2,2.35507e-05,15.1798,17.6987,-4.98499,1086.39,927.498
1606,2918.75,2.35507e-05,15.1798,18.1186,-5.1054,1115.33,1039.65
1607,2764.89,2.35507e-05,15.1798,18.0166,-5.12765,1050.09,1203.95
1608,2775.93,2.35507e-05,15.1798,18.2698,-5.1539,1068.85,1055.04
1609,2991.81,2.35507e-05,15.1798,18.7663,-5.39259,1179.73,909.877
1610,2490.36,2.35507e-05,15.1798,19.5388,-5.46365,944.837,1446.29
1611,2780.24,2.35507e-05,15.1798,19.4368,-5.56312,1107.76,745.409
1612,2789.34,2.35507e-05,15.1798,19.6006,-5.51207,1086.34,1074.97
1613,2504.21,2.35507e-05,15.1798,19.0607,-5.47351,932.596,1217.73
1614,2674.72,2.35507e-05,15.1798,18.8026,-5.30363,1032.46,819.323
1615,2735.85,2.35507e-05,15.1798,18.2917,-5.20334,1080.53,1004.12
1616,2602.02,2.35507e-05,15.1798,18.6637,-5.3531,1037.01,1170.83
1617,2682.23,2.35507e-05,15.1798,19.1376,-5.48347,1036.82,936.567
1618,2636.26,2.35507e-05,15.1798,19.5584,-5.51849,1002.03,1047.99
1619,2666.06,2.35507e-05,15.1798,18.8876,-5.39749,1053.59,1016.34
1620,2560.06,2.35507e-05,15.1798,17.5476,-4.91637,1010.82,1116.82
1621,2620.4,2.35507e-05,15.1798,17.3764,-4.8945,1043.64,968.216
1622,2734.18,2.35507e-05,15.1798,17.7612,-5.02974,1120.44,978.208
1623,2442.21,2.35507e-05,15.1798,18.1671,-5.16748,942.211,1293.12
1624,2818.24,2.35507e-05,15.1798,18.2189,-5.42075,1140.79,670.749
1625,2533.61,2.35507e-05,15.1798,17.1254,-4.96798,997.081,1281.71
1626,2922.23,2.35507e-05,15.1798,16.6894,-5.10381,1191.67,705.896
1627,2566.26,2.35507e-05,15.1798,15.9746,-4.59431,1023.2,1379.17
1628,2630.84,2.35507e-05,15.1798,16.9528,-5.03375,1098.51,1017.78
1629,2553.74,2.35507e-05,15.1798,17.6428,-5.06585,1009.21,1086.31
1630,2592.87,2.35507e-05,15.1798,19.0473,-5.57928,1043.56,994.638
1631,2894.7,2.35507e-05,15.1798,18.3538,-5.46822,1227.36,850.081
1632,2494.79,2.35507e-05,15.1798,18.4088,-5.39017,994.789,1454.22
1633,2806.44,2.35507e-05,15.1798,17.8366,-5.34098,1204.47,814.902
1634,2610.94,2.35507e-05,15.1798,18.3681,-5.42794,1071.62,1267.13
1635,2614.03,2.35507e-05,15.1798,19.1336,-5.76681,1104.18,1100.32
1636,2878.0,2.35507e-05,15.1798,19.2291,-5.78405,1235.96,905.992
1637,2584.64,2.35507e-05,15.1798,18.8521,-5.68619,1084.64,1426.3
1638,2528.44,2.35507e-05,15.1798,17.7419,-5.36235,1028.44,1200.91
1639,2796.03,2.35507e-05,15.1798,18.1477,-5.50218,1184.83,850.339
1640,2695.63,2.35507e-05,15.1798,17.967,-5.45594,1111.15,1211.55
1641,2739.12,2.35507e-05,15.1798,18.3171,-5.59314,1195.06,1140.69
1642,2818.73,2.35507e-05,15.1798,17.9701,-5.50909,1172.76,1073.24
1643,2855.65,2.35507e-05,15.1798,18.0432,-5.54361,1212.38,1166.24
1644,2788.58,2.35507e-05,15.1798,17.7351,-5.45329,1173.14,1240.21
1645,2628.03,2.35507e-05,15.1798,17.8562,-5.47978,1075.53,1236.08
1646,2972.71,2.35507e-05,15.1798,17.2682,-5.45477,1254.1,823.247
1647,2746.61,2.35507e-05,15.1798,17.2785,-5.42364,1163.59,1389.69
1648,2730.85,2.35507e-05,15.1798,17.3769,-5.40593,1134.51,1150.27
1649,2862.43,2.35507e-05,15.1798,18.4078,-5.57115,1176.15,1011.67
1650,2846.52,2.35507e-05,15.1798,17.3453,-5.30942,1172.34,1188.24
1651,2734.07,2.35507e-05,15.1798,16.9347,-5.16918,1092.28,1204.73
1652,2723.45,2.35507e-05,15.1798,16.7666,-5.04871,1077.86,1088.49
1653,2756.32,2.35507e-05,15.1798,17.6858,-5.22413,1095.3,1054.22
1654,2660.56,2.35507e-05,15.1798,17.9965,-5.23565,1028.42,1124.18
1655,2990.86,2.35507e-05,15.1798,17.5987,-5.23595,1246.46,833.576
1656,2881.73,2.35507e-05,15.1798,18.2073,-5.42512,1151.04,1260.18
1657,2827.56,2.35507e-05,15.1798,17.32,-5.24852,1143.03,1197.19
1658,2843.67,2.35507e-05,15.1798,17.722,-5.25285,1154.83,1134.7
1659,2907.97,2.35507e-05,15.1798,17.5628,-5.22961,1175.15,1094.78
1660,2833.44,2.35507e-05,15.1798,17.9649,-5.33719,1110.01,1184.55
1661,2984.8,2.35507e-05,15.1798,17.9002,-5.38709,1200.85,1011.64
1662,2905.59,2.35507e-05,15.1798,17.8198,-5.42827,1141.63,1220.84
1663,2748.04,2.35507e-05,15.1798,17.0957,-5.12106,1086.91,1244.45
1664,2957.74,2.35507e-05,15.1798,17.2143,-5.2188,1186.17,924.045
1665,2591.92,2.35507e-05,15.1798,16.8383,-4.86035,1014.2,1380.03
1666,2935.41,2.35507e-05,15.1798,17.3967,-5.20013,1209.16,779.8
1667,2845.52,2.35507e-05,15.1798,17.6116,-5.18341,1119.28,1209.17
1668,2922.26,2.35507e-05,15.1798,17.5612,-5.45032,1204.06,1108.13
1669,2804.63,2.35507e-05,15.1798,17.3926,-5.25853,1135.3,1252.93
1670,2685.66,2.35507e-05,15.1798,16.2694,-4.88237,1064.1,1183.07
1671,2891.35,2.35507e-05,15.1798,15.9892,-4.75097,1210.23,953.115
1672,2695.34,2.35507e-05,15.1798,16.3904,-4.84807,1111.37,1307.37
1673,2787.77,2.35507e-05,15.1798,17.4994,-5.25857,1150.96,1035.42
1674,2887.93,2.35507e-05,15.1798,18.2778,-5.62049,1190.97,1065.77
1675,2624.07,2.35507e-05,15.1798,18.3402,-5.61609,1073.29,1337.16
1676,2822.34,2.35507e-05,15.1798,16.7614,-5.16463,1167.78,919.936
1677,2852.72,2.35507e-05,15.1798,16.3562,-4.99478,1162.84,1124.86
1678,2938.96,2.35507e-05,15.1798,16.3669,-5.17942,1213.19,1105.39
1679,2939.51,2.35507e-05,15.1798,16.7406,-5.28041,1185.3,1184.61
1680,2521.87,2.35507e-05,15.1798,16.7568,-5.06302,979.19,1396.83
1681,2767.58,2.35507e-05,15.1798,16.1518,-4.89153,1136.54,829.413
1682,2809.26,2.35507e-05,15.1798,17.0029,-5.11676,1164.29,1112.18
1683,3159.76,2.35507e-05,15.1798,17.0537,-5.50204,1362.52,924.398
1684,2488.17,2.35507e-05,15.1798,17.5193,-5.31435,988.172,1705.92
1685,2575.78,2.35507e-05,15.1798,16.987,-5.08026,1028.85,919.337
1686,2438.69,2.35507e-05,15.1798,16.7359,-4.75357,938.691,1087.42
1687,2821.04,2.35507e-05,15.1798,16.1026,-4.81072,1174.27,696.334
1688,2861.47,2.35507e-05,15.1798,15.3552,-4.63563,1171.25,1120.71
1689,2682.47,2.35507e-05,15.1798,15.9358,-4.80249,1107.09,1286.09
1690,2900.98,2.35507e-05,15.1798,16.2909,-4.98866,1234.69,961.558
1691,2803.02,2.35507e-05,15.1798,16.8948,-5.17793,1124.4,1222.36
1692,2627.67,2.35507e-05,15.1798,16.2269,-5.03051,1034.33,1209.68
1693,2860.07,2.35507e-05,15.1798,15.3352,-4.72575,1171.93,881.429
1694,2787.17,2.35507e-05,15.1798,15.8737,-4.88428,1090.62,1163.52
1695,2871.74,2.35507e-05,15.1798,16.047,-4.95517,1184.14,1078.44
1696,2929.75,2.35507e-05,15.1798,16.8018,-5.10848,1180.41,1107.9
1697,2702.33,2.35507e-05,15.1798,15.8619,-4.77891,1067.45,1294.87
1698,2779.94,2.35507e-05,15.1798,15.8339,-4.79342,1130.32,1033.3
1699,2652.17,2.35507e-05,15.1798,15.3739,-4.55911,1050.8,1178.56
1700,2881.72,2.35507e-05,15.1798,16.6,-5.04355,1185.12,898.184
1701,2893.45,2.35507e-05,15.1798,17.2307,-5.21516,1190.2,1175.54
1702,2914.25,2.35507e-05,15.1798,17.4128,-5.35613,1188.96,1162.96
1703,2906.97,2.35507e-05,15.1798,15.7584,-4.89862,1196.64,1203.91
1704,2714.48,2.35507e-05,15.1798,15.5002,-4.77681,1132.45,1324.94
1705,2976.51,2.35507e-05,15.1798,16.258,-5.08194,1273.92,946.382
1706,2954.77,2.35507e-05,15.1798,17.9458,-5.52373,1250.85,1272.59
1707,2865.1,2.35507e-05,15.1798,18.2995,-5.77213,1228.61,1318.28
1708,2551.23,2.35507e-05,15.1798,17.9456,-5.50938,1051.23,1450.07
1709,2818.03,2.35507e-05,15.1798,16.7995,-5.20646,1198.37,864.862
1710,2699.98,2.35507e-05,15.1798,15.422,-4.67296,1092.51,1210.57
1711,2848.26,2.35507e-05,15.1798,14.2498,-4.53035,1204.08,1018.73
1712,2805.85,2.35507e-05,15.1798,13.99,-4.32742,1156.91,1199.32
1713,2557.31,2.35507e-05,15.1798,14.944,-4.54677,1057.31,1367.58
1714,2733.8,2.35507e-05,15.1798,15.8669,-4.76797,1120.62,900.004
1715,2796.88,2.35507e-05,15.1798,15.8649,-4.74439,1114.87,1036.02
1716,2862.37,2.35507e-05,15.1798,14.2018,-4.35377,1145.88,1064.02
1717,2942.35,2.35507e-05,15.1798,13.9816,-4.28006,1207.4,1107.42
1718,2995.86,2.35507e-05,15.1798,14.8616,-4.64105,1208.41,1141.53
1719,2953.54,2.35507e-05,15.1798,16.5875,-5.19783,1181.41,1223.73
1720,2763.47,2.35507e-05,15.1798,17.1259,-5.1867,1077.82,1267.89
1721,2946.78,2.35507e-05,15.1798,15.9799,-4.87881,1171.06,941.923
1722,2841.73,2.35507e-05,15.1798,15.5477,-4.70199,1117.01,1222.06
1723,3090.68,2.35507e-05,15.1798,14.5044,-4.58206,1239.49,928.305
1724,3292.12,2.35507e-05,15.1798,14.7359,-4.62589,1352.14,1100.33
1725,2888.39,2.35507e-05,15.1798,15.2127,-4.78565,1162.05,1565.78
1726,2778.16,2.35507e-05,15.1798,15.1844,-4.68965,1077.83,1188.06
1727,2958.88,2.35507e-05,15.1798,15.0876,-4.61356,1219.72,993.824
1728,3165.07,2.35507e-05,15.1798,15.1859,-4.75826,1352.33,1094.59
1729,2938.01,2.35507e-05,15.1798,16.1046,-4.98293,1221.36,1448.42
1730,2717.37,2.35507e-05,15.1798,16.1863,-4.91285,1118.06,1338.71
1731,2850.61,2.35507e-05,15.1798,16.3704,-5.00149,1192.68,1026.12
1732,2901.51,2.35507e-05,15.1798,15.4145,-4.85987,1209.65,1146.04
1733,2996.21,2.35507e-05,15.1798,15.364,-5.01469,1282.35,1163.97
1734,3018.27,2.35507e-05,15.1798,15.1696,-4.88521,1275.97,1248.39
1735,2906.61,2.35507e-05,15.1798,15.8631,-4.98636,1187.41,1299.07
1736,2816.58,2.35507e-05,15.1798,16.4468,-5.03665,1165.91,1255.94
1737,2536.96,2.35507e-05,15.1798,16.8269,-4.99034,1036.96,1379.43
1738,2992.56,2.35507e-05,15.1798,16.3181,-4.98106,1281.1,711.599
1739,2929.48,2.35507e-05,15.1798,16.8597,-5.1506,1261.57,1324.65
1740,2674.48,2.35507e-05,15.1798,15.5829,-4.81173,1119.93,1374.92
1741,2588.06,2.35507e-05,15.1798,15.2626,-4.52115,1072.41,1158.83
1742,2903.75,2.35507e-05,15.1798,14.4693,-4.37582,1265.99,871.377
1743,2915.79,2.35507e-05,15.1798,14.9667,-4.65673,1287.73,1272.68
1744,2747.57,2.35507e-05,15.1798,15.2943,-4.8482,1182.78,1351.01
1745,2890.91,2.35507e-05,15.1798,15.3931,-4.93618,1259.29,1080.12
1746,2673.51,2.35507e-05,15.1798,15.0913,-4.78417,1163.88,1381.29
1747,3028.98,2.35507e-05,15.1798,15.2747,-5.01581,1375.62,931.277
1748,2718.68,2.35507e-05,15.1798,15.736,-4.96954,1202.36,1512.66
1749,2852.57,2.35507e-05,15.1798,15.8304,-5.07264,1287.68,1120.32
1750,2605.17,2.35507e-05,15.1798,15.6847,-4.91854,1103.79,1351.18
1751,2898.39,2.35507e-05,15.1798,15.1881,-5.02244,1280.74,914.211
1752,2631.55,2.35507e-05,15.1798,15.3377,-4.96279,1131.55,1411.17
1753,2859.8,2.35507e-05,15.1798,14.4848,-4.7185,1266.76,981.448
1754,2661.15,2.35507e-05,15.1798,14.8814,-4.58876,1161.15,1383.12
1755,2881.24,2.35507e-05,15.1798,15.3809,-4.85585,1272.03,996.916
1756,2688.72,2.35507e-05,15.1798,16.0083,-4.9294,1151.26,1343.78
1757,2921.06,2.35507e-05,15.1798,15.8291,-5.05122,1318.16,1027.73
1758,2863.24,2.35507e-05,15.1798,14.6643,-4.65659,1273.68,1331.5
1759,2855.07,2.35507e-05,15.1798,15.6104,-5.07319,1298.84,1307.01
1760,2833.54,2.35507e-05,15.1798,15.1124,-4.85762,1258.67,1280.2
1761,3029.19,2.35507e-05,15.1798,15.8706,-5.2222,1402.05,1157.49
1762,2685.0,2.35507e-05,15.1798,15.8133,-5.09637,1185.0,1619.3
1763,2784.43,2.35507e-05,15.1798,16.7371,-5.35201,1271.76,1147.47
1764,2892.13,2.35507e-05,15.1798,16.5406,-5.26742,1305.44,1170.81
1765,2679.71,2.35507e-05,15.1798,16.517,-5.21214,1179.71,1449.94
1766,2872.8,2.35507e-05,15.1798,15.5007,-4.96485,1298.81,1057.45
1767,2966.67,2.35507e-05,15.1798,15.3834,-4.93655,1363.57,1246.23
1768,2838.57,2.35507e-05,15.1798,13.9896,-4.61806,1279.48,1407.58
1769,2872.92,2.35507e-05,15.1798,14.2661,-4.67084,1301.24,1258.3
1770,3251.58,2.35507e-05,15.1798,14.0975,-4.72631,1509.53,1036.21
1771,2746.6,2.35507e-05,15.1798,15.5893,-5.22764,1218.38,1723.37
1772,2694.57,2.35507e-05,15.1798,14.9023,-4.93439,1194.57,1269.21
1773,2867.39,2.35507e-05,15.1798,13.5032,-4.3589,1267.59,1051.56
1774,2873.41,2.35507e-05,15.1798,12.4446,-4.03006,1239.13,1231.61
1775,2951.26,2.35507e-05,15.1798,12.2112,-3.97518,1317.73,1220.42
1776,3060.81,2.35507e-05,15.1798,13.0512,-4.18062,1424.65,1287.72
1777,2816.3,2.35507e-05,15.1798,13.5151,-4.18659,1254.23,1498.73
1778,2887.91,2.35507e-05,15.1798,13.8271,-4.3042,1302.98,1213.47
1779,2780.72,2.35507e-05,15.1798,13.7086,-4.14696,1269.33,1376.52
1780,2776.03,2.35507e-05,15.1798,13.5723,-4.20752,1254.63,1259.32
1781,2673.02,2.35507e-05,15.1798,15.2251,-4.647,1150.86,1253.86
1782,3084.44,2.35507e-05,15.1798,15.271,-4.91176,1414.46,900.19
1783,2887.15,2.35507e-05,15.1798,15.3964,-4.96984,1299.8,1497.08
1784,3055.66,2.35507e-05,15.1798,13.9108,-4.6913,1408.99,1198.36
1785,2757.84,2.35507e-05,15.1798,14.4036,-4.70096,1206.13,1503.95
1786,2888.05,2.35507e-05,15.1798,13.9304,-4.58409,1283.42,1120.66
1787,2910.8,2.35507e-05,15.1798,13.4649,-4.32067,1258.85,1230.41
1788,3041.42,2.35507e-05,15.1798,13.6843,-4.37173,1370.28,1206.99
1789,3073.74,2.35507e-05,15.1798,14.0603,-4.44359,1339.49,1299.1
1790,3017.51,2.35507e-05,15.1798,15.2221,-4.75044,1306.41,1362.63
1791,2927.65,2.35507e-05,15.1798,14.3959,-4.51805,1270.99,1360.85
1792,2913.36,2.35507e-05,15.1798,14.261,-4.4133,1267.24,1281.54
1793,3235.61,2.35507e-05,15.1798,14.6536,-4.70022,1436.97,1034.16
1794,2799.29,2.35507e-05,15.1798,15.1374,-4.69503,1221.14,1657.45
1795,2877.09,2.35507e-05,15.1798,14.2897,-4.53147,1231.74,1134.48
1796,2890.46,2.35507e-05,15.1798,13.3015,-4.094,1181.86,1165.15
1797,3117.81,2.35507e-05,15.1798,13.1883,-4.21463,1346.74,1062.55
1798,3276.99,2.35507e-05,15.1798,13.7143,-4.38328,1417.04,1218.07
1799,2803.38,2.35507e-05,15.1798,14.1843,-4.41343,1178.41,1652.02
1800,3026.91,2.35507e-05,15.1798,13.594,-4.24857,1303.44,1024.03
1801,3242.99,2.35507e-05,15.1798,13.8874,-4.35089,1361.44,1091.35
1802,2913.11,2.35507e-05,15.1798,13.5474,-4.17894,1254.62,1584.49
1803,2684.48,2.35507e-05,15.1798,14.3661,-4.32841,1110.76,1339.4
1804,3047.74,2.35507e-05,15.1798,14.2422,-4.24903,1358.52,904.443
1805,3008.44,2.35507e-05,15.1798,14.9672,-4.54892,1279.8,1319.1
1806,3078.17,2.35507e-05,15.1798,14.5338,-4.43614,1316.68,1229.52
1807,2873.11,2.35507e-05,15.1798,15.2716,-4.52639,1179.6,1384.66
1808,2995.4,2.35507e-05,15.1798,14.3078,-4.34704,1237.39,1084.53
1809,3145.37,2.35507e-05,15.1798,13.0664,-4.03743,1315.63,1128.18
1810,2980.6,2.35507e-05,15.1798,12.564,-3.81903,1266.25,1431.01
1811,3172.5,2.35507e-05,15.1798,11.7531,-3.60429,1359.11,1119.24
1812,2842.83,2.35507e-05,15.1798,13.4471,-4.01312,1198.3,1527.97
1813,2974.12,2.35507e-05,15.1798,13.6695,-4.24844,1269.4,1105.29
1814,3191.89,2.35507e-05,15.1798,15.8249,-4.8612,1366.38,1094.17
1815,2673.71,2.35507e-05,15.1798,13.9694,-4.24344,1097.55,1615.73
1816,3129.02,2.35507e-05,15.1798,13.5384,-4.23729,1383.26,814.12
1817,3100.61,2.35507e-05,15.1798,13.5682,-4.24195,1314.42,1342.83
1818,2994.25,2.35507e-05,15.1798,15.2646,-4.79174,1259.18,1365.54
1819,2793.8,2.35507e-05,15.1798,15.4077,-4.58608,1142.67,1343.12
1820,3006.64,2.35507e-05,15.1798,14.4955,-4.38704,1271.38,1005.33
1821,3150.15,2.35507e-05,15.1798,13.6344,-4.2668,1345.75,1166.36
1822,3121.08,2.35507e-05,15.1798,13.4593,-4.26025,1341.46,1370.53
1823,2732.42,2.35507e-05,15.1798,14.5622,-4.41771,1134.75,1523.41
1824,3014.4,2.35507e-05,15.1798,14.4262,-4.3533,1293.06,940.573
1825,2987.39,2.35507e-05,15.1798,15.1039,-4.48914,1283.87,1310.89
1826,2873.11,2.35507e-05,15.1798,14.876,-4.44084,1220.17,1334.45
1827,3124.56,2.35507e-05,15.1798,15.7618,-4.742,1381.58,1067.28
1828,2862.77,2.35507e-05,15.1798,16.3127,-4.99463,1218.49,1480.27
1829,2885.68,2.35507e-05,15.1798,14.9477,-4.63391,1245.21,1216.57
1830,3182.17,2.35507e-05,15.1798,14.4999,-4.52262,1413.26,1042.65
1831,2712.92,2.35507e-05,15.1798,14.4541,-4.37334,1184.18,1653.42
1832,2711.43,2.35507e-05,15.1798,14.9591,-4.53976,1174.85,1176.35
1833,2831.01,2.35507e-05,15.1798,15.3943,-4.61756,1244.08,1094.61
1834,2945.84,2.35507e-05,15.1798,14.2931,-4.52586,1275.48,1131.94
1835,2928.71,2.35507e-05,15.1798,15.0573,-4.78969,1265.39,1282.52
1836,3040.63,2.35507e-05,15.1798,15.1433,-4.79755,1352.79,1212.88
1837,2894.84,2.35507e-05,15.1798,16.2437,-5.01917,1275.88,1421.68
1838,3031.3,2.35507e-05,15.1798,16.448,-5.17401,1336.93,1166.35
1839,2828.03,2.35507e-05,15.1798,16.5002,-5.26948,1219.61,1422.88
1840,2950.17,2.35507e-05,15.1798,16.6618,-5.41871,1284.88,1132.2
1841,2897.08,2.35507e-05,15.1798,15.5358,-5.0117,1269.19,1322.29
1842,2621.71,2.35507e-05,15.1798,14.5352,-4.49822,1121.71,1425.32
1843,2840.89,2.35507e-05,15.1798,14.2081,-4.44592,1235.89,961.914
1844,2911.29,2.35507e-05,15.1798,14.4759,-4.47372,1303.9,1215.89
1845,2858.73,2.35507e-05,15.1798,14.4921,-4.64813,1276.22,1328.78
1846,2803.4,2.35507e-05,15.1798,14.4407,-4.58332,1212.41,1267.74
1847,2941.17,2.35507e-05,15.1798,14.1497,-4.52703,1299.06,1126.84
1848,3005.37,2.35507e-05,15.1798,13.9488,-4.46356,1349.37,1269.13
1849,2695.98,2.35507e-05,15.1798,13.3224,-4.17034,1195.98,1512.51
1850,2909.82,2.35507e-05,15.1798,13.5628,-4.30924,1346.81,1079.51
1851,2972.71,2.35507e-05,15.1798,13.7961,-4.42569,1362.22,1283.61
1852,2670.54,2.35507e-05,15.1798,14.6372,-4.67212,1170.54,1586.12
1853,2853.57,2.35507e-05,15.1798,14.0835,-4.46288,1284.59,1055.8
1854,3133.41,2.35507e-05,15.1798,14.2694,-4.58205,1473.98,1124.17
1855,2823.71,2.35507e-05,15.1798,13.6512,-4.46371,1306.47,1616.17
1856,2888.46,2.35507e-05,15.1798,14.4718,-4.80652,1316.61,1235.67
1857,2660.11,2.35507e-05,15.1798,13.9531,-4.42441,1160.11,1439.59
1858,3034.19,2.35507e-05,15.1798,13.9494,-4.56285,1437.53,969.931
1859,2871.01,2.35507e-05,15.1798,13.0357,-4.13656,1309.95,1473.12
1860,2764.4,2.35507e-05,15.1798,13.1495,-4.24892,1264.4,1438.18
1861,3314.67,2.35507e-05,15.1798,12.5005,-4.1406,1603.18,915.343
1862,2789.3,2.35507e-05,15.1798,12.6788,-4.0694,1289.3,1873.37
1863,2920.34,2.35507e-05,15.1798,12.8691,-4.19624,1357.51,1193.72
1864,3080.95,2.35507e-05,15.1798,13.9472,-4.35765,1474.84,1274.08
1865,2751.0,2.35507e-05,15.1798,14.9916,-4.78536,1251.0,1587.5
1866,2828.77,2.35507e-05,15.1798,14.6607,-4.59712,1326.86,1229.64
1867,2957.75,2.35507e-05,15.1798,13.8225,-4.38302,1419.86,1258.64
1868,2805.06,2.35507e-05,15.1798,13.4869,-4.35098,1270.47,1423.16
1869,3020.09,2.35507e-05,15.1798,13.4352,-4.46095,1404.02,1135.23
1870,3104.16,2.35507e-05,15.1798,13.6151,-4.50584,1444.34,1339.26
1871,2867.66,2.35507e-05,15.1798,13.398,-4.41328,1322.43,1558.93
1872,2937.07,2.35507e-05,15.1798,13.3097,-4.34711,1350.55,1263.78
1873,2864.03,2.35507e-05,15.1798,13.0658,-4.29932,1301.44,1374.48
1874,2827.7,2.35507e-05,15.1798,12.9497,-4.28477,1280.75,1317.09
1875,3019.73,2.35507e-05,15.1798,12.5306,-4.1779,1379.83,1139.79
1876,2927.77,2.35507e-05,15.1798,12.6921,-4.07257,1360.78,1452.74
1877,3076.6,2.35507e-05,15.1798,13.5313,-4.32892,1422.52,1236.48
1878,2770.03,2.35507e-05,15.1798,14.974,-4.51941,1253.23,1559.8
1879,2979.16,2.35507e-05,15.1798,14.3014,-4.4403,1370.79,1109.38
1880,2894.03,2.35507e-05,15.1798,13.3297,-4.09512,1299.44,1384.57
1881,2929.69,2.35507e-05,15.1798,12.7757,-4.08154,1310.23,1265.65
1882,3191.79,2.35507e-05,15.1798,13.6162,-4.39584,1484.36,1156.74
1883,2915.35,2.35507e-05,15.1798,13.397,-4.35965,1306.67,1583.11
1884,3117.04,2.35507e-05,15.1798,13.3373,-4.39834,1422.6,1170.48
1885,3030.48,2.35507e-05,15.1798,13.0541,-4.23873,1337.76,1424.33
1886,2977.54,2.35507e-05,15.1798,12.827,-4.23986,1285.67,1338.6
1887,2995.58,2.35507e-05,15.1798,12.2954,-3.96584,1335.01,1312.47
1888,3220.37,2.35507e-05,15.1798,11.8304,-3.92645,1452.6,1171.62
1889,2832.43,2.35507e-05,15.1798,12.511,-4.04025,1310.11,1698.05
1890,3185.4,2.35507e-05,15.1798,13.5055,-4.56014,1533.89,1092.68
1891,2885.16,2.35507e-05,15.1798,14.5072,-4.73321,1340.42,1640.65
1892,2983.77,2.35507e-05,15.1798,14.384,-4.85212,1399.31,1276.05
1893,2985.18,2.35507e-05,15.1798,13.8271,-4.59914,1392.3,1390.54
1894,3133.37,2.35507e-05,15.1798,13.5513,-4.57284,1491.34,1306.1
1895,2849.95,2.35507e-05,15.1798,13.6451,-4.45521,1349.95,1680.52
1896,3027.57,2.35507e-05,15.1798,13.7594,-4.47568,1434.32,1212.3
1897,2826.19,2.35507e-05,15.1798,13.7828,-4.40576,1326.19,1649.77
1898,2838.5,2.35507e-05,15.1798,13.8695,-4.50267,1339.86,1333.07
1899,3053.53,2.35507e-05,15.1798,13.8234,-4.55062,1451.39,1182.59
1900,2855.86,2.35507e-05,15.1798,13.3573,-4.43643,1321.45,1519.12
1901,3040.66,2.35507e-05,15.1798,12.795,-4.30988,1411.26,1180.25
1902,3101.35,2.35507e-05,15.1798,12.5177,-4.15306,1464.95,1389.09
1903,2919.29,2.35507e-05,15.1798,13.005,-4.28946,1297.45,1479.52
1904,3206.76,2.35507e-05,15.1798,12.8037,-4.15825,1515.61,1156.27
1905,3077.15,2.35507e-05,15.1798,13.7225,-4.40907,1444.43,1574.05
1906,2927.86,2.35507e-05,15.1798,13.4307,-4.2799,1322.46,1471.75
1907,3069.58,2.35507e-05,15.1798,14.1865,-4.52274,1382.82,1205.66
1908,2974.7,2.35507e-05,15.1798,13.6925,-4.30157,1335.11,1429.99
1909,2815.73,2.35507e-05,15.1798,13.9642,-4.42577,1256.67,1415.64
1910,2993.27,2.35507e-05,15.1798,13.5529,-4.32515,1349.05,1127.12
1911,2952.5,2.35507e-05,15.1798,13.4031,-4.26285,1298.16,1338.93
1912,3017.57,2.35507e-05,15.1798,12.3438,-3.91953,1333.19,1251.86
1913,2697.61,2.35507e-05,15.1798,11.773,-3.54538,1175.73,1495.69
1914,3005.96,2.35507e-05,15.1798,11.9358,-3.69685,1358.16,972.725
1915,3242.04,2.35507e-05,15.1798,12.3183,-3.85366,1549.37,1254.27
1916,2797.97,2.35507e-05,15.1798,13.6458,-4.31267,1297.97,1749.2
1917,2906.81,2.35507e-05,15.1798,13.89,-4.3775,1346.04,1210.0
1918,3198.13,2.35507e-05,15.1798,13.7002,-4.44863,1490.4,1126.24
1919,3004.66,2.35507e-05,15.1798,12.9044,-4.26973,1344.31,1537.78
1920,2808.14,2.35507e-05,15.1798,12.7595,-4.16514,1244.56,1441.08
1921,3151.16,2.35507e-05,15.1798,12.7701,-4.08161,1469.68,1040.91
1922,3111.12,2.35507e-05,15.1798,13.7834,-4.39875,1435.71,1475.74
1923,2760.71,2.35507e-05,15.1798,14.0711,-4.39275,1260.71,1624.17
1924,3064.03,2.35507e-05,15.1798,14.1727,-4.44335,1409.0,1029.84
1925,3071.53,2.35507e-05,15.1798,12.9569,-4.08498,1396.96,1387.59
1926,3162.21,2.35507e-05,15.1798,13.1265,-4.26404,1475.44,1362.08
1927,2936.57,2.35507e-05,15.1798,13.3266,-4.20425,1329.82,1555.46
1928,3128.53,2.35507e-05,15.1798,13.5538,-4.27318,1455.59,1215.65
1929,2710.02,2.35507e-05,15.1798,12.8705,-3.93114,1210.02,1659.14
1930,2770.19,2.35507e-05,15.1798,11.9332,-3.68728,1233.57,1158.36
1931,3221.63,2.35507e-05,15.1798,11.7044,-3.74661,1553.1,988.794
1932,3121.23,2.35507e-05,15.1798,11.8258,-3.88522,1461.4,1561.8
1933,2977.37,2.35507e-05,15.1798,12.8156,-4.19331,1337.15,1481.01
1934,2720.78,2.35507e-05,15.1798,12.1213,-3.77256,1220.78,1479.94
1935,2843.22,2.35507e-05,15.1798,11.6285,-3.62072,1314.48,1161.44
1936,3261.12,2.35507e-05,15.1798,11.4845,-3.69377,1536.52,1014.15
1937,2715.02,2.35507e-05,15.1798,12.2251,-3.78437,1215.02,1871.21
1938,2794.59,2.35507e-05,15.1798,12.1936,-3.80791,1269.77,1170.31
1939,3019.09,2.35507e-05,15.1798,12.8553,-3.88373,1393.09,1112.47
1940,2980.49,2.35507e-05,15.1798,12.679,-3.93888,1358.62,1397.22
1941,3103.72,2.35507e-05,15.1798,13.5199,-4.15009,1432.19,1278.16
1942,2977.17,2.35507e-05,15.1798,13.4268,-4.06924,1324.54,1451.09
1943,3258.53,2.35507e-05,15.1798,14.2531,-4.50483,1507.21,1155.51
1944,3196.22,2.35507e-05,15.1798,13.9089,-4.34035,1498.3,1560.6
1945,2887.42,2.35507e-05,15.1798,13.6277,-4.1718,1334.19,1642.99
1946,3149.13,2.35507e-05,15.1798,13.3773,-4.10851,1470.29,1143.15
1947,2809.03,2.35507e-05,15.1798,13.6901,-4.17364,1270.03,1610.14
1948,2880.74,2.35507e-05,15.1798,12.1295,-3.79966,1308.59,1218.95
1949,3009.11,2.35507e-05,15.1798,12.0326,-3.66453,1415.45,1254.99
1950,2856.66,2.35507e-05,15.1798,12.1734,-3.80725,1256.99,1409.44
1951,3042.6,2.35507e-05,15.1798,12.95,-4.06203,1422.87,1190.44
1952,3047.71,2.35507e-05,15.1798,12.9048,-4.05099,1439.17,1432.79
1953,2957.33,2.35507e-05,15.1798,13.3347,-4.1771,1342.78,1433.15
1954,2763.15,2.35507e-05,15.1798,14.0699,-4.34953,1247.78,1441.97
1955,3146.59,2.35507e-05,15.1798,14.7013,-4.66424,1498.96,1019.66
1956,2750.41,2.35507e-05,15.1798,13.6316,-4.26436,1250.41,1680.49
1957,2963.92,2.35507e-05,15.1798,13.7408,-4.41049,1428.7,1161.81
1958,3234.4,2.35507e-05,15.1798,13.2393,-4.28104,1552.2,1214.1
1959,2903.19,2.35507e-05,15.1798,14.1671,-4.6179,1403.19,1761.02
1960,2941.49,2.35507e-05,15.1798,13.5462,-4.46817,1434.14,1386.26
1961,2900.74,2.35507e-05,15.1798,13.8788,-4.4887,1373.94,1414.68
1962,3047.21,2.35507e-05,15.1798,12.7493,-4.20132,1466.38,1283.3
1963,3009.63,2.35507e-05,15.1798,13.1475,-4.28825,1485.85,1523.43
1964,2995.36,2.35507e-05,15.1798,13.165,-4.31124,1456.7,1470.97
1965,3208.45,2.35507e-05,15.1798,13.575,-4.53661,1602.88,1336.51
1966,3031.27,2.35507e-05,15.1798,12.7045,-4.24141,1531.27,1740.0
1967,3004.76,2.35507e-05,15.1798,12.8979,-4.35946,1502.18,1528.68
1968,2890.17,2.35507e-05,15.1798,13.3486,-4.48008,1390.17,1579.15
1969,3087.14,2.35507e-05,15.1798,14.3751,-4.84368,1535.14,1288.93
1970,2924.92,2.35507e-05,15.1798,15.2705,-5.00201,1424.92,1631.06
1971,2934.3,2.35507e-05,15.1798,13.5862,-4.43646,1434.3,1435.5
1972,3064.84,2.35507e-05,15.1798,13.4295,-4.42108,1518.71,1355.53
1973,3077.39,2.35507e-05,15.1798,12.5729,-4.18353,1502.83,1487.14
1974,3182.56,2.35507e-05,15.1798,13.607,-4.54518,1563.09,1431.63
1975,2998.9,2.35507e-05,15.1798,13.6334,-4.5323,1487.36,1671.02
1976,2930.08,2.35507e-05,15.1798,13.6106,-4.5018,1430.08,1517.0
1977,3078.61,2.35507e-05,15.1798,12.8333,-4.25299,1531.72,1346.05
1978,2938.04,2.35507e-05,15.1798,13.0953,-4.27128,1438.04,1641.19
1979,2898.03,2.35507e-05,15.1798,12.6829,-4.14083,1398.03,1488.11
1980,3241.54,2.35507e-05,15.1798,13.5774,-4.48709,1658.8,1229.42
1981,3087.74,2.35507e-05,15.1798,13.6183,-4.56349,1513.53,1667.32
1982,2893.54,2.35507e-05,15.1798,12.9653,-4.33712,1393.54,1690.02
1983,3407.9,2.35507e-05,15.1798,12.2931,-4.13807,1726.46,1083.51
1984,2913.31,2.35507e-05,15.1798,12.5645,-4.06841,1413.31,1954.47
1985,3122.82,2.35507e-05,15.1798,12.6772,-4.28793,1578.36,1316.47
1986,2963.28,2.35507e-05,15.1798,14.5389,-4.75433,1463.28,1641.35
1987,2922.0,2.35507e-05,15.1798,13.2924,-4.5051,1411.64,1452.92
1988,3075.19,2.35507e-05,15.1798,13.1092,-4.37226,1519.92,1328.43
1989,3077.03,2.35507e-05,15.1798,11.9785,-4.02455,1531.33,1529.03
1990,3181.75,2.35507e-05,15.1798,12.5014,-4.17864,1597.86,1466.96
1991,3092.29,2.35507e-05,15.1798,12.7191,-4.18195,1578.82,1668.28
1992,2872.03,2.35507e-05,15.1798,13.3353,-4.21934,1372.03,1721.78
1993,3207.17,2.35507e-05,15.1798,11.8559,-3.80429,1617.38,1198.46
1994,2968.83,2.35507e-05,15.1798,12.1099,-3.78457,1457.8,1696.14
1995,3168.89,2.35507e-05,15.1798,10.3266,-3.47557,1555.15,1305.08
1996,3098.9,2.35507e-05,15.1798,11.9078,-3.92722,1549.45,1619.45
1997,3215.88,2.35507e-05,15.1798,11.949,-4.03582,1608.4,1462.18
1998,3030.04,2.35507e-05,15.1798,13.7743,-4.50111,1485.92,1671.75
1999,3186.54,2.35507e-05,15.1798,12.8231,-4.26043,1546.0,1350.38
2000,3162.94,2.35507e-05,15.1798,13.3851,-4.50431,1557.75,1581.35
2001,3358.2,2.35507e-05,15.1798,12.4852,-4.29334,1685.74,1441.67
2002,2946.93,2.35507e-05,15.1798,12.848,-4.23889,1446.93,1904.76
2003,3098.96,2.35507e-05,15.1798,11.9931,-3.94052,1528.75,1338.71
2004,3502.13,2.35507e-05,15.1798,13.0659,-4.37773,1801.45,1297.49
2005,2925.01,2.35507e-05,15.1798,12.9228,-4.3244,1425.01,2029.35
2006,2981.92,2.35507e-05,15.1798,13.0121,-4.35742,1441.69,1370.56
2007,3059.87,2.35507e-05,15.1798,11.6541,-3.70415,1461.0,1363.55
2008,3226.64,2.35507e-05,15.1798,11.4335,-3.76469,1552.46,1344.0
2009,3282.23,2.35507e-05,15.1798,10.6791,-3.51695,1618.0,1548.51
2010,3223.89,2.35507e-05,15.1798,11.1052,-3.64824,1595.77,1654.12
2011,3556.5,2.35507e-05,15.1798,11.3369,-3.83781,1779.35,1363.58
2012,3103.14,2.35507e-05,15.1798,12.559,-4.08675,1540.75,1994.11
2013,3243.46,2.35507e-05,15.1798,12.2605,-4.11152,1605.93,1430.53
2014,3246.94,2.35507e-05,15.1798,12.0173,-3.80215,1612.8,1608.45
2015,3297.74,2.35507e-05,15.1798,12.4471,-4.04213,1632.33,1568.83
2016,3183.6,2.35507e-05,15.1798,12.5708,-3.97855,1552.04,1666.19
2017,3126.64,2.35507e-05,15.1798,11.9655,-3.86665,1528.03,1584.99
2018,3575.9,2.35507e-05,15.1798,11.4898,-3.84062,1809.52,1247.95
2019,2925.1,2.35507e-05,15.1798,12.3755,-4.0252,1425.1,2166.14
2020,3161.14,2.35507e-05,15.1798,12.7839,-4.25586,1547.83,1252.78
2021,3288.0,2.35507e-05,15.1798,13.5855,-4.39926,1613.12,1454.54
2022,3363.38,2.35507e-05,15.1798,11.9751,-4.04794,1604.25,1510.03
2023,3287.18,2.35507e-05,15.1798,13.072,-4.3292,1574.43,1650.63
2024,3171.88,2.35507e-05,15.1798,11.9313,-3.91011,1490.09,1605.39
2025,3403.52,2.35507e-05,15.1798,12.745,-4.20649,1611.12,1321.57
2026,3497.62,2.35507e-05,15.1798,12.5577,-4.13652,1663.79,1546.17
2027,3208.59,2.35507e-05,15.1798,12.5082,-4.09494,1530.76,1819.79
2028,3306.24,2.35507e-05,15.1798,12.2654,-3.91576,1619.33,1497.27
2029,3304.79,2.35507e-05,15.1798,12.8689,-4.02877,1591.6,1593.05
2030,3454.29,2.35507e-05,15.1798,13.5436,-4.40749,1674.34,1487.46
2031,2887.88,2.35507e-05,15.1798,13.857,-4.39417,1387.61,1954.02
2032,3207.34,2.35507e-05,15.1798,12.0338,-3.95697,1572.55,1173.23
2033,3362.24,2.35507e-05,15.1798,11.8819,-3.82574,1691.08,1497.45
2034,2981.6,2.35507e-05,15.1798,11.8079,-3.88209,1468.95,1849.6
2035,3113.22,2.35507e-05,15.1798,12.3384,-4.01858,1504.24,1339.72
2036,3181.91,2.35507e-05,15.1798,12.5535,-4.09272,1525.38,1439.51
2037,3333.7,2.35507e-05,15.1798,12.4319,-4.18584,1657.07,1467.33
2038,3223.78,2.35507e-05,15.1798,13.099,-4.30298,1571.03,1680.95
2039,3325.28,2.35507e-05,15.1798,12.7188,-4.22904,1643.13,1516.26
2040,3062.89,2.35507e-05,15.1798,12.9167,-4.13218,1508.01,1770.41
2041,3253.23,2.35507e-05,15.1798,13.0548,-4.27307,1582.81,1344.88
2042,3382.85,2.35507e-05,15.1798,12.8356,-4.14447,1680.09,1518.07
2043,3286.59,2.35507e-05,15.1798,12.4708,-4.14274,1658.98,1755.24
2044,3116.28,2.35507e-05,15.1798,11.8789,-3.92189,1511.43,1681.74
2045,3480.22,2.35507e-05,15.1798,12.33,-4.1167,1782.42,1327.49
2046,3102.08,2.35507e-05,15.1798,12.9743,-4.2335,1551.48,1929.62
2047,3183.68,2.35507e-05,15.1798,13.1457,-4.38321,1609.78,1507.78
2048,3306.93,2.35507e-05,15.1798,13.8487,-4.57955,1655.85,1501.79
2049,3124.33,2.35507e-05,15.1798,13.058,-4.38674,1527.89,1710.49
2050,3117.18,2.35507e-05,15.1798,12.9314,-4.2161,1506.26,1513.41
2051,2993.51,2.35507e-05,15.1798,11.6042,-3.72754,1425.53,1549.19
2052,3389.89,2.35507e-05,15.1798,11.6059,-3.8074,1706.89,1211.41
2053,3081.54,2.35507e-05,15.1798,12.6038,-4.09046,1508.36,1816.71
2054,3106.63,2.35507e-05,15.1798,14.0888,-4.64147,1495.58,1464.22
2055,3264.57,2.35507e-05,15.1798,14.1895,-4.59495,1590.01,1392.59
2056,3170.5,2.35507e-05,15.1798,13.2599,-4.25425,1514.75,1608.82
2057,3046.35,2.35507e-05,15.1798,11.4099,-3.65361,1429.79,1553.94
2058,3166.91,2.35507e-05,15.1798,11.2291,-3.59568,1553.99,1403.29
2059,3338.66,2.35507e-05,15.1798,12.0816,-3.89308,1637.75,1423.07
2060,3006.11,2.35507e-05,15.1798,13.2351,-4.20136,1455.68,1788.23
2061,3145.27,2.35507e-05,15.1798,14.2954,-4.57256,1550.57,1376.62
2062,3165.35,2.35507e-05,15.1798,12.9441,-4.15892,1532.13,1507.02
2063,3378.42,2.35507e-05,15.1798,12.331,-4.0847,1717.72,1451.39
2064,3106.53,2.35507e-05,15.1798,12.4678,-4.06763,1530.42,1802.31
2065,3477.94,2.35507e-05,15.1798,12.5162,-4.29938,1739.41,1275.15
2066,3010.95,2.35507e-05,15.1798,12.9762,-4.35421,1510.95,2051.13
2067,3433.72,2.35507e-05,15.1798,12.2856,-4.37212,1742.13,1213.67
2068,2930.26,2.35507e-05,15.1798,12.4573,-4.1098,1430.26,2036.87
2069,3196.65,2.35507e-05,15.1798,12.3149,-4.1483,1575.1,1242.12
2070,3261.05,2.35507e-05,15.1798,12.6287,-4.01669,1617.75,1537.24
2071,3479.06,2.35507e-05,15.1798,12.2311,-4.1045,1774.23,1501.71
2072,2981.84,2.35507e-05,15.1798,12.5151,-4.03155,1481.84,2045.75
2073,3294.16,2.35507e-05,15.1798,12.0659,-3.95137,1663.05,1272.66
2074,3402.96,2.35507e-05,15.1798,12.6766,-4.13202,1716.65,1580.65
2075,2915.17,2.35507e-05,15.1798,13.1639,-4.26127,1415.17,2031.5
2076,3506.13,2.35507e-05,15.1798,13.6015,-4.4786,1795.09,1056.39
2077,3078.71,2.35507e-05,15.1798,12.785,-4.0924,1518.93,1946.35
2078,3201.42,2.35507e-05,15.1798,12.9171,-4.35392,1629.93,1476.54
2079,2946.12,2.35507e-05,15.1798,12.5507,-3.99503,1446.12,1755.92
2080,3509.92,2.35507e-05,15.1798,12.7292,-4.28522,1808.83,1104.08
2081,3253.08,2.35507e-05,15.1798,12.2214,-3.97046,1656.55,1913.39
2082,3189.25,2.35507e-05,15.1798,12.2016,-4.07797,1610.05,1673.87
2083,3034.73,2.35507e-05,15.1798,12.9286,-4.12975,1501.99,1656.51
2084,3505.6,2.35507e-05,15.1798,12.0485,-3.97079,1832.44,1243.86
2085,3207.22,2.35507e-05,15.1798,12.467,-4.03364,1707.22,2030.55
2086,3146.26,2.35507e-05,15.1798,11.189,-3.72355,1616.06,1677.01
2087,3318.08,2.35507e-05,15.1798,11.8053,-3.94742,1714.65,1499.87
2088,3232.19,2.35507e-05,15.1798,11.7826,-4.00002,1660.85,1746.74
2089,3332.15,2.35507e-05,15.1798,11.6779,-3.97309,1698.8,1573.85
2090,3388.44,2.35507e-05,15.1798,10.9533,-3.74922,1770.36,1700.0
2091,3250.35,2.35507e-05,15.1798,11.2525,-3.83341,1692.7,1830.79
2092,3072.87,2.35507e-05,15.1798,12.215,-4.00537,1539.3,1716.78
2093,3081.18,2.35507e-05,15.1798,12.0711,-3.82388,1539.85,1529.45
2094,3282.23,2.35507e-05,15.1798,12.2213,-3.95093,1661.52,1410.22
2095,3297.85,2.35507e-05,15.1798,11.6986,-3.8517,1680.62,1661.1
2096,3345.11,2.35507e-05,15.1798,13.4124,-4.43402,1712.77,1653.69
2097,3079.78,2.35507e-05,15.1798,12.8974,-4.12577,1534.26,1799.58
2098,3265.64,2.35507e-05,15.1798,12.7345,-4.14745,1672.79,1440.48
2099,3483.5,2.35507e-05,15.1798,12.5332,-4.13936,1802.97,1530.64
2100,3178.54,2.35507e-05,15.1798,12.4715,-4.11124,1622.42,1927.37
2101,3218.56,2.35507e-05,15.1798,11.6321,-3.86506,1596.86,1546.84
2102,3208.02,2.35507e-05,15.1798,10.5196,-3.47299,1602.64,1613.19
2103,3352.54,2.35507e-05,15.1798,10.1688,-3.48312,1713.53,1532.88
2104,3540.21,2.35507e-05,15.1798,11.4527,-3.83108,1841.11,1606.52
2105,3167.31,2.35507e-05,15.1798,13.5875,-4.46677,1605.21,1978.11
2106,3237.47,2.35507e-05,15.1798,14.5362,-4.71687,1680.45,1592.74
2107,3022.22,2.35507e-05,15.1798,14.3231,-4.58869,1501.77,1717.03
2108,3428.93,2.35507e-05,15.1798,13.355,-4.38078,1767.6,1259.21
2109,2986.97,2.35507e-05,15.1798,12.4683,-4.03741,1486.97,1935.43
2110,3238.68,2.35507e-05,15.1798,11.5272,-3.81525,1662.66,1348.02
2111,3327.14,2.35507e-05,15.1798,11.1654,-3.65968,1718.65,1608.07
2112,3120.65,2.35507e-05,15.1798,11.3635,-3.78055,1595.96,1802.45
2113,3052.52,2.35507e-05,15.1798,11.7669,-3.85732,1530.37,1598.5
2114,3128.62,2.35507e-05,15.1798,11.6084,-3.70196,1625.2,1530.07
2115,3514.2,2.35507e-05,15.1798,11.768,-3.89306,1835.06,1353.08
2116,3094.38,2.35507e-05,15.1798,11.5491,-3.77877,1594.38,2066.17
2117,3160.91,2.35507e-05,15.1798,12.1002,-4.07233,1664.1,1580.95
2118,3374.63,2.35507e-05,15.1798,11.7096,-3.88927,1745.85,1478.69
2119,3145.71,2.35507e-05,15.1798,11.8112,-3.95689,1623.09,1852.02
2120,3202.71,2.35507e-05,15.1798,11.4428,-3.82969,1594.11,1522.85
2121,3192.91,2.35507e-05,15.1798,11.6933,-3.81797,1620.94,1630.74
2122,3287.62,2.35507e-05,15.1798,11.4474,-3.77657,1641.88,1523.49
2123,3268.56,2.35507e-05,15.1798,11.6946,-3.73438,1650.29,1669.35
2124,3306.27,2.35507e-05,15.1798,11.8783,-3.86924,1689.79,1642.66
2125,3543.8,2.35507e-05,15.1798,12.764,-4.20504,1845.81,1548.9
2126,3277.35,2.35507e-05,15.1798,12.3791,-4.03962,1657.93,1924.38
2127,3073.14,2.35507e-05,15.1798,12.0306,-3.85993,1528.48,1732.68
2128,3374.68,2.35507e-05,15.1798,11.1232,-3.58442,1734.16,1357.24
2129,3682.11,2.35507e-05,15.1798,11.8273,-3.97041,1973.32,1589.03
2130,3190.61,2.35507e-05,15.1798,12.1137,-4.03015,1690.61,2223.15
2131,3183.04,2.35507e-05,15.1798,12.5457,-4.14899,1653.5,1661.06
2132,3504.3,2.35507e-05,15.1798,12.3254,-4.15253,1841.66,1440.09
2133,2999.96,2.35507e-05,15.1798,12.5171,-4.20031,1499.96,2141.85
2134,3463.69,2.35507e-05,15.1798,11.8287,-4.00858,1826.18,1246.51
2135,3084.82,2.35507e-05,15.1798,12.8492,-4.09988,1584.82,1968.28
2136,3020.76,2.35507e-05,15.1798,11.9366,-3.82662,1520.76,1622.47
2137,3500.24,2.35507e-05,15.1798,12.2327,-4.0111,1843.61,1244.26
2138,3244.49,2.35507e-05,15.1798,11.7675,-3.88764,1679.14,1934.9
2139,3196.62,2.35507e-05,15.1798,12.235,-4.10402,1651.88,1699.74
2140,3306.67,2.35507e-05,15.1798,12.3342,-3.95843,1719.28,1581.72
2141,3248.2,2.35507e-05,15.1798,12.1967,-3.91695,1649.48,1707.95
2142,3189.37,2.35507e-05,15.1798,11.3965,-3.64727,1591.2,1650.02
2143,3432.48,2.35507e-05,15.1798,11.4319,-3.69638,1829.41,1525.52
2144,3463.26,2.35507e-05,15.1798,10.9912,-3.64793,1792.22,1753.74
2145,3421.05,2.35507e-05,15.1798,12.1998,-4.09768,1756.0,1798.21
2146,3292.36,2.35507e-05,15.1798,13.096,-4.28792,1680.57,1809.26
2147,3422.56,2.35507e-05,15.1798,11.5043,-3.78517,1719.78,1557.04
2148,3546.59,2.35507e-05,15.1798,11.7371,-3.87102,1857.71,1702.68
2149,3331.88,2.35507e-05,15.1798,11.8381,-3.89563,1704.94,1919.65
2150,3248.12,2.35507e-05,15.1798,12.3339,-3.97378,1676.15,1759.91
2151,3329.75,2.35507e-05,15.1798,11.9482,-3.84673,1702.49,1600.46
2152,3247.05,2.35507e-05,15.1798,11.4705,-3.63402,1647.36,1730.06
2153,3278.55,2.35507e-05,15.1798,11.9987,-3.86561,1636.93,1597.56
2154,3301.93,2.35507e-05,15.1798,12.3021,-3.86018,1685.61,1656.38
2155,3374.11,2.35507e-05,15.1798,11.1845,-3.66271,1723.47,1633.24
2156,3013.43,2.35507e-05,15.1798,11.5043,-3.63719,1513.43,1903.38
2157,3547.92,2.35507e-05,15.1798,11.414,-3.82552,1884.27,1216.15
2158,3130.0,2.35507e-05,15.1798,12.7783,-4.11636,1630.0,2092.43
2159,3235.8,2.35507e-05,15.1798,12.0787,-4.03822,1684.68,1552.43
2160,3385.85,2.35507e-05,15.1798,12.8554,-4.17433,1803.89,1616.32
2161,3399.19,2.35507e-05,15.1798,12.5838,-4.15935,1792.11,1775.44
2162,3206.0,2.35507e-05,15.1798,12.5479,-4.02862,1706.0,1914.5
2163,3234.31,2.35507e-05,15.1798,12.3887,-3.97136,1692.9,1657.51
2164,3210.52,2.35507e-05,15.1798,12.8798,-4.16565,1703.63,1727.42
2165,3425.88,2.35507e-05,15.1798,14.4557,-4.88142,1875.83,1606.63
2166,3340.71,2.35507e-05,15.1798,12.2228,-4.13367,1774.6,1859.77
2167,3108.77,2.35507e-05,15.1798,11.1468,-3.63537,1608.77,2042.15
2168,3559.11,2.35507e-05,15.1798,11.1845,-3.67105,1880.78,1317.86
2169,3177.96,2.35507e-05,15.1798,11.8069,-3.68158,1677.96,2061.32
2170,3418.94,2.35507e-05,15.1798,12.5441,-4.15077,1858.09,1556.88
2171,3121.13,2.35507e-05,15.1798,11.6076,-3.66305,1619.9,1917.71
2172,3018.79,2.35507e-05,15.1798,10.2456,-3.27297,1518.79,1697.74
2173,3614.33,2.35507e-05,15.1798,10.0739,-3.30528,1923.04,1178.61
2174,3356.29,2.35507e-05,15.1798,10.4246,-3.36047,1744.58,2002.62
2175,3141.73,2.35507e-05,15.1798,12.4931,-4.05321,1641.73,1864.87
2176,3338.16,2.35507e-05,15.1798,12.5948,-4.00617,1720.21,1474.67
2177,3607.55,2.35507e-05,15.1798,13.2813,-4.42828,1915.69,1578.95
2178,3195.37,2.35507e-05,15.1798,13.2168,-4.33217,1695.37,2112.97
2179,3343.11,2.35507e-05,15.1798,13.411,-4.33684,1744.95,1560.27
2180,3510.76,2.35507e-05,15.1798,12.0318,-3.86809,1883.26,1673.69
2181,3344.5,2.35507e-05,15.1798,12.68,-4.15608,1777.66,1943.91
2182,3331.94,2.35507e-05,15.1798,11.1599,-3.67643,1773.44,1786.01
2183,3506.33,2.35507e-05,15.1798,12.1247,-3.99441,1893.99,1675.99
2184,3363.55,2.35507e-05,15.1798,11.3727,-3.69311,1817.34,1960.12
2185,3521.24,2.35507e-05,15.1798,13.0059,-4.20538,1890.55,1693.43
2186,3083.45,2.35507e-05,15.1798,13.752,-4.33929,1583.45,2071.48
2187,3381.55,2.35507e-05,15.1798,12.7612,-4.12642,1813.88,1441.25
2188,3268.91,2.35507e-05,15.1798,12.7731,-4.0309,1732.61,1845.25
2189,3332.16,2.35507e-05,15.1798,12.1112,-3.90814,1781.38,1702.31
2190,3377.95,2.35507e-05,15.1798,13.6676,-4.40861,1826.68,1769.45
2191,3266.34,2.35507e-05,15.1798,11.896,-3.87434,1762.56,1874.17
2192,3099.33,2.35507e-05,15.1798,12.0434,-3.81921,1599.33,1844.22
2193,3386.98,2.35507e-05,15.1798,11.121,-3.60328,1790.02,1430.45
2194,3503.5,2.35507e-05,15.1798,12.1195,-3.97824,1839.09,1693.45
2195,3068.44,2.35507e-05,15.1798,11.5129,-3.73645,1568.44,2029.34
2196,3356.54,2.35507e-05,15.1798,11.2873,-3.66374,1759.28,1399.16
2197,3554.69,2.35507e-05,15.1798,11.5273,-3.72423,1875.51,1627.81
2198,3078.89,2.35507e-05,15.1798,11.9839,-3.81093,1578.89,2094.48
2199,3325.28,2.35507e-05,15.1798,12.5586,-3.9316,1724.42,1416.43
2200,3317.2,2.35507e-05,15.1798,13.256,-4.11154,1719.34,1727.42
2201,3457.76,2.35507e-05,15.1798,12.8794,-4.23904,1804.07,1628.37
2202,3220.95,2.35507e-05,15.1798,12.8005,-4.06865,1682.02,1918.83
2203,3130.14,2.35507e-05,15.1798,11.8018,-3.74602,1614.48,1705.29
2204,3595.49,2.35507e-05,15.1798,11.8058,-3.81413,1962.24,1380.56
2205,3232.97,2.35507e-05,15.1798,12.4705,-4.06098,1732.97,2132.05
2206,3327.74,2.35507e-05,15.1798,12.4827,-4.25125,1742.51,1624.06
2207,3161.22,2.35507e-05,15.1798,12.6303,-4.10976,1661.22,1888.73
2208,3610.34,2.35507e-05,15.1798,11.7799,-3.99239,1976.8,1415.4
2209,3287.39,2.35507e-05,15.1798,12.6044,-4.09908,1787.39,2142.26
2210,3496.9,2.35507e-05,15.1798,12.3449,-4.16879,1873.59,1611.7
2211,3536.61,2.35507e-05,15.1798,12.2034,-4.07492,1892.33,1842.68
2212,3184.84,2.35507e-05,15.1798,11.634,-3.85904,1676.19,2027.96
2213,3733.9,2.35507e-05,15.1798,11.6437,-3.974,2032.23,1345.92
2214,3144.1,2.35507e-05,15.1798,12.3617,-3.97339,1644.1,2387.73
2215,3628.91,2.35507e-05,15.1798,11.3906,-3.82785,1990.85,1384.84
2216,3331.11,2.35507e-05,15.1798,11.4918,-3.71017,1811.08,2108.88
2217,3533.8,2.35507e-05,15.1798,11.0309,-3.88557,1957.07,1703.71
2218,3430.19,2.35507e-05,15.1798,12.509,-4.22295,1855.42,1959.03
2219,3587.37,2.35507e-05,15.1798,11.3063,-3.95002,1945.17,1748.7
2220,3387.69,2.35507e-05,15.1798,11.5786,-3.92066,1844.3,2043.98
2221,3472.01,2.35507e-05,15.1798,11.1928,-3.88936,1890.48,1785.07
2222,3459.83,2.35507e-05,15.1798,11.3183,-3.82029,1890.78,1902.96
2223,3358.37,2.35507e-05,15.1798,12.3526,-4.22516,1824.54,1926.01
2224,3612.51,2.35507e-05,15.1798,12.0006,-4.20902,2005.84,1688.16
2225,3658.76,2.35507e-05,15.1798,13.782,-4.98949,2044.38,1986.57
2226,3245.99,2.35507e-05,15.1798,12.0907,-4.31192,1745.99,2212.17
2227,3361.14,2.35507e-05,15.1798,11.934,-4.17901,1845.33,1701.39
2228,3400.84,2.35507e-05,15.1798,11.428,-3.92241,1832.49,1782.86
2229,3299.11,2.35507e-05,15.1798,11.6805,-4.01888,1799.11,1917.61
2230,3356.11,2.35507e-05,15.1798,11.7321,-3.99356,1818.74,1747.49
2231,3552.46,2.35507e-05,15.1798,11.3705,-3.90931,1963.91,1718.48
2232,3419.86,2.35507e-05,15.1798,12.0718,-4.17379,1905.8,2038.4
2233,3636.71,2.35507e-05,15.1798,11.1828,-3.96109,2069.33,1798.27
2234,3229.3,2.35507e-05,15.1798,12.5106,-4.31566,1729.3,2284.76
2235,3393.81,2.35507e-05,15.1798,10.5432,-3.63283,1852.94,1647.31
2236,3538.24,2.35507e-05,15.1798,11.2703,-3.8274,1948.49,1767.96
2237,3589.24,2.35507e-05,15.1798,9.62471,-3.33951,1959.29,1895.54
2238,3493.82,2.35507e-05,15.1798,11.1373,-3.74254,1885.16,1980.58
2239,3544.99,2.35507e-05,15.1798,10.5713,-3.52602,1876.5,1812.54
2240,3525.25,2.35507e-05,15.1798,11.1334,-3.62167,1884.19,1903.93
2241,3730.8,2.35507e-05,15.1798,10.9431,-3.65893,2030.42,1773.49
2242,3476.44,2.35507e-05,15.1798,12.4318,-4.01972,1878.27,2132.62
2243,3629.29,2.35507e-05,15.1798,12.3422,-4.084,1956.16,1765.09
2244,3436.43,2.35507e-05,15.1798,12.9054,-4.23963,1832.4,2025.26
2245,3712.73,2.35507e-05,15.1798,11.2728,-3.7981,2046.37,1701.01
2246,3522.58,2.35507e-05,15.1798,11.6946,-3.83076,1932.7,2122.85
2247,3259.87,2.35507e-05,15.1798,11.7612,-3.78092,1759.87,2052.55
2248,3824.88,2.35507e-05,15.1798,12.6047,-4.14979,2120.22,1413.95
2249,3154.05,2.35507e-05,15.1798,12.8264,-4.06429,1654.05,2533.69
2250,3707.7,2.35507e-05,15.1798,11.3818,-3.85503,1984.04,1291.97
2251,3692.27,2.35507e-05,15.1798,12.0725,-3.91715,1955.12,1970.55
2252,3703.87,2.35507e-05,15.1798,11.7345,-4.02494,1953.56,1939.06
2253,3887.67,2.35507e-05,15.1798,12.7946,-4.2565,2041.85,1812.1
2254,3444.12,2.35507e-05,15.1798,12.5779,-4.10548,1800.83,2244.39
2255,4013.92,2.35507e-05,15.1798,12.7109,-4.25343,2168.3,1456.05
2256,3524.47,2.35507e-05,15.1798,13.1216,-4.25256,1876.56,2366.01
2257,3424.54,2.35507e-05,15.1798,12.5248,-4.15176,1791.01,1890.94
2258,3234.16,2.35507e-05,15.1798,12.3688,-3.85627,1640.06,1830.44
2259,3788.72,2.35507e-05,15.1798,11.8332,-3.88498,2026.95,1333.74
2260,3587.68,2.35507e-05,15.1798,12.1355,-3.93511,1899.72,2100.76
2261,3581.07,2.35507e-05,15.1798,11.4582,-3.88372,1855.36,1861.97
2262,3450.89,2.35507e-05,15.1798,10.7634,-3.42332,1786.6,1916.78
2263,4168.69,2.35507e-05,15.1798,10.3941,-3.53887,2288.85,1391.6
2264,3382.55,2.35507e-05,15.1798,12.3346,-3.91991,1827.48,2613.63
2265,3422.69,2.35507e-05,15.1798,12.3435,-4.06563,1820.57,1770.39
2266,3340.19,2.35507e-05,15.1798,13.5684,-4.21195,1753.28,1835.77
2267,3554.9,2.35507e-05,15.1798,10.9969,-3.54793,1928.15,1659.77
2268,3635.46,2.35507e-05,15.1798,12.1453,-3.79444,1991.54,1890.83
2269,3840.51,2.35507e-05,15.1798,11.1462,-3.6369,2106.5,1850.19
2270,3453.11,2.35507e-05,15.1798,13.3884,-4.33936,1882.55,2269.96
2271,3859.03,2.35507e-05,15.1798,13.2122,-4.52575,2086.37,1578.97
2272,3390.69,2.35507e-05,15.1798,13.8059,-4.508,1822.41,2290.75
2273,3504.84,2.35507e-05,15.1798,12.4058,-4.06035,1888.59,1745.9
2274,3492.91,2.35507e-05,15.1798,12.7265,-4.00017,1837.85,1849.79
2275,3637.21,2.35507e-05,15.1798,12.1109,-3.90059,1908.36,1727.98
2276,3520.44,2.35507e-05,15.1798,12.2185,-3.85554,1886.48,2003.24
2277,3862.69,2.35507e-05,15.1798,11.9338,-3.859,2104.99,1677.17
2278,3724.68,2.35507e-05,15.1798,12.3246,-3.9897,2016.96,2154.97
2279,3405.89,2.35507e-05,15.1798,12.6578,-4.08546,1798.46,2117.26
2280,3668.25,2.35507e-05,15.1798,11.9892,-3.79725,1941.56,1613.61
2281,3648.72,2.35507e-05,15.1798,11.3559,-3.554,1949.81,1969.33
2282,3619.1,2.35507e-05,15.1798,11.9873,-3.79033,1896.58,1926.2
2283,3614.25,2.35507e-05,15.1798,12.2065,-3.78488,1897.26,1902.11
2284,3554.09,2.35507e-05,15.1798,12.6032,-3.86535,1845.65,1905.81
2285,3950.59,2.35507e-05,15.1798,11.3892,-3.59937,2139.64,1644.03
2286,3198.94,2.35507e-05,15.1798,11.7613,-3.59105,1672.39,2424.04
2287,3569.84,2.35507e-05,15.1798,11.494,-3.62502,1902.65,1439.02
2288,3722.81,2.35507e-05,15.1798,11.3096,-3.5774,1988.82,1797.62
2289,3497.63,2.35507e-05,15.1798,10.9576,-3.57565,1870.56,2095.73
2290,4034.8,2.35507e-05,15.1798,11.0332,-3.72656,2238.48,1567.02
2291,3354.82,2.35507e-05,15.1798,12.1498,-3.92873,1804.66,2484.64
2292,3902.67,2.35507e-05,15.1798,12.7192,-4.34002,2171.43,1486.61
2293,3178.08,2.35507e-05,15.1798,13.0466,-4.13366,1678.08,2509.91
2294,3684.18,2.35507e-05,15.1798,11.3933,-3.84538,1981.2,1348.57
2295,3729.82,2.35507e-05,15.1798,11.4516,-3.75685,1988.82,1931.77
2296,3619.85,2.35507e-05,15.1798,11.0747,-3.70797,1927.78,2037.75
2297,3841.25,2.35507e-05,15.1798,12.3622,-4.05007,2055.54,1778.8
2298,3485.79,0.112322,4.46233,13.1712,-4.14286,1841.38,2196.83
2299,3836.94,0.100284,3.30682,12.7146,-4.13618,2061.73,1622.8
2300,3543.02,-1.06188e-05,12.3494,13.5277,-4.22644,1891.42,2185.34
2301,3910.42,-1.06188e-05,12.3494,12.4826,-4.0899,2105.76,1646.51
2302,3256.68,-1.06188e-05,12.3494,13.4829,-4.16675,1726.92,2380.66
2303,3621.89,-1.06188e-05,12.3494,12.2769,-3.87027,1991.11,1534.59
2304,4062.95,-1.06188e-05,12.3494,13.0217,-4.15491,2279.79,1728.47
2305,3441.37,-1.06188e-05,12.3494,13.7361,-4.5124,1891.5,2513.07
2306,3545.25,-1.06188e-05,12.3494,13.234,-4.4208,1953.68,1823.84
2307,3468.95,-1.06188e-05,12.3494,12.1484,-3.90734,1861.16,1937.45
2308,3848.05,-1.06188e-05,12.3494,10.9837,-3.64937,2112.01,1638.14
2309,3465.02,-1.06188e-05,12.3494,11.5456,-3.67346,1914.88,2297.91
2310,3868.47,-1.52654e-09,13.4054,11.3745,-3.79791,2216.23,1711.92
2311,3573.06,-1.52654e-09,13.4054,12.4958,-4.05339,2002.85,2298.26
2312,3707.28,-1.52654e-09,13.4054,12.5572,-4.18245,2111.27,1943.49
2313,3506.13,-1.52654e-09,13.4054,12.6462,-4.04182,1967.91,2169.07
2314,3921.95,-1.52654e-09,13.4054,11.7144,-3.85426,2245.41,1725.63
2315,3477.26,-1.52654e-09,13.4054,10.9404,-3.55983,1931.97,2376.66
2316,3615.96,-1.52654e-09,13.4054,11.0393,-3.63606,2045.2,1871.83
2317,3646.01,-1.52654e-09,13.4054,11.2616,-3.60201,2002.4,1964.84
2318,3871.87,-1.52654e-09,13.4054,12.3513,-4.02161,2162.14,1879.82
2319,3573.04,-1.52654e-09,13.4054,13.2803,-4.24708,1947.66,2246.49
2320,3912.39,-1.52654e-09,13.4054,13.2357,-4.32027,2194.5,1770.32
2321,3212.82,-1.52654e-09,13.4054,12.8324,-3.97933,1712.82,2481.78
2322,3735.97,-1.52654e-09,13.4054,11.1582,-3.59449,2093.09,1439.15
2323,3932.81,-1.52654e-09,13.4054,11.3897,-3.66242,2229.48,1983.43
2324,3534.04,-1.52654e-09,13.4054,12.2529,-4.01431,1932.29,2331.05
2325,3519.53,-1.52654e-09,13.4054,13.7226,-4.35749,1921.99,1936.5
2326,4044.23,-1.52654e-09,13.4054,12.4574,-4.1184,2251.59,1595.72
2327,3589.15,-1.52654e-09,13.4054,12.1577,-3.95424,1993.1,2448.18
2328,3479.25,-1.52654e-09,13.4054,11.9131,-3.88949,1858.41,1968.31
2329,3795.51,-1.52654e-09,13.4054,12.8986,-4.033,2126.4,1731.09
2330,3381.17,-1.52654e-09,13.4054,12.4085,-3.95608,1821.89,2236.23
2331,3639.02,-1.52654e-09,13.4054,12.1337,-3.95865,1986.6,1664.28
2332,3756.91,-1.52654e-09,13.4054,11.6119,-3.76109,2070.04,1922.68
2333,3759.25,-1.52654e-09,13.4054,10.9428,-3.60011,2022.28,2019.36
2334,3977.44,-1.52654e-09,13.4054,10.2327,-3.41994,2231.46,1958.73
2335,4040.23,-1.52654e-09,13.4054,10.9428,-3.67043,2253.66,2175.18
2336,3722.79,-1.52654e-09,13.4054,11.4019,-3.77488,2089.9,2407.33
2337,3892.01,-1.52654e-09,13.4054,11.7265,-3.78835,2192.7,1981.18
2338,3731.08,-1.52654e-09,13.4054,12.0166,-3.87455,2136.53,2297.46
2339,3743.25,-1.52654e-09,13.4054,12.3441,-4.02699,2064.48,2049.27
2340,3744.71,-1.52654e-09,13.4054,12.5644,-4.04331,2117.25,2115.43
2341,4023.05,-1.52654e-09,13.4054,11.5633,-3.7958,2291.21,1943.29
2342,3884.61,-1.52654e-09,13.4054,11.7133,-3.85627,2248.35,2386.78
2343,3977.54,-1.52654e-09,13.4054,12.6794,-4.23558,2322.51,2206.35
2344,3685.23,-1.52654e-09,13.4054,13.2681,-4.3164,2118.81,2411.12
2345,4038.09,-1.52654e-09,13.4054,12.6301,-4.25684,2347.95,1906.88
2346,3470.49,-1.52654e-09,13.4054,11.7155,-3.77166,1970.49,2607.79
2347,3996.93,-1.52654e-09,13.4054,12.0074,-4.11702,2345.33,1687.28
2348,3665.58,-1.52654e-09,13.4054,13.1162,-4.336,2165.58,2531.17
2349,4020.76,-1.52654e-09,13.4054,14.9015,-5.25961,2401.71,1957.73
2350,3368.3,-1.52654e-09,13.4054,13.5532,-4.42287,1868.3,2712.57
2351,3713.5,-1.52654e-09,13.4054,12.3959,-4.13754,2149.52,1718.01
2352,4333.49,-1.52654e-09,13.4054,12.4483,-4.16209,2545.13,1770.15
2353,3585.64,-1.52654e-09,13.4054,12.3113,-4.14194,2085.64,2872.12
2354,3996.26,-1.52654e-09,13.4054,12.7839,-4.36673,2385.85,1872.57
2355,3865.93,-1.52654e-09,13.4054,11.8205,-3.9352,2256.33,2386.66
2356,3708.12,-1.52654e-09,13.4054,12.3658,-4.29712,2146.29,2304.1
2357,3916.47,-1.52654e-09,13.4054,11.8819,-4.10672,2255.48,1995.04
2358,3982.51,-1.52654e-09,13.4054,11.8522,-4.1515,2323.28,2240.73
2359,4026.44,-1.52654e-09,13.4054,11.0946,-3.91193,2335.31,2280.41
2360,4039.48,-1.52654e-09,13.4054,11.8372,-4.07611,2335.11,2318.81
2361,4278.95,-1.52654e-09,13.4054,11.9937,-4.16744,2561.0,2261.67
2362,3801.37,-1.52654e-09,13.4054,12.8427,-4.3775,2256.72,2734.31
2363,4039.62,-1.52654e-09,13.4054,12.8655,-4.45829,2373.08,2075.26
2364,3881.0,-1.52654e-09,13.4054,12.7012,-4.24922,2321.7,2480.32
2365,3918.72,-1.52654e-09,13.4054,12.76,-4.37773,2322.1,2274.95
2366,4391.96,-1.52654e-09,13.4054,12.1063,-4.17581,2702.11,2110.56
2367,3710.93,-1.52654e-09,13.4054,12.786,-4.42778,2210.93,3015.89
2368,3946.88,-1.52654e-09,13.4054,12.4123,-4.39207,2395.47,2100.54
2369,4284.88,-1.52654e-09,13.4054,13.3493,-4.78102,2661.66,2239.15
2370,3920.63,-1.52654e-09,13.4054,12.6191,-4.59321,2405.58,2769.83
2371,3990.81,-1.52654e-09,13.4054,12.784,-4.61427,2491.29,2403.57
2372,4105.65,-1.52654e-09,13.4054,12.6067,-4.5198,2564.08,2420.53
2373,4321.23,-1.52654e-09,13.4054,12.9162,-4.74442,2776.88,2507.4
2374,4062.74,-1.52654e-09,13.4054,13.1691,-4.82353,2562.74,2920.66
2375,4242.02,-1.52654e-09,13.4054,12.4774,-4.64462,2650.03,2425.94
2376,3996.18,-1.52654e-09,13.4054,12.4208,-4.54897,2496.18,2809.19
2377,4050.49,-1.52654e-09,13.4054,12.7643,-4.67791,2517.58,2449.69
2378,4276.24,-1.52654e-09,13.4054,12.6228,-4.57973,2634.96,2352.78
2379,3943.16,-1.52654e-09,13.4054,12.1161,-4.35473,2443.16,2867.34
2380,4132.56,-1.52654e-09,13.4054,11.3753,-4.12719,2582.32,2345.57
2381,4466.55,-1.52654e-09,13.4054,11.9235,-4.33285,2817.64,2400.15
2382,4076.43,-1.52654e-09,13.4054,12.677,-4.73213,2533.69,2923.82
2383,3966.54,-1.52654e-09,13.4054,13.2253,-4.92829,2466.54,2601.07
2384,4363.13,-1.52654e-09,13.4054,12.9963,-4.88044,2757.93,2262.18
2385,3919.24,-1.52654e-09,13.4054,12.1774,-4.44769,2419.24,2951.76
2386,4271.35,-1.52654e-09,13.4054,11.3337,-4.22228,2667.65,2227.5
2387,4349.17,-1.52654e-09,13.4054,10.7552,-3.99267,2801.42,2704.14
2388,4296.04,-1.52654e-09,13.4054,11.7709,-4.47466,2674.65,2727.78
2389,4171.17,-1.52654e-09,13.4054,12.4242,-4.5854,2640.82,2765.69
2390,4281.18,-1.52654e-09,13.4054,13.0979,-4.78533,2724.53,2587.02
2391,4546.71,-1.52654e-09,13.4054,12.3829,-4.59277,2886.03,2554.12
2392,4014.56,-1.52654e-09,13.4054,11.9774,-4.48666,2514.56,3066.66
2393,4354.23,-1.52654e-09,13.4054,12.1623,-4.62315,2768.21,2343.61
2394,4428.53,-1.52654e-09,13.4054,12.409,-4.68435,2768.96,2676.09
2395,4082.5,-1.52654e-09,13.4054,13.0044,-4.91094,2582.5,2955.89
2396,4723.38,-1.52654e-09,13.4054,13.0065,-4.95176,3054.95,2253.85
2397,4096.94,-1.52654e-09,13.4054,13.2752,-4.90692,2596.94,3235.65
2398,4088.7,-1.52654e-09,13.4054,12.5765,-4.73416,2588.7,2664.84
2399,4843.07,-1.52654e-09,13.4054,12.375,-4.69339,3066.65,2123.69
2400,4290.92,-1.52654e-09,13.4054,12.1146,-4.73246,2728.98,3281.13
2401,4500.27,-1.52654e-09,13.4054,12.9812,-5.1696,2899.06,2637.37
2402,4790.25,-1.52654e-09,13.4054,12.1796,-4.81765,2977.02,2614.54
2403,4434.29,-1.52654e-09,13.4054,12.6374,-5.04917,2801.58,3157.54
2404,4612.02,-1.52654e-09,13.4054,11.6921,-4.58121,2917.29,2695.13
2405,5038.6,-1.52654e-09,13.4054,12.1813,-4.81767,3179.52,2646.29
2406,4468.44,-1.52654e-09,13.4054,11.5108,-4.50077,2826.25,3396.41
2407,4571.14,-1.52654e-09,13.4054,11.682,-4.54257,2868.87,2740.5
2408,4592.27,-1.52654e-09,13.4054,11.866,-4.51159,2882.85,2856.43
2409,4916.52,-1.52654e-09,13.4054,11.6567,-4.50206,3136.12,2730.8
2410,4357.87,-1.52654e-09,13.4054,12.0826,-4.64973,2768.18,3326.83
2411,4704.4,-1.52654e-09,13.4054,11.7382,-4.56325,2941.37,2508.2
2412,4262.29,-1.52654e-09,13.4054,11.7321,-4.37953,2677.52,3119.63
2413,4573.98,-1.52654e-09,13.4054,11.144,-4.21157,2871.89,2482.29
2414,4704.96,-1.52654e-09,13.4054,11.646,-4.36553,2981.34,2817.61
2415,5048.74,-1.52654e-09,13.4054,11.7853,-4.61947,3219.08,2789.35
2416,4533.11,-1.52654e-09,13.4054,12.71,-4.90771,2902.11,3417.73
2417,4751.68,-1.52654e-09,13.4054,12.7135,-4.93163,2952.67,2679.46
2418,4694.78,-1.52654e-09,13.4054,13.2196,-5.09438,2901.82,2958.72
2419,4809.27,-1.52654e-09,13.4054,12.5284,-4.77472,2918.65,2775.54
2420,5056.59,-1.52654e-09,13.4054,12.2581,-4.72234,3095.64,2786.5
2421,4263.43,-1.52654e-09,13.4054,11.9073,-4.4342,2560.2,3353.36
2422,5084.34,-1.52654e-09,13.4054,12.3022,-4.71637,3209.79,2183.65
2423,5099.81,-1.52654e-09,13.4054,12.1195,-4.49573,3151.92,3132.59
2424,4544.4,-1.52654e-09,13.4054,11.8934,-4.52647,2782.23,3337.63
2425,5048.77,-1.52654e-09,13.4054,11.7305,-4.45388,3136.16,2505.7
2426,4575.95,-1.52654e-09,13.4054,12.1792,-4.62473,2825.39,3298.21
2427,5381.97,-1.52654e-09,13.4054,12.744,-4.95898,3440.01,2432.49
2428,4550.22,-1.52654e-09,13.4054,12.7978,-4.80049,2906.65,3738.4
2429,4806.03,-1.52654e-09,13.4054,12.1688,-4.61977,2963.28,2643.52
2430,4882.43,-1.52654e-09,13.4054,11.8769,-4.40943,3057.79,2962.28
2431,5022.97,-1.52654e-09,13.4054,12.1342,-4.69822,3100.76,2925.09
2432,5271.06,-1.52654e-09,13.4054,12.6774,-4.85687,3282.36,2972.25
2433,4687.69,-1.52654e-09,13.4054,12.895,-4.82662,2894.1,3477.48
2434,4909.53,-1.52654e-09,13.4054,11.8957,-4.43797,3030.28,2752.97
2435,4828.98,-1.52654e-09,13.4054,11.7499,-4.40811,2940.49,3021.04
2436,5461.57,-1.52654e-09,13.4054,11.5902,-4.54164,3507.36,2716.62
2437,4900.04,-1.52654e-09,13.4054,12.1395,-4.62432,3046.49,3608.03
2438,4478.08,-1.52654e-09,13.4054,11.7611,-4.5144,2837.31,3259.26
2439,4900.64,-1.52654e-09,13.4054,12.5193,-4.77257,3015.39,2487.2
2440,4683.71,-1.52654e-09,13.4054,12.2575,-4.65146,2924.25,3141.18
2441,5156.02,-1.52654e-09,13.4054,12.1945,-4.68222,3267.66,2677.29
2442,5145.12,-1.52654e-09,13.4054,11.4288,-4.28942,3204.51,3215.41
2443,5160.66,-1.52654e-09,13.4054,11.3781,-4.44697,3223.01,3203.59
2444,4504.01,-1.52654e-09,13.4054,11.567,-4.35816,2786.64,3443.28
2445,5034.59,-1.52654e-09,13.4054,11.6259,-4.43672,3213.72,2550.49
2446,5155.86,-1.52654e-09,13.4054,12.1148,-4.55191,3267.2,3115.61
2447,4374.01,-1.52654e-09,13.4054,12.7697,-4.80513,2783.11,3564.96
2448,4600.18,-1.52654e-09,13.4054,13.3922,-5.04754,2913.35,2630.64
2449,5135.49,-1.52654e-09,13.4054,12.947,-4.92976,3260.6,2591.46
2450,4318.22,-1.52654e-09,13.4054,12.9926,-4.95182,2785.29,3602.55
2451,5351.27,-1.52654e-09,13.4054,12.8771,-5.19467,3483.7,2192.39
2452,4410.68,-1.52654e-09,13.4054,12.9321,-5.09452,2893.55,3834.14
2453,4500.66,-1.52654e-09,13.4054,12.4541,-5.03825,2888.32,2775.83
2454,4855.75,-1.52654e-09,13.4054,12.2021,-4.76456,3086.95,2643.1
2455,5051.38,-1.52654e-09,13.4054,12.7242,-5.09779,3199.88,2955.34
2456,5103.94,-1.52654e-09,13.4054,13.5046,-5.39918,3199.19,3133.49
2457,4391.2,-1.52654e-09,13.4054,12.9712,-5.03399,2699.99,3412.72
2458,4676.4,-1.52654e-09,13.4054,12.2359,-4.66026,2864.78,2508.28
2459,5440.6,-1.52654e-09,13.4054,11.8662,-4.46652,3527.79,2572.54
2460,4542.55,-1.52654e-09,13.4054,12.2783,-4.56963,2877.94,3775.98
2461,4618.69,-1.52654e-09,13.4054,11.8132,-4.44161,2961.97,2866.8
2462,5078.04,-1.52654e-09,13.4054,11.902,-4.53656,3249.07,2674.88
2463,5286.74,-1.52654e-09,13.4054,12.1082,-4.76296,3373.91,3113.04
2464,4911.65,-1.52654e-09,13.4054,13.0076,-5.02541,3142.24,3517.33
2465,4393.44,-1.52654e-09,13.4054,13.564,-5.12944,2757.74,3275.96
2466,5182.83,-1.52654e-09,13.4054,13.6995,-5.21867,3312.73,2325.99
2467,5102.33,-1.52654e-09,13.4054,14.3032,-5.3917,3308.51,3389.0
2468,5156.97,-1.52654e-09,13.4054,13.2805,-5.02088,3294.35,3226.05
2469,4497.82,-1.52654e-09,13.4054,13.3617,-4.93611,2816.91,3476.06
2470,5129.22,-1.52654e-09,13.4054,12.9334,-4.96052,3278.12,2488.88
2471,4879.93,0.41575,2.75838,12.4142,-4.70198,3112.52,3361.81
2472,4902.74,0.408511,2.97301,11.936,-4.48403,3128.07,3099.55
2473,4643.22,8.88911e-05,14.4392,12.6269,-4.5506,2962.34,3221.86
2474,5300.02,8.88911e-05,14.4392,13.9519,-5.1531,3408.26,2587.26
2475,4630.66,8.88911e-05,14.4392,14.0185,-5.1282,2960.19,3629.55
2476,4881.17,8.88911e-05,14.4392,12.6302,-4.79035,3090.27,2777.14
2477,5176.52,8.88911e-05,14.4392,11.9217,-4.60522,3310.01,2940.82
2478,5053.6,8.88911e-05,14.4392,12.5229,-4.88785,3215.55,3338.48
2479,4853.87,8.88911e-05,14.4392,13.0633,-5.04623,3019.07,3218.8
2480,5032.41,8.88911e-05,14.4392,13.2537,-5.06292,3205.23,2982.06
2481,5278.75,8.88911e-05,14.4392,12.9334,-5.03882,3340.12,3032.19
2482,4515.05,8.88911e-05,14.4392,12.9467,-4.92252,2836.31,3600.02
2483,5096.86,8.88911e-05,14.4392,12.709,-4.81842,3290.49,2563.23
2484,4656.94,8.88911e-05,14.4392,12.1968,-4.5309,3037.38,3477.3
2485,5068.57,8.88911e-05,14.4392,12.1337,-4.61406,3272.07,2757.53
2486,5056.6,8.88911e-05,14.4392,12.1785,-4.59199,3223.59,3235.56
2487,4225.72,8.88911e-05,14.4392,12.7936,-4.76986,2723.49,3554.38
2488,5169.52,8.88911e-05,14.4392,12.8835,-5.0059,3379.43,2199.68
2489,4589.34,8.88911e-05,14.4392,12.5449,-4.69476,3001.09,3581.27
2490,4730.16,8.88911e-05,14.4392,12.466,-4.8506,3099.29,2923.26
2491,4737.13,8.88911e-05,14.4392,12.8945,-4.85337,2967.75,2959.04
2492,5035.92,8.88911e-05,14.4392,14.0261,-5.44615,3268.87,2895.38
2493,4741.21,8.88911e-05,14.4392,14.2361,-5.40078,2995.56,3290.28
2494,5181.7,8.88911e-05,14.4392,13.7538,-5.14817,3324.03,2773.42
2495,4995.58,8.88911e-05,14.4392,13.7078,-5.07072,3188.26,3374.37
2496,4632.3,8.88911e-05,14.4392,14.1396,-5.19751,2878.08,3241.37
2497,4732.02,8.88911e-05,14.4392,13.353,-4.90261,2904.72,2780.07
2498,4983.55,8.88911e-05,14.4392,12.8758,-4.74889,3112.4,2797.99
2499,5087.76,8.88911e-05,14.4392,11.988,-4.48426,3118.34,2988.08
2500,4864.87,8.88911e-05,14.4392,12.3013,-4.62088,2952.53,3175.42
2501,5195.8,8.88911e-05,14.4392,12.9699,-4.91591,3182.18,2768.51
2502,4964.76,8.88911e-05,14.4392,13.1978,-5.01295,2976.16,3207.21
2503,5582.08,8.88911e-05,14.4392,13.579,-5.15265,3481.41,2709.75
2504,5064.34,8.88911e-05,14.4392,13.2636,-4.9912,3085.16,3602.9
2505,5087.72,8.88911e-05,14.4392,13.8452,-5.18242,3068.42,3039.19
2506,5296.22,8.88911e-05,14.4392,13.7816,-5.24176,3152.88,2892.25
2507,5441.54,8.88911e-05,14.4392,14.095,-5.48898,3345.16,3163.52
2508,4930.34,8.88911e-05,14.4392,14.161,-5.37938,2969.68,3480.88
2509,5462.32,8.88911e-05,14.4392,14.9165,-5.59913,3439.31,2774.33
2510,4839.77,8.88911e-05,14.4392,14.9244,-5.38477,2981.31,3603.87
2511,5451.8,8.88911e-05,14.4392,14.8324,-5.66318,3487.74,2722.71
2512,4879.94,8.88911e-05,14.4392,14.0858,-5.34786,3005.99,3577.85
2513,5089.55,8.88911e-05,14.4392,14.1291,-5.51221,3247.21,2985.2
2514,5521.74,8.88911e-05,14.4392,14.6119,-5.69426,3465.38,2925.15
2515,4490.99,8.88911e-05,14.4392,15.209,-5.94041,2817.28,3848.02
2516,5194.87,8.88911e-05,14.4392,14.6369,-5.9148,3337.2,2457.35
2517,4923.87,8.88911e-05,14.4392,14.336,-5.59527,3131.91,3402.9
2518,5414.2,8.88911e-05,14.4392,14.4874,-5.72048,3488.85,2875.94
2519,5021.52,0.364104,4.37554,14.3487,-5.60858,3153.08,3545.76
2520,5032.33,0.361872,4.24666,13.187,-5.26735,3161.45,3147.93
2521,5638.66,0.354562,4.28798,13.1548,-5.37561,3564.32,2806.4
2522,5220.04,9.52495e-05,16.6005,12.9751,-5.34127,3348.91,3767.53
2523,5091.08,9.52495e-05,16.6005,13.4563,-5.48277,3237.47,3366.43
2524,5608.67,9.52495e-05,16.6005,12.9751,-5.34045,3556.47,2909.48
2525,5528.09,9.52495e-05,16.6005,13.8881,-5.62253,3544.37,3624.95
2526,5680.67,9.52495e-05,16.6005,14.2778,-5.90027,3534.54,3343.82
2527,4518.77,9.52495e-05,16.6005,13.9531,-5.5292,2864.11,4026.01
2528,5402.76,9.52495e-05,16.6005,13.9022,-5.58126,3526.08,2421.09
2529,5630.82,9.52495e-05,16.6005,14.075,-5.57563,3599.18,3314.12
2530,4178.7,9.52495e-05,16.6005,14.3323,-5.57342,2678.7,4132.6
2531,5243.06,9.52495e-05,16.6005,13.3777,-5.30151,3518.2,2187.75
2532,5224.72,9.52495e-05,16.6005,12.9389,-5.13494,3440.42,3458.75
2533,5350.62,9.52495e-05,16.6005,14.0595,-5.87853,3523.77,3366.4
2534,4938.72,9.52495e-05,16.6005,15.0158,-6.14804,3292.49,3704.4
2535,5447.12,9.52495e-05,16.6005,15.24,-6.40166,3519.4,2883.89
2536,4830.73,9.52495e-05,16.6005,13.2802,-5.54238,3162.45,3778.84
2537,5374.73,9.52495e-05,16.6005,13.3835,-5.64744,3626.63,2946.64
2538,5576.78,9.52495e-05,16.6005,12.9912,-5.5004,3575.24,3322.68
2539,4585.5,0.23427,5.45206,13.443,-5.63724,3085.5,4130.41
2540,5328.14,0.231106,5.62254,13.2075,-5.62837,3470.23,2541.94
2541,5564.36,0.233467,5.56239,12.7611,-5.39266,3649.85,3354.57
2542,4890.92,1.05706e-05,15.2333,13.9888,-5.95283,3234.29,3907.74
2543,5427.09,1.05706e-05,15.2333,14.3627,-6.0485,3514.17,2843.95
2544,4922.17,1.05706e-05,15.2333,15.0464,-6.34436,3181.33,3686.25
2545,5564.28,1.05706e-05,15.2333,14.618,-6.24504,3674.98,2872.35
2546,5475.35,1.05706e-05,15.2333,13.5417,-5.77997,3572.56,3661.49
2547,5268.48,1.05706e-05,15.2333,13.3187,-5.64628,3420.89,3627.76
2548,5359.49,1.05706e-05,15.2333,13.599,-5.78794,3431.52,3317.76
2549,5388.73,1.05706e-05,15.2333,13.3125,-5.65344,3375.25,3338.69
2550,5432.61,1.05706e-05,15.2333,12.7623,-5.42551,3523.91,3469.07
2551,6266.28,1.05706e-05,15.2333,12.6161,-5.37988,4097.93,3055.84
2552,4932.98,1.05706e-05,15.2333,13.997,-5.86707,3215.97,4549.27
2553,5603.06,1.05706e-05,15.2333,14.3449,-6.13897,3703.8,2866.2
2554,5039.1,1.05706e-05,15.2333,13.0239,-5.48622,3287.83,3851.79
2555,5800.74,1.05706e-05,15.2333,12.3085,-5.45158,3984.6,3032.55
2556,5981.67,1.05706e-05,15.2333,12.8547,-5.74941,3937.78,3711.61
2557,4348.85,1.05706e-05,15.2333,14.6006,-6.39256,2848.85,4622.99
2558,5724.52,1.05706e-05,15.2333,14.0167,-6.21424,3785.17,2065.59
2559,5192.23,1.05706e-05,15.2333,13.9454,-5.90484,3422.15,3954.44
2560,5498.0,1.05706e-05,15.2333,12.8161,-5.61038,3706.53,3324.31
2561,5424.65,1.05706e-05,15.2333,12.8907,-5.54822,3499.78,3573.13
2562,5715.32,0.442436,4.33128,13.1709,-5.90677,3866.33,3502.99
2563,5947.55,0.446308,4.34005,13.1974,-5.96426,3848.69,3558.41
2564,4552.33,-1.74056e-05,17.7714,12.6852,-5.35611,3052.33,4516.18
2565,5870.19,-0.0122868,2.3108,12.505,-5.33881,3969.82,2322.49
2566,4812.15,0.0721929,2.33608,12.0386,-5.01439,3312.15,4445.08
2567,5450.66,5.2741e-05,17.0474,13.0083,-5.7028,3822.28,3024.14
2568,5324.07,5.2741e-05,17.0474,13.1503,-5.72844,3615.11,3741.7
2569,5663.07,5.2741e-05,17.0474,13.7747,-6.14099,3913.67,3489.92
2570,5517.68,5.2741e-05,17.0474,13.5556,-6.15362,3730.77,3876.17
2571,5938.38,5.2741e-05,17.0474,13.223,-5.99435,3984.43,3458.56
2572,5961.91,5.2741e-05,17.0474,13.3719,-6.03902,3967.82,3938.4
2573,5449.19,5.2741e-05,17.0474,12.9978,-5.79397,3677.63,4190.35
2574,6012.04,0.79053,3.4935,12.6679,-5.54999,4065.34,3361.78
2575,6150.22,0.810412,3.67344,13.0267,-5.79284,4175.09,4002.36
2576,5462.81,0.819287,3.7653,13.9447,-6.12255,3784.16,4471.56
2577,5496.96,3.73438e-05,17.0197,15.0691,-6.7168,3725.64,3682.96
2578,5589.26,3.73438e-05,17.0197,14.1554,-6.28452,3713.72,3598.34
2579,5911.43,3.73438e-05,17.0197,13.2921,-6.06668,3967.81,3565.1
2580,6161.57,3.73438e-05,17.0197,12.049,-5.60539,4180.59,3867.9
2581,5244.59,3.73438e-05,17.0197,11.9615,-5.48292,3516.88,4433.87
2582,5715.54,3.73438e-05,17.0197,12.3292,-5.52278,3874.63,3285.95
2583,6109.61,3.73438e-05,17.0197,13.3984,-5.91353,4180.84,3688.24
2584,6307.85,3.73438e-05,17.0197,13.5577,-6.23747,4333.25,4085.46
2585,5603.08,3.73438e-05,17.0197,13.9385,-6.48361,3855.89,4560.66
2586,5105.89,3.73438e-05,17.0197,13.6747,-6.28415,3529.54,4026.74
2587,6036.64,3.73438e-05,17.0197,13.9282,-6.24955,4196.73,3033.29
2588,5873.66,3.73438e-05,17.0197,13.2565,-6.07061,4113.9,4276.88
2589,6089.96,3.73438e-05,17.0197,13.9061,-6.4225,4244.68,3974.31
2590,5436.28,3.73438e-05,17.0197,14.1976,-6.5635,3813.81,4467.48
2591,5499.89,3.73438e-05,17.0197,14.547,-6.72333,3735.51,3656.0
2592,5392.82,3.73438e-05,17.0197,13.8801,-6.42896,3730.35,3837.42
2593,6089.14,0.103425,2.18635,12.9181,-5.96239,4284.98,3414.57
2594,5214.98,0.0699067,2.03534,12.664,-5.64218,3714.98,4686.55
2595,6422.36,-0.0410108,2.76713,13.0442,-5.94941,4526.91,3017.69
2596,5612.77,-1.35878e-05,15.3967,13.3867,-6.30223,3986.55,4796.14
2597,5078.59,-1.35878e-05,15.3967,12.931,-6.2384,3578.59,4162.89
2598,6070.2,-1.35878e-05,15.3967,12.5091,-6.13471,4311.84,3072.32
2599,5851.44,-1.35878e-05,15.3967,12.4119,-6.07497,4067.37,4286.13
2600,5892.27,-1.35878e-05,15.3967,13.0375,-6.40281,4065.11,4014.07
2601,6705.94,-1.35878e-05,15.3967,13.334,-6.53984,4589.5,3572.41
2602,5570.21,-1.35878e-05,15.3967,13.3833,-6.50373,3950.42,5086.15
2603,6060.02,-0.142893,2.29252,13.4073,-6.54491,4212.8,3600.54
2604,5892.77,-0.55236,1.51822,12.839,-6.05763,4165.79,4333.05
2605,6551.36,-0.614188,1.37069,12.8714,-6.18548,4609.17,3785.93
2606,5955.07,2.29285,-1.60403,13.3439,-6.41507,4151.77,4748.05
2607,5610.36,2.08412,-0.71031,13.342,-6.39179,3907.81,4252.52
2608,6342.95,0.550648,1.78378,12.9461,-6.16832,4376.47,3460.73
2609,6326.71,-8.24812e-05,15.873,12.3031,-5.89827,4445.84,4462.08
2610,6214.23,-8.24812e-05,15.873,12.2468,-5.98954,4273.51,4386.0
2611,6727.79,-8.24812e-05,15.873,12.2602,-6.0276,4687.94,4045.98
2612,5883.54,-8.24812e-05,15.873,12.335,-6.04131,4143.05,4987.31
2613,6773.46,0.156497,2.57346,12.4669,-6.09123,4810.58,3698.18
2614,5977.02,-0.0179065,1.64347,12.919,-6.20095,4219.22,5015.67
2615,6234.52,0.149822,1.47969,13.6232,-6.62877,4337.19,4015.31
2616,6623.33,-0.0633162,2.43672,12.3993,-6.10243,4656.67,4170.66
2617,6200.89,-4.88185e-06,17.8033,11.5482,-5.6468,4388.34,4810.77
2618,6653.76,-4.88185e-06,17.8033,11.2553,-5.53855,4572.37,4006.29
2619,6434.6,-4.88185e-06,17.8033,13.0303,-6.37328,4443.87,4663.03
2620,6293.18,-4.88185e-06,17.8033,13.7578,-6.79487,4354.75,4496.17
2621,6768.96,-4.88185e-06,17.8033,13.3666,-6.60852,4706.32,4111.59
2622,7119.62,-4.88185e-06,17.8033,13.3003,-6.61282,4939.57,4501.26
2623,6602.92,0.333816,5.22028,14.0515,-7.05852,4522.63,5039.33
2624,6356.26,0.333301,4.9997,14.6186,-7.2044,4255.02,4501.68
2625,6845.54,1.45862e-05,18.8828,14.3142,-7.07728,4618.6,4006.99
2626,6822.58,1.45862e-05,18.8828,13.5736,-6.68332,4578.57,4601.53
2627,7317.55,1.45862e-05,18.8828,12.9909,-6.41434,4887.69,4268.99
2628,6713.96,1.45862e-05,18.8828,13.4226,-6.44939,4540.41,5144.0
2629,6364.48,1.45862e-05,18.8828,13.4661,-6.32002,4178.05,4527.53
2630,7234.54,1.45862e-05,18.8828,14.3466,-6.84291,4838.1,3750.52
2631,5952.98,1.45862e-05,18.8828,13.4637,-6.31956,4009.91,5291.47
2632,6914.61,1.45862e-05,18.8828,14.1864,-6.8507,4651.38,3449.34
2633,6419.63,1.45862e-05,18.8828,13.5119,-6.42634,4297.8,4792.78
2634,6090.38,1.45862e-05,18.8828,13.619,-6.55435,4156.1,4485.36
2635,7176.52,1.45862e-05,18.8828,12.5387,-6.10496,4895.0,3537.33
2636,6674.02,1.45862e-05,18.8828,12.2348,-6.05044,4521.02,5023.52
2637,6905.35,1.45862e-05,18.8828,11.9796,-6.04502,4689.14,4399.97
2638,6743.69,1.45862e-05,18.8828,11.9756,-6.00629,4540.61,4702.28
2639,6753.75,1.45862e-05,18.8828,12.2504,-6.1015,4520.9,4508.32
2640,7074.6,1.45862e-05,18.8828,12.6169,-6.25359,4631.94,4230.88
2641,7442.56,1.45862e-05,18.8828,13.0,-6.40123,4989.14,4529.19
2642,6695.65,1.45862e-05,18.8828,12.8714,-6.21464,4380.29,5127.2
2643,6695.18,1.45862e-05,18.8828,12.7796,-6.1885,4387.71,4388.18
2644,7762.96,1.45862e-05,18.8828,12.743,-6.14968,5151.89,3817.16
2645,6154.57,1.45862e-05,18.8828,12.816,-6.13918,4090.98,5699.38
2646,7216.32,0.907508,2.81705,14.0742,-6.71077,4841.54,3514.35
2647,6290.63,0.930176,2.76173,14.147,-6.73186,4246.53,5172.22
2648,6575.3,2.04698e-05,14.1063,15.0895,-7.33065,4385.13,4029.3
2649,6754.06,2.04698e-05,14.1063,14.186,-6.87584,4543.98,4320.54
2650,7001.27,2.04698e-05,14.1063,15.2182,-7.41719,4627.9,4318.88
2651,7031.38,2.04698e-05,14.1063,14.5888,-7.15554,4606.79,4569.16
2652,7517.64,0.0001334,14.4948,14.2512,-7.12067,4914.12,4306.29
2653,7135.84,0.0001334,14.4948,13.1754,-6.44392,4770.46,5152.27
2654,7399.91,0.891709,3.40044,13.3379,-6.59118,4765.25,4435.16
2655,6631.05,0.875493,3.09273,13.2927,-6.35864,4404.89,5173.74
2656,7864.87,1.66927,1.88833,13.7138,-6.81819,5226.36,3684.09
2657,6436.83,0.908414,3.36808,13.3677,-6.45169,4323.9,5751.93
2658,7031.12,1.40368e-05,17.6725,13.9422,-6.95736,4737.31,3994.45
2659,6635.17,1.40368e-05,17.6725,14.1375,-7.02664,4410.79,4806.74
2660,6980.47,1.40368e-05,17.6725,14.1182,-7.13124,4649.84,4218.22
2661,7119.45,1.40368e-05,17.6725,13.1887,-6.62935,4722.65,4548.93
2662,7794.63,1.40368e-05,17.6725,12.5518,-6.32498,5247.55,4403.57
2663,7061.54,1.40368e-05,17.6725,12.5118,-6.40255,4790.52,5523.61
2664,7150.46,1.40368e-05,17.6725,12.9198,-6.70487,4712.88,4601.74
2665,7380.23,1.40368e-05,17.6725,13.0655,-6.90179,4976.46,4689.25
2666,7177.09,0.84174,3.72575,13.0327,-6.74641,4774.54,4977.67
2667,7644.18,0.846387,3.86692,12.9449,-6.666,5144.62,4560.77
2668,7355.72,-5.73002e-06,14.9438,13.2807,-6.72859,4858.33,5146.78
2669,7367.85,-5.73002e-06,14.9438,13.4463,-6.87744,4873.19,4858.03
2670,6799.02,-5.73002e-06,14.9438,12.9993,-6.55262,4420.0,4988.84
2671,7987.12,-5.73002e-06,14.9438,11.697,-5.92643,5383.9,3898.77
2672,6535.62,-5.73002e-06,14.9438,10.766,-5.32124,4435.17,5886.67
2673,7301.86,0.00130043,2.7926,10.8045,-5.41009,5015.16,4057.36
2674,6479.4,-0.155313,2.17712,11.7626,-5.71766,4332.23,5154.69
2675,7132.88,1.09918,0.551844,12.3728,-6.34365,4920.5,4103.65
2676,7694.95,3.75347,-2.0292,12.0973,-6.20228,5295.45,4592.86
2677,6505.17,4.83807,-2.36808,11.9528,-6.21795,4476.42,5666.2
2678,7218.92,4.92553,-1.96988,12.2061,-6.3005,5003.24,4111.05
2679,7962.33,5.32335,-2.57613,13.6011,-7.16323,5524.69,4595.42
2680,7215.09,5.62404,-3.04681,14.0026,-7.43539,4953.95,5701.19
2681,7418.8,4.90493,-2.91248,13.34,-7.00253,5040.54,4785.9
2682,7564.53,3.69681,-2.26997,12.6642,-6.52058,5128.35,4946.19
2683,7657.0,1.1483,-0.162429,13.1213,-6.68518,5100.32,4984.73
2684,8454.31,1.3316,-0.0128262,12.6578,-6.53845,5692.63,4695.99
2685,7811.83,3.8708,-2.19669,13.1639,-6.83974,5339.49,5981.97
2686,8107.57,2.88176,-1.63624,12.474,-6.501,5319.08,4949.4
2687,7402.24,4.07316,-1.59901,12.7481,-6.30098,4913.62,5618.95
2688,8359.0,1.14673,2.90574,12.8137,-6.33219,5551.61,4355.66
2689,8057.37,1.23126,2.86001,12.857,-6.33431,5354.22,5655.86
2690,7389.57,1.24793,2.87129,13.4739,-6.81611,4828.54,5496.34
2691,8313.02,2.14674e-05,14.4572,12.6046,-6.45783,5513.43,4359.12
2692,7145.74,2.14674e-05,14.4572,12.766,-6.4666,4744.31,5911.59
2693,8905.79,0.834481,0.829291,12.9425,-6.73228,6025.2,3825.13
2694,7247.7,1.3974,0.0237976,13.3881,-6.74041,4936.7,6594.79
2695,6613.83,0.976145,0.512428,13.2965,-6.75036,4439.85,5073.72
2696,7735.51,2.73563,-1.19035,13.8264,-6.9578,5249.33,3847.24
2697,7336.87,5.34302,-3.30715,13.9776,-6.99306,4900.63,5299.27
2698,7618.99,5.53101,-3.46458,14.2503,-7.27403,5146.0,4793.36
2699,7179.64,5.51681,-2.99253,13.2449,-6.6188,4701.43,5140.77
2700,7857.82,5.60259,-2.68712,12.6179,-6.4037,5178.63,4330.91
2701,7840.52,4.61041,-2.93273,12.0227,-5.94589,5074.01,5091.31
2702,8175.93,2.50375,-1.51028,12.5151,-6.25897,5440.0,5020.73
2703,8224.37,1.4024,-0.168954,13.0076,-6.55419,5336.4,5275.86
2704,8231.62,3.86264,-2.20375,13.6557,-6.8705,5344.96,5335.89
2705,8323.33,3.15387,-1.45702,12.7119,-6.38515,5385.0,5270.36
2706,8599.95,2.60556,-1.10709,13.0549,-6.43267,5570.18,5224.41
2707,8618.94,-1.05405,2.30324,13.4424,-6.61747,5593.57,5569.82
2708,8150.84,-0.14778,2.00671,14.5127,-7.14494,5168.37,5636.48
2709,8859.28,1.57527e-05,17.082,15.3558,-7.54245,5734.43,4848.88
2710,8151.73,1.57527e-05,17.082,15.2812,-7.42896,5303.94,6011.48
2711,8695.44,1.57527e-05,17.082,16.2407,-7.85664,5542.21,4862.58
2712,8700.78,1.57527e-05,17.082,14.4558,-7.11078,5558.57,5551.9
2713,8781.97,1.57527e-05,17.082,14.4909,-7.27719,5643.52,5542.03
2714,8929.65,1.4096,2.07944,13.9501,-7.12273,5498.89,5314.29
2715,8507.76,1.38778,2.41615,14.5175,-7.14164,5415.44,5837.33
2716,9204.62,1.35588,2.57973,14.1021,-6.98385,5690.76,4819.67
2717,8309.78,1.6231e-05,14.3197,13.6719,-6.57189,5252.28,6147.12
2718,8796.19,1.6231e-05,14.3197,14.2642,-7.07964,5580.09,4972.09
2719,8060.86,0.550804,4.72492,14.1824,-6.82674,4990.25,5725.58
2720,9129.51,0.558224,4.79915,15.0419,-7.40143,5820.24,4484.42
2721,8765.61,0.562941,4.70626,13.5228,-6.75648,5388.23,5752.13
2722,8032.07,-1.64957e-05,14.7921,14.5588,-7.3037,5044.0,5777.54
2723,8195.38,-1.64957e-05,14.7921,12.9853,-6.47715,4879.79,4675.64
2724,8415.28,-1.64957e-05,14.7921,12.8014,-6.31229,5170.1,4895.23
2725,8975.31,-1.64957e-05,14.7921,12.088,-6.10147,5615.38,4915.34
2726,9293.23,-1.64957e-05,14.7921,12.392,-6.22416,5844.99,5447.59
2727,8991.89,-1.64957e-05,14.7921,14.4324,-7.40773,5538.9,5840.23
2728,9011.07,-1.64957e-05,14.7921,14.6985,-7.59027,5469.51,5445.53
2729,9361.7,2.85857,-0.625271,15.3466,-8.05228,5813.19,5374.91
2730,8955.74,3.44244,-1.75282,13.7467,-6.92435,5500.04,5906.0
2731,9422.13,4.32389,-2.77691,13.1769,-6.6796,5792.04,5209.06
2732,9045.61,1.89856,-0.414282,12.8823,-6.44737,5637.17,6013.7
2733,9065.18,1.46922,0.766747,13.4993,-6.92486,5496.89,5472.42
2734,9257.98,0.457815,4.5884,14.1317,-7.27911,5744.18,5503.18
2735,9664.72,0.456759,4.51326,14.8211,-7.75178,5936.62,5428.19
2736,8855.51,-1.67352e-05,15.0234,13.7781,-6.99448,5475.25,6284.46
2737,9869.42,-1.67352e-05,15.0234,14.0338,-7.15505,6183.85,4916.46
2738,8423.95,-1.67352e-05,15.0234,14.4912,-7.34341,5261.84,6707.31
2739,8770.39,-1.67352e-05,15.0234,14.4592,-7.4802,5539.98,5106.93
2740,8728.58,-1.67352e-05,15.0234,13.9259,-7.08291,5317.14,5358.95
2741,8763.28,-1.67352e-05,15.0234,14.4047,-7.14904,5380.87,5337.5
2742,9404.19,-1.67352e-05,15.0234,13.9506,-6.95394,5819.61,5018.46
2743,9661.08,-1.67352e-05,15.0234,13.8504,-7.02236,6031.46,5710.35
2744,9174.88,-1.67352e-05,15.0234,13.6607,-7.12138,5723.22,6209.41
2745,9387.98,0.441965,4.34664,14.6787,-7.66156,5839.37,5572.99
2746,9203.58,0.453086,4.61393,14.5326,-7.50671,5617.24,5801.64
2747,9825.35,0.439542,4.27884,14.111,-7.27663,6198.76,5421.54
2748,9009.48,6.27418e-05,17.986,13.7127,-7.17012,5487.07,6302.95
2749,9075.47,6.27418e-05,17.986,13.7534,-7.25812,5618.11,5535.63
2750,9075.6,6.27418e-05,17.986,12.9983,-6.96024,5499.59,5499.43
2751,10013.1,6.27418e-05,17.986,13.4666,-7.17328,6326.53,5154.72
2752,9238.84,6.27418e-05,17.986,13.7476,-7.20736,5768.48,6542.68
2753,8857.01,0.454688,4.92426,14.8917,-7.68171,5437.94,5819.77
2754,9663.88,0.452095,5.10335,14.3834,-7.59957,6016.95,5008.36
2755,9282.49,0.451275,4.61399,14.6886,-7.86957,5893.25,6274.64
2756,9311.27,-1.14024e-05,15.1309,13.9301,-7.38928,5886.2,5850.23
2757,10375.1,-1.14024e-05,15.1309,13.9306,-7.28618,6706.77,5376.99
2758,9868.49,-1.14024e-05,15.1309,13.6047,-7.28405,6300.2,6806.8
2759,9151.84,-1.14024e-05,15.1309,14.4969,-7.8566,5988.81,6705.46
2760,10050.6,-1.14024e-05,15.1309,14.564,-8.00882,6398.58,5275.1
2761,9254.55,-1.14024e-05,15.1309,14.6713,-8.0547,6068.76,6864.83
2762,10002.3,-1.14024e-05,15.1309,14.603,-8.178,6547.15,5612.47
2763,9370.39,-1.14024e-05,15.1309,14.1796,-7.85415,6210.04,6841.95
2764,10164.0,1.18473,1.2983,14.4142,-8.07078,6458.0,5465.93
2765,9441.8,0.934328,1.71303,13.8663,-7.66409,6063.97,6786.21
2766,8826.16,-8.14526e-05,18.2671,14.839,-8.22066,5655.8,6271.45
2767,9696.53,-8.14526e-05,18.2671,14.3618,-8.02654,6199.75,5111.78
2768,9718.07,-8.14526e-05,18.2671,14.8018,-8.28637,6307.03,6280.11
2769,9901.52,-8.14526e-05,18.2671,12.6911,-7.12409,6314.26,6084.94
2770,9135.01,0.922693,3.60362,12.7236,-6.96603,5889.47,6655.99
2771,10387.0,1.05615,1.72103,12.7848,-7.20176,6915.0,5350.06
2772,9422.56,-0.070185,2.10343,14.3643,-8.0456,6156.26,7120.66
2773,10152.7,2.68444,-0.638339,14.3088,-8.21049,6626.37,5713.74
2774,9366.96,4.51939,-2.57487,13.728,-7.77691,6215.46,7001.15
2775,9455.55,5.54881,-3.75905,12.9408,-7.47039,6142.48,6031.75
2776,10358.3,5.01952,-2.32871,13.335,-7.67552,6865.0,5736.5
2777,9948.65,6.03788e-07,16.7201,14.4704,-8.32569,6608.52,7018.21
2778,10754.5,6.03788e-07,16.7201,15.8528,-9.06857,7160.05,6152.73
2779,8708.13,6.03788e-07,16.7201,15.2687,-8.46495,5730.55,7776.92
2780,9820.12,0.566967,2.46623,14.8528,-8.32369,6664.83,5274.85
2781,10460.6,1.74825,-0.298595,14.0073,-7.99438,7065.64,6265.11
2782,9567.11,3.69053,-2.88467,14.6873,-8.59367,6496.51,7389.95
2783,10703.6,6.15805,-5.26415,14.5757,-8.60445,7403.46,5982.83
2784,10134.2,6.81477,-5.55091,15.6745,-9.40048,6932.81,7502.25
2785,9972.13,6.64369,-4.71831,14.754,-8.84549,6800.66,6962.7
2786,9519.22,6.93529,-3.53181,14.1608,-8.40661,6363.05,6815.96
2787,10400.4,6.63719,-3.11527,12.9481,-7.59898,7105.24,6003.79
2788,11512.1,6.41071,-2.84147,13.6585,-8.21999,7882.45,6492.77
2789,10276.5,6.06376,-2.74061,13.7795,-8.20066,7273.96,8509.54
2790,10307.7,3.3367,-3.04451,14.725,-8.75068,7052.37,7013.44
2791,11136.7,2.37758,-2.72415,13.6321,-8.06725,7773.61,6737.28
2792,12049.7,2.76457,-2.77373,13.926,-8.45296,8564.62,7423.4
2793,10233.6,3.28641,-2.86769,13.8005,-8.22679,7274.34,9090.41
2794,11955.5,3.0339,-2.14497,14.6384,-8.90825,8551.62,6399.36
2795,10246.1,4.28384,-2.33656,14.382,-8.78449,7284.25,8993.57
2796,9937.03,5.38892,-2.28771,14.1275,-8.82658,7122.1,7431.2
2797,10592.1,2.77823,-3.23818,13.1716,-7.96389,7617.23,6798.45
2798,10824.5,3.41589,-2.35861,13.6147,-8.01444,7858.4,7567.81
2799,11629.0,3.76935,-1.93332,13.9188,-8.19872,8225.88,7220.3
2800,10150.6,5.05074,-2.14543,14.5145,-8.68577,7292.63,8771.04
2801,12379.9,1.89091,-2.57272,14.1882,-8.72692,9122.86,6336.23
2802,10793.6,2.90767,-2.17631,13.7156,-8.30616,8107.95,9694.23
2803,12175.0,3.81104,-1.89358,14.4816,-8.78136,8825.11,7098.35
2804,10608.5,5.63143,-1.58097,14.0697,-8.58257,7963.55,9530.07
2805,12539.9,2.55844,-2.37553,14.7746,-9.23108,9401.4,6987.16
2806,10572.1,1.44411,-2.219,12.8194,-7.82282,8355.96,10323.8
2807,14016.9,1.03181,-1.74799,14.5597,-8.84778,10991.3,6685.28
2808,10105.4,1.6769,-2.43887,13.6287,-8.10059,8309.67,12221.1
2809,11013.3,6.04057,-5.76058,16.5391,-9.90679,8859.7,7724.81
2810,12044.3,8.17161,-7.38195,14.9586,-9.19931,9442.37,8153.61
2811,11367.0,3.14144,-2.95377,16.2526,-10.0082,9282.45,9959.8
2812,14538.2,2.57901,-2.15676,14.1841,-8.92828,11546.6,7582.62
2813,11609.8,2.61492,-1.73422,14.3482,-8.75738,9803.52,12731.9
2814,12191.0,5.07621,-4.55869,15.5135,-9.50112,9840.05,9113.54
2815,13571.6,5.08333,-5.5627,16.3258,-10.153,11111.5,9385.65
2816,14825.9,6.12741,-5.53221,16.976,-10.5773,11882.6,10314.8
2817,10785.4,8.37801,-6.79098,15.4902,-9.6239,9157.48,13197.9
2818,14933.2,8.23265,-6.75837,17.5421,-10.6348,12552.2,7367.37
2819,13615.0,4.82458,-5.04033,16.7414,-10.2487,11723.9,13042.2
2820,14774.1,4.78839,-4.84908,19.1814,-11.7615,12356.7,10907.7
2821,13265.0,4.79193,-4.7137,17.9072,-10.6848,11302.3,12811.4
2822,14699.3,2.06251,-2.51269,20.7357,-12.3318,12286.7,10493.8
2823,13674.1,2.7329,-3.48973,16.6232,-9.84628,11658.9,12684.2
2824,15371.4,3.13834,-3.58167,17.0173,-10.3069,13035.5,10913.8
2825,15264.9,4.50773,-4.06857,16.0686,-9.67228,13023.8,13130.3
2826,17029.6,2.72676,-2.84669,18.0863,-11.0521,14459.1,12253.3
2827,18200.6,2.27608,-2.89361,17.2911,-10.6599,15259.0,13795.2
2828,14654.8,1.91825,-2.86635,16.4105,-10.0055,12923.0,16468.9
2829,18830.5,3.56903,-4.0872,16.9532,-10.4267,15899.9,10680.2
2830,14602.8,6.24016,-5.68711,17.1497,-10.227,13102.8,18332.3
2831,19398.7,7.52495,-5.84347,19.5253,-11.7941,16442.8,10447.8
2832,16798.5,6.86468,-5.32289,19.0471,-10.7718,14791.9,17392.1
2833,17153.1,4.37714,-4.0721,21.2227,-11.9867,14764.7,14321.4
2834,15784.7,4.89561,-5.33255,21.01,-11.7167,13917.7,15286.1
2835,19219.7,6.20792,-6.16272,22.0504,-12.7708,16518.3,12224.5
2836,21146.1,6.87632,-5.97634,19.4615,-11.1609,18221.6,15813.7
2837,19608.7,8.62742,-6.73435,18.8857,-10.7548,16892.5,18430.0
2838,20320.7,7.36714,-6.08755,19.8088,-11.4007,17317.0,16427.0
2839,21314.3,4.36309,-4.49538,19.7448,-11.3733,18378.3,17136.3
2840,24332.8,4.44594,-4.96735,19.2558,-11.3005,20099.3,16326.1
2841,21078.0,3.81002,-3.75364,17.3118,-10.191,18195.4,21450.3
2842,22157.1,3.41894,-2.93625,18.3204,-10.896,18656.7,17307.7
2843,20983.4,6.38048,-4.25331,19.9065,-11.8014,17940.0,19113.7
2844,23302.0,4.10365,-3.49774,22.1624,-12.9296,19540.2,16642.0
2845,24857.4,2.72859,-2.76978,20.0965,-11.8049,21032.0,19087.7
2846,23196.1,3.04962,-3.01363,19.8135,-11.743,19496.1,21157.4
2847,23230.1,4.14257,-3.52509,18.813,-11.2631,19375.4,19333.0
2848,23864.7,2.68861,-2.19816,20.9288,-12.4204,20005.2,19211.9
2849,24370.2,3.4962,-2.64078,20.1538,-11.8555,19809.3,19177.4
2850,25252.6,3.72077,-2.79746,21.9795,-12.6952,20653.2,19550.2
2851,23846.9,4.46711,-3.43654,23.5276,-13.2621,19495.5,20901.2
2852,25663.2,7.13218,-4.71235,23.1461,-13.1568,21158.3,18887.9
2853,26214.1,9.43374,-6.94003,23.1758,-13.1705,21135.4,20446.9
2854,23933.3,9.54387,-7.50436,22.4269,-13.0392,19850.2,22131.0
2855,25988.3,9.88866,-8.27254,24.2256,-14.0074,21057.3,18488.5
2856,24206.1,8.36989,-7.28277,22.9434,-13.1268,20381.5,22163.7
2857,26290.7,7.01893,-6.18844,23.7006,-13.3732,21241.3,18635.6
2858,23166.7,4.266,-3.37386,23.4557,-13.053,19469.1,22593.1
2859,27177.9,3.79742,-2.83875,25.8916,-14.6239,22228.1,17214.1
2860,23312.6,9.00193,-7.4364,25.4308,-14.4447,19838.6,23703.9
2861,23985.0,8.4459,-6.88688,26.67,-15.2155,19642.2,18801.7
2862,21375.9,7.20525,-5.99385,23.9395,-13.5932,18172.3,20781.5
2863,27196.1,5.63386,-4.77058,23.5213,-13.4044,22832.8,14649.5
2864,21061.3,4.72509,-4.09941,20.2732,-11.5121,18286.4,24421.3
2865,20049.4,3.88289,-3.63013,21.0065,-12.0118,17811.4,18823.3
2866,24106.6,3.57103,-4.61982,22.0581,-12.7211,20222.2,15150.7
2867,25188.4,6.99811,-6.25449,24.7619,-14.9633,21146.2,19793.9
2868,23233.0,8.00073,-6.52862,22.6165,-13.7219,19307.5,21262.9
2869,24958.6,7.91653,-6.78308,20.6337,-12.6319,21054.9,18897.9
2870,27969.4,4.64674,-4.06244,22.0562,-13.2842,22878.9,18331.2
2871,22247.4,4.65427,-3.40814,22.448,-13.4476,19199.8,24921.8
2872,23892.6,5.19383,-4.29787,23.8984,-14.0823,19928.6,17872.1
2873,21106.1,4.69532,-4.25666,23.0313,-13.5769,18060.8,20847.3
2874,25613.2,3.62529,-4.21464,24.6936,-14.834,21227.7,15593.8
2875,25059.2,6.16864,-4.46858,24.1751,-14.7363,20505.3,21059.3
2876,23931.2,8.21596,-4.88054,23.5878,-14.1522,19555.5,20683.5
2877,25185.5,3.36199,-2.48056,23.2683,-13.9251,20063.7,18495.7
2878,26023.4,1.68168,-2.06938,24.8514,-14.7002,20644.4,19597.1
2879,24316.1,3.70747,-4.49286,24.0655,-14.1476,19621.3,21328.6
2880,26544.5,3.35566,-3.24483,26.8955,-15.603,21229.0,17806.5
2881,27039.5,4.9995,-4.13744,27.5602,-16.0833,21171.6,20511.1
2882,21286.9,7.85065,-5.63757,26.8806,-15.5117,17536.9,23289.5
2883,25437.0,4.56624,-3.31297,24.1863,-13.8266,20507.8,15153.6
2884,21348.7,4.60898,-3.20629,23.9652,-13.5742,17596.3,21684.6
2885,23929.7,4.40333,-3.17049,26.1975,-15.0762,19297.2,16070.9
2886,25208.0,4.49868,-4.0283,26.5161,-15.5357,20095.5,18497.7
2887,26660.4,4.17704,-3.37088,25.1402,-14.8418,21172.4,18612.3
2888,20458.6,5.2058,-3.84115,23.1432,-13.9339,16908.7,23110.5
2889,16314.0,3.85567,-3.06304,25.141,-15.0268,14260.4,18405.0
2890,23742.5,3.20127,-4.57241,23.9871,-14.5324,19647.5,10122.6
2891,26402.6,5.88993,-5.40418,26.0141,-15.659,21216.4,17891.3
2892,19348.7,6.66189,-5.23518,23.4176,-14.1558,16984.8,24038.7
2893,19145.0,6.79894,-4.79244,25.3078,-15.0429,16311.3,16514.9
2894,20752.8,4.09911,-4.63126,25.763,-15.0539,17350.6,15340.9
2895,23839.3,2.76218,-2.88228,26.5902,-15.7021,19421.3,15563.2
2896,18410.2,3.24868,-3.02685,27.8566,-16.3633,16052.9,21481.9
2897,22030.4,3.41065,-3.1988,28.4077,-16.8633,18553.6,14028.4
2898,23349.1,2.73661,-4.41208,28.9651,-16.8808,19092.5,17444.1
2899,24540.5,5.15474,-4.56117,27.9925,-16.6984,19480.0,17990.8
2900,24832.7,6.47231,-5.40395,27.4069,-16.3949,19871.7,19506.4
2901,25348.4,6.29433,-4.87277,29.3279,-17.6293,19624.2,18979.5
2902,21582.9,2.87561,-3.38027,29.3711,-17.086,17318.3,21083.7
2903,21816.6,5.205,-4.73467,29.2174,-16.6523,17234.2,16942.2
2904,20270.8,5.90036,-4.21618,28.8489,-16.3294,15782.8,17328.6
2905,23088.9,7.72134,-4.51635,27.3591,-15.4634,18083.2,13111.9
2906,19875.2,5.99309,-3.99706,29.6719,-16.5962,15916.6,19130.3
2907,17206.3,2.85711,-3.20096,30.7869,-17.2263,14147.0,16816.0
2908,15722.7,4.5313,-3.60765,33.9084,-18.8441,12963.0,14446.6
2909,16552.7,2.82848,-2.84159,31.4838,-17.5931,13434.2,12396.7
2910,18820.7,2.08768,-3.3107,28.799,-16.3011,14631.4,11796.4
2911,20191.3,1.9704,-2.23806,28.0784,-15.9915,15634.6,13921.4
2912,16470.1,2.77382,-2.31885,29.4389,-16.3886,13043.5,16764.6
2913,19670.6,3.82059,-2.57192,32.8944,-18.0809,15434.6,11434.1
2914,18994.4,2.02054,-2.42514,33.074,-18.137,14966.8,15643.0
2915,13426.7,3.3617,-2.7166,32.0804,-17.4245,11926.7,17992.1
2916,16943.5,3.31017,-2.57975,31.4476,-16.8263,13739.3,9343.26
2917,19851.9,5.05818,-3.82828,34.1847,-17.9995,15942.5,12307.0
2918,19440.2,5.50977,-4.22588,36.5813,-19.3619,15388.5,15800.3
2919,16237.5,3.74884,-3.85366,36.8476,-19.3961,13625.3,16828.0
2920,14229.8,3.1081,-2.62753,30.515,-16.309,12054.5,14062.2
2921,15633.5,3.10479,-2.37264,28.8993,-15.4029,13235.5,11480.8
2922,19257.4,1.88628,-2.27026,28.5478,-15.4239,15534.9,11005.0
2923,15736.6,1.7142,-2.03679,35.2263,-18.3246,13601.1,17121.9
2924,18656.0,2.91518,-1.68743,34.6781,-18.0855,15336.1,11686.9
2925,16258.3,2.57142,-1.71128,35.5903,-18.4523,14085.9,16483.6
2926,15679.0,3.99604,-2.28854,33.0421,-17.2833,13411.2,13990.5
2927,12990.7,4.30627,-2.74615,32.4797,-16.9251,11490.7,14766.9
2928,16800.8,3.13746,-2.69931,31.6502,-16.4008,14116.8,9354.28
2929,17047.7,4.10978,-2.84685,32.1901,-16.4327,14226.0,13917.3
2930,18239.0,3.98014,-2.89604,30.9443,-15.7105,14839.8,13350.8
2931,14691.2,4.75987,-3.18326,32.3745,-16.2135,12623.0,16170.8
2932,14921.5,4.67034,-2.19871,32.2398,-15.9357,12688.8,12400.9
2933,12061.5,3.51312,-1.91813,35.4257,-17.1124,10561.5,13683.0
2934,17136.3,4.35745,-1.81313,35.4318,-17.0995,14300.1,7956.64
2935,16145.2,1.92949,-2.57034,33.7379,-16.1942,13436.2,14427.3
2936,16699.2,3.84837,-2.53621,37.18,-17.5381,13613.4,12921.0
2937,11939.7,3.61909,-2.25472,37.4144,-17.2643,10439.7,15682.9
2938,12845.1,1.88425,-2.24643,37.2763,-17.022,10974.2,9842.41
2939,12512.9,3.57854,-1.90611,34.1186,-15.4513,10661.1,10993.2
2940,14213.4,3.16461,-1.94177,33.336,-15.2542,11741.7,9616.21
2941,12080.7,1.71678,-2.60021,32.7238,-14.9118,10218.9,12351.5
2942,15722.8,1.57343,-3.07234,33.3936,-15.1568,12809.7,8257.07
2943,13815.8,3.38856,-1.6475,34.1501,-15.6043,11459.9,13366.9
2944,15568.6,4.11471,-1.54627,34.4399,-15.8213,12667.9,10476.9
2945,10841.7,4.18227,-2.10509,33.6841,-15.4946,9341.7,14501.4
2946,11411.6,4.54886,-1.83354,33.1825,-14.8133,9640.1,8927.76
2947,10031.3,4.06449,-1.48442,32.1782,-13.7302,8531.33,10015.4
2948,11289.6,3.4063,-1.22819,34.0183,-14.184,9378.87,7806.07
2949,12361.3,3.11745,-1.45025,33.8939,-13.8863,10013.5,8673.75
2950,13013.5,3.34287,-1.18362,34.9712,-14.4479,10422.6,9607.41
2951,12886.1,3.20001,-0.591386,35.5163,-14.6277,10217.0,10344.4
2952,9679.14,2.58272,-0.886689,34.613,-14.084,8079.57,11286.5
2953,13401.1,2.56075,-0.594849,33.0916,-13.5622,10912.5,6260.04
2954,10620.7,1.84799,-1.04135,31.0719,-12.7201,8993.2,11773.6
2955,13326.3,3.0225,-1.37242,32.1951,-13.3942,10962.5,7580.62
2956,9888.53,3.58211,-1.47186,32.0907,-12.8457,8388.53,12415.9
2957,10083.5,2.6874,-0.204929,33.6013,-13.2246,8516.56,8272.88
2958,8570.96,1.47054,-0.76596,33.2516,-12.7298,7070.96,9324.37
2959,7904.23,1.47054,-0.76596,32.236,-12.3212,6404.23,7270.84
2960,11341.6,1.47054,-0.76596,31.274,-11.9216,9078.51,4781.76
2961,11294.0,3.32027,-1.00987,32.3085,-12.2907,8920.32,8967.96
2962,12130.2,3.23643,-0.928914,31.9199,-12.1527,9508.84,8463.63
2963,13431.5,3.05505,-1.36211,33.3102,-12.7259,10481.0,8854.3
2964,10596.0,3.62833,-1.92978,31.6156,-12.4217,8558.94,11394.5
2965,7865.15,3.03001,-1.19713,32.133,-12.5504,6365.15,9607.37
2966,8529.78,2.47116,-0.786946,29.6612,-11.5226,6780.0,5949.22
2967,11767.5,2.47116,-0.786946,29.4962,-11.0082,9332.62,5285.41
2968,12113.0,4.08658,-1.46561,31.0604,-11.7262,9562.83,9131.05
2969,11419.8,3.85014,-1.30403,32.5669,-12.4273,8932.89,9626.01
2970,11202.7,2.99765,-0.564553,33.1486,-12.5857,8711.6,8928.76
2971,9480.11,1.93657,0.131651,32.1156,-12.2989,7485.72,9208.3
2972,10110.9,1.05526,0.307068,30.8962,-11.7121,7929.26,7140.74
2973,10946.9,-2.22978e-06,-13.7879,30.7554,-11.6473,8490.23,7445.27
2974,12496.8,0.767078,-2.3823,32.5314,-12.218,9705.71,7768.32
2975,11728.6,4.61297,-1.83861,32.8765,-12.2356,9081.0,9849.22
2976,11667.4,4.10384,-1.46334,34.6383,-12.9768,8993.96,9055.1
2977,9779.02,1.93342,0.930339,33.1047,-12.4326,7670.64,9559.06
2978,10052.0,1.63871,-1.03929,31.1584,-11.7969,7735.2,7393.93
2979,12203.8,1.90997,-2.2941,30.2296,-11.3798,9395.14,6705.47
2980,16271.1,4.39429,-2.33069,31.9281,-12.2619,12734.3,7650.11
2981,11043.7,4.08383,-1.87155,34.1053,-13.0812,9157.27,14384.7
2982,9482.95,1.04401,2.56964,33.5515,-13.118,7982.95,9694.1
2983,8692.89,1.04401,2.56964,31.2291,-12.2928,7192.89,8417.17
2984,6745.38,1.04401,2.56964,29.9781,-11.6986,5245.38,8285.52
2985,6195.8,1.89092,0.225167,27.0406,-10.3589,4695.8,5414.96
2986,8220.95,1.68639,0.472357,25.8772,-9.52202,6287.01,3755.57
2987,9578.11,0.12318,0.37719,26.2014,-9.29904,7386.69,5690.25
2988,10521.2,2.98912,-1.45418,28.4809,-10.1656,8116.28,6937.46
2989,8848.56,3.33718,-1.79296,29.6583,-10.6802,6831.08,8503.67
2990,9143.59,2.51024,-0.11536,29.2169,-10.6284,7013.31,6644.52
2991,8246.48,0.468954,2.39345,28.5254,-10.2135,6316.68,7213.79
2992,9710.12,0.468954,2.39345,29.1592,-10.3813,7559.42,5729.87
2993,7231.28,0.468954,2.39345,28.0689,-9.95312,5731.28,8217.13
2994,10017.0,4.80623,-2.51756,28.0025,-9.98405,8063.46,4581.31
2995,9492.1,4.38978,-2.06872,27.7915,-9.87807,7633.78,8158.68
2996,9074.06,2.58494,0.138378,29.618,-10.5721,7319.33,7737.37
2997,8849.41,1.21231,0.808837,29.2018,-10.4875,7062.4,7287.04
2998,8485.58,0.953598,1.2458,29.1784,-10.4747,6773.36,7137.19
2999,8132.71,0.718604,1.58073,27.9091,-10.121,6460.37,6813.23
3000,9490.81,0.718604,1.58073,27.9036,-9.96397,7545.78,5848.16
