step_no,steps_id,capitalist_id,budget,wealth,human_wealth,spent_amount
1,529805595,B_0,0.15,4.2641,0.144564,0.15
2,970886345,B_0,0.357769,6.56649,0.233878,0.075028
3,680838563,B_0,0.562202,6.1636,0.230896,0.562202
4,900246847,B_0,0.539075,6.24882,0.225068,0.0
5,566260779,B_0,0.53751,6.05155,0.229675,0.53751
6,893215956,B_0,0.532253,6.39994,0.234424,0.0
7,991992464,B_0,0.554421,5.84552,0.225047,0.554421
8,73516068,B_0,0.0,1.27345,0.266983,0.0
9,579547615,B_0,0.330655,2.0947,0.30238,0.330655
10,519448819,B_0,0.407115,3.24441,0.336273,0.0
11,935765681,B_0,0.498494,3.87091,0.367822,0.498494
12,565241211,B_0,0.561368,4.51757,0.40143,0.561368
13,505191779,B_0,0.627309,5.19239,0.437458,0.627309
14,577450926,B_0,0.697078,5.82602,0.473188,0.697078
15,32538072,B_0,0.764489,6.50866,0.512146,0.764489
16,756669810,B_0,0.837579,6.5655,0.527437,0.837579
17,301125158,B_0,0.855712,6.0235,0.518888,0.855712
18,32336994,B_0,0.820062,5.95925,0.517958,0.559899
19,109398793,B_0,0.81592,5.48149,0.510766,0.81592
20,148709266,B_0,0.784841,5.15348,0.508609,0.784841
21,454676160,B_0,0.766283,4.9363,0.510229,0.766283
22,286292137,B_0,0.757043,4.83619,0.516097,0.757043
23,570578518,B_0,0.757906,4.94773,0.530231,0.757906
24,254400116,B_0,0.777617,5.20484,0.550411,0.777617
25,316639883,B_0,0.810652,5.67468,0.579614,0.810652
26,742818622,B_0,0.863348,5.24416,0.573743,0.863348
27,859406449,B_0,0.835951,4.85594,0.568702,0.835951
28,348595116,B_0,0.811499,4.51533,0.564789,0.811499
29,256446019,B_0,0.790556,4.23654,0.562669,0.790556
30,105332293,B_0,0.774496,4.00421,0.561848,0.774496
31,809674986,B_0,0.762059,3.95859,0.568032,0.762059
32,357702044,B_0,0.765961,4.06112,0.58005,0.765961
33,180863111,B_0,0.783106,4.25648,0.595987,0.783106
34,777947923,B_0,0.808811,4.56385,0.616795,0.808811
35,359139799,B_0,0.844987,4.94954,0.64135,0.844987
36,409242490,B_0,0.888827,5.37811,0.668392,0.888827
37,423211824,B_0,0.937298,6.76582,0.697165,0.0
38,264567475,B_0,1.03546,6.82363,0.713009,1.03546
39,115982968,B_0,1.05419,7.20704,0.741992,1.05419
40,821566981,B_0,1.10234,7.81993,0.780922,1.10234
41,518711654,B_0,1.17192,8.77416,0.834731,1.17192
42,101682758,B_0,1.27344,10.4613,0.899723,0.772431
43,256781554,B_0,1.42279,11.7811,0.973437,1.42279
44,802016167,B_0,1.56249,13.2019,1.05383,1.56249
45,351022036,B_0,1.71393,16.584,1.14696,0.0
46,609284949,B_0,1.97617,17.1898,1.20437,1.97617
47,100081316,B_0,2.06386,17.7206,1.25997,2.06386
48,73810589,B_0,2.146,18.3818,1.32187,2.146
49,874606890,B_0,2.24096,19.2559,1.39359,2.24096
50,26921924,B_0,2.35639,21.8207,1.46368,0.580836
51,680043430,B_0,2.55471,22.6273,1.53958,2.55471
52,181699023,B_0,2.67095,23.4284,1.61688,2.67095
53,947550642,B_0,2.7883,24.2701,1.69741,2.7883
54,551022239,B_0,2.91091,25.186,1.78258,2.91091
55,345322671,B_0,3.04188,26.1538,1.87166,3.04188
56,379043114,B_0,3.17935,26.452,1.9359,3.17935
57,689362793,B_0,3.2585,26.4779,1.98984,3.2585
58,390298599,B_0,3.31373,26.1991,2.03164,3.31373
59,278713768,B_0,3.3416,26.1214,2.08093,3.3416
60,392081679,B_0,3.387,25.7279,2.11744,3.387
61,317980275,B_0,3.40383,25.4813,2.15833,3.38632
62,367395178,B_0,3.43239,25.3651,2.20464,3.43239
63,901609645,B_0,3.47289,25.3498,2.25476,3.47289
64,22082691,B_0,3.52225,25.6712,2.31832,3.52225
65,887598413,B_0,3.60188,24.4308,2.32004,3.60188
66,145542094,B_0,3.54158,23.1055,2.30523,3.27498
67,936276268,B_0,3.4605,21.5187,2.28797,3.4605
68,804501310,B_0,3.3639,20.2129,2.27877,3.3639
69,770652251,B_0,3.28941,19.1505,2.2767,3.28941
70,658483021,B_0,3.23423,18.2893,2.28056,3.23423
71,782169218,B_0,3.19502,17.1002,2.26957,3.19502
72,103579299,B_0,3.12458,16.5067,2.28003,3.12458
73,732966861,B_0,3.10536,16.3541,2.30694,3.10536
74,455446013,B_0,3.12464,15.4138,2.30203,3.12464
75,85811040,B_0,3.07272,15.0646,2.31889,3.07272
76,597657467,B_0,3.07213,15.0648,2.34903,3.07213
77,796480014,B_0,3.10228,15.3992,2.39254,3.10228
78,96900878,B_0,3.1625,16.2941,2.45913,3.1625
79,360494313,B_0,3.27384,15.3665,2.45462,3.27384
80,340252183,B_0,3.22295,14.327,2.44377,3.22295
81,701628195,B_0,3.16012,13.2284,2.42848,3.16012
82,365553004,B_0,3.0899,12.1258,2.41083,3.0899
83,579375505,B_0,3.01712,11.0365,2.39151,3.01712
84,727051563,B_0,2.94334,9.97351,2.37107,2.94334
85,607025134,B_0,2.86974,8.94606,2.34991,2.86974
86,72549183,B_0,2.79722,7.96452,2.32854,2.79722
87,39311884,B_0,2.72677,7.02531,2.30691,2.72677
88,235088050,B_0,2.65817,6.47339,2.29888,2.65817
89,220688172,B_0,2.62255,6.66923,2.30137,2.16538
90,551327089,B_0,2.63483,6.59958,2.31193,2.63483
91,158354002,B_0,2.6419,5.92747,2.29824,2.6419
92,586236253,B_0,2.59461,5.59948,2.29698,2.59461
93,282430901,B_0,2.57695,4.50333,2.26433,2.57695
94,262170494,B_0,2.48949,3.21219,2.22169,2.48949
95,895330569,B_0,2.3823,2.14271,2.18533,2.3823
96,774799420,B_0,2.14271,1.41651,2.15458,2.14271
97,855878182,B_0,1.41651,1.88347,2.14374,1.41651
98,516014030,B_0,1.88347,4.12414,2.14761,0.0
99,310645076,B_0,2.35382,4.67464,2.17788,2.35382
100,804148308,B_0,2.41161,6.40278,2.2283,1.7103
101,973729885,B_0,2.54844,6.47176,2.24387,2.54844
102,612815012,B_0,2.56746,5.7267,2.22701,2.56746
103,123246514,B_0,2.51335,5.88698,2.24488,2.51335
104,430821239,B_0,2.53922,5.24715,2.23106,2.53922
105,890123907,B_0,2.49341,4.63708,2.21715,2.49341
106,590063459,B_0,2.449,3.71718,2.18963,2.449
107,635584903,B_0,2.37548,2.93504,2.16577,2.37548
108,409017665,B_0,2.31253,2.12276,2.13915,2.31253
109,277960386,B_0,2.12276,1.52614,2.11463,2.12276
110,973692479,B_0,1.52614,1.8812,2.1053,1.52614
111,75898929,B_0,1.8812,2.23654,2.11055,1.8812
112,991569848,B_0,2.22237,2.53847,2.1271,2.22237
113,984079249,B_0,2.25402,1.83307,2.10396,2.25402
114,871198432,B_0,1.83307,1.59836,2.08373,1.83307
115,384662578,B_0,1.59836,1.65636,2.06664,1.59836
116,400471724,B_0,1.65636,2.07643,2.06703,1.65636
117,203540276,B_0,2.07643,2.41364,2.08089,2.07643
118,208183074,B_0,2.20158,2.06662,2.07184,2.20158
119,208936228,B_0,2.06662,2.20278,2.07708,2.06662
120,871611670,B_0,2.18722,2.53626,2.09482,2.18722
121,935841931,B_0,2.22164,3.08965,2.12203,2.22164
122,618621888,B_0,2.27651,4.17174,2.17149,2.27651
123,168476646,B_0,2.38008,5.68174,2.24024,2.38008
124,437640136,B_0,2.52432,6.47197,2.28321,2.52432
125,492823947,B_0,2.60681,7.28668,2.32874,2.60681
126,642020905,B_0,2.69308,8.01768,2.37256,2.69308
127,791033852,B_0,2.77344,8.70734,2.41618,2.77344
128,422014874,B_0,2.85154,8.51051,2.42572,2.85154
129,919683689,B_0,2.85124,8.15446,2.4285,2.85124
130,285061032,B_0,2.83622,7.71052,2.42705,2.83622
131,433711609,B_0,2.81257,7.21732,2.42274,2.81257
132,314598349,B_0,2.78361,6.70937,2.41686,2.78361
133,492678820,B_0,2.75233,5.6168,2.38657,2.75233
134,996873984,B_0,2.66741,4.65579,2.35937,2.66741
135,198581646,B_0,2.59216,3.8577,2.33676,2.59216
136,340812932,B_0,2.52964,2.75432,2.30034,2.52964
137,617258246,B_0,2.43805,1.88391,2.27103,2.43805
138,374171969,B_0,1.88391,1.66607,2.24683,1.88391
139,976208649,B_0,1.66607,1.7533,2.22709,1.66607
140,578301456,B_0,1.7533,2.21836,2.22674,1.7533
141,184892998,B_0,2.21836,2.56018,2.24008,2.21836
142,915377355,B_0,2.36809,2.98933,2.26236,2.36809
143,541210278,B_0,2.41183,3.65342,2.29491,2.41183
144,51048116,B_0,2.47758,4.27271,2.32698,2.47758
145,910815741,B_0,2.54062,4.99189,2.3643,2.54062
146,141499290,B_0,2.61389,5.78297,2.40592,2.61389
147,67886769,B_0,2.69507,6.60293,2.45029,2.69507
148,488551825,B_0,2.78043,7.42275,2.49629,2.78043
149,765019924,B_0,2.86742,8.2155,2.54284,2.86742
150,820101956,B_0,2.95362,8.97469,2.58964,2.95362
151,634854661,B_0,3.03838,9.69862,2.63655,3.03838
152,953908605,B_0,3.12148,10.3822,2.68329,3.12148
153,155682913,B_0,3.2024,11.0151,2.72937,3.2024
154,829531468,B_0,3.28012,11.5795,2.77397,3.28012
155,68586507,B_0,3.35295,9.11646,2.69861,3.35295
156,227368595,B_0,3.15444,6.3035,2.60433,3.15444
157,882341111,B_0,2.9195,4.21662,2.53346,2.9195
158,738576492,B_0,2.74429,3.41941,2.51,2.74429
159,649779908,B_0,2.68097,3.5805,2.52329,2.68097
160,111034121,B_0,2.70231,4.42144,2.56408,2.70231
161,405497849,B_0,2.78516,5.74939,2.62605,2.78516
162,179571007,B_0,2.91351,7.40236,2.70366,2.91351
163,495793295,B_0,3.07378,8.80334,2.77451,3.07378
164,828798923,B_0,3.21467,10.3827,2.85529,3.21467
165,261431896,B_0,3.37443,12.0875,2.94424,3.37443
166,967978777,B_0,3.54862,12.8466,2.99878,3.54862
167,841158532,B_0,3.64111,13.9916,3.07028,3.64111
168,373032254,B_0,3.76986,14.2171,3.10728,3.76986
169,716962461,B_0,3.81814,14.8931,3.16276,3.81814
170,529416538,B_0,3.90741,14.6947,3.18461,3.90741
171,471082447,B_0,3.91934,15.0351,3.22761,3.91934
172,67709052,B_0,3.97936,15.1459,3.26211,3.97936
173,86000601,B_0,4.0194,15.2456,3.29639,4.0194
174,521011970,B_0,4.05867,15.0389,3.31862,4.05867
175,250043710,B_0,4.07056,14.9302,3.34435,4.07056
176,772883331,B_0,4.09086,14.8136,3.36954,4.09086
177,374461534,B_0,4.11022,14.7515,3.39668,4.11022
178,928778885,B_0,4.13426,15.1646,3.44271,4.13426
179,963178256,B_0,4.20094,15.9227,3.50337,4.20094
180,794550232,B_0,4.2995,16.9081,3.57463,4.2995
181,305388567,B_0,4.42004,18.016,3.65276,4.42004
182,829817915,B_0,4.55356,19.1964,3.73601,4.55356
183,417881956,B_0,4.69583,20.0536,3.80869,4.69583
184,863265115,B_0,4.81137,20.8979,3.88257,4.81137
185,671034529,B_0,4.92746,26.5952,3.95515,0.0
186,685108594,B_0,5.28491,27.0588,4.02689,5.28491
187,65738520,B_0,5.37983,27.4299,4.09585,5.37983
188,512476488,B_0,5.46735,27.685,4.16092,5.46735
189,775049384,B_0,5.54517,27.7497,4.21888,5.54517
190,525092533,B_0,5.60636,27.6387,4.26994,5.60636
191,518336802,B_0,5.65187,24.2475,4.18956,5.65187
192,18853271,B_0,5.40193,20.3043,4.08033,5.40193
193,583220187,B_0,5.09554,16.7788,3.97992,5.09554
194,645408471,B_0,4.81886,13.6477,3.88823,4.81886
195,24707149,B_0,4.57062,11.2728,3.82053,4.57062
196,149489666,B_0,4.38417,9.50208,3.77225,4.38417
197,864183505,B_0,4.24735,8.20567,3.7394,4.24735
198,294194537,B_0,4.14968,7.70212,3.73567,4.14968
199,983696762,B_0,4.12077,6.40532,3.6992,4.12077
200,872155649,B_0,4.01946,4.57894,3.63895,4.01946
201,917589391,B_0,3.8679,3.74611,3.6148,3.8679
202,522111194,B_0,3.74611,3.46837,3.60894,3.74611
203,866958103,B_0,3.46837,3.82771,3.61769,3.46837
204,860933374,B_0,3.80908,4.79803,3.66416,3.80908
205,1154751,B_0,3.90406,4.16356,3.64838,3.90406
206,456888377,B_0,3.85655,3.40392,3.62632,3.85655
207,631207464,B_0,3.40392,3.63009,3.62647,3.40392
208,241802973,B_0,3.63009,3.32065,3.61424,3.63009
209,256696272,B_0,3.32065,3.4192,3.60643,3.32065
210,381673608,B_0,3.4192,3.42392,3.59913,3.4192
211,949250213,B_0,3.42392,3.50472,3.59536,3.42392
212,371566745,B_0,3.50472,6.58292,3.59867,0.600065
213,660594517,B_0,3.92782,5.40211,3.56461,3.92782
214,853322190,B_0,3.83471,4.17019,3.52613,3.83471
215,800721725,B_0,3.73464,2.95362,3.48581,3.73464
216,855326834,B_0,2.95362,2.87493,3.46138,2.95362
217,92713963,B_0,2.87493,2.74296,3.43264,2.87493
218,239190809,B_0,2.74296,3.45175,3.4334,2.74296
219,776432652,B_0,3.45175,3.07865,3.41225,3.27759
220,532959433,B_0,3.07865,3.10474,3.39995,3.07865
221,495206352,B_0,3.10474,3.36199,3.39843,3.10474
222,386602922,B_0,3.36199,3.31734,3.38191,3.03009
223,552947154,B_0,3.31734,2.4689,3.34539,3.31734
224,951959360,B_0,2.4689,2.81949,3.32435,2.4689
225,61456582,B_0,2.81949,3.08422,3.31475,2.81949
226,80773000,B_0,3.08422,3.11645,3.30682,3.08422
227,983347222,B_0,3.11645,3.26186,3.30502,3.11645
228,671565600,B_0,3.26186,2.33372,3.26617,3.26186
229,935815834,B_0,2.33372,2.23527,3.22493,2.33372
230,473358462,B_0,2.23527,2.20292,3.18405,2.23527
231,511669681,B_0,2.20292,2.17556,3.14371,2.20292
232,544060303,B_0,2.17556,2.15942,3.10434,2.17556
233,715618445,B_0,2.15942,2.97773,3.09927,2.15942
234,560948187,B_0,2.97773,5.82967,3.12392,0.863512
235,345604183,B_0,3.4154,5.02173,3.10326,3.4154
236,176455212,B_0,3.35435,4.12865,3.07758,3.35435
237,204216423,B_0,3.28402,3.24466,3.05048,3.28402
238,995829387,B_0,3.21271,2.38305,3.02251,3.21271
239,608275811,B_0,2.38305,2.33139,2.99486,2.38305
240,341031184,B_0,2.33139,1.75748,2.94537,2.33139
241,831864719,B_0,1.75748,1.79019,2.89916,1.75748
242,306990633,B_0,1.79019,1.86074,2.85762,1.79019
243,958123250,B_0,1.86074,1.91719,2.82,1.86074
244,994261110,B_0,1.91719,2.39844,2.80314,1.91719
245,168926506,B_0,2.39844,2.77186,2.80189,2.39844
246,57402859,B_0,2.77186,3.0767,2.81288,2.77186
247,460417646,B_0,2.96672,2.48992,2.79557,2.96672
248,900971200,B_0,2.48992,5.12673,2.78922,0.0
249,566745273,B_0,3.04555,4.95254,2.7925,3.04555
250,77438156,B_0,3.04013,4.34097,2.77794,3.04013
251,901026199,B_0,2.99499,3.69493,2.76078,2.99499
252,887828309,B_0,2.94553,2.74635,2.73023,2.94553
253,768475501,B_0,2.74635,2.02217,2.70191,2.74635
254,151547094,B_0,2.02217,2.01716,2.67452,2.02217
255,225172365,B_0,2.01716,2.02376,2.64849,2.01716
256,624880290,B_0,2.02376,2.53252,2.64385,2.02376
257,677249182,B_0,2.53252,1.71465,2.60668,2.53252
258,531965208,B_0,1.71465,1.3837,2.55776,1.71465
259,878930067,B_0,1.3837,1.54707,2.51733,1.3837
260,187348964,B_0,1.54707,2.19453,2.50442,1.54707
261,72833619,B_0,2.19453,2.99184,2.52392,2.19453
262,596661792,B_0,2.67351,3.95398,2.56839,2.67351
263,769223580,B_0,2.76609,5.3384,2.63167,2.76609
264,116621162,B_0,2.89859,5.60237,2.65291,2.89859
265,229227347,B_0,2.93303,5.53209,2.6613,2.93303
266,662157935,B_0,2.93791,5.18091,2.65832,2.93791
267,28583744,B_0,2.91736,5.53112,2.68269,2.91736
268,836079471,B_0,2.95925,5.49725,2.6924,2.95925
269,264521647,B_0,2.96726,5.97058,2.72232,2.96726
270,960017997,B_0,3.02085,6.86238,2.76994,3.02085
271,608787510,B_0,3.11306,8.47164,2.84803,3.11306
272,196904711,B_0,3.27161,8.40516,2.86232,3.27161
273,877879091,B_0,3.28257,7.68003,2.85012,3.28257
274,461414662,B_0,3.23412,7.23309,2.8476,3.23412
275,462817101,B_0,3.20926,6.12795,2.81786,3.20926
276,408255374,B_0,3.12426,5.53106,2.80625,3.12426
277,105410623,B_0,3.0828,5.01709,2.79675,3.0828
278,387784332,B_0,3.0476,4.80523,2.79831,3.0476
279,162642959,B_0,3.03857,5.65525,2.81073,2.25877
280,504944425,B_0,3.09349,5.88117,2.83107,3.09349
281,576068555,B_0,3.12513,7.09929,2.89156,3.12513
282,335605005,B_0,3.24653,9.02145,2.98265,3.24653
283,823581819,B_0,3.43372,14.841,3.09612,0.0
284,487773257,B_0,3.83817,17.3475,3.22607,3.83817
285,171744730,B_0,4.09344,20.0198,3.36765,4.09344
286,796377115,B_0,4.36864,20.4873,3.42639,4.36864
287,402672236,B_0,4.45075,19.3325,3.42117,4.45075
288,55162381,B_0,4.3878,20.7011,3.43313,2.35149
289,523177390,B_0,4.46818,19.4421,3.42417,4.46818
290,716601291,B_0,4.39628,18.8932,3.4411,4.39628
291,820447954,B_0,4.38576,16.5188,3.38391,4.38576
292,910559650,B_0,4.20985,14.3169,3.32887,4.20985
293,482819586,B_0,4.04472,12.7002,3.29284,4.04472
294,242530266,B_0,3.92785,12.409,3.30659,3.92785
295,943454935,B_0,3.92704,12.6622,3.34154,3.92704
296,429528524,B_0,3.97465,13.6461,3.40622,3.97465
297,691018942,B_0,4.08853,15.154,3.49383,4.08853
298,462929192,B_0,4.25153,17.1273,3.60306,4.25153
299,616465861,B_0,4.45943,21.4199,3.6715,1.02118
300,749555635,B_0,4.74249,23.4091,3.72963,3.13574
301,122625214,B_0,4.90009,23.4896,3.77967,4.90009
302,395703079,B_0,4.95415,23.4147,3.82365,4.95415
303,377135261,B_0,4.99439,23.222,3.86278,4.99439
304,933598444,B_0,5.02388,22.9382,3.89787,5.02388
305,562630240,B_0,5.04478,23.0417,3.94789,5.04478
306,421274275,B_0,5.09997,23.8611,4.02674,5.09997
307,573144414,B_0,5.21979,20.3967,3.93589,5.21979
308,452729522,B_0,4.95572,17.2669,3.85149,4.95572
309,502089494,B_0,4.71484,14.4926,3.77505,4.71484
310,15651961,B_0,4.49969,11.5044,3.68451,4.49969
311,680931846,B_0,4.25973,8.88927,3.60291,4.25973
312,246562211,B_0,4.04738,6.614,3.52968,4.04738
313,387759530,B_0,3.86038,4.12194,3.44323,3.86038
314,598420392,B_0,3.64932,2.049,3.36855,3.64932
315,740096573,B_0,2.049,2.23499,3.32321,2.049
316,902655394,B_0,2.23499,2.75044,3.3003,2.23499
317,836245156,B_0,2.75044,3.65365,3.31443,2.75044
318,658231149,B_0,3.49712,4.5329,3.35691,3.49712
319,30149586,B_0,3.58356,5.95777,3.42297,3.58356
320,155982987,B_0,3.72086,8.24024,3.52619,3.72086
321,213768095,B_0,3.9382,10.6144,3.63763,3.9382
322,194064869,B_0,4.16835,13.3875,3.76978,4.16835
323,389033628,B_0,4.43916,18.2409,3.81313,0.0
324,925081848,B_0,4.72518,17.7959,3.83181,4.72518
325,371906612,B_0,4.72161,16.6092,3.81994,4.72161
326,806569020,B_0,4.6504,15.7513,3.81884,4.6504
327,309322532,B_0,4.6064,15.1512,3.82634,4.6064
328,413280773,B_0,4.58389,14.7839,3.84195,4.58389
329,802582925,B_0,4.58114,14.5958,3.86399,4.58114
330,280121360,B_0,4.59378,14.5236,3.89029,4.59378
331,947271120,B_0,4.61647,14.5373,3.91989,4.61647
332,568252223,B_0,4.64675,14.5777,3.95058,4.64675
333,426886484,B_0,4.67947,14.5958,3.98046,4.67947
334,856698459,B_0,4.71025,13.7545,3.976,4.71025
335,789366371,B_0,4.66372,12.6354,3.95874,4.66372
336,727676238,B_0,4.59051,11.3703,3.93341,4.59051
337,998171504,B_0,4.50193,10.0248,3.90233,4.50193
338,242309331,B_0,4.40357,8.66836,3.86812,4.40357
339,74385484,B_0,4.30154,7.31525,3.83134,4.30154
340,17582172,B_0,4.1971,7.02909,3.83452,4.1971
341,901750589,B_0,4.18597,7.52481,3.86841,4.18597
342,933267768,B_0,4.24465,8.57063,3.92529,4.24465
343,807400361,B_0,4.35382,9.88848,3.99514,4.35382
344,402462505,B_0,4.48957,11.3043,4.07156,4.48957
345,584001567,B_0,4.63677,17.4165,4.15318,0.0
346,765802149,B_0,5.024,16.7872,4.16284,5.024
347,846227630,B_0,5.00221,13.8115,4.07739,5.00221
348,763523906,B_0,4.76796,11.8937,4.0283,4.76796
349,857805047,B_0,4.62298,15.5236,4.01236,0.0
350,722405553,B_0,4.78855,15.1122,4.02695,4.78855
351,343655207,B_0,4.78256,15.3438,4.06644,4.78256
352,992109967,B_0,4.83364,14.7375,4.07288,4.83364
353,472134966,B_0,4.80976,15.3587,4.1272,4.80976
354,47666485,B_0,4.89514,14.4607,4.122,4.89514
355,541725943,B_0,4.84504,13.2928,4.10421,4.84504
356,661525867,B_0,4.76885,16.7399,4.07792,0.0
357,761276815,B_0,4.91492,15.1278,4.04691,4.91492
358,128294079,B_0,4.8033,13.5198,4.01285,4.8033
359,575801405,B_0,4.68884,11.9259,3.97614,4.68884
360,104677149,B_0,4.57243,10.6263,3.93513,4.25067
361,797090052,B_0,4.46645,14.0382,3.9142,0.0
362,148446989,B_0,4.61611,13.2469,3.91063,4.61611
363,154737696,B_0,4.57298,12.7962,3.91909,4.57298
364,127527948,B_0,4.55891,12.5106,3.93326,4.55891
365,153390667,B_0,4.55879,12.4226,3.95476,4.55879
366,36460877,B_0,4.57589,11.1171,3.92739,4.57589
367,349802030,B_0,4.48324,9.16634,3.87159,4.48324
368,408499165,B_0,4.32991,7.34618,3.81712,4.32991
369,260403117,B_0,4.18443,5.65936,3.76434,4.18443
370,636817327,B_0,4.04731,4.09514,3.71309,4.04731
371,660596930,B_0,3.91784,1.90037,3.63349,3.91784
372,657966452,B_0,1.90037,1.86608,3.56279,1.90037
373,526388964,B_0,1.86608,2.01773,3.50099,1.86608
374,962682951,B_0,2.01773,2.66993,3.46775,2.01773
375,631026091,B_0,2.66993,2.95239,3.44713,2.66993
376,986400784,B_0,2.95239,3.75317,3.45937,2.95239
377,883729013,B_0,3.64703,3.48311,3.45608,3.64703
378,485136198,B_0,3.48311,3.61606,3.46248,3.48311
379,404024632,B_0,3.61606,3.82164,3.47684,3.61606
380,875993170,B_0,3.66793,4.19681,3.49949,3.66793
381,809928197,B_0,3.70933,3.72207,3.4889,3.70933
382,781647185,B_0,3.675,3.6674,3.49415,3.675
383,645151658,B_0,3.6674,4.44651,3.53225,3.6674
384,46226497,B_0,3.75457,5.80276,3.59539,3.75457
385,583945396,B_0,3.88553,6.19634,3.62274,3.88553
386,207718768,B_0,3.93256,6.99954,3.66726,3.93256
387,973159410,B_0,4.01724,8.6768,3.74835,4.01724
388,139188276,B_0,4.18219,10.0118,3.8191,4.18219
389,976346558,B_0,4.31969,11.593,3.90238,4.31969
390,149107170,B_0,4.48202,13.7023,4.00993,4.48202
391,555970650,B_0,4.69504,14.4455,4.06706,4.69504
392,467743792,B_0,4.78934,14.952,4.11622,4.78934
393,523615482,B_0,4.86382,15.2735,4.15898,4.86382
394,339531019,B_0,4.92265,15.5175,4.19929,4.92265
395,608393158,B_0,4.97516,16.1963,4.25747,4.97516
396,735488952,B_0,5.06729,16.6428,4.30773,5.06729
397,247225779,B_0,5.13987,17.2623,4.36579,5.13987
398,118198522,B_0,5.22891,18.035,4.43122,5.22891
399,212996813,B_0,5.33297,20.5988,4.50365,3.67815
400,237362170,B_0,5.5336,21.5932,4.58463,5.5336
401,334624770,B_0,5.66429,22.6741,4.67105,5.66429
402,745124359,B_0,5.80475,24.3027,4.78154,5.80475
403,564507967,B_0,5.99667,26.2899,4.90964,5.99667
404,72271057,B_0,6.22413,27.9316,5.02789,6.22413
405,719290679,B_0,6.42447,29.639,5.15204,6.42447
406,756114911,B_0,6.63399,31.3902,5.28137,6.63399
407,475370307,B_0,6.85088,32.7557,5.39877,6.85088
408,546337913,B_0,7.03655,34.0536,5.5162,7.03655
409,777696649,B_0,7.21888,35.3729,5.63708,7.21888
410,721861903,B_0,7.40572,44.0167,5.75735,0.0
411,230091615,B_0,7.95818,43.145,5.81051,7.95818
412,145716510,B_0,7.96776,37.4038,5.66715,7.96776
413,753938759,B_0,7.53735,32.626,5.55085,7.53735
414,479792717,B_0,7.18215,28.6966,5.45892,7.18215
415,909685175,B_0,6.89375,25.4484,5.38639,6.89375
416,183134672,B_0,6.65881,21.4555,5.27757,6.65881
417,88412315,B_0,6.35034,17.6929,5.16998,6.35034
418,841543845,B_0,6.05462,14.2075,5.06595,6.05462
419,315758688,B_0,5.77632,10.6033,4.95019,5.77632
420,887394298,B_0,5.48036,7.39097,4.84291,5.48036
421,357260449,B_0,5.21246,4.53013,4.74326,5.21246
422,20182212,B_0,4.53013,2.93787,4.67104,4.53013
423,785145399,B_0,2.93787,3.41068,4.62063,2.93787
424,789463788,B_0,3.41068,4.32014,4.60861,3.41068
425,885402262,B_0,4.32014,4.2132,4.59279,4.32014
426,652435001,B_0,4.2132,3.79759,4.56098,4.2132
427,496765405,B_0,3.79759,4.1049,4.54274,3.79759
428,351371609,B_0,4.1049,4.36611,4.53567,4.1049
429,983495058,B_0,4.36611,4.46196,4.53272,4.36611
430,729227958,B_0,4.46196,4.20553,4.51964,4.46196
431,119513256,B_0,4.20553,4.39816,4.51478,4.20553
432,322208970,B_0,4.39816,4.55729,4.51648,4.39816
433,341065071,B_0,4.55729,4.77227,4.52671,4.55729
434,93631772,B_0,4.76532,4.9512,4.54341,4.76532
435,68384985,B_0,4.79097,4.17418,4.52223,4.79097
436,694127841,B_0,4.17418,8.44359,4.51212,0.0
437,725627919,B_0,4.9343,8.15399,4.51742,4.9343
438,514635359,B_0,4.92512,6.79146,4.47923,4.92512
439,353607990,B_0,4.8188,5.34848,4.43509,4.8188
440,660352930,B_0,4.70252,3.87386,4.38681,4.70252
441,429218093,B_0,3.87386,3.10484,4.33553,3.87386
442,799832398,B_0,3.10484,3.53687,4.30358,3.10484
443,992277537,B_0,3.53687,3.88249,4.28674,3.53687
444,449201677,B_0,3.88249,4.68646,4.30273,3.88249
445,462503128,B_0,4.53705,4.49959,4.30462,4.53705
446,918247865,B_0,4.49959,4.50821,4.31277,4.49959
447,374094009,B_0,4.50821,4.7437,4.33001,4.50821
448,319519268,B_0,4.56719,7.42265,4.35116,2.17981
449,369719918,B_0,4.72229,10.0958,4.37511,2.27696
450,555848431,B_0,4.87991,15.1149,4.40087,0.0
451,501531341,B_0,5.15662,14.7074,4.4148,5.15662
452,465432715,B_0,5.15017,14.3189,4.42868,5.15017
453,443250565,B_0,5.14462,18.3523,4.42695,0.352159
454,963846493,B_0,5.34457,17.5041,4.42973,5.34457
455,305042563,B_0,5.30494,16.7808,4.4358,5.30494
456,609874098,B_0,5.27484,14.6601,4.38454,5.27484
457,725771291,B_0,5.11754,12.5491,4.32942,5.11754
458,326057814,B_0,4.95687,10.502,4.27263,4.95687
459,287128232,B_0,4.79773,9.06032,4.23597,4.79773
460,959056868,B_0,4.68899,7.74287,4.20139,4.68899
461,969545604,B_0,4.58854,5.4936,4.12691,4.58854
462,739140924,B_0,4.40159,3.45671,4.05642,4.40159
463,584982055,B_0,3.45671,2.40984,3.99056,3.45671
464,212306208,B_0,2.40984,2.44185,3.92861,2.40984
465,118693557,B_0,2.44185,2.46929,3.87024,2.44185
466,40997283,B_0,2.46929,2.49123,3.81508,2.46929
467,340517414,B_0,2.49123,2.51363,3.76302,2.49123
468,157102807,B_0,2.51363,2.52284,3.71341,2.51363
469,259945088,B_0,2.52284,3.86637,3.66624,1.19054
470,411041869,B_0,3.85956,2.55913,3.62168,3.85956
471,830727138,B_0,2.55913,3.06606,3.59946,2.55913
472,474793950,B_0,3.06606,3.48445,3.59486,3.06606
473,160516317,B_0,3.48445,4.33831,3.62459,3.48445
474,544914318,B_0,3.84151,5.07865,3.66288,3.84151
475,457383332,B_0,3.91682,6.22205,3.71878,3.91682
476,474479031,B_0,4.02988,7.69994,3.79034,4.02988
477,527828954,B_0,4.17533,7.79857,3.80968,4.17533
478,137196370,B_0,4.19961,7.49023,3.81295,4.19961
479,199659184,B_0,4.18746,6.91549,3.80494,4.18746
480,901730747,B_0,4.15071,7.25971,3.83254,4.15071
481,848179061,B_0,4.19552,6.73296,3.82598,4.19552
482,141102667,B_0,4.16263,4.4934,3.74987,4.16263
483,723860519,B_0,3.97454,2.97227,3.69801,3.97454
484,107706117,B_0,2.97227,3.38308,3.68541,2.97227
485,931936129,B_0,3.38308,2.47879,3.63715,3.38308
486,81437479,B_0,2.47879,3.54972,3.63365,2.47879
487,558799517,B_0,3.54972,4.41141,3.66476,3.54972
488,355401434,B_0,3.88533,5.49315,3.71685,3.88533
489,200774878,B_0,3.99151,7.49845,3.80805,3.99151
490,379620876,B_0,4.18297,13.6338,3.90114,0.0
491,661640278,B_0,4.58283,15.8515,4.01712,4.58283
492,37304703,B_0,4.8097,16.3595,4.06914,4.8097
493,987972597,B_0,4.88712,17.0546,4.12967,4.88712
494,718767899,B_0,4.9824,18.3459,4.21543,4.9824
495,705513751,B_0,5.13272,19.6415,4.30394,5.13272
496,78836589,B_0,5.28601,19.4366,4.33503,5.28601
497,333782474,B_0,5.30686,19.1708,4.36327,5.30686
498,356530794,B_0,5.32181,18.8631,4.3893,5.32181
499,415664255,B_0,5.33246,18.6218,4.41738,5.33246
500,45047138,B_0,5.34847,18.3851,4.44515,5.34847
501,891105719,B_0,5.36441,18.8928,4.46955,4.54742
502,767762895,B_0,5.4142,19.5595,4.53401,5.4142
503,328252134,B_0,5.51198,20.949,4.6287,5.51198
504,336384313,B_0,5.67615,22.8311,4.74589,5.67615
505,258463587,B_0,5.88744,25.0188,4.87906,5.88744
506,826596914,B_0,6.13,27.3628,5.02286,6.13
507,339679237,B_0,6.391,31.3605,4.98185,0.0
508,47318730,B_0,6.54987,35.5888,4.95171,0.0
509,336209064,B_0,6.73115,34.1165,4.96399,6.73115
510,88575050,B_0,6.66982,32.6355,4.97298,6.66982
511,934984772,B_0,6.60476,32.1872,5.02032,6.60476
512,470009001,B_0,6.62968,32.4821,5.09649,6.62968
513,67633466,B_0,6.7206,33.3089,5.19453,6.7206
514,547370363,B_0,6.85998,34.0925,5.29249,6.85998
515,489973074,B_0,6.99712,35.078,5.4001,6.99712
516,988764996,B_0,7.154,33.7505,5.41716,7.154
517,172677122,B_0,7.10468,31.7777,5.40574,7.10468
518,753373672,B_0,6.99463,29.3727,5.3731,6.99463
519,873391581,B_0,6.84173,25.9799,5.29613,6.84173
520,386973076,B_0,6.59513,21.9337,5.18624,6.59513
521,497553064,B_0,6.28293,18.2933,5.08449,6.28293
522,828579913,B_0,5.99916,15.3126,5.00186,5.99916
523,650270893,B_0,5.76749,13.3497,4.93683,5.33905
524,471435409,B_0,5.60431,11.9255,4.90656,5.60431
525,56708,B_0,5.50283,11.248,4.90331,5.50283
526,145178070,B_0,5.46571,11.6023,4.93998,5.46571
527,672906002,B_0,5.5201,12.7087,5.00744,5.5201
528,227673226,B_0,5.64287,19.983,5.09811,0.0
529,739981617,B_0,6.09726,22.0107,5.21918,6.09726
530,241365265,B_0,6.31972,22.0246,5.26376,6.31972
531,936490076,B_0,6.365,20.4375,5.24433,6.365
532,885167959,B_0,6.2662,19.3843,5.24308,6.2662
533,839850854,B_0,6.21229,17.016,5.18711,6.21229
534,174178092,B_0,6.03791,14.509,5.12086,6.03791
535,961654132,B_0,5.84632,11.9573,5.04782,5.84632
536,11337625,B_0,5.64568,9.32824,4.96657,5.64568
537,4271177,B_0,5.43298,7.56304,4.9008,5.08767
538,721557152,B_0,5.27895,5.15513,4.81961,5.27895
539,385510105,B_0,5.07737,2.82689,4.73679,5.07737
540,222761024,B_0,2.82689,2.71245,4.65582,2.82689
541,65586642,B_0,2.71245,2.38714,4.56507,2.71245
542,479185365,B_0,2.38714,2.36356,4.47701,2.38714
543,956648422,B_0,2.36356,2.25307,4.38805,2.36356
544,768230371,B_0,2.25307,2.2523,4.30262,2.25307
545,99235197,B_0,2.2523,2.27075,4.22135,2.2523
546,703472835,B_0,2.27075,2.2888,4.14405,2.27075
547,840961731,B_0,2.2888,2.32984,4.07148,2.2888
548,608772354,B_0,2.32984,2.35383,4.00277,2.32984
549,76612280,B_0,2.35383,2.46741,3.94136,2.35383
550,749076980,B_0,2.46741,2.84249,3.8974,2.46741
551,590938408,B_0,2.84249,3.16484,3.8681,2.84249
552,12073802,B_0,3.16484,3.45759,3.85168,3.16484
553,210760239,B_0,3.45759,3.6488,3.84356,3.45759
554,380227169,B_0,3.6488,3.84889,3.84378,3.6488
555,834415880,B_0,3.84889,4.06438,3.8526,3.84889
556,364380302,B_0,4.05582,2.96387,3.81671,4.05582
557,834464735,B_0,2.96387,2.79348,3.77578,2.96387
558,480280117,B_0,2.79348,5.44679,3.73088,0.0
559,715332374,B_0,4.00322,4.51973,3.70469,4.00322
560,70598178,B_0,3.93068,3.99051,3.69256,3.93068
561,253546449,B_0,3.89209,3.7661,3.69157,3.89209
562,357386121,B_0,3.7661,3.88042,3.69912,3.7661
563,570612081,B_0,3.88042,3.68728,3.69865,3.88042
564,360779127,B_0,3.68728,3.33248,3.684,3.68728
565,313662081,B_0,3.33248,3.56215,3.67913,3.33248
566,358421925,B_0,3.56215,3.84364,3.68571,3.56215
567,301609287,B_0,3.84364,4.0797,3.70147,3.84364
568,144644220,B_0,3.90545,4.43193,3.72372,3.90545
569,254533144,B_0,3.94531,4.89561,3.75113,3.94531
570,325545420,B_0,3.99591,5.41717,3.78178,3.99591
571,480297825,B_0,4.05264,5.9768,3.815,4.05264
572,726362717,B_0,4.11384,6.55311,3.85001,4.11384
573,839901403,B_0,4.17766,7.00975,3.88138,4.17766
574,832386142,B_0,4.23187,7.36177,3.90948,4.23187
575,723251057,B_0,4.27757,8.92654,3.95366,3.44927
576,729399078,B_0,4.39999,10.0028,4.01457,4.39999
577,942090743,B_0,4.51471,10.966,4.0731,4.51471
578,426214770,B_0,4.6214,11.8771,4.13148,4.6214
579,377534642,B_0,4.72533,13.0345,4.20153,4.72533
580,826637945,B_0,4.85325,13.9323,4.26351,4.85325
581,857160868,B_0,4.96012,15.0755,4.3371,4.96012
582,687556733,B_0,5.09087,17.3599,4.45863,5.09087
583,165222519,B_0,5.32662,21.0736,4.61689,4.70156
584,643530900,B_0,5.67057,18.9072,4.57238,5.67057
585,38422141,B_0,5.51774,18.6483,4.59984,5.51774
586,269541292,B_0,5.53225,20.4021,4.70729,5.53225
587,723299656,B_0,5.7274,19.386,4.70745,5.7274
588,31170992,B_0,5.67675,17.9803,4.68999,5.67675
589,695903351,B_0,5.58901,16.3057,4.65897,5.58901
590,216567836,B_0,5.47426,14.1288,4.60451,5.47426
591,411239007,B_0,5.31094,12.0098,4.548,5.31094
592,394294383,B_0,5.14849,9.20749,4.45993,5.14849
593,156668166,B_0,4.9203,6.67584,4.37708,4.9203
594,487787265,B_0,4.71087,4.42094,4.30023,4.71087
595,663107487,B_0,4.42094,1.81567,4.20085,4.42094
596,692738470,B_0,1.81567,1.98766,4.11232,1.81567
597,354588332,B_0,1.98766,2.12648,4.03289,1.98766
598,244226960,B_0,2.12648,2.77916,3.98274,2.12648
599,380416986,B_0,2.77916,2.67838,3.93057,2.77916
600,263211741,B_0,2.67838,3.09363,3.89709,2.67838
601,27850148,B_0,3.09363,3.42834,3.87834,3.09363
602,74628323,B_0,3.42834,3.78744,3.8747,3.42834
603,545792427,B_0,3.78744,4.08694,3.88319,3.78744
604,645197922,B_0,4.08694,4.09285,3.89158,4.08694
605,424544159,B_0,4.09285,4.7061,3.92416,4.09285
606,442103772,B_0,4.15946,4.70285,3.93344,4.15946
607,143593764,B_0,4.16858,4.83129,3.94799,4.16858
608,703299061,B_0,4.18955,4.53932,3.94597,4.18955
609,122311440,B_0,4.17294,4.47457,3.95246,4.17294
610,381447698,B_0,4.17619,3.1799,3.90962,4.17619
611,592702194,B_0,3.1799,2.76635,3.86389,3.1799
612,319123286,B_0,2.76635,2.70152,3.81739,2.76635
613,717739228,B_0,2.70152,2.26732,3.75539,2.70152
614,288221527,B_0,2.26732,1.60337,3.66931,2.26732
615,858670797,B_0,1.60337,1.81045,3.59496,1.60337
616,125326911,B_0,1.81045,1.6936,3.5189,1.81045
617,84816099,B_0,1.6936,2.33459,3.47153,1.6936
618,795180052,B_0,2.33459,2.85116,3.44671,2.33459
619,164681677,B_0,2.85116,3.2755,3.43987,2.85116
620,366104858,B_0,3.2755,3.62488,3.44727,3.2755
621,570277125,B_0,3.62488,4.88488,3.50477,3.62488
622,537502595,B_0,3.74901,7.03369,3.60049,3.74901
623,426438407,B_0,3.95218,9.56305,3.71573,3.95218
624,323591571,B_0,4.19389,12.7391,3.8619,4.19389
625,595345079,B_0,4.49886,16.3769,4.03289,4.49886
626,555444706,B_0,4.85174,18.1869,4.13805,4.85174
627,797625808,B_0,5.04739,13.7002,3.99495,5.04739
628,887804187,B_0,4.67996,9.02743,3.83544,4.67996
629,303211835,B_0,4.28681,5.41645,3.70906,4.28681
630,706036850,B_0,3.97988,4.06298,3.66575,3.97988
631,924462518,B_0,3.8689,4.74878,3.70131,3.8689
632,683327220,B_0,3.93875,6.90673,3.79713,3.93875
633,757870297,B_0,4.14246,8.68638,3.88213,4.14246
634,73513575,B_0,4.31644,10.8712,3.98689,4.31644
635,569549915,B_0,4.53045,13.3856,4.10921,4.53045
636,342457681,B_0,4.77849,15.2001,4.20856,4.77849
637,639226402,B_0,4.96857,16.9009,4.30699,4.96857
638,501804438,B_0,5.15204,16.8193,4.33753,5.15204
639,516155589,B_0,5.17849,17.1359,4.38383,5.17849
640,553411385,B_0,5.24063,17.7669,4.44334,5.24063
641,783974297,B_0,5.33169,17.0819,4.45148,5.33169
642,863320258,B_0,5.30557,16.3476,4.45627,5.30557
643,486630862,B_0,5.27365,15.6453,4.46087,5.27365
644,680134624,B_0,5.24314,13.8597,4.42074,5.24314
645,705920611,B_0,5.11373,12.4974,4.39397,5.11373
646,935003121,B_0,5.01884,11.4388,4.37662,5.01884
647,425095425,B_0,4.94856,10.6147,4.36653,4.94856
648,874179160,B_0,4.89726,9.98047,4.36239,4.89726
649,551631426,B_0,4.86142,9.49026,4.36274,4.86142
650,897832454,B_0,4.83726,9.58566,4.38554,4.83726
651,246617993,B_0,4.86482,9.50658,4.40155,4.86482
652,239511853,B_0,4.87688,9.77122,4.43115,4.87688
653,998090018,B_0,4.91971,10.3206,4.47266,4.91971
654,835526875,B_0,4.98869,11.1355,4.5259,4.98869
655,701407378,B_0,5.08268,12.5957,4.60658,5.08268
656,555723334,B_0,5.23636,14.5002,4.70795,5.23636
657,296109568,B_0,5.43296,16.6894,4.82452,5.43296
658,559385533,B_0,5.65899,16.821,4.86316,5.65899
659,605229577,B_0,5.70421,18.6561,4.88683,3.61967
660,155925107,B_0,5.81964,18.1039,4.90205,5.81964
661,148588228,B_0,5.80725,17.4447,4.91189,5.80725
662,531920784,B_0,5.78413,16.5216,4.90986,5.78413
663,714591458,B_0,5.73593,15.487,4.90152,5.73593
664,771185648,B_0,5.67587,16.9134,4.88907,3.16397
665,658632440,B_0,5.73474,15.7954,4.87818,5.73474
666,793691988,B_0,5.66795,14.7594,4.86833,5.66795
667,800009274,B_0,5.6063,13.7851,4.85887,5.6063
668,348825848,B_0,5.54813,12.8776,4.85015,5.54813
669,184502314,B_0,5.49403,12.0027,4.84091,5.49403
670,790496413,B_0,5.44104,11.6294,4.84998,5.44104
671,20634696,B_0,5.43145,9.67576,4.79509,5.43145
672,865616654,B_0,5.27888,7.09898,4.71137,5.27888
673,788982654,B_0,5.06632,5.05277,4.64372,5.06632
674,249965296,B_0,4.89636,2.65542,4.55793,4.89636
675,705647204,B_0,2.65542,2.45288,4.47373,2.65542
676,810817884,B_0,2.45288,2.42551,4.3918,2.45288
677,249014634,B_0,2.42551,2.86076,4.33056,2.42551
678,326412589,B_0,2.86076,3.20101,4.28538,2.86076
679,880882161,B_0,3.20101,3.48114,4.25321,3.20101
680,747612634,B_0,3.48114,3.68616,4.23053,3.48114
681,306425251,B_0,3.68616,4.28781,4.23282,3.68616
682,120723866,B_0,4.28781,4.7665,4.25417,4.28781
683,581175461,B_0,4.49249,7.99038,4.21295,0.0
684,212281248,B_0,4.61247,6.80861,4.18166,4.61247
685,731764956,B_0,4.52209,6.45391,4.18109,4.52209
686,2883378,B_0,4.50379,6.69595,4.20368,4.50379
687,909412745,B_0,4.53848,5.57707,4.17232,4.53848
688,17130149,B_0,4.45117,5.3663,4.17504,4.45117
689,735200841,B_0,4.44336,5.63419,4.19649,4.44336
690,891634758,B_0,4.4782,6.28471,4.23378,4.4782
691,109747161,B_0,4.54802,6.71255,4.26346,4.54802
692,692204675,B_0,4.59909,7.4949,4.30818,4.59909
693,916665802,B_0,4.68293,8.33793,4.35689,4.68293
694,487700178,B_0,4.77379,8.76544,4.39067,4.77379
695,884784574,B_0,4.82894,8.89679,4.41345,4.82894
696,39007857,B_0,4.85829,9.3595,4.44976,4.85829
697,76224378,B_0,4.91773,9.30261,4.38766,2.95415
698,499575477,B_0,4.85279,7.36492,4.32875,4.85279
699,651870361,B_0,4.697,5.88704,4.28437,4.697
700,579848959,B_0,4.57872,4.83377,4.25401,4.57872
701,179450664,B_0,4.4957,3.03529,4.19174,4.4957
702,722176830,B_0,3.03529,2.61783,4.12878,3.03529
703,833310300,B_0,2.61783,2.19035,4.05125,2.61783
704,411115471,B_0,2.19035,2.2309,3.97843,2.19035
705,872279985,B_0,2.2309,2.31143,3.91175,2.2309
706,528954088,B_0,2.31143,2.06441,3.83786,2.31143
707,73959777,B_0,2.06441,2.16617,3.77099,2.06441
708,979337231,B_0,2.16617,2.25266,3.71026,2.16617
709,207181250,B_0,2.25266,1.46882,3.6206,2.25266
710,956679411,B_0,1.46882,2.15224,3.56187,1.46882
711,258136401,B_0,2.15224,2.69704,3.52727,2.15224
712,181649174,B_0,2.69704,3.27719,3.51727,2.69704
713,799853248,B_0,3.27719,3.98894,3.53614,3.27719
714,922544485,B_0,3.73558,4.85673,3.57883,3.73558
715,798434597,B_0,3.82166,5.20933,3.60264,3.82166
716,523846186,B_0,3.86311,5.80875,3.63704,3.86311
717,894162903,B_0,3.92748,6.86008,3.69071,3.92748
718,301215235,B_0,4.03371,8.21746,3.75873,4.03371
719,207872203,B_0,4.1696,13.9496,3.83766,0.0
720,872964210,B_0,4.53514,14.8622,3.90206,4.53514
721,424530537,B_0,4.64517,15.9932,3.97703,4.64517
722,229029771,B_0,4.77669,17.7188,4.07804,4.77669
723,971615728,B_0,4.96398,19.8415,4.19838,4.96398
724,85261587,B_0,5.19046,21.5022,4.30449,5.19046
725,60786371,B_0,5.3796,23.3781,4.42254,5.3796
726,40317457,B_0,5.59144,25.4353,4.55158,5.59144
727,415977484,B_0,5.82334,25.8517,4.61911,5.82334
728,195467362,B_0,5.91169,26.7966,4.70861,5.91169
729,28885003,B_0,6.04844,28.1047,4.81452,6.04844
730,627540382,B_0,6.21976,26.1992,4.79451,6.21976
731,699077217,B_0,6.10447,25.8597,4.83333,6.10447
732,202835375,B_0,6.12632,26.6552,4.91687,6.12632
733,317330130,B_0,6.24963,28.2594,5.03435,6.24963
734,60417814,B_0,6.44732,30.4088,5.17685,6.44732
735,442069160,B_0,6.69729,32.9056,5.33753,6.69729
736,345793156,B_0,6.98281,27.5619,5.1896,6.98281
737,781300248,B_0,6.56769,23.1036,5.06639,6.56769
738,490406795,B_0,6.22157,21.8225,4.96531,3.82046
739,863130985,B_0,6.05644,24.773,4.88471,0.0
740,799141499,B_0,6.12336,21.9442,4.82111,6.12336
741,40237212,B_0,5.91832,20.2223,4.79612,5.91832
742,598554066,B_0,5.80724,19.6223,4.81257,5.80724
743,176852094,B_0,5.79368,17.495,4.76672,5.79368
744,525479039,B_0,5.64147,15.2185,4.71065,5.64147
745,365606539,B_0,5.47158,12.0956,4.61617,5.47158
746,939434577,B_0,5.22095,9.72156,4.5454,5.22095
747,27734162,B_0,5.03148,6.5716,4.43884,5.03148
748,390363155,B_0,4.76742,4.21075,4.35755,4.76742
749,386287649,B_0,4.21075,2.83414,4.29662,4.21075
750,839000957,B_0,2.83414,3.15953,4.25113,2.83414
751,141333892,B_0,3.15953,3.4287,4.21824,3.15953
752,328167513,B_0,3.4287,4.55903,4.23187,3.4287
753,777766316,B_0,4.45982,4.37076,4.23346,4.45982
754,270394371,B_0,4.37076,4.63395,4.24948,4.37076
755,743899510,B_0,4.48117,5.13796,4.2789,4.48117
756,623335396,B_0,4.5358,5.95192,4.32174,4.5358
757,431163093,B_0,4.61933,6.96673,4.37423,4.61933
758,944789902,B_0,4.72257,9.29061,4.43422,3.55002
759,416446650,B_0,4.89875,10.624,4.50614,4.89875
760,301606912,B_0,5.03734,12.196,4.59027,5.03734
761,815723162,B_0,5.20006,14.0445,4.6886,5.20006
762,416606559,B_0,5.39082,16.1156,4.79953,5.39082
763,89508850,B_0,5.60531,18.3098,4.91953,5.60531
764,407171729,B_0,5.83502,19.4203,5.00057,5.83502
765,468147963,B_0,5.97159,26.2093,5.07211,0.0
766,412924267,B_0,6.38257,26.6072,5.14044,6.38257
767,913523241,B_0,6.4708,26.9161,5.20601,6.4708
768,205837207,B_0,6.55182,27.1478,5.26911,6.55182
769,122926524,B_0,6.6265,27.295,5.3293,6.6265
770,112199542,B_0,6.69405,28.2782,5.42321,6.69405
771,395458451,B_0,6.83712,29.8662,5.54329,6.83712
772,96096814,B_0,7.0366,28.3888,5.54392,7.0366
773,508361006,B_0,6.96336,35.5711,5.60946,0.0
774,870828481,B_0,7.38802,37.1231,5.74268,7.38802
775,22131700,B_0,7.59884,36.9603,5.81042,7.59884
776,9801222,B_0,7.65844,32.7969,5.7178,7.65844
777,185058744,B_0,7.35765,27.7369,5.581,7.35765
778,887882345,B_0,6.96784,23.0476,5.4489,6.96784
779,244802843,B_0,6.60128,18.7194,5.32187,6.60128
780,581028613,B_0,6.25784,14.6069,5.19481,6.25784
781,703123549,B_0,5.92515,11.3098,5.09214,5.92515
782,639696211,B_0,5.65763,8.65979,5.00875,5.65763
783,16818047,B_0,5.44174,6.91254,4.95618,5.44174
784,945258465,B_0,5.30181,5.86471,4.92809,5.30181
785,462604749,B_0,5.22133,9.51044,4.90827,0.786652
786,48383184,B_0,5.38379,8.90247,4.90297,5.38379
787,613289592,B_0,5.34809,8.61013,4.90908,5.34809
788,944891393,B_0,5.33959,9.01737,4.94259,5.33959
789,651618346,B_0,5.39346,9.95317,4.99806,5.39346
790,94738709,B_0,5.49572,11.2719,5.07071,5.49572
791,591145145,B_0,5.63431,17.0858,5.10044,0.0
792,145947922,B_0,5.95473,17.6287,5.15633,5.95473
793,206385358,B_0,6.03777,17.0483,5.16837,6.03777
794,162921898,B_0,6.02079,16.2529,5.17065,6.02079
795,689145159,B_0,5.9833,15.3492,5.16701,5.9833
796,310940411,B_0,5.93447,16.9641,5.15896,3.35092
797,674986767,B_0,6.00716,15.8267,5.14739,6.00716
798,570947713,B_0,5.93873,18.3209,5.15152,2.75646
799,955958771,B_0,6.06757,16.7553,5.12554,6.06757
800,592665772,B_0,5.96331,21.2329,5.09962,0.0
801,985441913,B_0,6.16127,19.549,5.07473,6.16127
802,873575582,B_0,6.05219,17.2315,5.02113,6.05219
803,73267381,B_0,5.88271,14.769,4.95709,5.88271
804,50879525,B_0,5.69554,12.2895,4.88745,5.69554
805,418351170,B_0,5.50192,9.30282,4.79256,5.50192
806,161022300,B_0,5.2577,6.46233,4.69755,5.2577
807,380034542,B_0,5.02067,3.84864,4.60593,5.02067
808,822124215,B_0,3.84864,2.85572,4.53592,3.84864
809,955067396,B_0,2.85572,2.28084,4.44571,2.85572
810,958639419,B_0,2.28084,2.25264,4.35799,2.28084
811,518923320,B_0,2.25264,2.22972,4.27286,2.25264
812,237136057,B_0,2.22972,2.21972,4.19074,2.22972
813,699091953,B_0,2.21972,2.2048,4.1113,2.21972
814,819108070,B_0,2.2048,2.63073,4.05208,2.2048
815,415357984,B_0,2.63073,3.45624,4.02824,2.63073
816,621815804,B_0,3.45624,4.11781,4.03182,3.45624
817,498348881,B_0,4.11781,4.84753,4.06445,4.11781
818,957251304,B_0,4.30683,6.09243,4.12394,4.30683
819,866669979,B_0,4.42857,5.48146,4.11169,4.42857
820,863613695,B_0,4.38576,4.56381,4.08595,4.38576
821,762443676,B_0,4.31414,3.47916,4.05169,4.31414
822,438176072,B_0,3.47916,3.24123,4.0059,3.1449
823,2641919,B_0,3.24123,2.75625,3.95591,3.24123
824,336147991,B_0,2.75625,3.08911,3.92124,2.75625
825,458862409,B_0,3.08911,3.35516,3.8986,3.08911
826,488523443,B_0,3.35516,3.55255,3.88476,3.35516
827,328060304,B_0,3.55255,3.72975,3.87856,3.55255
828,359227382,B_0,3.72975,4.73715,3.9129,3.72975
829,994200527,B_0,4.14976,6.57217,3.99577,4.14976
830,277519737,B_0,4.32438,9.23976,4.11562,4.32438
831,150306461,B_0,4.57761,12.4511,4.26256,4.57761
832,517907871,B_0,4.88511,12.3607,4.28384,4.88511
833,629693666,B_0,4.90188,12.5121,4.31462,4.90188
834,286112834,B_0,4.94022,12.8765,4.35422,4.94022
835,626242954,B_0,4.99805,13.473,4.40383,4.99805
836,284593573,B_0,5.07749,14.2272,4.46095,5.07749
837,418399832,B_0,5.17231,15.5208,4.54115,5.17231
838,793015174,B_0,5.31719,16.5629,4.61387,5.31719
839,952432609,B_0,5.44202,18.0519,4.70656,5.44202
840,424409889,B_0,5.60915,18.3327,4.75389,5.60915
841,580530781,B_0,5.67052,19.3292,4.83042,5.67052
842,524558767,B_0,5.79688,26.6224,4.92893,0.0
843,989255121,B_0,6.26005,27.2002,5.00529,6.26005
844,138194461,B_0,6.36529,27.6718,5.07855,6.36529
845,500953536,B_0,6.46214,28.1475,5.15292,6.46214
846,168540826,B_0,6.56029,29.0951,5.24712,6.56029
847,845589644,B_0,6.70187,28.1868,5.26898,6.70187
848,45598355,B_0,6.67832,27.0248,5.27887,6.67832
849,411030262,B_0,6.63012,25.6991,5.2799,6.63012
850,920594950,B_0,6.56485,24.3468,5.2772,6.56485
851,833051709,B_0,6.49454,22.983,5.27134,6.49454
852,231895684,B_0,6.42049,27.9531,5.25929,0.0
853,872276762,B_0,6.65695,26.1021,5.24116,6.65695
854,959541825,B_0,6.54626,24.6492,5.23525,6.54626
855,78608377,B_0,6.4677,23.6777,5.24569,6.4677
856,479370355,B_0,6.42957,23.0238,5.26688,6.42957
857,167892575,B_0,6.41807,22.4858,5.29141,6.41807
858,301428719,B_0,6.4157,22.0893,5.32052,6.4157
859,377329974,B_0,6.42499,21.8667,5.3558,6.42499
860,657752106,B_0,6.44914,20.7315,5.35412,6.44914
861,562773698,B_0,6.3907,20.0051,5.36653,6.3907
862,906724340,B_0,6.36679,20.0513,5.40839,6.36679
863,573978320,B_0,6.41095,19.6184,5.43117,6.41095
864,872854589,B_0,6.41209,19.8783,5.48081,6.41209
865,147464399,B_0,6.47473,20.613,5.54995,6.47473
866,317130815,B_0,6.5806,21.6726,5.63356,6.5806
867,608163134,B_0,6.71719,22.9536,5.72815,6.71719
868,321971879,B_0,6.87583,22.3465,5.74977,6.87583
869,100486326,B_0,6.86709,23.5763,5.75727,4.7075
870,632306645,B_0,6.93609,22.3294,5.75455,6.93609
871,741715403,B_0,6.87102,20.9482,5.74396,6.87102
872,30105612,B_0,6.79137,19.4837,5.72728,6.79137
873,311269808,B_0,6.70146,18.4398,5.72449,6.70146
874,257505981,B_0,6.64648,18.1976,5.75168,6.64648
875,122229029,B_0,6.66156,18.522,5.80105,6.66156
876,959271892,B_0,6.72715,19.2547,5.8674,6.72715
877,552145709,B_0,6.83014,16.9796,5.81491,6.83014
878,123685378,B_0,6.66389,15.5743,5.79265,6.66389
879,483932610,B_0,6.57137,14.9122,5.79732,6.57137
880,21093439,B_0,6.54293,14.9669,5.82933,6.54293
881,669846066,B_0,6.57768,11.9606,5.73901,6.57768
882,585819731,B_0,6.33704,9.31851,5.65725,6.33704
883,492593747,B_0,6.12318,7.0108,5.58358,6.12318
884,776101480,B_0,5.93412,3.54,5.45877,5.93412
885,963217424,B_0,3.54,3.1027,5.36453,3.54
886,695553544,B_0,3.1027,3.80473,5.30213,3.1027
887,419895742,B_0,3.80473,4.39619,5.2659,3.80473
888,359512437,B_0,4.39619,5.32347,5.2682,4.39619
889,715026924,B_0,5.32347,5.99289,5.29719,5.32347
890,581216248,B_0,5.59683,10.9627,5.28409,0.0
891,188519062,B_0,5.83223,12.4996,5.28423,3.75061
892,509168450,B_0,5.90921,11.2726,5.26015,5.90921
893,723427469,B_0,5.82378,10.0287,5.23294,5.82378
894,835097216,B_0,5.73437,8.88738,5.20734,5.73437
895,118125833,B_0,5.65171,8.06506,5.19222,5.65171
896,657760747,B_0,5.59548,13.1771,5.18902,0.0
897,763752996,B_0,5.84787,12.8024,5.20038,5.84787
898,190285957,B_0,5.8405,12.7315,5.22315,5.8405
899,917405149,B_0,5.85973,12.8839,5.25471,5.85973
900,968724879,B_0,5.89891,12.6408,5.27075,5.89891
901,526118303,B_0,5.90279,12.5615,5.29286,5.90279
902,441827765,B_0,5.92094,12.6901,5.32313,5.92094
903,25135450,B_0,5.95764,19.2914,5.37426,0.0
904,833253929,B_0,6.33883,18.5041,5.38135,6.33883
905,599486935,B_0,6.30656,17.5189,5.37895,6.30656
906,207215837,B_0,6.2549,15.5743,5.3362,6.2549
907,245930643,B_0,6.11492,13.3355,5.2778,6.11492
908,85365478,B_0,5.94457,10.942,5.20873,5.94457
909,555162879,B_0,5.75583,12.5125,5.1101,1.17249
910,572242924,B_0,5.73573,15.1347,5.01058,0.0
911,310724568,B_0,5.76732,11.9027,4.91158,5.76732
912,426535185,B_0,5.50671,8.36158,4.79374,5.50671
913,581537583,B_0,5.21181,5.17058,4.68282,5.21181
914,677789891,B_0,4.94135,2.30031,4.57835,4.94135
915,682093769,B_0,2.30031,2.10193,4.47929,2.30031
916,579261663,B_0,2.10193,2.13347,4.38546,2.10193
917,345806964,B_0,2.13347,2.5935,4.31378,2.13347
918,299307917,B_0,2.5935,2.97948,4.26041,2.5935
919,872736071,B_0,2.97948,3.73832,4.23953,2.97948
920,604119140,B_0,3.73832,4.322,4.24282,3.73832
921,121236994,B_0,4.322,4.79711,4.265,4.322
922,69097245,B_0,4.50485,9.98284,4.30183,0.0
923,122848563,B_0,4.80097,9.07314,4.2854,4.80097
924,429315632,B_0,4.73906,9.23689,4.3101,4.73906
925,639779881,B_0,4.77194,10.173,4.36602,4.77194
926,895230111,B_0,4.87467,8.62578,4.32447,4.87467
927,771627481,B_0,4.75576,8.56222,4.33918,4.75576
928,570803807,B_0,4.76729,9.54092,4.39546,4.76729
929,893224660,B_0,4.8725,11.307,4.48518,4.8725
930,356604584,B_0,5.05053,6.44343,4.31325,5.05053
931,752356815,B_0,4.63542,1.89624,4.14425,4.63542
932,500202951,B_0,1.89624,0.899651,4.01447,1.89624
933,729003315,B_0,0.899651,0.36578,3.86852,0.899651
934,177462102,B_0,0.36578,1.1783,3.76091,0.36578
935,503095182,B_0,1.1783,1.81196,3.68295,1.1783
936,195938934,B_0,1.81196,2.32287,3.62855,1.81196
937,457095495,B_0,2.32287,2.74089,3.59304,2.32287
938,15077121,B_0,2.74089,3.51274,3.58983,2.74089
939,307063451,B_0,3.51274,5.46459,3.61127,2.17396
940,582839374,B_0,3.8845,6.20041,3.65163,3.8845
941,571226746,B_0,3.96165,7.15041,3.70203,3.96165
942,14678596,B_0,4.05955,8.33899,3.76388,4.05955
943,569762891,B_0,4.18083,9.69483,3.83479,4.18083
944,365104468,B_0,4.31953,13.0425,3.90487,2.23917
945,175137768,B_0,4.55699,14.5546,3.99144,4.55699
946,798025946,B_0,4.71917,16.2579,4.08868,4.71917
947,533697467,B_0,4.90158,18.0246,4.19186,4.90158
948,83808610,B_0,5.09309,19.9109,4.30337,5.09309
949,317444621,B_0,5.29891,20.3585,4.36109,5.29891
950,101020516,B_0,5.37902,20.3736,4.40241,5.37902
951,836714273,B_0,5.4211,20.0712,4.43106,5.4211
952,523719563,B_0,5.43463,19.5665,4.45102,5.43463
953,515376373,B_0,5.42935,17.6761,4.41454,5.42935
954,526165503,B_0,5.29834,16.0604,4.38526,5.29834
955,335860534,B_0,5.18828,15.1063,4.37922,5.18828
956,963624976,B_0,5.13454,14.7358,4.39461,5.13454
957,476984476,B_0,5.1314,15.0908,4.43828,5.1314
958,293370972,B_0,5.19282,20.3203,4.50323,0.832566
959,131755764,B_0,5.51924,21.7636,4.6016,5.51924
960,218882485,B_0,5.68978,23.0649,4.69718,5.68978
961,355775247,B_0,5.85043,24.9085,4.81706,5.85043
962,353219511,B_0,6.06248,27.0941,4.9543,6.06248
963,987512297,B_0,6.309,29.4777,5.10383,6.309
964,898631973,B_0,6.57772,31.9615,5.26214,6.57772
965,884818642,B_0,6.86021,34.4298,5.42479,6.86021
966,738799724,B_0,7.14628,36.8406,5.59009,7.14628
967,27806161,B_0,7.43212,40.4019,5.75627,6.18331
968,455000726,B_0,7.77636,48.0954,5.92144,2.19208
969,997465648,B_0,8.32621,49.7766,6.08488,8.32621
970,283006703,B_0,8.57371,49.9957,6.19319,8.57371
971,877465603,B_0,8.69298,49.0565,6.25562,8.69298
972,452403990,B_0,8.70845,51.6413,6.31995,5.27897
973,677710080,B_0,8.90201,48.429,6.29473,8.90201
974,377336437,B_0,8.71618,48.3884,6.2508,5.23691
975,889327395,B_0,8.67022,45.0466,6.2139,8.67022
976,255303380,B_0,8.46623,40.8119,6.13461,8.46623
977,24980595,B_0,8.17521,37.2762,6.0748,8.17521
978,756951733,B_0,7.93861,39.1461,5.9627,1.40224
979,854083800,B_0,7.92,34.2587,5.84549,7.92
980,301517956,B_0,7.55842,28.9871,5.70315,7.55842
981,925984283,B_0,7.1525,24.119,5.5664,7.1525
982,137028668,B_0,6.77234,19.1486,5.41582,6.77234
983,315846,B_0,6.37325,14.6392,5.27374,6.37325
984,770973375,B_0,6.0057,10.9683,5.15618,6.0057
985,84656465,B_0,5.7046,8.39341,5.07512,5.7046
986,105736406,B_0,5.49479,6.68479,5.02357,5.49479
987,743874207,B_0,5.3578,5.64843,4.99548,5.3578
988,38178944,B_0,5.2779,5.50696,5.00112,5.2779
989,769096336,B_0,5.27647,6.05455,5.03404,5.27647
990,570008185,B_0,5.33676,7.07103,5.0868,5.33676
991,423404121,B_0,5.44036,8.17806,5.14523,5.44036
992,499947250,B_0,5.55413,4.80092,5.0265,5.55413
993,701747229,B_0,4.80092,3.00955,4.94582,4.80092
994,808521397,B_0,3.00955,4.09106,4.91163,3.00955
995,709944795,B_0,4.09106,4.95599,4.9134,4.09106
996,350735282,B_0,4.95599,5.65432,4.94304,4.95599
997,82097051,B_0,5.22576,6.20438,4.97635,5.22576
998,212022986,B_0,5.28657,12.4848,5.02851,0.0
999,560663105,B_0,5.65275,12.0335,5.03543,5.65275
1000,131094590,B_0,5.63711,10.7685,5.0089,5.63711
1001,663906608,B_0,5.54733,8.385,4.9351,5.54733
1002,529258850,B_0,5.35435,6.38939,4.87204,5.35435
1003,789802520,B_0,5.19151,4.41206,4.80573,5.19151
1004,252381230,B_0,4.41206,2.89904,4.72946,4.41206
1005,545437173,B_0,2.89904,4.66104,4.66219,1.28572
1006,252168715,B_0,4.66104,3.28995,4.6073,4.66104
1007,523977370,B_0,3.28995,3.48546,4.56243,3.28995
1008,373383807,B_0,3.48546,3.20137,4.50799,3.48546
1009,471057353,B_0,3.20137,3.32724,4.46076,3.20137
1010,69785463,B_0,3.32724,3.86987,4.43712,3.32724
1011,731746645,B_0,3.86987,3.23126,4.38889,3.86987
1012,309078673,B_0,3.23126,3.87331,4.36826,3.23126
1013,324925735,B_0,3.87331,4.38537,4.36895,3.87331
1014,30149190,B_0,4.38537,8.02375,4.33972,0.0
1015,662198543,B_0,4.74091,6.31752,4.28752,4.74091
1016,529847410,B_0,4.6034,4.94996,4.24546,4.6034
1017,298781331,B_0,4.49295,2.86531,4.17197,4.49295
1018,290531084,B_0,2.86531,1.90104,4.08113,2.86531
1019,376529301,B_0,1.90104,1.91764,3.99459,1.90104
1020,305658671,B_0,1.91764,1.95032,3.91282,1.91764
1021,14503272,B_0,1.95032,1.98816,3.83584,1.95032
1022,453166233,B_0,1.98816,2.00926,3.76277,1.98816
1023,393678235,B_0,2.00926,1.44883,3.67021,2.00926
1024,777685313,B_0,1.44883,1.54898,3.58537,1.44883
1025,442575139,B_0,1.54898,1.66579,3.50858,1.54898
1026,106061656,B_0,1.66579,1.752,3.43832,1.66579
1027,66808724,B_0,1.752,1.25574,3.35102,1.752
1028,205454577,B_0,1.25574,1.41707,3.27366,1.25574
1029,666114929,B_0,1.41707,1.54479,3.2045,1.41707
1030,247615718,B_0,1.54479,1.646,3.14216,1.54479
1031,189755920,B_0,1.646,2.54485,3.11827,1.646
1032,590790577,B_0,2.54485,3.57828,3.13667,2.54485
1033,598457898,B_0,3.31559,4.71761,3.1894,3.31559
1034,511940707,B_0,3.42528,4.49658,3.18999,3.42528
1035,236077064,B_0,3.41482,3.35241,3.15322,3.41482
1036,577574195,B_0,3.32084,2.88974,3.14142,3.32084
1037,12050797,B_0,2.88974,2.73243,3.12506,2.88974
1038,109535281,B_0,2.73243,3.31524,3.13267,2.73243
1039,803642680,B_0,3.29843,3.25064,3.13671,3.29843
1040,408122428,B_0,3.25064,3.69862,3.15919,3.25064
1041,925960371,B_0,3.34412,1.22654,3.0677,3.34412
1042,838019141,B_0,1.22654,1.82562,3.01802,1.22654
1043,667334303,B_0,1.82562,1.0639,2.93986,1.82562
1044,912773142,B_0,1.0639,2.03848,2.9038,1.0639
1045,893767840,B_0,2.03848,2.82291,2.90057,2.03848
1046,425621691,B_0,2.82291,3.44861,2.92249,2.82291
1047,978769375,B_0,3.09492,5.10746,2.99574,3.09492
1048,860052728,B_0,3.25111,6.77727,3.07275,3.25111
1049,553639971,B_0,3.41161,7.92013,3.13201,3.41161
1050,595905125,B_0,3.52802,9.55686,3.21332,3.52802
1051,518413735,B_0,3.69117,9.56586,3.2328,3.69117
1052,927445063,B_0,3.71109,5.85477,3.10349,3.71109
1053,790021863,B_0,3.39622,3.07508,3.00401,3.39622
1054,365094596,B_0,3.07508,1.26773,2.93456,3.07508
1055,260937959,B_0,1.26773,1.801,2.88921,1.26773
1056,334105465,B_0,1.801,2.63086,2.87888,1.801
1057,229998054,B_0,2.63086,5.35534,2.8727,0.0
1058,336744208,B_0,3.14047,5.51247,2.8897,3.14047
1059,93942742,B_0,3.16532,5.09515,2.88403,3.16532
1060,745876040,B_0,3.13879,3.71823,2.83915,3.13879
1061,569027849,B_0,3.02506,2.47944,2.79703,3.02506
1062,632592339,B_0,2.47944,1.80189,2.75723,2.47944
1063,568094496,B_0,1.80189,1.83726,2.72043,1.80189
1064,559505155,B_0,1.83726,1.83946,2.68519,1.83726
1065,533570038,B_0,1.83946,2.24863,2.66773,1.83946
1066,845777038,B_0,2.24863,2.57952,2.6642,2.24863
1067,178260355,B_0,2.57952,2.83928,2.6712,2.57952
1068,120261558,B_0,2.81316,3.07626,2.68636,2.81316
1069,36524042,B_0,2.84017,6.29566,2.70768,0.0
1070,365928044,B_0,3.02246,7.02674,2.74952,3.02246
1071,527181042,B_0,3.10085,7.23089,2.77173,3.10085
1072,535923209,B_0,3.13328,7.90228,2.81305,3.13328
1073,747269384,B_0,3.20817,7.88015,2.81488,2.88081
1074,409253661,B_0,3.20888,8.17019,2.84224,3.20888
1075,778166816,B_0,3.25075,7.69849,2.83971,3.25075
1076,712587648,B_0,3.22464,7.44909,2.84513,3.22464
1077,687473784,B_0,3.21759,7.07583,2.8451,3.21759
1078,939120172,B_0,3.19889,6.92793,2.85334,3.19889
1079,762279279,B_0,3.19973,6.94483,2.86787,3.19973
1080,209627760,B_0,3.21511,7.08099,2.8872,3.21511
1081,762003955,B_0,3.24125,7.30126,2.91018,3.24125
1082,707589835,B_0,3.27524,7.56754,2.93543,3.27524
1083,780611510,B_0,3.31381,7.86393,2.96242,3.31381
1084,431336303,B_0,3.35562,8.17824,2.99072,3.35562
1085,706905594,B_0,3.39963,7.71616,2.98859,3.39963
1086,714064618,B_0,3.3744,7.4419,2.99306,3.3744
1087,763139316,B_0,3.36515,7.31168,3.00273,3.36515
1088,581446354,B_0,3.36832,7.31382,3.01744,3.36832
1089,553729869,B_0,3.38313,7.40974,3.0359,3.38313
1090,711614176,B_0,3.40639,7.96264,3.07284,3.40639
1091,547147626,B_0,3.47097,8.37816,3.10539,3.47097
1092,566326261,B_0,3.52429,8.33323,3.12035,3.52429
1093,281781440,B_0,3.53701,8.72508,3.15269,3.53701
1094,30865895,B_0,3.58894,9.43422,3.1985,3.58894
1095,696613033,B_0,3.67021,10.3543,3.25417,3.67021
1096,487403311,B_0,3.77188,13.0504,3.31703,2.12948
1097,966842959,B_0,3.96955,17.678,3.38524,0.394791
1098,862791038,B_0,4.26915,18.5758,3.45651,4.26915
1099,767724597,B_0,4.3853,19.8663,3.54528,4.3853
1100,328333913,B_0,4.5386,20.4661,3.60901,4.5386
1101,184542470,B_0,4.63231,21.0406,3.67292,4.63231
1102,565411689,B_0,4.72495,20.9502,3.71139,4.72495
1103,74580794,B_0,4.7589,19.5116,3.69574,4.7589
1104,361825068,B_0,4.67132,18.2148,3.68289,4.67132
1105,71218520,B_0,4.59363,17.0412,3.67238,4.59363
1106,532505680,B_0,4.52444,15.3853,3.64022,4.52444
1107,233758372,B_0,4.40949,13.6012,3.59963,4.40949
1108,660063994,B_0,4.27969,12.1664,3.56944,4.27969
1109,71764759,B_0,4.17776,10.4096,3.5235,4.17776
1110,537678195,B_0,4.04398,9.05566,3.49016,4.04398
1111,372539131,B_0,3.94295,8.01818,3.46678,3.94295
1112,884791521,B_0,3.86769,7.60564,3.46631,3.86769
1113,18080694,B_0,3.84659,7.60626,3.48155,3.84659
1114,818164957,B_0,3.86186,8.3427,3.52622,3.86186
1115,384901088,B_0,3.94335,8.15663,3.53546,3.94335
1116,977674887,B_0,3.94329,9.11276,3.59002,3.94329
1117,951286686,B_0,4.04566,9.98699,3.64321,4.04566
1118,171432179,B_0,4.14256,11.157,3.70999,4.14256
1119,889841680,B_0,4.26784,12.5942,3.78979,4.26784
1120,374566405,B_0,4.4195,12.4663,3.80986,4.4195
1121,55827674,B_0,4.43317,9.15348,3.70228,4.43317
1122,48848805,B_0,4.15996,7.41064,3.65088,4.15996
1123,925972180,B_0,4.02141,6.15751,3.61557,4.02141
1124,91572205,B_0,3.92345,5.72245,3.61048,3.92345
1125,611613161,B_0,3.89661,6.05056,3.63505,3.89661
1126,63848917,B_0,3.93758,6.97156,3.68399,3.93758
1127,451504719,B_0,4.03257,8.20116,3.74712,4.03257
1128,329281302,B_0,4.15718,9.60531,3.81969,4.15718
1129,114049673,B_0,4.29995,11.1936,3.90243,4.29995
1130,668122953,B_0,4.46211,12.8679,3.99179,4.46211
1131,383246264,B_0,4.63519,14.634,4.08817,4.63519
1132,900401161,B_0,4.81987,16.2161,4.18072,4.81987
1133,542171670,B_0,4.99152,22.8221,4.27774,0.0
1134,544446096,B_0,5.41884,24.1613,4.37694,5.41884
1135,305693385,B_0,5.58501,25.8384,4.49235,5.58501
1136,718384262,B_0,5.78428,27.2387,4.60004,5.78428
1137,273916925,B_0,5.96198,28.8723,4.71986,5.96198
1138,496794744,B_0,6.16348,30.226,4.83176,6.16348
1139,946546746,B_0,6.34305,31.4589,4.94152,6.34305
1140,318687580,B_0,6.51447,32.7183,5.05482,6.51447
1141,244917728,B_0,6.69073,32.6827,5.11883,6.69073
1142,450527827,B_0,6.75297,32.2603,5.1673,6.75297
1143,66098038,B_0,6.78032,36.6788,5.14568,0.208395
1144,870259077,B_0,6.97962,38.1216,5.10228,2.61769
1145,907621540,B_0,7.00836,34.2029,5.02177,7.00836
1146,674383345,B_0,6.73191,30.3356,4.93549,6.73191
1147,366415891,B_0,6.45227,26.5915,4.84639,6.45227
1148,637536301,B_0,6.17597,28.7372,4.73837,0.0
1149,65771145,B_0,6.17523,24.6415,4.63201,6.17523
1150,312632921,B_0,5.86408,20.7998,4.52763,5.86408
1151,493871065,B_0,5.56761,17.2277,4.42634,5.56761
1152,364879475,B_0,5.28773,13.9258,4.32872,5.28773
1153,789624177,B_0,5.02501,11.2406,4.24916,5.02501
1154,995618175,B_0,4.81119,8.93264,4.17933,4.81119
1155,625167349,B_0,4.62596,7.04949,4.12187,4.62596
1156,154033778,B_0,4.47434,5.55836,4.07632,4.47434
1157,781018809,B_0,4.35424,4.38405,4.04046,4.35424
1158,900985435,B_0,4.25967,4.4709,4.02847,3.65366
1159,52433088,B_0,4.25201,4.39529,4.03438,4.25201
1160,319433755,B_0,4.25415,5.06841,4.0701,4.25415
1161,910281932,B_0,4.32352,6.28109,4.12874,4.32352
1162,764117950,B_0,4.4428,6.5641,4.15263,4.4428
1163,281382402,B_0,4.48083,4.38113,4.07843,4.48083
1164,572512921,B_0,4.29749,4.01355,4.07249,4.29749
1165,76921683,B_0,4.01355,1.61419,3.97416,4.01355
1166,836620468,B_0,1.61419,3.11438,3.93977,1.61419
1167,984234966,B_0,3.11438,4.35452,3.95636,3.11438
1168,303367239,B_0,4.17409,7.08467,4.01325,2.64846
1169,333852068,B_0,4.36748,9.35387,4.11819,4.36748
1170,823368115,B_0,4.58588,12.5789,4.2659,4.58588
1171,837951601,B_0,4.89484,11.0305,4.22912,4.89484
1172,925901212,B_0,4.78064,8.82254,4.16286,4.78064
1173,132030797,B_0,4.60399,8.04904,4.07789,2.81216
1174,288504450,B_0,4.48034,6.40188,4.0281,4.48034
1175,185539553,B_0,4.3482,5.56364,4.00738,4.3482
1176,846482140,B_0,4.28556,4.34776,3.96987,4.28556
1177,64073124,B_0,4.18726,3.93993,3.96225,4.18726
1178,439584021,B_0,3.93993,4.67813,3.99089,3.93993
1179,610443313,B_0,4.22479,5.7242,4.04209,4.22479
1180,902024227,B_0,4.3283,7.20139,4.11262,4.3283
1181,266095684,B_0,4.47269,9.40953,4.21535,4.47269
1182,90957172,B_0,4.68583,9.36047,4.23221,4.68583
1183,857269155,B_0,4.70023,9.20036,4.24452,4.70023
1184,192565650,B_0,4.70454,8.94789,4.25283,4.70454
1185,19450557,B_0,4.70022,8.64081,4.25844,4.70022
1186,284477609,B_0,4.69048,8.33158,4.26335,4.69048
1187,984883196,B_0,4.67993,8.01969,4.26754,4.67993
1188,403317285,B_0,4.66852,7.7074,4.27109,4.66852
1189,968405651,B_0,4.65646,7.40529,4.27442,4.65646
1190,85865615,B_0,4.64468,7.1043,4.27719,4.64468
1191,577392097,B_0,4.6324,7.25586,4.29746,4.6324
1192,616917183,B_0,4.66025,7.71543,4.33035,4.66025
1193,727351746,B_0,4.71613,8.83873,4.39072,4.71613
1194,736247440,B_0,4.83265,10.8417,4.48851,4.83265
1195,879072861,B_0,5.0306,12.7704,4.58734,5.0306
1196,724624035,B_0,5.22586,14.9933,4.7018,5.22586
1197,474322483,B_0,5.45147,22.5145,4.81458,0.0
1198,109666904,B_0,5.9403,20.4375,4.68797,3.72655
1199,841127165,B_0,5.70985,16.8538,4.5855,5.70985
1200,119441153,B_0,5.42819,13.9631,4.50358,5.42819
1201,402413058,B_0,5.20174,16.8443,4.43869,0.0
1202,150191440,B_0,5.2809,14.7068,4.38688,5.2809
1203,187203049,B_0,5.12222,12.9575,4.34632,5.12222
1204,935820883,B_0,4.99419,11.9243,4.3309,4.99419
1205,987795251,B_0,4.92712,11.4435,4.33552,4.92712
1206,41255773,B_0,4.9077,11.363,4.35519,4.9077
1207,405480055,B_0,4.92334,11.8109,4.39583,4.92334
1208,865605965,B_0,4.98638,12.8076,4.45932,4.98638
1209,756859123,B_0,5.0997,14.1646,4.53922,5.0997
1210,817612117,B_0,5.24745,21.0202,4.63187,0.0
1211,18969760,B_0,5.68288,22.9107,4.74953,5.68288
1212,120145200,B_0,5.89507,25.1752,4.88593,5.89507
1213,886958255,B_0,6.14469,28.4978,5.06919,6.14469
1214,819577799,B_0,6.49408,31.162,5.23275,6.49408
1215,272339699,B_0,6.79085,39.1441,5.4341,2.28433
1216,523774579,B_0,7.3913,39.7498,5.53661,7.3913
1217,836377305,B_0,7.5241,47.2761,5.6162,0.0
1218,451582054,B_0,7.98,47.7412,5.63276,5.56517
1219,815994942,B_0,8.01982,45.8315,5.65186,8.01982
1220,39386386,B_0,7.94343,44.9063,5.70651,7.94343
1221,17279437,B_0,7.95183,42.6776,5.70718,7.95183
1222,818451833,B_0,7.84106,40.5562,5.70768,7.84106
1223,264937767,B_0,7.73549,39.014,5.7271,7.73549
1224,302620195,B_0,7.67781,36.1525,5.69067,7.67781
1225,296536705,B_0,7.4983,33.291,5.64852,7.4983
1226,73352920,B_0,7.31307,29.5062,5.5637,7.31307
1227,88911591,B_0,7.03901,26.0537,5.48462,7.03901
1228,579626266,B_0,6.7873,23.3601,5.42898,6.7873
1229,942487322,B_0,6.59699,19.7805,5.33252,6.59699
1230,584625601,B_0,6.32154,16.022,5.22174,6.32154
1231,444737237,B_0,6.02284,12.7735,5.12384,6.02284
1232,767661351,B_0,5.76252,9.96549,5.03707,5.76252
1233,886732808,B_0,5.53534,7.75189,4.96846,5.53534
1234,905016266,B_0,5.35605,6.19077,4.92151,5.35605
1235,71145495,B_0,5.23105,5.51241,4.90676,5.23105
1236,224762506,B_0,5.18238,2.97684,4.81636,5.18238
1237,823535657,B_0,2.97684,5.48447,4.72401,0.0
1238,180836436,B_0,4.99824,2.82908,4.62877,4.99824
1239,660365947,B_0,2.82908,2.32387,4.53657,2.82908
1240,197216318,B_0,2.32387,2.28355,4.44645,2.32387
1241,865654128,B_0,2.28355,2.26346,4.35913,2.28355
1242,364668907,B_0,2.26346,2.24856,4.27471,2.26346
1243,898710749,B_0,2.24856,2.67161,4.21058,2.24856
1244,543418449,B_0,2.67161,2.29242,4.13386,2.67161
1245,645839466,B_0,2.29242,2.211,4.05694,2.29242
1246,213522974,B_0,2.211,4.39478,3.98202,0.0
1247,488572069,B_0,4.20176,2.33887,3.90857,4.20176
1248,220912691,B_0,2.33887,2.17964,3.83941,2.33887
1249,247850239,B_0,2.17964,2.1861,3.77328,2.17964
1250,401563755,B_0,2.1861,2.39568,3.71818,2.1861
1251,175271211,B_0,2.39568,2.73731,3.67894,2.39568
1252,39219378,B_0,2.73731,1.87199,3.60666,2.73731
1253,615144363,B_0,1.87199,1.92419,3.53936,1.87199
1254,308999557,B_0,1.92419,1.75412,3.46795,1.92419
1255,800059124,B_0,1.75412,1.81163,3.4017,1.75412
1256,314294933,B_0,1.81163,1.84737,3.33953,1.81163
1257,152212821,B_0,1.84737,2.34271,3.29966,1.84737
1258,723331730,B_0,2.34271,2.81007,3.28007,2.34271
1259,632508271,B_0,2.81007,2.43781,3.24638,2.81007
1260,835479532,B_0,2.43781,2.82593,3.22956,2.43781
1261,502788031,B_0,2.82593,3.1635,3.22692,2.82593
1262,317291854,B_0,3.1635,2.5483,3.19978,3.1635
1263,430201020,B_0,2.5483,2.45459,3.16997,2.5483
1264,259046979,B_0,2.45459,2.38219,3.13846,2.45459
1265,252104209,B_0,2.38219,2.3691,3.10768,2.38219
1266,632750733,B_0,2.3691,2.37307,3.0783,2.3691
1267,659555287,B_0,2.37307,2.38242,3.05046,2.37307
1268,475098766,B_0,2.38242,2.37881,3.0236,2.38242
1269,764377451,B_0,2.37881,1.95366,2.9808,2.37881
1270,920836794,B_0,1.95366,2.03562,2.94299,1.95366
1271,791921255,B_0,2.03562,1.78791,2.89679,2.03562
1272,607510013,B_0,1.78791,1.86043,2.85534,1.78791
1273,281785690,B_0,1.86043,2.39898,2.83708,1.86043
1274,899051917,B_0,2.39898,3.76448,2.87418,2.39898
1275,409894366,B_0,3.0624,5.54578,2.95296,3.0624
1276,135234317,B_0,3.23025,8.85009,3.02158,1.36419
1277,579813608,B_0,3.46408,11.0019,3.12535,3.46408
1278,381967118,B_0,3.67545,12.2776,3.19839,3.67545
1279,63826742,B_0,3.81227,13.7654,3.28245,3.81227
1280,257828326,B_0,3.97072,17.4921,3.30022,0.0
1281,462325825,B_0,4.17483,15.839,3.26908,4.17483
1282,537338894,B_0,4.06103,14.579,3.25036,4.06103
1283,9322958,B_0,3.97931,14.1742,3.26333,3.97931
1284,52999479,B_0,3.97204,13.766,3.27535,3.97204
1285,192587570,B_0,3.96365,13.5247,3.29323,3.96365
1286,303004014,B_0,3.96946,13.4229,3.31621,3.96946
1287,695608901,B_0,3.98735,13.2089,3.33449,3.98735
1288,331448302,B_0,3.99493,13.0682,3.35528,3.99493
1289,861083467,B_0,4.00869,13.0245,3.37967,4.00869
1290,324755475,B_0,4.03089,13.076,3.40778,4.03089
1291,582810758,B_0,4.06158,13.2936,3.44263,4.06158
1292,499873264,B_0,4.10731,12.5589,3.43983,4.10731
1293,688797373,B_0,4.06778,11.6507,3.42862,4.06778
1294,397699749,B_0,4.01116,10.6337,3.41124,4.01116
1295,363853013,B_0,3.94293,10.0277,3.40827,3.94293
1296,355295664,B_0,3.90966,9.73576,3.41665,3.90966
1297,687468464,B_0,3.90344,10.1427,3.4524,3.90344
1298,138994735,B_0,3.95953,10.5289,3.48813,3.95953
1299,670289862,B_0,4.01458,11.2744,3.53901,4.01458
1300,618927206,B_0,4.10273,12.3436,3.60433,4.10273
1301,498302336,B_0,4.22151,11.7919,3.60695,4.22151
1302,332567597,B_0,4.19654,10.9954,3.59867,4.19654
1303,406870240,B_0,4.14844,10.0241,3.58181,4.14844
1304,286785844,B_0,4.08301,8.93952,3.55847,4.08301
1305,858670067,B_0,4.00545,7.79189,3.53045,4.00545
1306,596548769,B_0,3.92004,6.62227,3.49925,3.92004
1307,998522504,B_0,3.83036,5.45584,3.46583,3.83036
1308,202504294,B_0,3.73862,4.75774,3.44882,3.73862
1309,469880159,B_0,3.68671,4.88124,3.46328,3.68671
1310,821504014,B_0,3.70734,5.60769,3.5021,3.70734
1311,187471987,B_0,3.78248,6.73924,3.55857,3.78248
1312,528187598,B_0,3.89554,8.15087,3.62852,3.89554
1313,186754628,B_0,4.03606,9.7425,3.70848,4.03606
1314,311228308,B_0,4.19561,9.7239,3.72723,4.19561
1315,922938681,B_0,4.21342,10.1044,3.76189,4.21342
1316,396535984,B_0,4.26711,10.8822,3.81321,4.26711
1317,883409686,B_0,4.35732,11.2952,3.8515,4.35732
1318,509170713,B_0,4.41625,11.9411,3.89993,4.41625
1319,28399223,B_0,4.49698,12.7206,3.95499,4.49698
1320,717766320,B_0,4.59102,13.6421,4.01729,4.59102
1321,429824655,B_0,4.69939,14.5993,4.08286,4.69939
1322,610322150,B_0,4.81282,15.6685,4.15483,4.81282
1323,84946898,B_0,4.93825,14.8272,4.15251,4.93825
1324,10744531,B_0,4.89387,14.5853,4.17249,4.89387
1325,200757499,B_0,4.90175,14.7848,4.20964,4.90175
1326,752501068,B_0,4.94888,15.745,4.27762,4.94888
1327,58935949,B_0,5.06487,15.329,4.29247,5.06487
1328,769084607,B_0,5.05892,14.866,4.30461,5.05892
1329,969825282,B_0,5.04791,14.4199,4.3165,5.04791
1330,71363243,B_0,5.03749,14.0561,4.33078,5.03749
1331,513688962,B_0,5.03358,13.742,4.34633,5.03358
1332,972359962,B_0,5.03343,13.4755,4.36316,5.03343
1333,23907096,B_0,5.03693,13.2335,4.38042,5.03693
1334,513561085,B_0,5.0421,13.0171,4.39824,5.0421
1335,314802121,B_0,5.04909,13.304,4.43575,5.04909
1336,618073528,B_0,5.10095,13.951,4.48824,5.10095
1337,332331790,B_0,5.18579,13.6554,4.50431,5.18579
1338,736017810,B_0,5.18708,13.2324,4.5147,5.18708
1339,198465411,B_0,5.17632,12.7629,4.52239,5.17632
1340,78236344,B_0,5.16053,12.8147,4.54999,5.16053
1341,266970987,B_0,5.19072,13.2137,4.59158,5.19072
1342,160396927,B_0,5.25226,10.2427,4.49916,5.25226
1343,462790059,B_0,5.0113,7.53882,4.41149,5.0113
1344,331102257,B_0,4.78843,5.0935,4.32876,4.78843
1345,385228254,B_0,4.58343,2.88889,4.25076,4.58343
1346,684859157,B_0,2.88889,5.28291,4.17649,0.0
1347,254082884,B_0,4.44064,3.15746,4.10204,4.44064
1348,754870287,B_0,3.15746,2.27883,4.02911,3.15746
1349,209736507,B_0,2.27883,2.2659,3.95858,2.27883
1350,10413814,B_0,2.2659,2.30073,3.89227,2.2659
1351,92347563,B_0,2.30073,2.33279,3.82989,2.30073
1352,544620796,B_0,2.33279,2.19183,3.76437,2.33279
1353,586741788,B_0,2.19183,2.21665,3.70246,2.19183
1354,545480735,B_0,2.21665,2.2723,3.64525,2.21665
1355,8039752,B_0,2.2723,1.828,3.57256,2.2723
1356,641972708,B_0,1.828,1.92236,3.50655,1.828
1357,704802684,B_0,1.92236,2.01346,3.44683,1.92236
1358,345611247,B_0,2.01346,2.0946,3.39274,2.01346
1359,856698088,B_0,2.0946,2.63152,3.36229,2.0946
1360,983077999,B_0,2.63152,3.05948,3.35018,2.63152
1361,367936346,B_0,3.05948,3.40674,3.35244,3.05948
1362,612526212,B_0,3.40674,3.40045,3.35436,3.40674
1363,64604315,B_0,3.40045,3.64413,3.36595,3.40045
1364,190952578,B_0,3.54816,3.49804,3.3674,3.54816
1365,307777524,B_0,3.49804,3.62832,3.37783,3.49804
1366,524894876,B_0,3.55925,3.88684,3.39543,3.55925
1367,701955558,B_0,3.58977,5.37079,3.42014,2.52924
1368,280088415,B_0,3.68868,5.67642,3.44311,3.68868
1369,818571273,B_0,3.72693,6.10045,3.47142,3.72693
1370,293763093,B_0,3.77645,6.60255,3.50371,3.77645
1371,728558768,B_0,3.83384,7.63514,3.55822,3.83384
1372,817526354,B_0,3.93997,7.79281,3.57979,3.93997
1373,501104229,B_0,3.96943,8.79175,3.63534,3.96943
1374,863634566,B_0,4.07492,10.3575,3.71555,4.07492
1375,249440237,B_0,4.23342,12.4819,3.82124,4.23342
1376,445097122,B_0,4.44533,12.9491,3.86489,4.44533
1377,668981600,B_0,4.51235,13.233,3.90215,4.51235
1378,819639889,B_0,4.56379,12.7934,3.91103,4.56379
1379,724816605,B_0,4.5507,12.4846,3.92427,4.5507
1380,633869660,B_0,4.5485,12.0518,3.93192,4.5485
1381,250501116,B_0,4.53451,11.7538,3.94411,4.53451
1382,688642290,B_0,4.5318,11.3386,3.951,4.5318
1383,477948870,B_0,4.51793,11.1001,3.96414,4.51793
1384,457966223,B_0,4.51915,10.9865,3.9818,4.51915
1385,965927553,B_0,4.53112,10.0816,3.96757,4.53112
1386,325025783,B_0,4.47165,9.53527,3.96588,4.47165
1387,143984821,B_0,4.44265,9.26122,3.97399,4.44265
1388,456771753,B_0,4.43705,8.97614,3.98111,4.43705
1389,702574920,B_0,4.42992,9.24813,4.00994,4.42992
1390,983068302,B_0,4.47235,10.0916,4.06218,4.47235
1391,132078096,B_0,4.56676,11.1396,4.12428,4.56676
1392,86056042,B_0,4.68126,10.8442,4.13475,4.68126
1393,695573633,B_0,4.67695,16.3041,4.18775,0.0
1394,787912706,B_0,5.00295,17.5361,4.26964,5.00295
1395,459910046,B_0,5.14645,19.3058,4.3755,5.14645
1396,611783379,B_0,5.34079,20.1205,4.4467,5.34079
1397,200552277,B_0,5.45272,17.6158,4.38675,5.45272
1398,271047530,B_0,5.26754,16.5651,4.37996,5.26754
1399,587604358,B_0,5.20821,16.6567,4.41675,5.20821
1400,865338056,B_0,5.24959,16.9063,4.46005,5.24959
1401,610689173,B_0,5.30536,15.4218,4.43448,5.30536
1402,815119052,B_0,5.20557,15.2217,4.45732,5.20557
1403,70920009,B_0,5.2184,15.8475,4.5128,5.2184
1404,675906199,B_0,5.30517,17.1561,4.59683,5.30517
1405,638775469,B_0,5.45464,17.628,4.60283,4.2747
1406,457343908,B_0,5.48423,16.4124,4.58946,5.48423
1407,453488423,B_0,5.41008,14.9117,4.56226,5.41008
1408,341654199,B_0,5.30784,13.2347,4.525,5.30784
1409,646483560,B_0,5.18674,17.1595,4.50099,0.0
1410,399545946,B_0,5.35897,16.541,4.51057,5.35897
1411,339243728,B_0,5.33762,15.0744,4.48499,5.33762
1412,739990442,B_0,5.2387,14.3061,4.4844,5.2387
1413,577991866,B_0,5.19971,14.1948,4.50856,5.19971
1414,554091439,B_0,5.2183,12.5949,4.47296,5.2183
1415,328031699,B_0,5.1027,10.5746,4.41734,5.1027
1416,810397132,B_0,4.94607,12.7666,4.40093,1.81517
1417,243661876,B_0,5.03926,12.4816,4.41506,5.03926
1418,88160831,B_0,5.03914,18.334,4.47256,0.0
1419,739118534,B_0,5.38926,19.7514,4.56592,5.38926
1420,375120284,B_0,5.55349,22.1411,4.70101,5.55349
1421,418746068,B_0,5.80807,25.2567,4.86992,5.80807
1422,188401410,B_0,6.13275,30.148,4.99071,2.99838
1423,385121798,B_0,6.49811,31.359,5.09944,6.49811
1424,330415011,B_0,6.66739,32.2785,5.19894,6.66739
1425,724429941,B_0,6.81287,32.063,5.25488,6.81287
1426,612942945,B_0,6.85803,31.9964,5.31634,6.85803
1427,197386514,B_0,6.91616,32.5227,5.40139,6.91616
1428,316185326,B_0,7.02752,32.2021,5.45361,7.02752
1429,124684024,B_0,7.06371,30.6437,5.45568,7.06371
1430,30714108,B_0,6.98786,28.2234,5.42015,6.98786
1431,746460284,B_0,6.83132,26.0198,5.38845,6.83132
1432,145301797,B_0,6.68944,23.3888,5.33525,6.68944
1433,633104475,B_0,6.50469,21.047,5.28836,6.50469
1434,187799904,B_0,6.34071,19.0105,5.24899,6.34071
1435,968818771,B_0,6.19951,17.4201,5.2234,6.19951
1436,228442120,B_0,6.0944,16.3537,5.21558,6.0944
1437,719416137,B_0,6.03327,15.6913,5.22179,6.03327
1438,397434053,B_0,6.00636,15.343,5.23924,6.00636
1439,380539285,B_0,6.00639,14.8731,5.25113,6.00639
1440,880700701,B_0,5.99479,14.7862,5.2774,5.99479
1441,39611757,B_0,6.01671,14.9688,5.31428,6.01671
1442,184495640,B_0,6.06271,15.3373,5.35896,6.06271
1443,712583301,B_0,6.12582,16.3233,5.42907,6.12582
1444,315236587,B_0,6.24523,14.9663,5.40744,6.24523
1445,908522970,B_0,6.15575,14.7255,5.42774,6.15575
1446,929165059,B_0,6.16401,13.558,5.41049,6.16401
1447,879882628,B_0,6.08839,13.4604,5.4337,6.08839
1448,705104567,B_0,6.10672,12.3472,5.41609,6.10672
1449,836939832,B_0,6.03346,10.3513,5.36095,6.03346
1450,788081247,B_0,5.87852,8.72973,5.31679,5.87852
1451,354883413,B_0,5.75328,5.9828,5.22437,5.75328
1452,81908823,B_0,5.52351,3.62464,5.14201,5.52351
1453,628144109,B_0,3.62464,3.45697,5.07461,3.62464
1454,323612206,B_0,3.45697,3.79305,5.02335,3.45697
1455,484870859,B_0,3.79305,4.05189,4.98449,3.79305
1456,925782916,B_0,4.05189,8.30442,4.95521,0.0
1457,155894705,B_0,5.37043,7.85683,4.95392,5.37043
1458,32889597,B_0,5.34676,6.52447,4.91634,5.34676
1459,184299575,B_0,5.24256,5.48928,4.88798,5.24256
1460,255281366,B_0,5.16244,4.74481,4.86918,5.16244
1461,629281504,B_0,4.74481,3.47063,4.81324,4.74481
1462,796989180,B_0,3.47063,3.81538,4.77332,3.47063
1463,499306192,B_0,3.81538,3.6424,4.72809,3.81538
1464,565566067,B_0,3.6424,3.91292,4.69548,3.6424
1465,708488639,B_0,3.91292,4.19445,4.67544,3.91292
1466,156879680,B_0,4.19445,7.63897,4.65852,0.807883
1467,931969910,B_0,5.04046,6.95422,4.6464,5.04046
1468,589510355,B_0,4.99411,6.39157,4.63781,4.99411
1469,795089964,B_0,4.95739,5.53044,4.61614,4.95739
1470,416079943,B_0,4.89267,4.87687,4.60106,4.89267
1471,773506653,B_0,4.84491,3.22664,4.54481,4.84491
1472,814151412,B_0,3.22664,3.04373,4.48476,3.22664
1473,527609534,B_0,3.04373,2.99374,4.42276,2.98476
1474,676663325,B_0,2.99374,2.85719,4.36014,2.99374
1475,518672676,B_0,2.85719,2.78979,4.29733,2.85719
1476,373967562,B_0,2.78979,2.73448,4.23481,2.78979
1477,665025503,B_0,2.73448,3.20113,4.19347,2.73448
1478,114027632,B_0,3.20113,3.56476,4.16832,3.20113
1479,998285740,B_0,3.56476,3.88769,4.15709,3.56476
1480,637394136,B_0,3.88769,4.59174,4.17448,3.88769
1481,251107603,B_0,4.40407,4.1168,4.16466,4.40407
1482,924601512,B_0,4.1168,3.30499,4.13028,4.1168
1483,979360716,B_0,3.30499,3.61053,4.10949,3.30499
1484,770305745,B_0,3.61053,2.59091,4.04874,3.61053
1485,724690283,B_0,2.59091,2.54779,3.98871,2.59091
1486,57575566,B_0,2.54779,2.59469,3.93025,2.48029
1487,17128612,B_0,2.59469,2.29556,3.86486,2.59469
1488,717090291,B_0,2.29556,2.34827,3.80419,2.29556
1489,101976272,B_0,2.34827,1.60602,3.71627,2.34827
1490,858800801,B_0,1.60602,1.75991,3.63801,1.60602
1491,710385479,B_0,1.75991,3.66523,3.56871,0.0
1492,658719606,B_0,3.66523,2.02496,3.50696,3.66523
1493,771810335,B_0,2.02496,2.11823,3.45141,2.02496
1494,286172237,B_0,2.11823,1.76415,3.38392,2.11823
1495,174994631,B_0,1.76415,1.86569,3.32319,1.76415
1496,667232931,B_0,1.86569,1.94902,3.26822,1.86569
1497,536460385,B_0,1.94902,1.98311,3.21682,1.94902
1498,833585539,B_0,1.98311,2.45962,3.18653,1.98311
1499,137062053,B_0,2.45962,2.89943,3.17504,2.45962
1500,201460060,B_0,2.89943,2.35538,3.14226,2.89943
1501,134951284,B_0,2.35538,2.77323,3.1275,2.35538
1502,300691275,B_0,2.77323,3.22275,3.13131,2.77323
1503,581212773,B_0,3.22275,2.32941,3.09318,3.07151
1504,643867126,B_0,2.32941,2.20517,3.05766,2.32941
1505,260354084,B_0,2.20517,1.78267,3.00666,2.20517
1506,798446288,B_0,1.78267,1.84073,2.96002,1.78267
1507,499293345,B_0,1.84073,1.45731,2.89992,1.84073
1508,931641031,B_0,1.45731,1.60397,2.84808,1.45731
1509,396610761,B_0,1.60397,1.03153,2.77542,1.60397
1510,732834588,B_0,1.03153,1.24991,2.7144,1.03153
1511,423310685,B_0,1.24991,1.45825,2.66415,1.24991
1512,281758251,B_0,1.45825,1.66592,2.62422,1.45825
1513,981871158,B_0,1.66592,1.50246,2.57935,1.66592
1514,236232188,B_0,1.50246,1.66345,2.54271,1.50246
1515,385477895,B_0,1.66345,1.80305,2.51313,1.66345
1516,130287236,B_0,1.80305,1.95683,2.49088,1.80305
1517,536627095,B_0,1.95683,4.04271,2.47468,0.0
1518,854085286,B_0,2.67681,2.98015,2.44026,2.67681
1519,792452466,B_0,2.58927,2.1638,2.41357,2.58927
1520,822566770,B_0,2.1638,1.89871,2.39297,2.1638
1521,134604834,B_0,1.89871,2.00866,2.3776,1.89871
1522,504317795,B_0,2.00866,2.09225,2.36618,2.00866
1523,714786640,B_0,2.09225,1.76279,2.34205,2.09225
1524,425608078,B_0,1.76279,1.84859,2.32231,1.76279
1525,923685094,B_0,1.84859,1.96257,2.30792,1.84859
1526,71406927,B_0,1.96257,2.04284,2.29732,1.96257
1527,349785536,B_0,2.04284,2.59043,2.30904,2.04284
1528,805318568,B_0,2.43856,3.1788,2.33776,2.43856
1529,108136675,B_0,2.4967,4.52472,2.39795,2.4967
1530,203031011,B_0,2.62419,6.40576,2.48224,2.62419
1531,972042829,B_0,2.80253,8.55668,2.58109,2.80253
1532,515694233,B_0,3.00893,10.8495,2.68992,3.00893
1533,819436966,B_0,3.23239,11.6981,2.74556,3.23239
1534,598413104,B_0,3.33047,12.0873,2.78452,3.33047
1535,876173781,B_0,3.38889,12.1705,2.81203,3.38889
1536,917045390,B_0,3.42055,12.0161,2.83019,3.42055
1537,501875398,B_0,3.431,11.688,2.8411,3.431
1538,527905313,B_0,3.4255,11.6377,2.86246,3.4255
1539,936064502,B_0,3.44435,11.8603,2.89465,3.44435
1540,520909600,B_0,3.48766,12.298,2.93587,3.48766
1541,823195735,B_0,3.55078,12.1374,2.95404,3.55078
1542,653784539,B_0,3.56091,12.1983,2.98075,3.56091
1543,188616475,B_0,3.59067,12.4616,3.01568,3.59067
1544,3468102,B_0,3.63876,15.8277,3.06051,0.770256
1545,939955068,B_0,3.8519,15.7661,3.0897,3.8519
1546,821175011,B_0,3.87801,15.917,3.12727,3.87801
1547,773124747,B_0,3.92312,16.2068,3.1707,3.92312
1548,122722743,B_0,3.98104,17.0787,3.23798,3.98104
1549,184223135,B_0,4.09192,17.8439,3.30275,4.09192
1550,348926983,B_0,4.19494,18.8286,3.37783,4.19494
1551,157405855,B_0,4.31926,19.4655,3.40909,3.52251
1552,132766613,B_0,4.38237,19.7123,3.45789,4.38237
1553,818780542,B_0,4.44351,20.2255,3.51784,4.44351
1554,780855376,B_0,4.52912,20.8969,3.58515,4.52912
1555,338123381,B_0,4.63,16.5713,3.45392,4.63
1556,823147691,B_0,4.28249,12.2999,3.31621,4.28249
1557,262901442,B_0,3.9312,9.87117,3.24366,3.9312
1558,676581463,B_0,3.73722,8.72133,3.21741,3.73722
1559,776481662,B_0,3.65348,8.67733,3.23309,3.65348
1560,509209263,B_0,3.66696,9.63102,3.28859,3.66696
1561,434223060,B_0,3.77015,11.3519,3.37669,3.77015
1562,875124333,B_0,3.94429,13.6453,3.49113,3.94429
1563,613227178,B_0,4.17339,13.9286,3.52976,4.17339
1564,581373070,B_0,4.22619,13.7059,3.5487,4.22619
1565,140750837,B_0,4.234,12.6829,3.5352,4.234
1566,164822704,B_0,4.16934,11.5489,3.5152,4.16934
1567,721020943,B_0,4.09265,9.80745,3.46864,4.09265
1568,941049618,B_0,3.95901,10.0678,3.42234,2.05083
1569,374054605,B_0,3.92573,8.46646,3.37842,3.92573
1570,407655088,B_0,3.80175,6.13599,3.30214,3.80175
1571,521905689,B_0,3.60894,7.50368,3.25565,0.772147
1572,296546486,B_0,3.63083,5.43871,3.18805,3.63083
1573,973597738,B_0,3.45999,3.66683,3.12806,3.45999
1574,759201723,B_0,3.3114,2.13712,3.0742,3.3114
1575,684260890,B_0,2.13712,1.89463,3.02702,2.13712
1576,54831850,B_0,1.89463,1.97314,2.98486,1.89463
1577,64543901,B_0,1.97314,2.04738,2.94736,1.97314
1578,973260849,B_0,2.04738,2.58846,2.93301,2.04738
1579,133959908,B_0,2.58846,2.44993,2.91369,2.58846
1580,359289653,B_0,2.44993,3.32408,2.9301,2.44993
1581,110571006,B_0,3.0963,6.45727,2.97665,0.960617
1582,921078761,B_0,3.29951,7.93521,3.04868,3.29951
1583,32343631,B_0,3.44544,9.84184,3.14082,3.44544
1584,725954723,B_0,3.63291,11.4627,3.22533,3.63291
1585,898316251,B_0,3.79847,13.3653,3.32436,3.79847
1586,956218701,B_0,3.99263,15.4303,3.4337,3.99263
1587,23725287,B_0,4.20521,17.5657,3.54997,4.20521
1588,639264468,B_0,4.42825,19.6372,3.66796,4.42825
1589,373186457,B_0,4.64982,21.518,3.78247,4.64982
1590,964100171,B_0,4.85837,23.3725,3.89969,4.85837
1591,772366794,B_0,5.06831,20.7038,3.83968,5.06831
1592,860865756,B_0,4.87487,19.2479,3.82285,4.87487
1593,801411041,B_0,4.78525,18.6779,3.83855,4.78525
1594,148228628,B_0,4.77244,18.7712,3.87964,4.77244
1595,926680579,B_0,4.81819,19.776,3.95737,4.81819
1596,341111129,B_0,4.94617,21.4297,4.06307,4.94617
1597,495635439,B_0,5.13456,20.8996,4.08473,5.13456
1598,482365086,B_0,5.12971,19.1298,4.05573,5.12971
1599,30859915,B_0,5.01223,16.499,3.98876,5.01223
1600,452483305,B_0,4.81371,14.5012,3.94185,4.81371
1601,306718766,B_0,4.66691,13.0308,3.91203,4.66691
1602,755929722,B_0,4.56358,11.9017,3.89293,4.56358
1603,454331737,B_0,4.48801,11.0668,3.88334,4.48801
1604,804379801,B_0,4.43668,10.9385,3.90034,4.43668
1605,46633620,B_0,4.44727,7.39892,3.78063,4.44727
1606,806243389,B_0,4.15058,5.99636,3.73933,4.15058
1607,450592087,B_0,4.03915,5.99498,3.75127,4.03915
1608,23570405,B_0,4.05102,4.62529,3.70847,4.05102
1609,345981940,B_0,3.93973,1.83868,3.60626,3.93973
1610,53131716,B_0,1.83868,1.79172,3.53367,1.83868
1611,828849161,B_0,1.79172,1.6193,3.4571,1.79172
1612,313055328,B_0,1.6193,2.73709,3.4283,1.6193
1613,87942434,B_0,2.73709,2.75296,3.40129,2.73709
1614,183657457,B_0,2.75296,1.92223,3.34212,2.75296
1615,783624875,B_0,1.92223,1.12938,3.25361,1.92223
1616,349967717,B_0,1.12938,1.47586,3.13733,0.0
1617,18698793,B_0,1.47586,0.731593,3.0411,1.47586
1618,593360670,B_0,0.731593,1.069,2.96145,0.712443
1619,190417395,B_0,1.069,0.715042,2.87159,1.069
1620,501906583,B_0,0.715042,1.03957,2.79831,0.715042
1621,162128120,B_0,1.03957,1.67535,2.71181,0.0
1622,59221867,B_0,1.67535,0.992042,2.64302,1.67535
1623,297797519,B_0,0.992042,1.28433,2.58867,0.992042
1624,737967422,B_0,1.28433,1.50722,2.54541,1.28433
1625,194991747,B_0,1.50722,1.69751,2.5115,1.50722
1626,598196242,B_0,1.69751,1.84519,2.48485,1.69751
1627,345913554,B_0,1.84519,1.95857,2.4638,1.84519
1628,86929047,B_0,1.95857,2.05625,2.44749,1.95857
1629,682002324,B_0,2.05625,2.13873,2.43514,2.05625
1630,289405682,B_0,2.13873,2.69862,2.44568,2.13873
1631,251612795,B_0,2.58061,3.59672,2.487,2.58061
1632,981768956,B_0,2.66684,5.00185,2.5504,2.66684
1633,60937819,B_0,2.80049,6.89295,2.63605,2.80049
1634,47269445,B_0,2.9807,7.51164,2.67458,2.9807
1635,735155559,B_0,3.05016,7.04248,2.67084,3.05016
1636,259423624,B_0,3.02296,7.07534,2.68624,3.02296
1637,606477206,B_0,3.04001,7.91584,2.73401,3.04001
1638,163083685,B_0,3.1298,9.3326,2.80651,3.1298
1639,778774689,B_0,3.27314,11.1376,2.89738,3.27314
1640,766737760,B_0,3.45426,13.0774,2.99725,3.45426
1641,107441187,B_0,3.65112,15.1695,3.10708,3.65112
1642,927831866,B_0,3.86556,17.3432,3.22437,3.86556
1643,73736048,B_0,4.09153,19.5371,3.34681,4.09153
1644,593044877,B_0,4.32367,19.2111,3.37284,4.32367
1645,606874672,B_0,4.3334,18.2263,3.37188,4.3334
1646,280839267,B_0,4.2832,17.4777,3.37839,4.2832
1647,31516031,B_0,4.25227,16.9715,3.39309,4.25227
1648,944494126,B_0,4.24167,16.7566,3.41844,4.24167
1649,422769829,B_0,4.25627,16.6743,3.44866,4.25627
1650,648463631,B_0,4.28238,16.6549,3.48123,4.28238
1651,426617142,B_0,4.31398,16.5335,3.50969,4.31398
1652,837715187,B_0,4.33636,16.5175,3.54211,4.33636
1653,303281870,B_0,4.36799,16.5715,3.57731,4.36799
1654,479705751,B_0,4.40588,16.6696,3.61438,4.40588
1655,288165664,B_0,4.44785,16.1549,3.62713,4.44785
1656,800309509,B_0,4.43488,15.7204,3.64206,4.43488
1657,362477343,B_0,4.42808,16.8958,3.65611,2.81788
1658,858249320,B_0,4.5009,16.422,3.67094,4.5009
1659,274913020,B_0,4.49204,16.0879,3.69043,4.49204
1660,505829372,B_0,4.49483,14.7844,3.67046,4.49483
1661,301723198,B_0,4.40968,13.8838,3.66401,4.40968
1662,789338612,B_0,4.35819,13.2887,3.66797,4.35819
1663,249727423,B_0,4.33241,12.626,3.66804,4.33241
1664,178295987,B_0,4.29934,12.2299,3.67745,4.29934
1665,353413836,B_0,4.28894,15.8909,3.71124,0.861276
1666,226764141,B_0,4.50579,14.8207,3.70021,4.50579
1667,655471811,B_0,4.44125,13.5922,3.68071,4.44125
1668,34477663,B_0,4.36032,12.2694,3.65499,4.36032
1669,807010530,B_0,4.26846,10.8934,3.62449,4.26846
1670,19969333,B_0,4.16916,9.96645,3.6092,4.16916
1671,677652821,B_0,4.10752,11.3162,3.60589,2.17669
1672,506889578,B_0,4.1717,10.9055,3.61209,4.1717
1673,231160022,B_0,4.15737,11.1614,3.64414,4.15737
1674,589042801,B_0,4.20221,11.7822,3.69129,4.20221
1675,871061791,B_0,4.2804,12.7423,3.75326,4.2804
1676,909286379,B_0,4.39037,13.9241,3.82602,4.39037
1677,529255687,B_0,4.52222,15.2505,3.90692,4.52222
1678,197187267,B_0,4.66944,16.4324,3.9847,4.66944
1679,113527258,B_0,4.80632,17.5776,4.06337,4.80632
1680,128243328,B_0,4.94225,18.7736,4.14636,4.94225
1681,915607273,B_0,5.08504,20.448,4.25089,5.08504
1682,493537073,B_0,5.27329,22.4151,4.37047,5.27329
1683,514227576,B_0,5.49122,16.9263,4.19575,5.49122
1684,428487078,B_0,5.04207,13.0301,4.07375,5.04207
1685,32956831,B_0,4.72526,10.5717,4.00148,4.72526
1686,195948857,B_0,4.53006,7.45668,3.89802,4.53006
1687,643882155,B_0,4.27085,4.75445,3.80484,4.27085
1688,615282512,B_0,4.04257,2.43568,3.7216,4.04257
1689,612022196,B_0,2.43568,1.56523,3.63535,2.43568
1690,986075935,B_0,1.56523,1.71018,3.55834,1.56523
1691,32470021,B_0,1.71018,1.81795,3.48872,1.71018
1692,740986663,B_0,1.81795,2.09509,3.43298,1.81795
1693,580200823,B_0,2.09509,2.52409,3.39662,2.09509
1694,36679012,B_0,2.52409,2.89911,3.37672,2.52409
1695,937768225,B_0,2.89911,3.20429,3.36983,2.89911
1696,867056097,B_0,3.20429,2.98826,3.35456,3.20429
1697,273472240,B_0,2.98826,2.22785,3.30949,2.98826
1698,466135549,B_0,2.22785,3.92255,3.2449,0.0
1699,837981403,B_0,3.44103,2.73635,3.2053,3.44103
1700,798885076,B_0,2.73635,2.68421,3.18446,2.73635
1701,647464414,B_0,2.68421,3.03807,3.1786,2.68421
1702,241193579,B_0,3.03807,3.78129,3.20271,3.03807
1703,414815862,B_0,3.39177,3.73646,3.20848,3.39177
1704,518817486,B_0,3.3953,3.84833,3.22043,3.3953
1705,75047220,B_0,3.41284,4.15301,3.24031,3.41284
1706,710791853,B_0,3.44796,4.66094,3.26893,3.44796
1707,37917169,B_0,3.50198,4.32818,3.26494,3.50198
1708,456234937,B_0,3.48135,3.80908,3.25284,3.48135
1709,7141310,B_0,3.44329,3.21616,3.23674,3.44329
1710,815071983,B_0,3.21616,2.75491,3.21746,3.21616
1711,426247391,B_0,2.75491,2.68768,3.19627,2.75491
1712,898817892,B_0,2.68768,2.63537,3.17384,2.68768
1713,561695131,B_0,2.63537,2.59916,3.15085,2.63537
1714,46039757,B_0,2.59916,3.0621,3.1473,2.59916
1715,878212614,B_0,3.0621,3.61683,3.16608,3.0621
1716,746816185,B_0,3.34692,4.57235,3.21154,3.34692
1717,800161019,B_0,3.44015,6.00756,3.27809,3.44015
1718,525563992,B_0,3.57847,7.84214,3.36349,3.57847
1719,392753008,B_0,3.75559,11.6735,3.3822,0.0
1720,831429010,B_0,3.96588,10.1692,3.34538,3.96588
1721,723599424,B_0,3.85384,9.84229,3.35264,3.85384
1722,639068781,B_0,3.84475,10.3806,3.39386,3.84475
1723,181286489,B_0,3.91289,11.5251,3.4604,3.91289
1724,712753964,B_0,4.03665,12.8729,3.53736,4.03665
1725,483994638,B_0,4.18101,15.003,3.64831,4.18101
1726,934291187,B_0,4.39846,16.9594,3.75657,4.39846
1727,753121380,B_0,4.60454,19.2514,3.88217,4.60454
1728,395144181,B_0,4.84474,21.7479,4.02053,4.84474
1729,236554407,B_0,5.10793,24.3749,4.16911,5.10793
1730,884728279,B_0,5.38785,27.1596,4.32925,5.38785
1731,639827317,B_0,5.68723,27.8966,4.41305,5.68723
1732,557493503,B_0,5.80788,31.0679,4.48089,2.93801
1733,105898357,B_0,6.03429,29.7297,4.48951,6.03429
1734,38426698,B_0,5.97599,28.3976,4.49568,5.97599
1735,49765222,B_0,5.91556,27.2284,4.50571,5.91556
1736,669741918,B_0,5.86713,26.1869,4.5185,5.86713
1737,964392569,B_0,5.82785,30.4007,4.53339,0.676977
1738,825916772,B_0,6.05343,30.3152,4.5704,5.54395
1739,966486766,B_0,6.08616,30.1401,4.62402,6.08616
1740,503825205,B_0,6.13103,30.2831,4.69002,6.13103
1741,383058507,B_0,6.20418,30.6433,4.765,6.20418
1742,762762139,B_0,6.29716,29.2994,4.77253,6.29716
1743,143446581,B_0,6.23749,28.5063,4.7994,6.23749
1744,207020742,B_0,6.22471,26.2062,4.76441,6.22471
1745,314577957,B_0,6.07472,24.2326,4.73788,6.07472
1746,372345704,B_0,5.94951,22.6473,4.72293,5.94951
1747,943017393,B_0,5.85529,21.3654,4.71695,5.85529
1748,286481150,B_0,5.78522,19.3876,4.68057,5.78522
1749,565141914,B_0,5.64995,19.215,4.63425,3.69516
1750,783194661,B_0,5.595,16.9532,4.58221,5.595
1751,444566580,B_0,5.42987,15.2127,4.54649,5.42987
1752,58480652,B_0,5.30713,13.877,4.52349,5.30713
1753,199470853,B_0,5.21734,12.8606,4.51059,5.21734
1754,726141317,B_0,5.15362,12.0862,4.50534,5.15362
1755,988272472,B_0,5.10965,11.5076,4.50636,5.10965
1756,724700655,B_0,5.08174,11.1007,4.5131,5.08174
1757,412164988,B_0,5.06814,11.1959,4.53911,5.06814
1758,391698962,B_0,5.09891,11.9808,4.57997,4.77561
1759,193353492,B_0,5.17901,12.7645,4.63528,5.17901
1760,297035429,B_0,5.27351,13.7765,4.70129,5.27351
1761,220233663,B_0,5.39011,13.3224,4.71067,5.39011
1762,387422963,B_0,5.37679,12.3284,4.69756,5.37679
1763,304785737,B_0,5.31398,10.9868,4.66855,5.31398
1764,366626985,B_0,5.2179,9.4459,4.62889,5.2179
1765,114688562,B_0,5.10119,8.28923,4.60152,5.10119
1766,133399235,B_0,5.01598,7.15698,4.5728,5.01598
1767,372472487,B_0,4.93065,6.31891,4.5536,4.93065
1768,858346713,B_0,4.86954,4.98903,4.51304,4.86954
1769,717607497,B_0,4.76249,4.0224,4.48435,4.76249
1770,452361049,B_0,4.0224,4.37599,4.48002,4.0224
1771,854751513,B_0,4.37599,4.87291,4.49573,4.37599
1772,388082059,B_0,4.73938,5.49306,4.53028,4.73938
1773,963397918,B_0,4.80494,6.43696,4.57903,4.80494
1774,507340337,B_0,4.90087,7.59672,4.63829,4.90087
1775,542519178,B_0,5.01813,8.88803,4.70514,5.01813
1776,512322227,B_0,5.14954,9.54675,4.74926,5.14954
1777,890474636,B_0,5.2266,9.23188,4.75576,5.2266
1778,468590041,B_0,5.21735,8.83635,4.7584,5.21735
1779,600260946,B_0,5.20022,7.80548,4.73484,5.20022
1780,650004241,B_0,5.12511,7.00157,4.7183,5.12511
1781,502017646,B_0,5.06837,6.37589,4.70727,5.06837
1782,452031335,B_0,5.02607,5.89387,4.70074,5.02607
1783,919243543,B_0,4.99544,9.58012,4.67643,0.406579
1784,307569530,B_0,5.15543,8.62221,4.65727,5.15543
1785,93509737,B_0,5.08838,9.49607,4.64286,3.42324
1786,299889131,B_0,5.11767,9.2729,4.65293,5.11767
1787,535891080,B_0,5.11657,9.53299,4.68188,5.11657
1788,611491310,B_0,5.15853,9.90739,4.71592,5.15853
1789,699600584,B_0,5.21129,10.4471,4.75732,5.21129
1790,838293745,B_0,5.27967,8.03641,4.68179,5.27967
1791,954962074,B_0,5.08361,5.21938,4.58518,5.08361
1792,940893236,B_0,4.84615,0.773632,4.41779,4.84615
1793,533224296,B_0,0.773632,1.56159,4.30354,0.773632
1794,951034849,B_0,1.56159,2.5612,4.23385,1.56159
1795,198592420,B_0,2.5612,3.38864,4.20004,2.5612
1796,788185182,B_0,3.38864,4.12411,4.197,3.38864
1797,867314694,B_0,4.12411,9.10973,4.22855,0.0
1798,376828154,B_0,4.68403,10.293,4.2941,4.68403
1799,328231750,B_0,4.80874,12.0469,4.38484,4.80874
1800,831952228,B_0,4.98718,14.5749,4.51005,4.98718
1801,394494931,B_0,5.23879,16.4775,4.61531,5.23879
1802,804124576,B_0,5.43918,18.5446,4.73095,5.43918
1803,593286972,B_0,5.65817,19.3573,4.80054,5.65817
1804,536965371,B_0,5.76841,19.5987,4.84891,5.76841
1805,827332173,B_0,5.82884,18.4782,4.84329,5.82884
1806,570178622,B_0,5.7672,17.3278,4.83423,5.7672
1807,446499239,B_0,5.70062,16.2611,4.82622,5.70062
1808,748553331,B_0,5.63928,15.2801,4.8195,5.63928
1809,288428478,B_0,5.58351,15.242,4.80878,4.5895
1810,539033665,B_0,5.57088,14.2165,4.79824,5.57088
1811,489782236,B_0,5.50907,13.253,4.78813,5.50907
1812,204083006,B_0,5.45078,12.4054,4.78074,5.45078
1813,963787025,B_0,5.40101,10.6269,4.7344,5.40101
1814,252222966,B_0,5.26575,9.10314,4.69471,5.26575
1815,177745762,B_0,5.14987,7.86893,4.66355,5.14987
1816,320410651,B_0,5.05699,6.86679,4.6392,5.05699
1817,201812253,B_0,4.98254,6.05657,4.62052,4.98254
1818,890254283,B_0,4.92335,5.39644,4.60623,4.92335
1819,646932569,B_0,4.87606,4.17837,4.5683,4.87606
1820,39173859,B_0,4.17837,3.8438,4.53932,4.17837
1821,459036260,B_0,3.8438,3.99833,4.51768,3.8438
1822,546506150,B_0,3.99833,4.01693,4.49765,3.99833
1823,956158179,B_0,4.01693,4.126,4.48279,4.01693
1824,664644134,B_0,4.126,2.97455,4.42246,4.126
1825,554281902,B_0,2.97455,3.31691,4.37823,2.97455
1826,901338398,B_0,3.31691,4.07657,4.36617,3.31691
1827,453660194,B_0,4.07657,4.67658,4.37858,4.07657
1828,343710108,B_0,4.61241,5.19064,4.36641,3.56005
1829,875257357,B_0,4.62594,4.66408,4.35572,4.62594
1830,57876885,B_0,4.58893,9.32332,4.36787,0.0
1831,156964278,B_0,4.83403,7.62124,4.31843,4.83403
1832,821993784,B_0,4.69949,5.87756,4.26392,4.69949
1833,402546728,B_0,4.5578,4.17307,4.2075,4.5578
1834,148391457,B_0,4.17307,2.77182,4.15007,4.17307
1835,848429267,B_0,2.77182,2.70122,4.09212,2.77182
1836,128100913,B_0,2.70122,2.18769,4.01594,2.70122
1837,36000591,B_0,2.18769,2.20995,3.9437,2.18769
1838,26772671,B_0,2.20995,2.20393,3.87411,2.20995
1839,241552684,B_0,2.20393,2.26634,3.8098,2.20393
1840,321677992,B_0,2.26634,1.99387,3.73716,2.26634
1841,140687357,B_0,1.99387,2.02184,3.66855,1.99387
1842,731773982,B_0,2.02184,2.07088,3.60464,2.02184
1843,111886534,B_0,2.07088,4.18659,3.54509,0.0
1844,969852490,B_0,3.75442,2.58746,3.48949,3.75442
1845,126130396,B_0,2.58746,2.17665,3.43698,2.58746
1846,282237747,B_0,2.17665,2.20167,3.38757,2.17665
1847,376318526,B_0,2.20167,2.22539,3.34108,2.20167
1848,48036550,B_0,2.22539,1.84852,3.28138,2.22539
1849,772765278,B_0,1.84852,1.87369,3.22507,1.84852
1850,792998286,B_0,1.87369,3.7811,3.17236,0.0
1851,392118000,B_0,3.36142,2.38633,3.12413,3.36142
1852,9571594,B_0,2.38633,1.17549,3.04619,2.38633
1853,319533101,B_0,1.17549,1.38475,2.97973,1.17549
1854,379244522,B_0,1.38475,1.55454,2.92272,1.38475
1855,172137469,B_0,1.55454,1.33698,2.85929,1.55454
1856,226685997,B_0,1.33698,1.50537,2.80514,1.33698
1857,973707186,B_0,1.50537,1.3235,2.74587,1.50537
1858,839616522,B_0,1.3235,1.51262,2.69654,1.3235
1859,324092982,B_0,1.51262,1.51699,2.64936,1.51262
1860,697159899,B_0,1.51699,1.6621,2.60987,1.51699
1861,853219325,B_0,1.6621,1.77279,2.57639,1.6621
1862,894756554,B_0,1.77279,1.85246,2.54743,1.77279
1863,949337602,B_0,1.85246,2.37124,2.54038,1.85246
1864,373732881,B_0,2.37124,2.78098,2.55001,2.37124
1865,280879721,B_0,2.68905,3.64167,2.58999,2.68905
1866,237377826,B_0,2.77208,5.03967,2.6532,2.77208
1867,900137721,B_0,2.90518,5.4293,2.67886,2.90518
1868,980790220,B_0,2.95033,6.42764,2.72965,2.95033
1869,604522735,B_0,3.05104,5.2388,2.69496,3.05104
1870,578783422,B_0,2.9569,5.52001,2.71668,2.9569
1871,623168593,B_0,2.99268,6.2891,2.75849,2.99268
1872,899482625,B_0,3.07294,7.85063,2.83353,3.07294
1873,313004188,B_0,3.22606,8.09659,2.85907,3.22606
1874,637637150,B_0,3.26389,6.95911,2.82976,3.26389
1875,917805101,B_0,3.17771,9.26193,2.83365,0.624145
1876,139592104,B_0,3.29674,8.90308,2.83782,3.29674
1877,341301618,B_0,3.28297,9.20685,2.86777,3.28297
1878,326243543,B_0,3.32812,10.5898,2.94151,3.32812
1879,191055963,B_0,3.471,10.5406,2.96072,3.471
1880,985078045,B_0,3.48775,10.0096,2.96056,3.48775
1881,159661981,B_0,3.46104,7.98808,2.89972,3.46104
1882,722167759,B_0,3.29912,5.63456,2.82155,3.29912
1883,764906214,B_0,3.10328,4.13435,2.77281,3.10328
1884,907246020,B_0,2.97953,2.97423,2.73468,2.97953
1885,515080173,B_0,2.88339,2.36558,2.71628,2.88339
1886,567128217,B_0,2.36558,2.68723,2.71512,2.36558
1887,245737664,B_0,2.68723,2.89942,2.72249,2.68723
1888,298991416,B_0,2.86746,3.19938,2.74029,2.86746
1889,575339773,B_0,2.90026,5.42655,2.74791,0.703594
1890,942987842,B_0,3.01923,5.54483,2.76349,3.01923
1891,689876016,B_0,3.04073,5.87616,2.78783,3.04073
1892,971579971,B_0,3.08164,6.34619,2.81839,3.08164
1893,551426031,B_0,3.1357,6.91072,2.85366,3.1357
1894,44245408,B_0,3.1992,6.78349,2.86239,3.1992
1895,371867451,B_0,3.20157,6.68599,2.86168,2.94204
1896,257063131,B_0,3.19598,6.20855,2.85595,3.19598
1897,419715826,B_0,3.16638,8.42084,2.84642,0.405292
1898,459437146,B_0,3.26746,7.25645,2.81668,3.26746
1899,106541705,B_0,3.17951,9.32338,2.78669,0.0
1900,781622509,B_0,3.25286,8.12948,2.75758,3.25286
1901,229754610,B_0,3.16406,7.05319,2.73079,3.16406
1902,746569505,B_0,3.08345,5.82072,2.6956,3.08345
1903,581644623,B_0,2.98664,4.46061,2.65284,2.98664
1904,385109966,B_0,2.87587,3.30851,2.61567,2.87587
1905,518115348,B_0,2.7811,2.77018,2.60076,2.7811
1906,499307004,B_0,2.73927,2.69062,2.60312,2.73927
1907,544108152,B_0,2.69062,4.58882,2.57492,0.0
1908,295199430,B_0,2.80436,3.71349,2.54908,2.80436
1909,912971267,B_0,2.73476,2.48946,2.50755,2.73476
1910,863156771,B_0,2.48946,1.59052,2.47087,2.48946
1911,328351343,B_0,1.59052,1.68612,2.43948,1.59052
1912,620888471,B_0,1.68612,2.1863,2.42935,1.68612
1913,465090796,B_0,2.1863,2.57849,2.43532,2.1863
1914,182830764,B_0,2.56424,2.90695,2.45361,2.56424
1915,212165629,B_0,2.59896,3.25147,2.47321,2.59896
1916,275331292,B_0,2.63578,3.77143,2.50051,2.63578
1917,429724269,B_0,2.68908,4.46412,2.53576,2.68908
1918,255396732,B_0,2.75896,5.26453,2.5767,2.75896
1919,147419863,B_0,2.83993,5.33574,2.59008,2.83993
1920,597619317,B_0,2.85687,5.02613,2.58837,2.85687
1921,129307831,B_0,2.83967,5.03932,2.59895,2.83967
1922,455412076,B_0,2.85091,5.26601,2.61809,2.85091
1923,688270303,B_0,2.88139,4.73643,2.60744,2.88139
1924,735479300,B_0,2.84426,4.61015,2.61186,2.84426
1925,785658501,B_0,2.84237,4.50649,2.61694,2.84237
1926,893377872,B_0,2.84226,4.60478,2.62988,2.84226
1927,167764414,B_0,2.86012,4.8666,2.64956,2.86012
1928,78724388,B_0,2.89289,4.25346,2.63477,2.89289
1929,755669512,B_0,2.84745,4.0773,2.63623,2.84745
1930,766524619,B_0,2.8401,3.20292,2.60941,2.8401
1931,574481614,B_0,2.76956,2.39424,2.58347,2.76956
1932,799099575,B_0,2.39424,1.80682,2.5524,2.39424
1933,266833885,B_0,1.80682,1.86445,2.52489,1.80682
1934,464047243,B_0,1.86445,1.91487,2.50049,1.86445
1935,602102771,B_0,1.91487,1.93802,2.47799,1.91487
1936,476348607,B_0,1.93802,1.97817,2.45799,1.93802
1937,439448255,B_0,1.97817,1.99106,2.43932,1.97817
1938,612555333,B_0,1.99106,2.0139,2.4223,1.99106
1939,662674811,B_0,2.0139,2.03196,2.40669,2.0139
1940,656210898,B_0,2.03196,2.48536,2.40983,2.03196
1941,168687742,B_0,2.48536,2.83462,2.42683,2.48536
1942,329789009,B_0,2.56856,2.45822,2.41744,2.56856
1943,184414709,B_0,2.45822,2.67718,2.42783,2.45822
1944,611205230,B_0,2.56169,2.05311,2.40822,2.56169
1945,645756401,B_0,2.05311,2.87325,2.42682,2.05311
1946,330418644,B_0,2.57048,2.0173,2.39833,2.57048
1947,160972408,B_0,2.0173,2.68385,2.40975,2.0173
1948,38244681,B_0,2.54394,3.21972,2.43655,2.54394
1949,831616562,B_0,2.59754,4.03682,2.47568,2.59754
1950,251377197,B_0,2.67752,4.66557,2.5089,2.67752
1951,825508403,B_0,2.74218,5.8453,2.54767,2.29837
1952,682820598,B_0,2.83993,6.67691,2.59262,2.83993
1953,683300280,B_0,2.92647,7.6401,2.6445,2.92647
1954,493802978,B_0,3.02651,8.88319,2.70951,3.02651
1955,65783011,B_0,3.15367,10.4584,2.79028,3.15367
1956,834098090,B_0,3.3132,10.8556,2.82709,3.3132
1957,506141005,B_0,3.36987,11.4921,2.87426,3.36987
1958,534387544,B_0,3.44886,12.4013,2.93361,3.44886
1959,619557520,B_0,3.55368,12.9239,2.97932,3.55368
1960,477785769,B_0,3.62551,13.822,3.04109,3.62551
1961,383261603,B_0,3.73219,13.1841,3.04322,3.73219
1962,981648157,B_0,3.70242,12.3739,3.03718,3.70242
1963,249251370,B_0,3.65588,11.4629,3.02548,3.65588
1964,773671574,B_0,3.59863,10.9264,3.02695,3.59863
1965,184994662,B_0,3.57327,10.6718,3.03862,3.57327
1966,755833879,B_0,3.57221,10.6149,3.05769,3.57221
1967,359278367,B_0,3.58843,10.7102,3.08273,3.58843
1968,877297712,B_0,3.61824,11.6656,3.14236,3.61824
1969,986631351,B_0,3.72564,13.2052,3.22728,3.72564
1970,878245779,B_0,3.88754,15.1548,3.33168,3.88754
1971,589872866,B_0,4.08942,17.4227,3.4527,4.08942
1972,173523323,B_0,4.32383,19.892,3.58632,4.32383
1973,205799374,B_0,4.58092,27.0279,3.7283,0.0
1974,654493628,B_0,5.0797,24.3342,3.67461,5.0797
1975,213264392,B_0,4.89132,22.0082,3.63024,4.89132
1976,971385813,B_0,4.73064,19.3607,3.56836,4.73064
1977,424874675,B_0,4.53639,16.2617,3.48312,4.53639
1978,548726896,B_0,4.2962,15.6468,3.42225,2.5763
1979,566918374,B_0,4.20459,14.2445,3.39745,4.20459
1980,647296604,B_0,4.10968,12.1742,3.34312,4.10968
1981,903438268,B_0,3.95183,14.2074,3.29073,0.0
1982,507800939,B_0,4.0011,12.2356,3.24027,4.0011
1983,31118849,B_0,3.85205,10.4127,3.19183,3.85205
1984,973086856,B_0,3.71246,8.53816,3.13767,3.71246
1985,39397064,B_0,3.56458,6.84098,3.08686,3.56458
1986,367998197,B_0,3.42891,5.33076,3.04013,3.42891
1987,614886206,B_0,3.30667,3.98939,2.99714,3.30667
1988,669348438,B_0,3.19661,2.79911,2.95751,3.19661
1989,53553258,B_0,2.79911,2.03927,2.92078,2.79911
1990,320767641,B_0,2.03927,2.0729,2.88686,2.03927
1991,364833169,B_0,2.0729,1.91125,2.84784,2.0729
1992,164544776,B_0,1.91125,2.38873,2.82947,1.91125
1993,878836059,B_0,2.38873,2.43976,2.81388,2.38873
1994,279876508,B_0,2.43976,2.71951,2.81011,2.43976
1995,748194003,B_0,2.71951,3.01248,2.8182,2.71951
1996,461382972,B_0,2.96883,3.27698,2.83481,2.96883
1997,808992773,B_0,2.99866,4.11345,2.87482,2.99866
1998,45898846,B_0,3.08049,5.35019,2.93252,3.08049
1999,571407938,B_0,3.20003,6.84361,3.00296,3.20003
2000,753470459,B_0,3.34514,8.91847,3.09964,3.34514
2001,336282117,B_0,3.54556,10.1848,3.16813,3.54556
2002,923443948,B_0,3.67737,10.0237,3.18205,3.67737
2003,966029381,B_0,3.68324,10.3948,3.21695,3.68324
2004,133765885,B_0,3.73669,10.1604,3.22836,3.73669
2005,808026297,B_0,3.73638,10.4788,3.26142,3.73638
2006,187088415,B_0,3.78536,14.2913,3.3117,0.705987
2007,419617893,B_0,4.02626,15.5641,3.39119,4.02626
2008,393448056,B_0,4.16939,17.3329,3.49307,4.16939
2009,190294900,B_0,4.35972,18.5292,3.57559,4.35972
2010,800578122,B_0,4.50205,20.1701,3.67829,4.50205
2011,694924380,B_0,4.68679,22.5131,3.81235,4.68679
2012,607045869,B_0,4.938,25.3211,3.96969,4.938
2013,626922793,B_0,5.23574,28.4022,4.14358,5.23574
2014,729282197,B_0,5.56369,28.5705,4.20711,5.56369
2015,745883966,B_0,5.63564,28.5165,4.2621,5.63564
2016,770214048,B_0,5.68792,28.817,4.33115,5.68792
2017,146808844,B_0,5.772,27.4613,4.33455,5.772
2018,224642352,B_0,5.70762,26.1994,4.31819,5.18737
2019,647257016,B_0,5.62816,24.056,4.28485,5.62816
2020,272145710,B_0,5.48765,21.712,4.23921,5.48765
2021,20128456,B_0,5.32481,24.6038,4.18531,0.0
2022,721321465,B_0,5.4155,21.9187,4.12711,5.4155
2023,184953096,B_0,5.22305,18.8187,4.04695,5.22305
2024,937490078,B_0,4.98788,15.7408,3.96147,4.98788
2025,478156367,B_0,4.74851,13.2529,3.89344,4.74851
2026,452892364,B_0,4.55608,11.3006,3.84185,4.55608
2027,869019467,B_0,4.40688,9.81158,3.80489,4.40688
2028,185908194,B_0,4.29547,8.7024,3.78015,4.29547
2029,54379380,B_0,4.21527,7.39629,3.74531,4.21527
2030,109105674,B_0,4.11512,6.44808,3.72217,4.11512
2031,796329655,B_0,4.04458,5.75568,3.70737,4.04458
2032,997282933,B_0,3.99516,5.27996,3.69985,3.99516
2033,526045004,B_0,3.96385,4.97982,3.69841,3.96385
2034,781855755,B_0,3.9474,4.86135,3.70363,3.9474
2035,121160947,B_0,3.9467,4.86864,3.71364,3.9467
2036,699500862,B_0,3.95708,4.98037,3.72785,3.95708
2037,469634009,B_0,3.97687,4.93894,3.73615,3.97687
2038,30239023,B_0,3.9831,5.41096,3.76491,3.9831
2039,546019634,B_0,4.03546,5.49547,3.77911,4.03546
2040,219993044,B_0,4.05389,5.59237,3.79398,4.05389
2041,252560390,B_0,4.0736,5.75398,3.81163,4.0736
2042,822627283,B_0,4.09933,5.30923,3.80535,4.09933
2043,305856402,B_0,4.07081,5.0689,3.80635,4.07081
2044,523022102,B_0,4.0598,5.02851,3.81488,4.0598
2045,413142559,B_0,4.0663,8.82499,3.81414,0.0
2046,549341928,B_0,4.25539,8.42672,3.81586,4.25539
2047,153104418,B_0,4.2372,8.17341,3.82258,4.2372
2048,834553643,B_0,4.23125,6.73319,3.78132,4.23125
2049,530751729,B_0,4.11798,5.47957,3.74464,4.11798
2050,653217363,B_0,4.01862,4.70683,3.72469,4.01862
2051,597620517,B_0,3.96003,6.49382,3.66412,0.42333
2052,994781378,B_0,3.98881,5.65777,3.64366,3.98881
2053,39401633,B_0,3.92655,4.27912,3.59983,3.92655
2054,441093526,B_0,3.81379,3.87267,3.59213,3.81379
2055,92588858,B_0,3.78576,4.17516,3.61198,3.78576
2056,146436059,B_0,3.82073,5.44643,3.67118,3.82073
2057,683043444,B_0,3.9435,6.00767,3.70452,3.9435
2058,390778143,B_0,4.0049,6.87351,3.75117,4.0049
2059,834435645,B_0,4.09484,7.9669,3.80865,4.09484
2060,814014517,B_0,4.207,8.19524,3.83372,4.207
2061,956052928,B_0,4.24348,11.2051,3.85568,1.37293
2062,57394106,B_0,4.41594,11.1658,3.87652,4.41594
2063,199406335,B_0,4.43481,11.1094,3.8966,4.43481
2064,753310294,B_0,4.45207,10.0705,3.87726,4.45207
2065,584473807,B_0,4.38078,8.83241,3.84788,4.38078
2066,674435355,B_0,4.2895,7.52246,3.81314,4.2895
2067,680271065,B_0,4.18926,6.16221,3.77378,4.18926
2068,828542628,B_0,4.08189,6.01442,3.74826,3.28364
2069,863146548,B_0,4.04898,4.60271,3.70382,4.04898
2070,765612801,B_0,3.93396,3.20812,3.65724,3.93396
2071,727363633,B_0,3.20812,2.50665,3.61122,3.20812
2072,249937287,B_0,2.50665,2.48562,3.56619,2.50665
2073,498440414,B_0,2.48562,2.45959,3.52193,2.48562
2074,538849869,B_0,2.45959,2.44875,3.479,2.45959
2075,179646256,B_0,2.44875,2.3696,3.43463,2.44875
2076,497934746,B_0,2.3696,2.71543,3.40586,2.3696
2077,190129344,B_0,2.71543,3.05733,3.39192,2.71543
2078,738181619,B_0,3.05733,2.35925,3.35061,3.05733
2079,814804684,B_0,2.35925,2.20265,3.30469,2.35925
2080,464133730,B_0,2.20265,2.68391,3.27986,2.20265
2081,483863092,B_0,2.68391,3.05924,3.27104,2.68391
2082,58476295,B_0,3.05924,3.36048,3.27461,3.05924
2083,38888421,B_0,3.36048,3.60379,3.28778,3.36048
2084,421366425,B_0,3.46797,3.93705,3.30832,3.46797
2085,734331756,B_0,3.50517,4.39182,3.33438,3.50517
2086,740886675,B_0,3.55397,4.91665,3.36416,3.55397
2087,998231835,B_0,3.60999,5.42036,3.39414,3.60999
2088,243093602,B_0,3.66516,5.94535,3.42598,3.66516
2089,59202110,B_0,3.72325,6.47286,3.45897,3.72325
2090,972318240,B_0,3.78262,5.69337,3.44074,3.78262
2091,137406876,B_0,3.72541,5.33394,3.43775,3.72541
2092,259210778,B_0,3.70445,4.27477,3.40605,3.70445
2093,588612531,B_0,3.61979,2.57265,3.34652,3.61979
2094,335392530,B_0,2.57265,2.58065,3.31588,2.57265
2095,920562370,B_0,2.58065,1.83959,3.25683,2.58065
2096,328129563,B_0,1.83959,1.90262,3.20266,1.83959
2097,242355649,B_0,1.90262,1.98379,3.15391,1.90262
2098,941513816,B_0,1.98379,2.04434,3.10952,1.98379
2099,689764903,B_0,2.04434,2.09808,3.06907,2.04434
2100,80147328,B_0,2.09808,2.13997,3.0319,2.09808
2101,991027188,B_0,2.13997,2.12157,2.99549,2.13997
2102,28806470,B_0,2.12157,2.12402,2.96063,2.12157
2103,509078293,B_0,2.12402,1.54604,2.90405,2.12402
2104,299904437,B_0,1.54604,1.71181,2.85636,1.54604
2105,611422840,B_0,1.71181,1.80449,2.81428,1.71181
2106,779363237,B_0,1.80449,1.87403,2.77667,1.80449
2107,456306807,B_0,1.87403,1.94137,2.74326,1.87403
2108,462018332,B_0,1.94137,1.40784,2.68984,1.94137
2109,261474932,B_0,1.40784,1.55651,2.64451,1.40784
2110,923305832,B_0,1.55651,1.68393,2.60609,1.55651
2111,920476683,B_0,1.68393,1.82367,2.57479,1.68393
2112,69643845,B_0,1.82367,1.93223,2.54909,1.82367
2113,642555316,B_0,1.93223,2.02187,2.528,1.93223
2114,205976576,B_0,2.02187,2.56757,2.52958,2.02187
2115,8752029,B_0,2.56757,3.006,2.54864,2.56757
2116,693327509,B_0,2.69894,2.70126,2.54246,2.69894
2117,600139168,B_0,2.67752,2.87445,2.55479,2.67752
2118,859313424,B_0,2.69851,3.3808,2.58079,2.69851
2119,747989799,B_0,2.74983,4.58898,2.63588,2.74983
2120,174979372,B_0,2.86533,5.00504,2.6617,2.86533
2121,112101511,B_0,2.91196,6.56935,2.73429,2.91196
2122,314719356,B_0,3.06275,8.95095,2.84269,3.06275
2123,288792533,B_0,3.29024,11.6117,2.96702,3.29024
2124,285080429,B_0,3.54761,14.4236,3.10272,3.54761
2125,316633605,B_0,3.8239,20.6155,3.2469,0.515448
2126,490614131,B_0,4.27768,16.9767,3.14258,4.27768
2127,389459463,B_0,3.99142,16.9748,3.11012,2.33291
2128,452800880,B_0,3.95886,17.1727,3.15199,3.95886
2129,788883015,B_0,4.01062,17.84,3.21302,4.01062
2130,15244036,B_0,4.10502,18.1391,3.26067,4.10502
2131,639455989,B_0,4.16762,19.5993,3.35535,4.16762
2132,270269585,B_0,4.33532,19.9235,3.40752,4.33532
2133,446587144,B_0,4.4037,20.478,3.46955,4.4037
2134,96435758,B_0,4.49345,21.2356,3.54081,4.49345
2135,135679257,B_0,4.60258,20.4684,3.55259,4.60258
2136,108083764,B_0,4.57601,19.3971,3.55067,4.57601
2137,122069222,B_0,4.52053,18.1407,3.53921,4.52053
2138,570609989,B_0,4.44625,16.7598,3.52026,4.44625
2139,129451948,B_0,4.35825,15.3084,3.49572,4.35825
2140,483835008,B_0,4.26114,14.3045,3.48618,4.26114
2141,537654006,B_0,4.20141,13.0811,3.46586,4.20141
2142,689884621,B_0,4.11991,12.1425,3.45448,4.11991
2143,705295364,B_0,4.0616,11.4697,3.45185,4.0616
2144,772767480,B_0,4.02533,11.6802,3.45771,3.38796
2145,444512914,B_0,4.04172,11.398,3.46979,4.04172
2146,629635193,B_0,4.03969,11.5577,3.49897,4.03969
2147,891596899,B_0,4.07685,12.1085,3.54412,4.07685
2148,612798879,B_0,4.14954,12.9759,3.60303,4.14954
2149,125233627,B_0,4.25182,14.5153,3.69056,4.25182
2150,204546962,B_0,4.41632,16.4959,3.79881,4.41632
2151,881003870,B_0,4.62361,19.2096,3.94035,4.62361
2152,260029876,B_0,4.90083,20.0406,4.01201,4.90083
2153,886881731,B_0,5.01404,17.0629,3.93298,5.01404
2154,311550647,B_0,4.78613,14.0746,3.84758,4.78613
2155,552547020,B_0,4.55131,11.8545,3.78692,4.55131
2156,9643557,B_0,4.37965,10.1434,3.74219,4.37965
2157,154653034,B_0,4.24936,8.8107,3.70917,4.24936
2158,518200273,B_0,4.1497,7.80285,3.68647,4.1497
2159,620831777,B_0,4.07662,7.4926,3.68967,4.07662
2160,223953921,B_0,4.0643,6.84024,3.67856,4.0643
2161,710626559,B_0,4.02057,8.50112,3.67207,1.85532
2162,355140744,B_0,4.09712,8.04105,3.67067,4.09712
2163,624284384,B_0,4.07272,7.76133,3.67556,4.07272
2164,315324635,B_0,4.06362,8.06143,3.70309,4.06362
2165,256096614,B_0,4.10616,8.77576,3.74778,4.10616
2166,106498624,B_0,4.18657,9.778,3.80542,4.18657
2167,644605542,B_0,4.29432,10.9651,3.87246,4.29432
2168,352370233,B_0,4.42071,11.9073,3.93208,4.42071
2169,869212545,B_0,4.52745,13.3543,4.01378,4.52745
2170,550377434,B_0,4.68149,13.7668,4.05698,4.68149
2171,653748918,B_0,4.74532,14.237,4.10332,4.74532
2172,899146499,B_0,4.81517,14.8293,4.15549,4.81517
2173,168706946,B_0,4.89696,13.8897,4.14757,4.89696
2174,220038672,B_0,4.84205,12.6128,4.12427,4.84205
2175,19963639,B_0,4.75491,11.1506,4.09101,4.75491
2176,182479072,B_0,4.64854,9.43474,4.04467,4.64854
2177,410374018,B_0,4.51641,7.67081,3.99299,4.51641
2178,324856731,B_0,4.37653,5.94473,3.93928,4.37653
2179,187796848,B_0,4.23652,4.28858,3.88493,4.23652
2180,484919270,B_0,4.09936,2.12419,3.80693,4.09936
2181,412380963,B_0,2.12419,2.44423,3.73442,1.67418
2182,353872320,B_0,2.44423,2.40817,3.68137,2.44423
2183,31775021,B_0,2.40817,5.15206,3.64387,0.0
2184,221037284,B_0,3.90148,4.24564,3.61792,3.90148
2185,971719811,B_0,3.8302,3.60221,3.60067,3.8302
2186,282365409,B_0,3.60221,2.52056,3.55747,3.60221
2187,941952396,B_0,2.52056,2.43373,3.51252,2.52056
2188,426052007,B_0,2.43373,2.38093,3.46726,2.43373
2189,529846039,B_0,2.38093,4.71604,3.42197,0.0
2190,547024123,B_0,3.65777,3.3549,3.37696,3.65777
2191,641780844,B_0,3.3549,2.269,3.33264,3.3549
2192,208591950,B_0,2.269,1.82184,3.27221,2.269
2193,679735703,B_0,1.82184,1.87233,3.21621,1.82184
2194,309829739,B_0,1.87233,1.3971,3.14345,1.87233
2195,6698911,B_0,1.3971,1.52537,3.07872,1.3971
2196,684372262,B_0,1.52537,1.565,3.01817,1.52537
2197,287285365,B_0,1.565,1.67205,2.96433,1.565
2198,522532454,B_0,1.67205,1.76283,2.91627,1.67205
2199,82402376,B_0,1.76283,1.82768,2.87273,1.76283
2200,747607059,B_0,1.82768,1.9532,2.83327,1.76091
2201,924917644,B_0,1.9532,1.92738,2.79704,1.9532
2202,407481186,B_0,1.92738,2.38725,2.78065,1.92738
2203,159068028,B_0,2.38725,2.74992,2.77942,2.38725
2204,781391456,B_0,2.74992,3.04242,2.78994,2.74992
2205,656594444,B_0,2.94206,3.37894,2.80948,2.94206
2206,370643622,B_0,2.97843,3.86038,2.8355,2.97843
2207,119009679,B_0,3.02852,4.32261,2.86171,3.02852
2208,871684172,B_0,3.07784,4.77211,2.88833,3.07784
2209,613497769,B_0,3.12694,5.29448,2.91877,3.12694
2210,784402982,B_0,3.1835,5.41414,2.93415,3.1835
2211,444523825,B_0,3.20486,5.66897,2.95517,3.20486
2212,899332454,B_0,3.23862,4.85257,2.93385,3.23862
2213,677140830,B_0,3.17648,4.01843,2.91019,3.17648
2214,178938096,B_0,3.11111,2.58307,2.86081,3.11111
2215,979494808,B_0,2.58307,1.71305,2.8149,2.58307
2216,901718978,B_0,1.71305,1.76298,2.77283,1.71305
2217,347928594,B_0,1.76298,1.82028,2.73472,1.76298
2218,841326858,B_0,1.82028,1.85846,2.69967,1.82028
2219,545345472,B_0,1.85846,1.89675,2.66756,1.85846
2220,50126510,B_0,1.89675,1.92499,2.63785,1.89675
2221,853259701,B_0,1.92499,1.95152,2.6104,1.92499
2222,410345161,B_0,1.95152,2.37716,2.60107,1.95152
2223,881162377,B_0,2.37716,2.47511,2.59603,2.37716
2224,581492715,B_0,2.47511,2.74474,2.60198,2.47511
2225,415637041,B_0,2.73922,2.81731,2.61037,2.73922
2226,236995016,B_0,2.75124,3.08371,2.62666,2.75124
2227,688286019,B_0,2.78085,3.1307,2.63471,2.78085
2228,466317463,B_0,2.79125,3.47328,2.65468,2.79125
2229,640023331,B_0,2.82834,3.00906,2.64305,2.82834
2230,216114429,B_0,2.79351,2.48356,2.62805,2.79351
2231,821206590,B_0,2.48356,2.21043,2.61135,2.48356
2232,581680381,B_0,2.21043,1.89036,2.58251,2.21043
2233,949296137,B_0,1.89036,1.93535,2.55662,1.89036
2234,38670944,B_0,1.93535,1.58313,2.51768,1.93535
2235,224779618,B_0,1.58313,1.65175,2.48304,1.58313
2236,559415002,B_0,1.65175,1.70854,2.45206,1.65175
2237,142329616,B_0,1.70854,1.79732,2.42587,1.70854
2238,570828586,B_0,1.79732,1.73355,2.39818,1.79732
2239,109771250,B_0,1.73355,1.76503,2.37285,1.73355
2240,572900169,B_0,1.76503,2.25771,2.36825,1.76503
2241,225217823,B_0,2.25771,1.83177,2.34679,2.25771
2242,37276107,B_0,1.83177,1.85166,2.32698,1.83177
2243,247114647,B_0,1.85166,1.60343,2.29804,1.85166
2244,997221532,B_0,1.60343,1.69006,2.27372,1.60343
2245,858868272,B_0,1.69006,1.76209,2.25326,1.69006
2246,139835440,B_0,1.76209,1.82276,2.23604,1.76209
2247,466033436,B_0,1.82276,1.86682,2.22127,1.82276
2248,58107804,B_0,1.86682,1.39741,2.18832,1.86682
2249,980272104,B_0,1.39741,1.51245,2.16128,1.39741
2250,834000766,B_0,1.51245,1.27317,2.12576,1.51245
2251,92651232,B_0,1.27317,1.40974,2.09712,1.27317
2252,239978417,B_0,1.40974,1.41576,2.06986,1.40974
2253,835423816,B_0,1.41576,1.53124,2.04832,1.41576
2254,619423253,B_0,1.53124,1.60687,2.03066,1.53124
2255,123834176,B_0,1.60687,1.68115,2.01668,1.60687
2256,127058090,B_0,1.68115,2.11549,2.02063,1.68115
2257,266869395,B_0,2.11549,2.51599,2.04045,2.11549
2258,755136937,B_0,2.16624,2.71104,2.05328,2.16624
2259,903036313,B_0,2.18883,3.19874,2.07821,2.18883
2260,591782870,B_0,2.23815,2.95311,2.07478,2.23815
2261,850559632,B_0,2.22244,2.15881,2.04892,2.22244
2262,199020710,B_0,2.15686,1.51215,2.02737,2.15686
2263,232622022,B_0,1.51215,1.60479,2.01046,1.51215
2264,668892552,B_0,1.60479,1.71291,1.99856,1.60479
2265,892669382,B_0,1.71291,1.78588,1.99005,1.71291
2266,142952936,B_0,1.78588,1.86535,1.98507,1.78588
2267,583005971,B_0,1.86535,1.90501,1.98186,1.86535
2268,3619044,B_0,1.90501,1.95049,1.98061,1.90501
2269,193763763,B_0,1.95049,1.99261,1.98109,1.95049
2270,562397290,B_0,1.99261,2.44279,1.99956,1.99261
2271,751274726,B_0,2.1217,5.26299,2.03238,0.0
2272,746947471,B_0,2.29553,5.85232,2.06648,2.29553
2273,391590096,B_0,2.3591,6.63259,2.1094,2.3591
2274,238718021,B_0,2.44103,6.7762,2.12841,2.44103
2275,429396926,B_0,2.46722,7.00249,2.15101,2.46722
2276,688503862,B_0,2.50114,7.50224,2.18501,2.50114
2277,153917491,B_0,2.56012,6.69079,2.16755,2.56012
2278,39108837,B_0,2.50209,6.89895,2.15406,1.622
2279,448940216,B_0,2.499,6.15887,2.13825,2.499
2280,46054367,B_0,2.44619,5.55327,2.12635,2.44619
2281,846100737,B_0,2.40401,5.05745,2.11762,2.40401
2282,430977715,B_0,2.37049,4.0135,2.08598,2.37049
2283,374902375,B_0,2.28665,3.23891,2.06302,2.28665
2284,917432818,B_0,2.22496,2.6577,2.04625,2.22496
2285,347245598,B_0,2.17913,2.23891,2.03481,2.17913
2286,432357235,B_0,2.14676,1.9433,2.02747,2.14676
2287,97288438,B_0,1.9433,2.3667,2.04104,1.9433
2288,340523324,B_0,2.15937,2.98439,2.07048,2.15937
2289,590306899,B_0,2.2197,3.86498,2.11167,2.2197
2290,612847815,B_0,2.30492,4.68625,2.15225,2.30492
2291,192991024,B_0,2.38656,5.68841,2.20171,2.38656
2292,415736616,B_0,2.48613,6.7967,2.25742,2.48613
2293,207511842,B_0,2.59725,7.95361,2.31729,2.59725
2294,983143820,B_0,2.71497,7.50569,2.31528,2.71497
2295,101132697,B_0,2.69056,7.95849,2.3484,2.69056
2296,801402994,B_0,2.74632,7.84051,2.3596,2.74632
2297,112110386,B_0,2.75162,8.5265,2.40272,2.75162
2298,924727074,B_0,2.82904,10.1594,2.48509,2.82904
2299,753559656,B_0,2.99306,10.0617,2.5015,2.99306
2300,68800311,B_0,3.00458,9.78826,2.51068,3.00458
2301,632834157,B_0,3.0001,9.45652,2.51699,3.0001
2302,993899165,B_0,2.98982,8.77757,2.50875,2.98982
2303,896356693,B_0,2.94763,7.65042,2.48122,2.94763
2304,799149986,B_0,2.86374,6.64818,2.45643,2.86374
2305,254256652,B_0,2.78884,8.55079,2.43427,0.0
2306,405527668,B_0,2.86181,7.67669,2.41641,2.86181
2307,22530566,B_0,2.80025,6.93352,2.40204,2.80025
2308,584060066,B_0,2.74871,5.83149,2.37182,2.74871
2309,266711850,B_0,2.6634,4.92595,2.34727,2.6634
2310,282204685,B_0,2.59356,4.1792,2.32725,2.59356
2311,838580694,B_0,2.53621,3.56095,2.31088,2.53621
2312,155346979,B_0,2.48892,2.82337,2.28849,2.48892
2313,94135565,B_0,2.42966,2.20652,2.26947,2.42966
2314,635291593,B_0,2.20652,1.90161,2.25475,2.20652
2315,300630949,B_0,1.90161,1.49214,2.22425,1.90161
2316,126361292,B_0,1.49214,1.41817,2.192,1.49214
2317,726842673,B_0,1.41817,1.58389,2.16768,1.41817
2318,239526733,B_0,1.58389,1.06374,2.12352,1.58389
2319,715429129,B_0,1.06374,1.25444,2.08876,1.06374
2320,797001405,B_0,1.25444,1.38201,2.06049,1.25444
2321,386569582,B_0,1.38201,1.50625,2.03832,1.38201
2322,712443395,B_0,1.50625,1.61517,2.02139,1.50625
2323,571766144,B_0,1.61517,2.15254,2.02664,1.61517
2324,475650665,B_0,2.13427,2.00608,2.02509,2.13427
2325,723261080,B_0,2.00608,2.34701,2.03796,2.00608
2326,684530301,B_0,2.15531,2.7413,2.05843,2.15531
2327,826366032,B_0,2.19549,3.40125,2.09031,2.19549
2328,804007526,B_0,2.26037,4.23877,2.13061,2.26037
2329,322636398,B_0,2.34255,4.76152,2.16,2.34255
2330,716023886,B_0,2.39808,5.81595,2.2117,2.39808
2331,576139164,B_0,2.5025,7.21523,2.2793,2.5025
2332,758472377,B_0,2.64007,8.85002,2.35913,2.64007
2333,80799350,B_0,2.80163,10.6894,2.4504,2.80163
2334,613462137,B_0,2.98487,11.8281,2.51733,2.98487
2335,102964543,B_0,3.10873,12.8066,2.58012,3.10873
2336,387014594,B_0,3.22045,13.6901,2.64108,3.22045
2337,723237037,B_0,3.32558,14.5079,2.70117,3.32558
2338,947465368,B_0,3.42657,15.2656,2.76049,3.42657
2339,97492722,B_0,3.52377,15.0579,2.78272,3.52377
2340,219023054,B_0,3.53561,18.0798,2.79228,0.0
2341,912755999,B_0,3.69627,17.2321,2.79453,3.69627
2342,785570953,B_0,3.65614,16.2858,2.79115,3.65614
2343,986239311,B_0,3.60544,15.2718,2.78316,3.60544
2344,299696069,B_0,3.54675,14.6542,2.789,3.54675
2345,499981479,B_0,3.52171,14.3319,2.80541,3.52171
2346,410035217,B_0,3.52201,14.2252,2.82981,3.52201
2347,357668809,B_0,3.54107,14.2795,2.86043,3.54107
2348,859848816,B_0,3.57441,14.4433,2.89555,3.57441
2349,632978775,B_0,3.61771,14.6627,2.93321,3.61771
2350,241255018,B_0,3.66635,14.6506,2.8825,1.67759
2351,316122511,B_0,3.61502,13.2795,2.85695,3.61502
2352,217275816,B_0,3.52093,12.7776,2.86344,3.52093
2353,312371302,B_0,3.50232,10.6656,2.80451,3.50232
2354,390858605,B_0,3.33779,7.79592,2.71106,3.33779
2355,459673188,B_0,3.10085,5.42898,2.63197,3.10085
2356,818935546,B_0,2.90342,3.64454,2.57145,2.90342
2357,972105050,B_0,2.75368,2.73779,2.54247,2.75368
2358,30925562,B_0,2.67936,2.74443,2.54821,2.67936
2359,855822362,B_0,2.68543,3.48503,2.58332,2.68543
2360,10473730,B_0,2.75758,4.69368,2.63864,2.75758
2361,525909310,B_0,2.87333,5.61227,2.68477,2.87333
2362,376479871,B_0,2.96539,5.79308,2.70323,2.96539
2363,28831583,B_0,2.99288,6.142,2.72877,2.99288
2364,21530007,B_0,3.03587,6.34462,2.74916,3.03587
2365,66470010,B_0,3.06639,6.65339,2.7742,3.06639
2366,759335865,B_0,3.10687,6.88588,2.79681,3.10687
2367,635009839,B_0,3.1411,7.22809,2.82427,3.1411
2368,401697694,B_0,3.18567,7.65475,2.85579,3.18567
2369,940436224,B_0,3.23853,8.31088,2.89734,3.23853
2370,369631823,B_0,3.31289,9.29263,2.95324,3.31289
2371,898472684,B_0,3.41787,13.9298,3.02059,0.0
2372,994992018,B_0,3.71708,14.392,3.06694,3.71708
2373,73641472,B_0,3.78654,15.0306,3.12127,3.78654
2374,1776509,B_0,3.8728,15.8662,3.18476,3.8728
2375,96562640,B_0,3.97807,15.6681,3.20856,3.97807
2376,517308122,B_0,3.99196,16.0116,3.25364,3.99196
2377,854093100,B_0,4.05422,16.7413,3.31485,4.05422
2378,887642646,B_0,4.15191,18.1663,3.40533,4.15191
2379,615807648,B_0,4.31365,19.7374,3.50451,4.31365
2380,528167210,B_0,4.49138,21.3305,3.60771,4.49138
2381,983794207,B_0,4.67424,23.253,3.72727,4.67424
2382,842482221,B_0,4.88992,26.0155,3.85868,4.25002
2383,1377334,B_0,5.15945,28.2046,3.99827,5.15945
2384,934630254,B_0,5.4085,29.5208,4.10733,5.4085
2385,431372980,B_0,5.58338,30.8394,4.21912,5.58338
2386,417444485,B_0,5.76109,30.3434,4.26096,5.76109
2387,425397627,B_0,5.77813,29.0444,4.26968,5.77813
2388,924807679,B_0,5.7219,26.3697,4.22078,5.7219
2389,805399656,B_0,5.53927,23.5699,4.16153,5.53927
2390,802144683,B_0,5.34003,26.6114,4.11673,0.0
2391,404192113,B_0,5.4473,24.4508,4.08353,5.4473
2392,426706068,B_0,5.30607,22.6217,4.05927,5.30607
2393,874752721,B_0,5.19035,21.0636,4.04219,5.19035
2394,477444977,B_0,5.09536,20.1528,4.04788,5.09536
2395,332591507,B_0,5.05552,19.4893,4.06165,5.05552
2396,903257834,B_0,5.03611,20.9614,4.10135,3.58224
2397,664819894,B_0,5.14942,21.4683,4.16355,5.14942
2398,956715883,B_0,5.23697,24.1532,4.2273,3.07236
2399,759444346,B_0,5.43496,22.3175,4.20218,5.43496
2400,639172354,B_0,5.31806,19.8469,4.14799,5.31806
2401,820182092,B_0,5.14034,17.1658,4.08044,5.14034
2402,705747836,B_0,4.93873,14.9873,4.02763,4.93873
2403,482006507,B_0,4.77699,13.2607,3.98854,4.77699
2404,596258000,B_0,4.65158,11.8891,3.9602,4.65158
2405,537453074,B_0,4.55465,10.8036,3.94056,4.55465
2406,466384135,B_0,4.48074,9.94352,3.92776,4.48074
2407,381229359,B_0,4.42494,9.48318,3.92039,4.20383
2408,894289290,B_0,4.39455,9.35175,3.9341,4.39455
2409,461862384,B_0,4.40169,8.65955,3.92512,4.40169
2410,402878381,B_0,4.35809,8.02763,3.91716,4.35809
2411,641424395,B_0,4.31854,6.28803,3.86363,4.31854
2412,733594202,B_0,4.17803,4.56361,3.80723,4.17803
2413,617153744,B_0,4.03541,2.89225,3.7495,4.03541
2414,772034811,B_0,2.89225,3.45759,3.70991,2.19443
2415,844902406,B_0,3.45759,2.47688,3.66059,3.45759
2416,868701180,B_0,2.47688,3.41714,3.62644,1.86665
2417,713355285,B_0,3.41714,3.07165,3.60425,3.41714
2418,119081824,B_0,3.07165,3.34329,3.59381,3.07165
2419,903606471,B_0,3.34329,2.13402,3.53542,3.34329
2420,683476692,B_0,2.13402,2.10805,3.47833,2.13402
2421,25123858,B_0,2.10805,2.10266,3.4233,2.10805
2422,394397408,B_0,2.10266,2.10079,3.3704,2.10266
2423,376022358,B_0,2.10079,1.87225,3.31047,2.10079
2424,289181188,B_0,1.87225,1.91022,3.25446,1.87225
2425,345426300,B_0,1.91022,1.94237,3.20198,1.91022
2426,452861917,B_0,1.94237,2.86523,3.15263,1.04527
2427,835705151,B_0,2.86523,1.9888,3.10607,2.86523
2428,67809582,B_0,1.9888,2.01172,3.0623,1.9888
2429,264955199,B_0,2.01172,2.01867,3.02055,2.01172
2430,988290837,B_0,2.01867,2.39188,2.99541,2.01867
2431,191158105,B_0,2.39188,2.65483,2.98178,2.39188
2432,430523427,B_0,2.65483,2.91278,2.97902,2.65483
2433,812783220,B_0,2.91278,1.93155,2.93712,2.91278
2434,947199723,B_0,1.93155,2.37579,2.91467,1.93155
2435,230180095,B_0,2.37579,2.25562,2.88831,2.37579
2436,887028070,B_0,2.25562,2.62977,2.87797,2.25562
2437,771008948,B_0,2.62977,2.91601,2.87949,2.62977
2438,820608918,B_0,2.91601,3.57158,2.90717,2.91601
2439,803983240,B_0,3.08575,4.96545,2.97007,3.08575
2440,876461208,B_0,3.21834,5.86322,3.01591,3.21834
2441,721210589,B_0,3.30907,3.78064,2.94434,3.30907
2442,922852845,B_0,3.13337,2.84048,2.91429,3.13337
2443,832118325,B_0,2.84048,1.17939,2.8449,2.84048
2444,776001869,B_0,1.17939,2.22816,2.82023,1.17939
2445,933648052,B_0,2.22816,2.62177,2.81229,2.22816
2446,976366555,B_0,2.62177,3.19372,2.82754,2.62177
2447,495337396,B_0,2.98723,3.91677,2.86285,2.98723
2448,702344561,B_0,3.05869,5.06576,2.91665,3.05869
2449,94489231,B_0,3.16994,6.65979,2.99054,3.16994
2450,712949798,B_0,3.32353,8.45848,3.07581,3.32353
2451,547568377,B_0,3.49873,9.84157,3.14805,3.49873
2452,80435944,B_0,3.64013,11.3864,3.22952,3.64013
2453,239601036,B_0,3.79884,12.3897,3.29243,3.79884
2454,234550100,B_0,3.91191,13.1987,3.34957,3.91191
2455,857398808,B_0,4.00951,13.9023,3.40411,4.00951
2456,3600841,B_0,4.09922,14.4972,3.45571,4.09922
2457,462829877,B_0,4.18057,15.4692,3.52359,4.18057
2458,941891537,B_0,4.29705,16.6968,3.60363,4.29705
2459,808029857,B_0,4.43847,18.068,3.69187,4.43847
2460,397430397,B_0,4.59527,18.3517,3.73935,4.59527
2461,20876692,B_0,4.65694,18.5344,3.78337,4.65694
2462,326095207,B_0,4.71009,17.789,3.79062,4.71009
2463,16675739,B_0,4.68007,16.7307,3.78386,4.68007
2464,152786399,B_0,4.6204,17.7939,3.76869,2.34125
2465,256321891,B_0,4.65838,15.6571,3.7188,4.65838
2466,799738472,B_0,4.50165,13.6629,3.67035,4.50165
2467,562349687,B_0,4.35349,11.2839,3.60251,4.35349
2468,941332949,B_0,4.16671,11.3014,3.53978,2.01661
2469,12921583,B_0,4.10484,8.69893,3.45828,4.10484
2470,55448632,B_0,3.89323,6.47803,3.38684,3.89323
2471,833838184,B_0,3.71075,4.57411,3.32364,3.71075
2472,882407894,B_0,3.55235,3.41011,3.28623,3.55235
2473,993371447,B_0,3.41011,2.82739,3.26788,3.41011
2474,124876621,B_0,2.82739,3.47835,3.2763,2.82739
2475,305441783,B_0,3.45021,4.1492,3.31009,3.45021
2476,183851546,B_0,3.51755,3.39296,3.28814,3.51755
2477,494557610,B_0,3.39296,2.03474,3.238,3.39296
2478,292095896,B_0,2.03474,2.04719,3.19037,2.03474
2479,748946228,B_0,2.04719,2.10591,3.14699,2.04719
2480,117152036,B_0,2.10591,1.51896,3.08187,2.10591
2481,131279549,B_0,1.51896,1.65133,3.02465,1.51896
2482,835328383,B_0,1.65133,3.06896,2.97404,0.341765
2483,558177219,B_0,3.06896,1.87026,2.92989,3.06896
2484,28881319,B_0,1.87026,1.95134,2.89074,1.87026
2485,949017025,B_0,1.95134,2.022,2.85599,1.95134
2486,467551687,B_0,2.022,2.07795,2.82487,2.022
2487,101042465,B_0,2.07795,2.58489,2.81527,2.07795
2488,652526392,B_0,2.58489,2.98293,2.82198,2.58489
2489,947736012,B_0,2.97113,3.32396,2.84159,2.97113
2490,471489044,B_0,3.00778,3.87429,2.87025,3.00778
2491,126237451,B_0,3.06396,4.48382,2.90238,3.06396
2492,744821298,B_0,3.12657,5.19198,2.93967,3.12657
2493,463508245,B_0,3.19927,5.53609,2.96382,3.19927
2494,689519667,B_0,3.24062,4.768,2.94417,3.24062
2495,203209716,B_0,3.18257,4.47022,2.94179,3.18257
2496,244804484,B_0,3.1653,3.99542,2.93174,3.1653
2497,142319842,B_0,3.13151,3.84381,2.93367,3.13151
2498,255163089,B_0,3.12586,4.03442,2.94898,3.12586
2499,59929945,B_0,3.1507,4.46235,2.97417,3.1507
2500,272044925,B_0,3.19728,3.83366,2.95794,3.19728
2501,582733735,B_0,3.14963,3.15255,2.93837,3.14963
2502,716899882,B_0,3.09599,2.47879,2.91772,3.09599
2503,438479658,B_0,2.47879,2.39776,2.89692,2.47879
2504,748821104,B_0,2.39776,2.35961,2.87543,2.39776
2505,392354841,B_0,2.35961,2.79463,2.8722,2.35961
2506,388596842,B_0,2.79463,4.52311,2.90072,1.85682
2507,48434256,B_0,3.12688,5.60934,2.95322,3.12688
2508,980959848,B_0,3.23368,5.25057,2.95009,3.23368
2509,924922912,B_0,3.21261,4.37919,2.92573,3.21261
2510,69169080,B_0,3.14469,1.2345,2.8087,3.14469
2511,529900148,B_0,1.2345,0.36118,2.7108,1.2345
2512,619174735,B_0,0.36118,1.68768,2.66988,0.36118
2513,747773637,B_0,1.68768,1.37476,2.61807,1.68768
2514,960128514,B_0,1.37476,1.96451,2.59193,1.37476
2515,281119794,B_0,1.96451,0.930505,2.52547,1.96451
2516,22627250,B_0,0.930505,1.15382,2.47061,0.930505
2517,743426239,B_0,1.15382,1.37949,2.42696,1.15382
2518,193137560,B_0,1.37949,1.56248,2.39238,1.37949
2519,608418325,B_0,1.56248,1.7147,2.36527,1.56248
2520,814943600,B_0,1.7147,1.82385,2.34362,1.7147
2521,242398907,B_0,1.82385,1.67889,2.31703,1.82385
2522,446349485,B_0,1.67889,2.14927,2.31032,1.67889
2523,568377526,B_0,2.14927,2.26999,2.3087,2.14927
2524,626685828,B_0,2.26999,2.66278,2.32287,2.26999
2525,387108451,B_0,2.45601,3.24456,2.35146,2.45601
2526,972207408,B_0,2.51369,4.0688,2.39092,2.51369
2527,546906982,B_0,2.59436,5.05791,2.43863,2.59436
2528,923133692,B_0,2.69152,6.59771,2.51033,2.69152
2529,296829679,B_0,2.84022,8.51242,2.60012,2.84022
2530,446683148,B_0,3.02574,10.6668,2.70332,3.02574
2531,982863170,B_0,3.23665,12.9371,2.81546,3.23665
2532,857749967,B_0,3.46231,15.2536,2.934,3.46231
2533,82950916,B_0,3.69667,17.5549,3.05656,3.69667
2534,442510089,B_0,3.9343,19.7808,3.1807,3.9343
2535,575461166,B_0,4.16974,23.7299,3.29826,2.17052
2536,752156667,B_0,4.48476,25.4632,3.41505,4.48476
2537,56788592,B_0,4.68821,25.909,3.48381,4.68821
2538,421620394,B_0,4.77926,26.0743,3.54224,4.77926
2539,953720135,B_0,4.84595,26.0554,3.59363,4.84595
2540,252567000,B_0,4.8964,24.6845,3.59091,4.8964
2541,984728563,B_0,4.82513,23.1201,3.5777,4.82513
2542,924103102,B_0,4.73371,20.6816,3.5264,4.73371
2543,31069783,B_0,4.56048,18.3812,3.47575,4.56048
2544,14340310,B_0,4.39481,16.2547,3.42745,4.39481
2545,245118121,B_0,4.24018,14.2855,3.38119,4.24018
2546,936865440,B_0,4.09546,12.4684,3.33708,4.09546
2547,690426892,B_0,3.9605,14.3761,3.2799,0.0
2548,972976704,B_0,3.99871,12.3039,3.22577,3.99871
2549,535276243,B_0,3.84096,10.4377,3.17573,3.84096
2550,464122238,B_0,3.69761,8.79015,3.1307,3.69761
2551,896099552,B_0,3.57021,7.32069,3.0895,3.57021
2552,39652567,B_0,3.45554,6.0125,3.05182,3.45554
2553,881650464,B_0,3.35244,5.31408,3.0359,3.35244
2554,722553166,B_0,3.30161,3.79342,2.98571,3.30161
2555,945840212,B_0,3.17538,2.45119,2.9396,3.17538
2556,296670981,B_0,2.45119,1.90671,2.89829,2.45119
2557,922583432,B_0,1.90671,1.9597,2.86074,1.90671
2558,909304889,B_0,1.9597,2.01152,2.82677,1.9597
2559,291246241,B_0,2.01152,2.04913,2.79567,2.01152
2560,274722276,B_0,2.04913,2.07859,2.76699,2.04913
2561,535910227,B_0,2.07859,2.09727,2.7402,2.07859
2562,36122093,B_0,2.09727,2.11915,2.71536,2.09727
2563,303622100,B_0,2.11915,2.13203,2.69202,2.11915
2564,582487408,B_0,2.13203,2.58725,2.68783,2.13203
2565,973703870,B_0,2.58725,2.25765,2.67062,2.58725
2566,480662704,B_0,2.25765,2.22091,2.65264,2.25765
2567,16111898,B_0,2.22091,1.76568,2.61716,2.22091
2568,29334215,B_0,1.76568,1.80797,2.58479,1.76568
2569,233922415,B_0,1.80797,1.85699,2.55568,1.80797
2570,92332348,B_0,1.85699,1.90648,2.52971,1.85699
2571,458143415,B_0,1.90648,1.97142,2.50738,1.90648
2572,486425443,B_0,1.97142,2.45752,2.50538,1.97142
2573,75637400,B_0,2.45752,5.31713,2.51955,0.0
2574,189179420,B_0,2.78541,5.71009,2.54591,2.78541
2575,652227150,B_0,2.83141,5.3267,2.54199,2.83141
2576,37776505,B_0,2.80833,5.31048,2.552,2.80833
2577,286693850,B_0,2.81752,5.58747,2.5737,2.81752
2578,805222667,B_0,2.85307,4.44617,2.53922,2.85307
2579,287209766,B_0,2.76153,3.92456,2.52725,2.76153
2580,637307125,B_0,2.72347,3.46245,2.51661,2.72347
2581,359628339,B_0,2.68973,3.4923,2.52473,2.68973
2582,784798182,B_0,2.69934,6.58805,2.54757,0.0
2583,88705263,B_0,2.87697,6.1721,2.54411,2.87697
2584,444747885,B_0,2.85271,5.70837,2.5379,2.85271
2585,159078090,B_0,2.82332,5.24171,2.53065,2.82332
2586,524827548,B_0,2.79274,4.77308,2.52239,2.79274
2587,958884892,B_0,2.76105,4.315,2.51362,2.76105
2588,530837699,B_0,2.72937,3.85861,2.50399,2.72937
2589,767091001,B_0,2.69692,3.4224,2.49426,2.69692
2590,544373893,B_0,2.66538,3.44512,2.50201,2.66538
2591,741201266,B_0,2.67427,3.80038,2.52311,2.67427
2592,543799787,B_0,2.71313,4.71536,2.56731,2.71313
2593,560617607,B_0,2.80308,4.51943,2.56891,2.80308
2594,923444826,B_0,2.79488,6.98584,2.56481,0.0
2595,524290050,B_0,2.9141,6.42848,2.55648,2.9141
2596,436872499,B_0,2.87791,5.84674,2.54607,2.87791
2597,621071047,B_0,2.83841,7.59087,2.51399,0.0
2598,314438572,B_0,2.89354,6.47069,2.48437,2.89354
2599,983105367,B_0,2.8079,5.82129,2.47133,2.8079
2600,329396844,B_0,2.7624,4.46247,2.42862,2.7624
2601,468158173,B_0,2.65175,4.42926,2.37416,1.10032
2602,771812086,B_0,2.59563,2.55015,2.30786,2.59563
2603,211194141,B_0,2.43536,1.12761,2.25606,2.43536
2604,792472009,B_0,1.12761,1.24089,2.21545,1.12761
2605,344583413,B_0,1.24089,1.18526,2.17424,1.24089
2606,437035667,B_0,1.18526,1.36166,2.14174,1.18526
2607,120375078,B_0,1.36166,1.52852,2.11721,1.36166
2608,799581297,B_0,1.52852,1.64652,2.09838,1.52852
2609,612644290,B_0,1.64652,1.75643,2.0847,1.64652
2610,948719212,B_0,1.75643,2.2689,2.09207,1.75643
2611,974645041,B_0,2.20552,2.47513,2.08214,1.63746
2612,493154329,B_0,2.20589,2.15981,2.07447,2.20589
2613,901471922,B_0,2.15981,1.8455,2.06532,2.15981
2614,540720986,B_0,1.8455,1.73441,2.05208,1.8455
2615,208839678,B_0,1.73441,1.82331,2.04293,1.73441
2616,88729384,B_0,1.82331,1.88996,2.03681,1.82331
2617,253992716,B_0,1.88996,1.95004,2.03334,1.88996
2618,681972628,B_0,1.95004,1.98923,2.03157,1.95004
2619,863532865,B_0,1.98923,1.52634,2.01136,1.98923
2620,637452068,B_0,1.52634,1.61947,1.99569,1.52634
2621,555667982,B_0,1.61947,1.30469,1.96805,1.61947
2622,391902720,B_0,1.30469,1.24409,1.93909,1.30469
2623,12732943,B_0,1.24409,0.79754,1.89343,1.24409
2624,36064839,B_0,0.79754,1.01667,1.85836,0.79754
2625,745933850,B_0,1.01667,1.20347,1.83216,1.01667
2626,175425245,B_0,1.20347,1.40404,1.81504,1.20347
2627,718749578,B_0,1.40404,1.21185,1.79091,1.40404
2628,391158340,B_0,1.21185,1.36033,1.77369,1.21185
2629,676221207,B_0,1.36033,1.48132,1.76199,1.36033
2630,193439812,B_0,1.48132,1.20691,1.73979,1.48132
2631,46436646,B_0,1.20691,1.3739,1.72515,1.20691
2632,24564547,B_0,1.3739,0.89704,1.69203,1.3739
2633,261492168,B_0,0.89704,1.12383,1.6693,0.89704
2634,809892465,B_0,1.12383,1.07085,1.64536,1.12383
2635,790958727,B_0,1.07085,1.23707,1.62903,1.07085
2636,70345111,B_0,1.23707,1.42638,1.62092,1.23707
2637,578210265,B_0,1.42638,1.00389,1.59624,1.42638
2638,915250098,B_0,1.00389,2.17959,1.57942,0.0
2639,270475687,B_0,1.6884,1.83758,1.5701,1.6884
2640,706427713,B_0,1.66198,2.49034,1.56693,0.83812
2641,839640310,B_0,1.69145,2.81165,1.58476,1.69145
2642,808290981,B_0,1.72535,3.51668,1.61859,1.72535
2643,876683901,B_0,1.79442,4.48695,1.66443,1.79442
2644,612880153,B_0,1.88878,5.63291,1.71925,1.88878
2645,982746598,B_0,2.00089,6.84663,1.77906,2.00089
2646,739031079,B_0,2.12139,8.07164,1.84175,2.12139
2647,846982729,B_0,2.24534,8.81597,1.88767,2.24534
2648,470419463,B_0,2.32847,9.58173,1.93593,2.32847
2649,466177827,B_0,2.41502,10.0072,1.97212,2.41502
2650,200702940,B_0,2.47248,7.54147,1.8935,2.47248
2651,20840592,B_0,2.27057,5.88643,1.84238,2.27057
2652,649245687,B_0,2.1367,3.84618,1.77254,2.1367
2653,993793578,B_0,1.96485,2.33365,1.71974,1.96485
2654,84234070,B_0,1.83642,1.25993,1.68145,1.83642
2655,56307477,B_0,1.25993,0.998989,1.65416,1.25993
2656,202905612,B_0,0.998989,1.59666,1.65186,0.998989
2657,542760882,B_0,1.59666,2.06189,1.66826,1.59666
2658,915002527,B_0,1.77135,2.74056,1.69953,1.77135
2659,949352577,B_0,1.83656,3.66085,1.74182,1.83656
2660,731863742,B_0,1.92486,4.72872,1.79186,1.92486
2661,904123253,B_0,2.02829,5.88672,1.84763,2.02829
2662,678253248,B_0,2.14197,3.75041,1.77396,2.14197
2663,413496874,B_0,1.96148,1.79596,1.70328,1.96148
2664,269845407,B_0,1.79308,0.00566192,1.63526,1.79308
2665,262676728,B_0,0.00566192,0.760726,1.60028,0.00566192
2666,757924860,B_0,0.760726,0.00890673,1.53662,0.760726
2667,169322309,B_0,0.00890673,0.928649,1.5123,0.00890673
2668,24434675,B_0,0.928649,1.54079,1.51344,0.928649
2669,15597080,B_0,1.54079,2.30366,1.54505,1.54079
2670,494156277,B_0,1.66023,5.07875,1.59425,0.0
2671,892326407,B_0,1.84819,6.53321,1.66259,1.84819
2672,498280042,B_0,1.98925,6.91062,1.69075,1.98925
2673,60892741,B_0,2.03628,7.02167,1.70901,2.03628
2674,648410437,B_0,2.0601,9.47058,1.73861,0.0
2675,128080239,B_0,2.21214,9.97559,1.77775,2.21214
2676,817900202,B_0,2.27653,9.81682,1.79135,2.27653
2677,627207874,B_0,2.28219,10.0247,1.8191,2.27722
2678,129573321,B_0,2.32034,9.62805,1.82329,2.32034
2679,60060050,B_0,2.30469,9.60707,1.8417,2.30469
2680,744885992,B_0,2.32206,9.87071,1.87146,2.32206
2681,156278957,B_0,2.365,10.3474,1.91027,2.365
2682,14837644,B_0,2.42764,10.9598,1.95546,2.42764
2683,56435002,B_0,2.50345,11.6501,2.00499,2.50345
2684,219788204,B_0,2.5875,11.7498,2.03228,2.5875
2685,379694993,B_0,2.61977,11.9741,2.06475,2.61977
2686,21615925,B_0,2.66346,12.307,2.10202,2.66346
2687,601438793,B_0,2.71736,12.7923,2.14605,2.71736
2688,46046547,B_0,2.78566,12.7621,2.17042,2.78566
2689,36295318,B_0,2.80852,12.8846,2.20084,2.80852
2690,751595735,B_0,2.84507,13.1495,2.23721,2.84507
2691,588673430,B_0,2.89468,13.1197,2.26232,2.89468
2692,595428539,B_0,2.91831,13.1574,2.29006,2.91831
2693,397582814,B_0,2.94793,13.2902,2.32169,2.94793
2694,666845544,B_0,2.9862,13.155,2.34286,2.9862
2695,216046746,B_0,3.00061,13.2039,2.37113,3.00061
2696,105575227,B_0,3.03132,13.3884,2.40492,3.03132
2697,193275277,B_0,3.07433,13.6521,2.44224,3.07433
2698,380318891,B_0,3.12485,13.97,2.48226,3.12485
2699,554372739,B_0,3.18076,14.5578,2.53372,3.18076
2700,842172499,B_0,3.26161,15.4232,2.59745,3.26161
2701,269730477,B_0,3.36861,16.4759,2.6704,3.36861
2702,732153280,B_0,3.49419,17.6458,2.75015,3.49419
2703,266746875,B_0,3.63244,18.8651,2.83421,3.63244
2704,902950760,B_0,3.77746,20.0921,2.92102,3.77746
2705,590806081,B_0,3.92563,21.2938,3.00927,3.92563
2706,641689933,B_0,4.07397,22.4351,3.09751,4.07397
2707,374574698,B_0,4.21927,23.5101,3.18538,4.21927
2708,585239799,B_0,4.36089,24.5087,3.27235,4.36089
2709,588383348,B_0,4.49778,25.3853,3.35643,4.49778
2710,476609231,B_0,4.6257,26.1145,3.43637,4.6257
2711,587322526,B_0,4.74209,26.6824,3.51131,4.74209
2712,3402518,B_0,4.84543,27.0515,3.57944,4.84543
2713,376919472,B_0,4.93202,27.2396,3.64107,4.93202
2714,676831888,B_0,5.00305,26.3888,3.66152,5.00305
2715,237915284,B_0,4.98096,25.3831,3.67407,4.98096
2716,11042622,B_0,4.94322,28.5547,3.65397,0.0
2717,449557478,B_0,5.0817,26.3323,3.62218,5.0817
2718,512141663,B_0,4.9388,22.9508,3.53959,4.9388
2719,739429576,B_0,4.68713,20.2566,3.47772,4.68713
2720,40005293,B_0,4.49055,18.1167,3.43264,4.49055
2721,742754969,B_0,4.33847,16.2539,3.39436,4.33847
2722,951038820,B_0,4.20705,14.7652,3.36732,4.20705
2723,137533279,B_0,4.10557,13.6806,3.35346,4.10557
2724,201600623,B_0,4.0375,11.2113,3.28205,4.0375
2725,862774477,B_0,3.84262,10.4296,3.24132,3.0454
2726,44804838,B_0,3.76279,9.53509,3.2264,3.76279
2727,445709506,B_0,3.70315,8.13476,3.18945,3.70315
2728,861485786,B_0,3.59619,6.0342,3.1217,3.59619
2729,48481383,B_0,3.42341,3.59764,3.03631,3.42341
2730,856854071,B_0,3.21619,4.70918,2.95932,0.0
2731,70651805,B_0,3.19478,2.80083,2.889,3.10977
2732,461769768,B_0,2.80083,1.30231,2.82553,2.80083
2733,227205658,B_0,1.30231,1.38124,2.76776,1.30231
2734,815822829,B_0,1.38124,1.35176,2.71112,1.38124
2735,403610998,B_0,1.35176,1.45686,2.66095,1.35176
2736,145696518,B_0,1.45686,1.55095,2.61655,1.45686
2737,143210271,B_0,1.55095,1.60675,2.57616,1.55095
2738,564111841,B_0,1.60675,1.59886,2.53707,1.60675
2739,937216309,B_0,1.59886,1.6519,2.50166,1.59886
2740,630172234,B_0,1.6519,1.35039,2.45561,1.6519
2741,569635514,B_0,1.35039,1.42977,2.41458,1.35039
2742,555925426,B_0,1.42977,1.52281,2.37891,1.42977
2743,767735447,B_0,1.52281,1.11503,2.32835,1.52281
2744,925342630,B_0,1.11503,1.12473,2.28021,1.11503
2745,225275132,B_0,1.12473,1.23421,2.23837,1.12473
2746,805520764,B_0,1.23421,1.35843,2.20317,1.23421
2747,988425688,B_0,1.35843,1.45063,2.17307,1.35843
2748,239836241,B_0,1.45063,1.89489,2.16194,1.45063
2749,215187984,B_0,1.89489,2.15138,2.16152,1.89489
2750,608136894,B_0,2.15138,2.36848,2.1698,2.15138
2751,456259780,B_0,2.28822,1.98962,2.15938,2.28822
2752,355682099,B_0,1.98962,1.87771,2.14811,1.98962
2753,943671053,B_0,1.87771,1.63749,2.12769,1.87771
2754,630077377,B_0,1.63749,1.65801,2.1089,1.63749
2755,528086644,B_0,1.65801,1.69451,2.09232,1.65801
2756,123771769,B_0,1.69451,1.71799,2.07735,1.69451
2757,798671747,B_0,1.71799,1.75905,2.06462,1.71799
2758,524048356,B_0,1.75905,1.7625,2.05253,1.75905
2759,156897263,B_0,1.7625,1.79032,2.04204,1.7625
2760,999341756,B_0,1.79032,1.79103,2.032,1.79032
2761,109320906,B_0,1.79103,1.45124,2.00877,1.79103
2762,661535245,B_0,1.45124,1.49805,1.98834,1.45124
2763,792417226,B_0,1.49805,1.21682,1.95748,1.49805
2764,221738142,B_0,1.21682,1.31061,1.93161,1.21682
2765,726145947,B_0,1.31061,1.7454,1.92416,1.31061
2766,103016369,B_0,1.7454,1.67375,1.91414,1.7454
2767,362349220,B_0,1.67375,2.02497,1.91858,1.67375
2768,122908567,B_0,2.01983,2.3382,1.93516,2.01983
2769,859549747,B_0,2.05207,4.92404,1.96118,0.0
2770,91787208,B_0,2.20739,5.49057,1.99369,2.20739
2771,326089549,B_0,2.26822,6.14313,2.03078,2.26822
2772,662041111,B_0,2.33793,5.9438,2.03509,2.33793
2773,876365898,B_0,2.33228,5.98328,2.04856,2.33228
2774,475579616,B_0,2.34772,6.26527,2.0718,2.34772
2775,955456061,B_0,2.38507,6.7262,2.10277,2.38507
2776,148336822,B_0,2.43908,5.97678,2.08625,2.43908
2777,166352821,B_0,2.38508,5.67269,2.08604,2.38508
2778,898519874,B_0,2.36967,5.70971,2.09886,2.36967
2779,181237249,B_0,2.38435,6.36683,2.13657,2.38435
2780,2235802,B_0,2.45491,7.46177,2.1931,2.45491
2781,240839599,B_0,2.56619,8.85454,2.26373,2.56619
2782,237164632,B_0,2.70646,10.4405,2.34488,2.70646
2783,619837610,B_0,2.8669,12.1174,2.43284,2.8669
2784,419218131,B_0,3.03871,11.189,2.41994,3.03871
2785,538117025,B_0,2.97939,11.1934,2.44249,2.97939
2786,319779896,B_0,3.00216,11.9615,2.4956,3.00216
2787,240753430,B_0,3.09368,13.2662,2.57171,3.09368
2788,839575413,B_0,3.23502,15.011,2.66803,3.23502
2789,741167774,B_0,3.41858,16.9747,2.7766,3.41858
2790,364940320,B_0,3.62534,19.02,2.89237,3.62534
2791,40453949,B_0,3.84336,24.3708,2.9907,0.0
2792,392377689,B_0,4.20924,25.513,3.08513,4.20924
2793,279393616,B_0,4.36079,25.3912,3.13129,4.36079
2794,130552152,B_0,4.40085,25.5983,3.19035,4.40085
2795,194404493,B_0,4.47027,26.0395,3.2592,4.47027
2796,857191149,B_0,4.56117,24.9081,3.26602,4.56117
2797,692622733,B_0,4.51143,23.5283,3.26065,4.51143
2798,692186675,B_0,4.43706,21.4749,3.22557,4.43706
2799,251251516,B_0,4.29931,19.4857,3.18895,4.29931
2800,471961800,B_0,4.16324,17.5796,3.15168,4.16324
2801,983036414,B_0,4.03066,15.7699,3.11445,4.03066
2802,27955297,B_0,3.90294,14.0579,3.07751,3.90294
2803,161407635,B_0,3.7804,12.443,3.04103,3.7804
2804,319272511,B_0,3.66318,10.9287,3.00534,3.66318
2805,636293162,B_0,3.55177,9.50145,2.97011,3.55177
2806,644592795,B_0,3.44518,8.58208,2.95234,3.44518
2807,201227673,B_0,3.38144,8.05147,2.94828,3.38144
2808,7745911,B_0,3.35085,8.22255,2.97122,3.35085
2809,768905007,B_0,3.38235,8.896,3.01461,3.38235
2810,316645331,B_0,3.45941,8.42153,3.01342,3.45941
2811,278161494,B_0,3.4345,6.89289,2.96912,3.4345
2812,946614585,B_0,3.31376,5.49485,2.92698,3.31376
2813,838978782,B_0,3.20172,4.24562,2.888,3.20172
2814,135908556,B_0,3.10028,6.20673,2.85092,0.0
2815,698557748,B_0,3.16126,5.02619,2.81612,3.16126
2816,478528583,B_0,3.06743,3.73922,2.77469,3.06743
2817,498374672,B_0,2.96165,2.56479,2.73519,2.96165
2818,270749975,B_0,2.56479,1.44024,2.68339,2.56479
2819,977034079,B_0,1.44024,1.53362,2.6374,1.44024
2820,667562872,B_0,1.53362,1.66728,2.5986,1.53362
2821,454587191,B_0,1.66728,1.31283,2.54717,1.66728
2822,581661519,B_0,1.31283,1.44169,2.50295,1.31283
2823,53430717,B_0,1.44169,1.55267,2.46494,1.44169
2824,207329503,B_0,1.55267,1.62796,2.43146,1.55267
2825,525199877,B_0,1.62796,1.69775,2.40211,1.62796
2826,886158052,B_0,1.69775,1.37617,2.36107,1.69775
2827,655816188,B_0,1.37617,1.50024,2.32664,1.37617
2828,25852679,B_0,1.50024,3.10556,2.29779,0.0
2829,645149947,B_0,2.45306,2.754,2.28993,2.45306
2830,402359776,B_0,2.42763,3.22933,2.31446,2.42763
2831,433494565,B_0,2.47592,2.78595,2.30318,2.47592
2832,322058249,B_0,2.44248,2.85357,2.31146,2.44248
2833,248616679,B_0,2.45413,3.55437,2.34519,2.45413
2834,408577113,B_0,2.52291,3.17778,2.33724,2.52291
2835,596542724,B_0,2.49613,2.76954,2.32727,2.49613
2836,548179733,B_0,2.46574,2.36368,2.31657,2.46574
2837,341539899,B_0,2.36368,2.03346,2.30525,2.36368
2838,199918756,B_0,2.03346,2.01237,2.29353,2.03346
2839,606068788,B_0,2.01237,4.00925,2.28166,0.0
2840,449230685,B_0,2.48213,6.3897,2.28562,0.0
2841,833547058,B_0,2.6051,6.46405,2.30137,2.6051
2842,40008256,B_0,2.62457,6.75962,2.32612,2.62457
2843,205561257,B_0,2.6641,7.21346,2.35779,2.6641
2844,185319535,B_0,2.71847,7.64924,2.38965,2.71847
2845,449355393,B_0,2.77211,8.15629,2.42523,2.77211
2846,888868926,B_0,2.83305,9.09233,2.47899,2.83305
2847,747052588,B_0,2.9336,8.34892,2.46743,2.9336
2848,653997460,B_0,2.88488,8.74491,2.49997,2.88488
2849,699529084,B_0,2.93722,9.96417,2.56623,2.93722
2850,153328393,B_0,3.06444,11.7515,2.65765,3.06444
2851,877584883,B_0,3.24523,13.9208,2.76793,3.24523
2852,259031054,B_0,3.46397,14.9471,2.83682,3.46397
2853,56354105,B_0,3.58417,15.6198,2.89362,3.58417
2854,532590313,B_0,3.67461,16.0287,2.94122,3.67461
2855,481187304,B_0,3.74266,16.6294,2.9973,3.74266
2856,231231164,B_0,3.82877,17.4071,3.06167,3.82877
2857,446278311,B_0,3.93203,17.5404,3.10182,3.93203
2858,158934485,B_0,3.97884,17.9407,3.15291,3.97884
2859,736482738,B_0,4.04994,18.9041,3.22733,4.04994
2860,91058643,B_0,4.17253,20.2564,3.31923,4.17253
2861,854708425,B_0,4.33205,21.8503,3.4235,4.33205
2862,379981935,B_0,4.51601,23.5508,3.53522,4.51601
2863,773821514,B_0,4.71276,24.4826,3.61959,4.71276
2864,73719164,B_0,4.84372,30.0477,3.69741,0.0
2865,158755240,B_0,5.1998,30.4432,3.77333,5.1998
2866,545479995,B_0,5.29549,28.581,3.75973,5.29549
2867,490212280,B_0,5.18878,26.6791,3.74081,5.18878
2868,429665098,B_0,5.07477,25.2985,3.73894,5.07477
2869,123632094,B_0,5.00387,23.974,3.73656,5.00387
2870,965185502,B_0,4.93527,23.0835,3.74889,4.93527
2871,718059281,B_0,4.90306,22.6163,3.77637,4.90306
2872,870994819,B_0,4.90718,22.4705,3.81577,4.90718
2873,722059726,B_0,4.93929,20.7136,3.79044,4.93929
2874,415514428,B_0,4.82611,19.853,3.79744,4.82611
2875,229066441,B_0,4.79009,19.745,3.83282,4.79009
2876,379742933,B_0,4.82007,16.7964,3.75437,4.82007
2877,947349482,B_0,4.59419,15.2008,3.72414,4.59419
2878,816853138,B_0,4.48418,19.2335,3.73648,0.0
2879,28354282,B_0,4.69816,19.0131,3.76613,4.69816
2880,247458270,B_0,4.71679,19.3964,3.81949,4.71679
2881,225612927,B_0,4.78931,20.3333,3.89576,4.78931
2882,788461703,B_0,4.91243,20.055,3.92529,4.91243
2883,489553842,B_0,4.92804,19.5997,3.94719,4.92804
2884,973287647,B_0,4.92718,19.0422,3.96409,4.92718
2885,385046621,B_0,4.9162,18.4393,3.97806,4.9162
2886,73238006,B_0,4.90002,17.8074,3.98966,4.90002
2887,438256853,B_0,4.88003,16.9023,3.98907,4.88003
2888,401355160,B_0,4.83419,16.0521,3.98887,4.83419
2889,719284211,B_0,4.79147,15.6635,4.00543,4.79147
2890,700934317,B_0,4.78861,15.6117,4.03469,4.78861
2891,679346071,B_0,4.81527,16.1162,4.08609,4.81527
2892,988084689,B_0,4.8919,16.9246,4.15066,4.8919
2893,602830624,B_0,4.99689,17.9793,4.22669,4.99689
2894,735960882,B_0,5.12566,19.2487,4.31343,5.12566
2895,968059650,B_0,5.27587,18.8001,4.33398,5.27587
2896,221331116,B_0,5.27399,24.379,4.38378,0.0
2897,394112404,B_0,5.60273,25.0865,4.46084,5.60273
2898,969257929,B_0,5.71516,25.9908,4.5078,4.73064
2899,310273271,B_0,5.80734,30.2172,4.55401,1.43656
2900,420578965,B_0,6.06487,28.5662,4.5484,6.06487
2901,960891295,B_0,5.97671,26.2034,4.51102,5.97671
2902,529375478,B_0,5.8212,24.0604,4.47771,5.8212
2903,934688904,B_0,5.68073,22.1037,4.44756,5.68073
2904,292600315,B_0,5.55275,20.3123,4.42011,5.55275
2905,805224292,B_0,5.43573,23.5181,4.39502,0.586998
2906,245363832,B_0,5.57093,21.7672,4.37202,5.57093
2907,271199428,B_0,5.46038,20.5408,4.3665,5.46038
2908,760783059,B_0,5.39354,24.7753,4.37472,0.337589
2909,433487200,B_0,5.61349,24.3788,4.40842,5.61349
2910,881209567,B_0,5.62736,24.4993,4.46199,5.62736
2911,376700836,B_0,5.68695,24.9563,4.52927,5.68695
2912,819320141,B_0,5.77708,25.6022,4.60502,5.77708
2913,675015086,B_0,5.88513,26.4203,4.68894,5.88513
2914,211702709,B_0,6.00996,26.193,4.7327,6.00996
2915,524453929,B_0,6.04235,25.932,4.77464,6.04235
2916,586678260,B_0,6.07124,23.9785,4.74836,6.07124
2917,277671207,B_0,5.94729,20.9519,4.67526,5.94729
2918,115281167,B_0,5.72286,18.4932,4.61881,5.72286
2919,719221794,B_0,5.54348,16.7311,4.58532,5.54348
2920,536707994,B_0,5.42188,15.5065,4.5698,5.42188
2921,162065029,B_0,5.34512,14.1697,4.51257,4.47604
2922,275317924,B_0,5.22105,16.3567,4.46025,1.01741
2923,40919319,B_0,5.27808,14.431,4.41593,5.27808
2924,24228447,B_0,5.13748,11.9778,4.34666,5.13748
2925,93860375,B_0,4.94555,14.4503,4.2717,0.0
2926,133707951,B_0,4.99421,12.1444,4.20836,4.99421
2927,617301415,B_0,4.81558,10.2711,4.15772,4.81558
2928,423212217,B_0,4.67127,9.95171,4.11703,3.45996
2929,104453443,B_0,4.61462,8.18887,4.06642,4.61462
2930,244355074,B_0,4.47587,6.71753,4.02395,4.47587
2931,614191820,B_0,4.35982,5.52127,3.98953,4.35982
2932,627405988,B_0,4.2656,4.54633,3.96158,4.2656
2933,270177148,B_0,4.18889,6.58792,3.93925,1.36176
2934,840575499,B_0,4.26864,5.80258,3.92101,4.26864
2935,884320514,B_0,4.21114,5.53482,3.92191,4.21114
2936,895198730,B_0,4.19865,5.64424,3.93735,4.19865
2937,979466011,B_0,4.21956,6.00892,3.96323,4.21956
2938,267814066,B_0,4.26367,10.554,3.99738,0.272021
2939,279895214,B_0,4.52508,11.029,4.03749,4.52508
2940,622112160,B_0,4.58894,11.5985,4.08233,4.58894
2941,53044638,B_0,4.66225,11.8248,4.11458,4.66225
2942,668788588,B_0,4.70582,13.4506,4.15015,3.37815
2943,757048523,B_0,4.82268,13.2718,4.1699,4.82268
2944,374334004,B_0,4.83349,12.9546,4.18376,4.83349
2945,410575916,B_0,4.83148,10.5621,4.11397,4.83148
2946,983220774,B_0,4.64208,8.96497,4.07121,4.64208
2947,762808376,B_0,4.51945,7.99665,4.0504,4.51945
2948,863443772,B_0,4.45023,5.69274,3.97424,4.45023
2949,860781880,B_0,4.25888,3.52496,3.89891,4.25888
2950,692939335,B_0,3.52496,2.05878,3.82531,3.52496
2951,433839800,B_0,2.05878,4.08624,3.75339,0.0
2952,310666508,B_0,3.95771,1.96425,3.67669,3.95771
2953,731580165,B_0,1.96425,2.20277,3.61773,1.96425
2954,920248165,B_0,2.20277,1.82118,3.54587,2.20277
2955,259523902,B_0,1.82118,2.22534,3.49305,1.82118
2956,328492099,B_0,2.22534,1.48759,3.41283,2.22534
2957,77786129,B_0,1.48759,1.93215,3.3536,1.48759
2958,257347535,B_0,1.93215,2.29398,3.31122,1.93215
2959,546941879,B_0,2.29398,2.58679,3.28224,2.29398
2960,918320607,B_0,2.58679,2.81502,3.26355,2.58679
2961,878648869,B_0,2.81502,3.0038,3.25316,2.81502
2962,219022161,B_0,3.0038,3.14849,3.24897,3.0038
2963,866307528,B_0,3.14849,3.27557,3.25004,3.14849
2964,642745028,B_0,3.27557,2.60773,3.22435,3.27557
2965,479300300,B_0,2.60773,2.91636,3.20804,2.50813
2966,851844677,B_0,2.91636,2.99193,3.1994,2.91636
2967,616002780,B_0,2.99193,3.13918,3.19699,2.99193
2968,357271041,B_0,3.13918,3.56774,3.21182,3.13918
2969,664200734,B_0,3.39021,4.01698,3.23692,3.39021
2970,701574513,B_0,3.43777,4.66865,3.27103,3.43777
2971,828154128,B_0,3.50446,5.46691,3.31229,3.50446
2972,53517897,B_0,3.58564,6.40946,3.36093,3.58564
2973,793029058,B_0,3.6814,7.44329,3.4151,3.6814
2974,114821223,B_0,3.78727,8.51762,3.47296,3.78727
2975,397448786,B_0,3.89884,9.59847,3.53323,3.89884
2976,315898230,B_0,4.01315,10.6675,3.59519,4.01315
2977,754633532,B_0,4.12856,9.58615,3.57327,4.12856
2978,602445815,B_0,4.05258,9.4158,3.58563,4.05258
2979,683954668,B_0,4.05642,9.82666,3.62089,4.05642
2980,387588546,B_0,4.11223,9.10259,3.60123,3.85348
2981,947328467,B_0,4.05636,7.91432,3.57191,4.05636
2982,258912068,B_0,3.96762,6.6084,3.5355,3.96762
2983,725353704,B_0,3.86592,5.23401,3.49374,3.86592
2984,75483852,B_0,3.75544,3.84104,3.44849,3.75544
2985,724784340,B_0,3.64054,2.46403,3.40109,3.64054
2986,427995623,B_0,2.46403,2.25592,3.35529,2.46403
2987,492361474,B_0,2.25592,2.51475,3.32166,2.25592
2988,449650109,B_0,2.51475,2.72624,3.29785,2.51475
2989,68095476,B_0,2.72624,2.88971,3.28152,2.72624
2990,468916868,B_0,2.88971,3.032,3.27154,2.88971
2991,139187357,B_0,3.032,3.13436,3.26605,3.032
2992,838980946,B_0,3.13436,3.22614,3.26446,3.13436
2993,694381608,B_0,3.22614,3.29789,3.26579,3.22614
2994,425725171,B_0,3.29789,1.77322,3.20609,3.29789
2995,688328976,B_0,1.77322,2.84113,3.19149,1.77322
2996,889045324,B_0,2.84113,2.72062,3.17266,2.84113
2997,235525832,B_0,2.72062,3.59885,3.18971,2.72062
2998,151155738,B_0,3.36965,4.52328,3.23388,3.36965
2999,789130996,B_0,3.46004,5.78504,3.2934,3.46004
3000,192092486,B_0,3.58265,7.27135,3.36442,3.58265
