runid,step_no,capital
uHvWwqUZZbWa66I,1,2098.09903717041
uHvWwqUZZbWa66I,2,2448.2087230682373
uHvWwqUZZbWa66I,3,3348.511707305908
uHvWwqUZZbWa66I,4,4308.06395149231
uHvWwqUZZbWa66I,5,5265.291300773621
uHvWwqUZZbWa66I,6,6217.113595962524
uHvWwqUZZbWa66I,7,7006.183966636658
uHvWwqUZZbWa66I,8,7834.24825668335
uHvWwqUZZbWa66I,9,8535.132464408875
uHvWwqUZZbWa66I,10,9801.20443725586
uHvWwqUZZbWa66I,11,11229.447625160217
uHvWwqUZZbWa66I,12,12027.70426940918
uHvWwqUZZbWa66I,13,13158.209434509277
uHvWwqUZZbWa66I,14,13923.85228729248
uHvWwqUZZbWa66I,15,14632.573936462402
uHvWwqUZZbWa66I,16,15019.174026489258
uHvWwqUZZbWa66I,17,15402.827163696289
uHvWwqUZZbWa66I,18,15583.892808914185
uHvWwqUZZbWa66I,19,15783.941687583923
uHvWwqUZZbWa66I,20,15919.302231788635
uHvWwqUZZbWa66I,21,16066.931827545166
uHvWwqUZZbWa66I,22,16086.857646942139
uHvWwqUZZbWa66I,23,16103.271900177002
uHvWwqUZZbWa66I,24,16127.297843933105
uHvWwqUZZbWa66I,25,16125.659637451172
uHvWwqUZZbWa66I,26,16113.53345298767
uHvWwqUZZbWa66I,27,16106.222299575806
uHvWwqUZZbWa66I,28,16095.797246932983
uHvWwqUZZbWa66I,29,16115.093053817749
uHvWwqUZZbWa66I,30,16099.720846176147
uHvWwqUZZbWa66I,31,16057.596635818481
uHvWwqUZZbWa66I,32,16091.092561721802
uHvWwqUZZbWa66I,33,16076.508394241333
uHvWwqUZZbWa66I,34,16011.32148361206
uHvWwqUZZbWa66I,35,15973.383708953857
uHvWwqUZZbWa66I,36,15940.931762695312
uHvWwqUZZbWa66I,37,15903.240093231201
uHvWwqUZZbWa66I,38,15839.171543121338
uHvWwqUZZbWa66I,39,15793.396035194397
uHvWwqUZZbWa66I,40,15740.74863243103
uHvWwqUZZbWa66I,41,15690.323490142822
uHvWwqUZZbWa66I,42,15615.070833206177
uHvWwqUZZbWa66I,43,15546.135265350342
uHvWwqUZZbWa66I,44,15522.194009780884
uHvWwqUZZbWa66I,45,15466.112808227539
uHvWwqUZZbWa66I,46,15398.366222381592
uHvWwqUZZbWa66I,47,15347.521740913391
uHvWwqUZZbWa66I,48,15290.391426086426
uHvWwqUZZbWa66I,49,15232.149536132812
uHvWwqUZZbWa66I,50,15166.750926971436
uHvWwqUZZbWa66I,51,15129.875192642212
uHvWwqUZZbWa66I,52,15077.517627716064
uHvWwqUZZbWa66I,53,15016.95272064209
uHvWwqUZZbWa66I,54,14961.415752410889
uHvWwqUZZbWa66I,55,14887.610614776611
uHvWwqUZZbWa66I,56,14812.891498565674
uHvWwqUZZbWa66I,57,14767.911939620972
uHvWwqUZZbWa66I,58,14706.773546218872
uHvWwqUZZbWa66I,59,14645.149629592896
uHvWwqUZZbWa66I,60,14591.616613388062
uHvWwqUZZbWa66I,61,14507.175476074219
uHvWwqUZZbWa66I,62,14437.918943405151
uHvWwqUZZbWa66I,63,14355.833318710327
uHvWwqUZZbWa66I,64,14304.346092224121
uHvWwqUZZbWa66I,65,14221.585403442383
uHvWwqUZZbWa66I,66,14156.600383758545
uHvWwqUZZbWa66I,67,14066.850799560547
uHvWwqUZZbWa66I,68,14021.657653808594
uHvWwqUZZbWa66I,69,13938.782405853271
uHvWwqUZZbWa66I,70,13897.71615600586
uHvWwqUZZbWa66I,71,13808.226703643799
uHvWwqUZZbWa66I,72,13766.318347930908
uHvWwqUZZbWa66I,73,13676.288318634033
uHvWwqUZZbWa66I,74,13634.997058868408
uHvWwqUZZbWa66I,75,13544.967041015625
uHvWwqUZZbWa66I,76,13516.01000213623
uHvWwqUZZbWa66I,77,13435.279247283936
uHvWwqUZZbWa66I,78,13402.336296081543
uHvWwqUZZbWa66I,79,13323.202522277832
uHvWwqUZZbWa66I,80,13302.085496902466
uHvWwqUZZbWa66I,81,13223.260593414307
uHvWwqUZZbWa66I,82,13193.921245574951
uHvWwqUZZbWa66I,83,13103.891216278076
uHvWwqUZZbWa66I,84,13075.302600860596
uHvWwqUZZbWa66I,85,12985.242567062378
uHvWwqUZZbWa66I,86,12957.614917755127
uHvWwqUZZbWa66I,87,12867.524826049805
uHvWwqUZZbWa66I,88,12844.31591796875
uHvWwqUZZbWa66I,89,12759.91622543335
uHvWwqUZZbWa66I,90,12733.069385528564
uHvWwqUZZbWa66I,91,12646.552841186523
uHvWwqUZZbWa66I,92,12620.666980743408
uHvWwqUZZbWa66I,93,12535.952198028564
uHvWwqUZZbWa66I,94,12511.267562866211
uHvWwqUZZbWa66I,95,12433.760078430176
uHvWwqUZZbWa66I,96,12409.375667572021
uHvWwqUZZbWa66I,97,12340.456756591797
uHvWwqUZZbWa66I,98,12318.3846950531
uHvWwqUZZbWa66I,99,12255.98232460022
uHvWwqUZZbWa66I,100,12236.252569198608
uHvWwqUZZbWa66I,101,12181.357627868652
uHvWwqUZZbWa66I,102,12164.600933074951
uHvWwqUZZbWa66I,103,12119.105386734009
uHvWwqUZZbWa66I,104,12103.940229415894
uHvWwqUZZbWa66I,105,12063.42972946167
uHvWwqUZZbWa66I,106,12051.41771697998
uHvWwqUZZbWa66I,107,12016.763059616089
uHvWwqUZZbWa66I,108,12006.612894058228
uHvWwqUZZbWa66I,109,11977.303590774536
uHvWwqUZZbWa66I,110,11968.654975891113
uHvWwqUZZbWa66I,111,11945.86215019226
uHvWwqUZZbWa66I,112,11938.594861984253
uHvWwqUZZbWa66I,113,11921.447750091553
uHvWwqUZZbWa66I,114,11916.252559661865
uHvWwqUZZbWa66I,115,11902.91923713684
uHvWwqUZZbWa66I,116,11899.015316009521
uHvWwqUZZbWa66I,117,11889.405742645264
uHvWwqUZZbWa66I,118,11886.492818832397
uHvWwqUZZbWa66I,119,11880.156429290771
uHvWwqUZZbWa66I,120,11878.054317474365
uHvWwqUZZbWa66I,121,11874.330596923828
uHvWwqUZZbWa66I,122,11873.249526977539
uHvWwqUZZbWa66I,123,11871.748022079468
uHvWwqUZZbWa66I,124,11871.267541885376
uHvWwqUZZbWa66I,125,11870.51679801941
uHvWwqUZZbWa66I,126,11870.246515274048
uHvWwqUZZbWa66I,127,11869.976247787476
uHvWwqUZZbWa66I,128,11869.705976486206
uHvWwqUZZbWa66I,129,11869.525800704956
uHvWwqUZZbWa66I,130,11869.285566329956
uHvWwqUZZbWa66I,131,11869.165437698364
uHvWwqUZZbWa66I,132,11869.04531288147
uHvWwqUZZbWa66I,133,11868.865133285522
uHvWwqUZZbWa66I,134,11868.714971542358
uHvWwqUZZbWa66I,135,11868.624883651733
uHvWwqUZZbWa66I,136,11868.414678573608
uHvWwqUZZbWa66I,137,11868.204473495483
uHvWwqUZZbWa66I,138,11868.054327011108
uHvWwqUZZbWa66I,139,11867.874151229858
uHvWwqUZZbWa66I,140,11867.633913040161
uHvWwqUZZbWa66I,141,11867.333600997925
uHvWwqUZZbWa66I,142,11867.273542404175
uHvWwqUZZbWa66I,143,11867.2435131073
uHvWwqUZZbWa66I,144,11867.093355178833
uHvWwqUZZbWa66I,145,11867.003267288208
uHvWwqUZZbWa66I,146,11866.943193435669
uHvWwqUZZbWa66I,147,11866.853105545044
uHvWwqUZZbWa66I,148,11866.642900466919
uHvWwqUZZbWa66I,149,11866.582841873169
uHvWwqUZZbWa66I,150,11866.462724685669
uHvWwqUZZbWa66I,151,11866.342603683472
uHvWwqUZZbWa66I,152,11866.222486495972
uHvWwqUZZbWa66I,153,11866.0723361969
uHvWwqUZZbWa66I,154,11865.9522190094
uHvWwqUZZbWa66I,155,11865.802072525024
uHvWwqUZZbWa66I,156,11865.621896743774
uHvWwqUZZbWa66I,157,11865.441717147827
uHvWwqUZZbWa66I,158,11865.201471328735
uHvWwqUZZbWa66I,159,11864.991254806519
uHvWwqUZZbWa66I,160,11864.781049728394
uHvWwqUZZbWa66I,161,11864.600862503052
uHvWwqUZZbWa66I,162,11864.420682907104
uHvWwqUZZbWa66I,163,11864.240503311157
uHvWwqUZZbWa66I,164,11864.030298233032
uHvWwqUZZbWa66I,165,11863.760026931763
uHvWwqUZZbWa66I,166,11863.579851150513
uHvWwqUZZbWa66I,167,11863.36964225769
uHvWwqUZZbWa66I,168,11863.21948814392
uHvWwqUZZbWa66I,169,11862.979249954224
uHvWwqUZZbWa66I,170,11862.739004135132
uHvWwqUZZbWa66I,171,11862.528787612915
uHvWwqUZZbWa66I,172,11862.31858253479
uHvWwqUZZbWa66I,173,11862.138402938843
uHvWwqUZZbWa66I,174,11861.92819404602
uHvWwqUZZbWa66I,175,11861.717985153198
uHvWwqUZZbWa66I,176,11861.477743148804
uHvWwqUZZbWa66I,177,11861.237504959106
uHvWwqUZZbWa66I,178,11860.99726676941
uHvWwqUZZbWa66I,179,11860.787057876587
uHvWwqUZZbWa66I,180,11860.546815872192
uHvWwqUZZbWa66I,181,11860.306573867798
uHvWwqUZZbWa66I,182,11860.036302566528
uHvWwqUZZbWa66I,183,11859.766038894653
uHvWwqUZZbWa66I,184,11859.495775222778
uHvWwqUZZbWa66I,185,11859.225503921509
uHvWwqUZZbWa66I,186,11858.985250473022
uHvWwqUZZbWa66I,187,11858.684949874878
uHvWwqUZZbWa66I,188,11858.384656906128
uHvWwqUZZbWa66I,189,11858.114393234253
uHvWwqUZZbWa66I,190,11857.814096450806
uHvWwqUZZbWa66I,191,11857.543809890747
uHvWwqUZZbWa66I,192,11857.27353477478
uHvWwqUZZbWa66I,193,11857.033296585083
uHvWwqUZZbWa66I,194,11856.763032913208
uHvWwqUZZbWa66I,195,11856.462739944458
uHvWwqUZZbWa66I,196,11856.162435531616
uHvWwqUZZbWa66I,197,11855.862127304077
uHvWwqUZZbWa66I,198,11855.56183052063
uHvWwqUZZbWa66I,199,11855.291563034058
uHvWwqUZZbWa66I,200,11854.991270065308
uHvWwqUZZbWa66I,201,11854.690969467163
uHvWwqUZZbWa66I,202,11854.390649795532
uHvWwqUZZbWa66I,203,11854.090356826782
uHvWwqUZZbWa66I,204,11853.820085525513
uHvWwqUZZbWa66I,205,11853.549821853638
uHvWwqUZZbWa66I,206,11853.24952507019
uHvWwqUZZbWa66I,207,11852.949220657349
uHvWwqUZZbWa66I,208,11852.648916244507
uHvWwqUZZbWa66I,209,11852.378644943237
uHvWwqUZZbWa66I,210,11852.108381271362
uHvWwqUZZbWa66I,211,11851.808088302612
uHvWwqUZZbWa66I,212,11851.567846298218
uHvWwqUZZbWa66I,213,11851.267538070679
uHvWwqUZZbWa66I,214,11850.967233657837
uHvWwqUZZbWa66I,215,11850.66693687439
uHvWwqUZZbWa66I,216,11850.396673202515
uHvWwqUZZbWa66I,217,11850.09637260437
uHvWwqUZZbWa66I,218,11849.796060562134
uHvWwqUZZbWa66I,219,11849.525793075562
uHvWwqUZZbWa66I,220,11849.225496292114
uHvWwqUZZbWa66I,221,11848.925199508667
uHvWwqUZZbWa66I,222,11848.654928207397
uHvWwqUZZbWa66I,223,11848.354627609253
uHvWwqUZZbWa66I,224,11848.084348678589
uHvWwqUZZbWa66I,225,11847.814081192017
uHvWwqUZZbWa66I,226,11847.51378440857
uHvWwqUZZbWa66I,227,11847.213487625122
uHvWwqUZZbWa66I,228,11846.913187026978
uHvWwqUZZbWa66I,229,11846.612878799438
uHvWwqUZZbWa66I,230,11846.312578201294
uHvWwqUZZbWa66I,231,11846.012285232544
uHvWwqUZZbWa66I,232,11845.742013931274
uHvWwqUZZbWa66I,233,11845.441717147827
uHvWwqUZZbWa66I,234,11845.141408920288
uHvWwqUZZbWa66I,235,11844.841104507446
uHvWwqUZZbWa66I,236,11844.540811538696
uHvWwqUZZbWa66I,237,11844.240514755249
uHvWwqUZZbWa66I,238,11843.940217971802
uHvWwqUZZbWa66I,239,11843.639909744263
uHvWwqUZZbWa66I,240,11843.33960533142
uHvWwqUZZbWa66I,241,11843.039308547974
uHvWwqUZZbWa66I,242,11842.739011764526
uHvWwqUZZbWa66I,243,11842.43871498108
uHvWwqUZZbWa66I,244,11842.138418197632
uHvWwqUZZbWa66I,245,11841.838102340698
uHvWwqUZZbWa66I,246,11841.537805557251
uHvWwqUZZbWa66I,247,11841.267538070679
uHvWwqUZZbWa66I,248,11840.967241287231
uHvWwqUZZbWa66I,249,11840.666944503784
uHvWwqUZZbWa66I,250,11840.396661758423
uHvWwqUZZbWa66I,251,11840.126390457153
uHvWwqUZZbWa66I,252,11839.856122970581
uHvWwqUZZbWa66I,253,11839.585855484009
uHvWwqUZZbWa66I,254,11839.285558700562
uHvWwqUZZbWa66I,255,11838.985261917114
uHvWwqUZZbWa66I,256,11838.684957504272
uHvWwqUZZbWa66I,257,11838.38465309143
uHvWwqUZZbWa66I,258,11838.084352493286
uHvWwqUZZbWa66I,259,11837.784055709839
uHvWwqUZZbWa66I,260,11837.513780593872
uHvWwqUZZbWa66I,261,11837.213479995728
uHvWwqUZZbWa66I,262,11836.913179397583
uHvWwqUZZbWa66I,263,11836.612886428833
uHvWwqUZZbWa66I,264,11836.342615127563
uHvWwqUZZbWa66I,265,11836.042314529419
uHvWwqUZZbWa66I,266,11835.742021560669
uHvWwqUZZbWa66I,267,11835.4717502594
uHvWwqUZZbWa66I,268,11835.201475143433
uHvWwqUZZbWa66I,269,11834.90117073059
uHvWwqUZZbWa66I,270,11834.600866317749
uHvWwqUZZbWa66I,271,11834.300569534302
uHvWwqUZZbWa66I,272,11834.000268936157
uHvWwqUZZbWa66I,273,11833.730001449585
uHvWwqUZZbWa66I,274,11833.429697036743
uHvWwqUZZbWa66I,275,11833.129404067993
uHvWwqUZZbWa66I,276,11832.85913658142
uHvWwqUZZbWa66I,277,11832.588865280151
uHvWwqUZZbWa66I,278,11832.318586349487
uHvWwqUZZbWa66I,279,11832.018285751343
uHvWwqUZZbWa66I,280,11831.717988967896
uHvWwqUZZbWa66I,281,11831.417684555054
uHvWwqUZZbWa66I,282,11831.11738395691
uHvWwqUZZbWa66I,283,11830.817083358765
uHvWwqUZZbWa66I,284,11830.516790390015
uHvWwqUZZbWa66I,285,11830.246515274048
uHvWwqUZZbWa66I,286,11829.9462184906
uHvWwqUZZbWa66I,287,11829.645921707153
uHvWwqUZZbWa66I,288,11829.345617294312
uHvWwqUZZbWa66I,289,11829.045316696167
uHvWwqUZZbWa66I,290,11828.745016098022
uHvWwqUZZbWa66I,291,11828.444707870483
uHvWwqUZZbWa66I,292,11828.204473495483
uHvWwqUZZbWa66I,293,11827.934202194214
uHvWwqUZZbWa66I,294,11827.663934707642
uHvWwqUZZbWa66I,295,11827.363634109497
uHvWwqUZZbWa66I,296,11827.06333732605
uHvWwqUZZbWa66I,297,11826.763040542603
uHvWwqUZZbWa66I,298,11826.46273612976
uHvWwqUZZbWa66I,299,11826.162439346313
uHvWwqUZZbWa66I,300,11825.862131118774
uHvWwqUZZbWa66I,301,11825.561834335327
uHvWwqUZZbWa66I,302,11825.261529922485
uHvWwqUZZbWa66I,303,11824.961225509644
uHvWwqUZZbWa66I,304,11824.660928726196
uHvWwqUZZbWa66I,305,11824.390657424927
uHvWwqUZZbWa66I,306,11824.120389938354
uHvWwqUZZbWa66I,307,11823.850122451782
uHvWwqUZZbWa66I,308,11823.579847335815
uHvWwqUZZbWa66I,309,11823.279554367065
uHvWwqUZZbWa66I,310,11823.039308547974
uHvWwqUZZbWa66I,311,11822.73900794983
uHvWwqUZZbWa66I,312,11822.438707351685
uHvWwqUZZbWa66I,313,11822.13840675354
uHvWwqUZZbWa66I,314,11821.838109970093
uHvWwqUZZbWa66I,315,11821.537805557251
uHvWwqUZZbWa66I,316,11821.267538070679
uHvWwqUZZbWa66I,317,11821.027303695679
uHvWwqUZZbWa66I,318,11820.787065505981
uHvWwqUZZbWa66I,319,11820.516794204712
uHvWwqUZZbWa66I,320,11820.216485977173
uHvWwqUZZbWa66I,321,11819.916181564331
uHvWwqUZZbWa66I,322,11819.645917892456
uHvWwqUZZbWa66I,323,11819.375646591187
uHvWwqUZZbWa66I,324,11819.075345993042
uHvWwqUZZbWa66I,325,11818.805074691772
uHvWwqUZZbWa66I,326,11818.534803390503
uHvWwqUZZbWa66I,327,11818.32459449768
uHvWwqUZZbWa66I,328,11818.054323196411
uHvWwqUZZbWa66I,329,11817.814081192017
uHvWwqUZZbWa66I,330,11817.543813705444
uHvWwqUZZbWa66I,331,11817.273546218872
uHvWwqUZZbWa66I,332,11817.0032787323
uHvWwqUZZbWa66I,333,11816.733003616333
uHvWwqUZZbWa66I,334,11816.492757797241
uHvWwqUZZbWa66I,335,11816.252519607544
uHvWwqUZZbWa66I,336,11815.982244491577
uHvWwqUZZbWa66I,337,11815.711980819702
uHvWwqUZZbWa66I,338,11815.47173500061
uHvWwqUZZbWa66I,339,11815.201471328735
uHvWwqUZZbWa66I,340,11814.901174545288
uHvWwqUZZbWa66I,341,11814.600870132446
uHvWwqUZZbWa66I,342,11814.330602645874
uHvWwqUZZbWa66I,343,11814.03030204773
uHvWwqUZZbWa66I,344,11813.729997634888
uHvWwqUZZbWa66I,345,11813.429697036743
uHvWwqUZZbWa66I,346,11813.129396438599
uHvWwqUZZbWa66I,347,11812.859132766724
uHvWwqUZZbWa66I,348,11812.588861465454
uHvWwqUZZbWa66I,349,11812.34861946106
uHvWwqUZZbWa66I,350,11812.048318862915
uHvWwqUZZbWa66I,351,11811.748022079468
uHvWwqUZZbWa66I,352,11811.44772529602
uHvWwqUZZbWa66I,353,11811.177450180054
uHvWwqUZZbWa66I,354,11810.87714958191
uHvWwqUZZbWa66I,355,11810.606874465942
uHvWwqUZZbWa66I,356,11810.306573867798
uHvWwqUZZbWa66I,357,11810.00627708435
uHvWwqUZZbWa66I,358,11809.705976486206
uHvWwqUZZbWa66I,359,11809.43570137024
uHvWwqUZZbWa66I,360,11809.135404586792
uHvWwqUZZbWa66I,361,11808.865133285522
uHvWwqUZZbWa66I,362,11808.624895095825
uHvWwqUZZbWa66I,363,11808.32459449768
uHvWwqUZZbWa66I,364,11808.024297714233
uHvWwqUZZbWa66I,365,11807.723997116089
uHvWwqUZZbWa66I,366,11807.453722000122
uHvWwqUZZbWa66I,367,11807.183450698853
uHvWwqUZZbWa66I,368,11806.883150100708
uHvWwqUZZbWa66I,369,11806.58285331726
uHvWwqUZZbWa66I,370,11806.282552719116
uHvWwqUZZbWa66I,371,11805.982252120972
uHvWwqUZZbWa66I,372,11805.711980819702
uHvWwqUZZbWa66I,373,11805.471746444702
uHvWwqUZZbWa66I,374,11805.171449661255
uHvWwqUZZbWa66I,375,11804.901178359985
uHvWwqUZZbWa66I,376,11804.630907058716
uHvWwqUZZbWa66I,377,11804.330598831177
uHvWwqUZZbWa66I,378,11804.030298233032
uHvWwqUZZbWa66I,379,11803.790060043335
uHvWwqUZZbWa66I,380,11803.609880447388
uHvWwqUZZbWa66I,381,11803.429704666138
uHvWwqUZZbWa66I,382,11803.15942955017
uHvWwqUZZbWa66I,383,11802.919187545776
uHvWwqUZZbWa66I,384,11802.73900794983
uHvWwqUZZbWa66I,385,11802.498765945435
uHvWwqUZZbWa66I,386,11802.22850227356
uHvWwqUZZbWa66I,387,11801.92820930481
uHvWwqUZZbWa66I,388,11801.627897262573
uHvWwqUZZbWa66I,389,11801.447710037231
uHvWwqUZZbWa66I,390,11801.23750114441
uHvWwqUZZbWa66I,391,11800.96722984314
uHvWwqUZZbWa66I,392,11800.696966171265
uHvWwqUZZbWa66I,393,11800.426698684692
uHvWwqUZZbWa66I,394,11800.15643119812
uHvWwqUZZbWa66I,395,11799.916189193726
uHvWwqUZZbWa66I,396,11799.645921707153
uHvWwqUZZbWa66I,397,11799.405679702759
uHvWwqUZZbWa66I,398,11799.165437698364
uHvWwqUZZbWa66I,399,11798.895170211792
uHvWwqUZZbWa66I,400,11798.594858169556
uHvWwqUZZbWa66I,401,11798.324590682983
uHvWwqUZZbWa66I,402,11798.054323196411
uHvWwqUZZbWa66I,403,11797.814088821411
uHvWwqUZZbWa66I,404,11797.543821334839
uHvWwqUZZbWa66I,405,11797.273546218872
uHvWwqUZZbWa66I,406,11797.003274917603
uHvWwqUZZbWa66I,407,11796.73300743103
uHvWwqUZZbWa66I,408,11796.432710647583
uHvWwqUZZbWa66I,409,11796.162431716919
uHvWwqUZZbWa66I,410,11795.89216041565
uHvWwqUZZbWa66I,411,11795.591859817505
uHvWwqUZZbWa66I,412,11795.29155921936
uHvWwqUZZbWa66I,413,11794.991262435913
uHvWwqUZZbWa66I,414,11794.690965652466
uHvWwqUZZbWa66I,415,11794.420694351196
uHvWwqUZZbWa66I,416,11794.120389938354
uHvWwqUZZbWa66I,417,11793.82008934021
uHvWwqUZZbWa66I,418,11793.549821853638
uHvWwqUZZbWa66I,419,11793.249517440796
uHvWwqUZZbWa66I,420,11792.979249954224
uHvWwqUZZbWa66I,421,11792.708978652954
uHvWwqUZZbWa66I,422,11792.438711166382
uHvWwqUZZbWa66I,423,11792.168436050415
uHvWwqUZZbWa66I,424,11791.928201675415
uHvWwqUZZbWa66I,425,11791.68795967102
uHvWwqUZZbWa66I,426,11791.447713851929
uHvWwqUZZbWa66I,427,11791.177446365356
uHvWwqUZZbWa66I,428,11790.907178878784
uHvWwqUZZbWa66I,429,11790.60687828064
uHvWwqUZZbWa66I,430,11790.366640090942
uHvWwqUZZbWa66I,431,11790.126405715942
uHvWwqUZZbWa66I,432,11789.886163711548
uHvWwqUZZbWa66I,433,11789.675951004028
uHvWwqUZZbWa66I,434,11789.405679702759
uHvWwqUZZbWa66I,435,11789.165441513062
uHvWwqUZZbWa66I,436,11788.925203323364
uHvWwqUZZbWa66I,437,11788.68496131897
uHvWwqUZZbWa66I,438,11788.444715499878
uHvWwqUZZbWa66I,439,11788.234502792358
uHvWwqUZZbWa66I,440,11788.024293899536
uHvWwqUZZbWa66I,441,11787.784048080444
uHvWwqUZZbWa66I,442,11787.573839187622
uHvWwqUZZbWa66I,443,11787.333600997925
uHvWwqUZZbWa66I,444,11787.123392105103
uHvWwqUZZbWa66I,445,11786.85312461853
uHvWwqUZZbWa66I,446,11786.582849502563
uHvWwqUZZbWa66I,447,11786.312582015991
uHvWwqUZZbWa66I,448,11786.042318344116
uHvWwqUZZbWa66I,449,11785.77204322815
uHvWwqUZZbWa66I,450,11785.531805038452
uHvWwqUZZbWa66I,451,11785.321592330933
uHvWwqUZZbWa66I,452,11785.141416549683
uHvWwqUZZbWa66I,453,11784.87114906311
uHvWwqUZZbWa66I,454,11784.660943984985
uHvWwqUZZbWa66I,455,11784.360620498657
uHvWwqUZZbWa66I,456,11784.060319900513
uHvWwqUZZbWa66I,457,11783.760026931763
uHvWwqUZZbWa66I,458,11783.459730148315
uHvWwqUZZbWa66I,459,11783.219495773315
uHvWwqUZZbWa66I,460,11782.919191360474
uHvWwqUZZbWa66I,461,11782.61889076233
uHvWwqUZZbWa66I,462,11782.318590164185
uHvWwqUZZbWa66I,463,11782.10838508606
uHvWwqUZZbWa66I,464,11781.928201675415
uHvWwqUZZbWa66I,465,11781.717985153198
uHvWwqUZZbWa66I,466,11781.507772445679
uHvWwqUZZbWa66I,467,11781.207479476929
uHvWwqUZZbWa66I,468,11780.99726676941
uHvWwqUZZbWa66I,469,11780.72699546814
uHvWwqUZZbWa66I,470,11780.486757278442
uHvWwqUZZbWa66I,471,11780.216485977173
uHvWwqUZZbWa66I,472,11779.916189193726
uHvWwqUZZbWa66I,473,11779.615892410278
uHvWwqUZZbWa66I,474,11779.375650405884
uHvWwqUZZbWa66I,475,11779.105382919312
uHvWwqUZZbWa66I,476,11778.835107803345
uHvWwqUZZbWa66I,477,11778.564832687378
uHvWwqUZZbWa66I,478,11778.324598312378
uHvWwqUZZbWa66I,479,11778.024290084839
uHvWwqUZZbWa66I,480,11777.723993301392
uHvWwqUZZbWa66I,481,11777.453722000122
uHvWwqUZZbWa66I,482,11777.213479995728
uHvWwqUZZbWa66I,483,11777.003274917603
uHvWwqUZZbWa66I,484,11776.702978134155
uHvWwqUZZbWa66I,485,11776.432703018188
uHvWwqUZZbWa66I,486,11776.162435531616
uHvWwqUZZbWa66I,487,11775.892164230347
uHvWwqUZZbWa66I,488,11775.621885299683
uHvWwqUZZbWa66I,489,11775.321592330933
uHvWwqUZZbWa66I,490,11775.021295547485
uHvWwqUZZbWa66I,491,11774.720987319946
uHvWwqUZZbWa66I,492,11774.450723648071
uHvWwqUZZbWa66I,493,11774.15041923523
uHvWwqUZZbWa66I,494,11773.850122451782
uHvWwqUZZbWa66I,495,11773.549825668335
uHvWwqUZZbWa66I,496,11773.249517440796
uHvWwqUZZbWa66I,497,11772.97925376892
uHvWwqUZZbWa66I,498,11772.678953170776
uHvWwqUZZbWa66I,499,11772.408674240112
uHvWwqUZZbWa66I,500,11772.168439865112
uHvWwqUZZbWa66I,501,11771.898168563843
uHvWwqUZZbWa66I,502,11771.597864151001
uHvWwqUZZbWa66I,503,11771.297567367554
uHvWwqUZZbWa66I,504,11770.99726676941
uHvWwqUZZbWa66I,505,11770.75703239441
uHvWwqUZZbWa66I,506,11770.51679801941
uHvWwqUZZbWa66I,507,11770.306577682495
uHvWwqUZZbWa66I,508,11770.03631401062
uHvWwqUZZbWa66I,509,11769.796068191528
uHvWwqUZZbWa66I,510,11769.49575996399
uHvWwqUZZbWa66I,511,11769.25552558899
uHvWwqUZZbWa66I,512,11769.045305252075
uHvWwqUZZbWa66I,513,11768.805070877075
uHvWwqUZZbWa66I,514,11768.594861984253
uHvWwqUZZbWa66I,515,11768.324598312378
uHvWwqUZZbWa66I,516,11768.054330825806
uHvWwqUZZbWa66I,517,11767.844114303589
uHvWwqUZZbWa66I,518,11767.63390159607
uHvWwqUZZbWa66I,519,11767.393663406372
uHvWwqUZZbWa66I,520,11767.213487625122
uHvWwqUZZbWa66I,521,11767.063341140747
uHvWwqUZZbWa66I,522,11766.853128433228
uHvWwqUZZbWa66I,523,11766.64291191101
uHvWwqUZZbWa66I,524,11766.402669906616
uHvWwqUZZbWa66I,525,11766.192457199097
uHvWwqUZZbWa66I,526,11765.982252120972
uHvWwqUZZbWa66I,527,11765.742010116577
uHvWwqUZZbWa66I,528,11765.561834335327
uHvWwqUZZbWa66I,529,11765.35161781311
uHvWwqUZZbWa66I,530,11765.081350326538
uHvWwqUZZbWa66I,531,11764.90117073059
uHvWwqUZZbWa66I,532,11764.72099494934
uHvWwqUZZbWa66I,533,11764.570848464966
uHvWwqUZZbWa66I,534,11764.360635757446
uHvWwqUZZbWa66I,535,11764.150423049927
uHvWwqUZZbWa66I,536,11763.880151748657
uHvWwqUZZbWa66I,537,11763.639909744263
uHvWwqUZZbWa66I,538,11763.429704666138
uHvWwqUZZbWa66I,539,11763.21948814392
uHvWwqUZZbWa66I,540,11763.039304733276
uHvWwqUZZbWa66I,541,11762.79906654358
uHvWwqUZZbWa66I,542,11762.558824539185
uHvWwqUZZbWa66I,543,11762.318590164185
uHvWwqUZZbWa66I,544,11762.108381271362
uHvWwqUZZbWa66I,545,11761.838109970093
uHvWwqUZZbWa66I,546,11761.597871780396
uHvWwqUZZbWa66I,547,11761.357622146606
uHvWwqUZZbWa66I,548,11761.147417068481
uHvWwqUZZbWa66I,549,11760.967233657837
uHvWwqUZZbWa66I,550,11760.757020950317
uHvWwqUZZbWa66I,551,11760.51678276062
uHvWwqUZZbWa66I,552,11760.24651145935
uHvWwqUZZbWa66I,553,11760.00627708435
uHvWwqUZZbWa66I,554,11759.8261013031
uHvWwqUZZbWa66I,555,11759.615892410278
uHvWwqUZZbWa66I,556,11759.375650405884
uHvWwqUZZbWa66I,557,11759.075345993042
uHvWwqUZZbWa66I,558,11758.80507850647
uHvWwqUZZbWa66I,559,11758.59486579895
uHvWwqUZZbWa66I,560,11758.38465309143
uHvWwqUZZbWa66I,561,11758.144411087036
uHvWwqUZZbWa66I,562,11757.994264602661
uHvWwqUZZbWa66I,563,11757.844118118286
uHvWwqUZZbWa66I,564,11757.603872299194
uHvWwqUZZbWa66I,565,11757.423692703247
uHvWwqUZZbWa66I,566,11757.183458328247
uHvWwqUZZbWa66I,567,11756.943216323853
uHvWwqUZZbWa66I,568,11756.702981948853
uHvWwqUZZbWa66I,569,11756.492765426636
uHvWwqUZZbWa66I,570,11756.282545089722
uHvWwqUZZbWa66I,571,11756.042310714722
uHvWwqUZZbWa66I,572,11755.802072525024
uHvWwqUZZbWa66I,573,11755.5918674469
uHvWwqUZZbWa66I,574,11755.381658554077
uHvWwqUZZbWa66I,575,11755.17144203186
uHvWwqUZZbWa66I,576,11754.991262435913
uHvWwqUZZbWa66I,577,11754.811082839966
uHvWwqUZZbWa66I,578,11754.60087776184
uHvWwqUZZbWa66I,579,11754.360639572144
uHvWwqUZZbWa66I,580,11754.150426864624
uHvWwqUZZbWa66I,581,11753.94020652771
uHvWwqUZZbWa66I,582,11753.699968338013
uHvWwqUZZbWa66I,583,11753.489763259888
uHvWwqUZZbWa66I,584,11753.279550552368
uHvWwqUZZbWa66I,585,11753.009279251099
uHvWwqUZZbWa66I,586,11752.769037246704
uHvWwqUZZbWa66I,587,11752.588861465454
uHvWwqUZZbWa66I,588,11752.438711166382
uHvWwqUZZbWa66I,589,11752.288564682007
uHvWwqUZZbWa66I,590,11752.018297195435
uHvWwqUZZbWa66I,591,11751.717985153198
uHvWwqUZZbWa66I,592,11751.447717666626
uHvWwqUZZbWa66I,593,11751.177446365356
uHvWwqUZZbWa66I,594,11750.907178878784
uHvWwqUZZbWa66I,595,11750.606882095337
uHvWwqUZZbWa66I,596,11750.33660697937
uHvWwqUZZbWa66I,597,11750.096364974976
uHvWwqUZZbWa66I,598,11749.856126785278
uHvWwqUZZbWa66I,599,11749.615888595581
uHvWwqUZZbWa66I,600,11749.405683517456
uHvWwqUZZbWa66I,601,11749.225500106812
uHvWwqUZZbWa66I,602,11748.925191879272
uHvWwqUZZbWa66I,603,11748.6549243927
uHvWwqUZZbWa66I,604,11748.444715499878
uHvWwqUZZbWa66I,605,11748.204473495483
uHvWwqUZZbWa66I,606,11747.964235305786
uHvWwqUZZbWa66I,607,11747.69396018982
uHvWwqUZZbWa66I,608,11747.423696517944
uHvWwqUZZbWa66I,609,11747.243516921997
uHvWwqUZZbWa66I,610,11746.973245620728
uHvWwqUZZbWa66I,611,11746.702974319458
uHvWwqUZZbWa66I,612,11746.492761611938
uHvWwqUZZbWa66I,613,11746.252523422241
uHvWwqUZZbWa66I,614,11746.042306900024
uHvWwqUZZbWa66I,615,11745.802068710327
uHvWwqUZZbWa66I,616,11745.56183052063
uHvWwqUZZbWa66I,617,11745.321592330933
uHvWwqUZZbWa66I,618,11745.081350326538
uHvWwqUZZbWa66I,619,11744.90117073059
uHvWwqUZZbWa66I,620,11744.72099494934
uHvWwqUZZbWa66I,621,11744.54081916809
uHvWwqUZZbWa66I,622,11744.330606460571
uHvWwqUZZbWa66I,623,11744.09036064148
uHvWwqUZZbWa66I,624,11743.850114822388
uHvWwqUZZbWa66I,625,11743.669939041138
uHvWwqUZZbWa66I,626,11743.429704666138
uHvWwqUZZbWa66I,627,11743.249521255493
uHvWwqUZZbWa66I,628,11743.069337844849
uHvWwqUZZbWa66I,629,11742.859128952026
uHvWwqUZZbWa66I,630,11742.708982467651
uHvWwqUZZbWa66I,631,11742.49877357483
uHvWwqUZZbWa66I,632,11742.288568496704
uHvWwqUZZbWa66I,633,11742.10838508606
uHvWwqUZZbWa66I,634,11741.89817237854
uHvWwqUZZbWa66I,635,11741.717988967896
uHvWwqUZZbWa66I,636,11741.507768630981
uHvWwqUZZbWa66I,637,11741.327592849731
uHvWwqUZZbWa66I,638,11741.11738395691
uHvWwqUZZbWa66I,639,11740.907175064087
uHvWwqUZZbWa66I,640,11740.666940689087
uHvWwqUZZbWa66I,641,11740.426698684692
uHvWwqUZZbWa66I,642,11740.12639427185
uHvWwqUZZbWa66I,643,11739.856126785278
uHvWwqUZZbWa66I,644,11739.645917892456
uHvWwqUZZbWa66I,645,11739.435712814331
uHvWwqUZZbWa66I,646,11739.195463180542
uHvWwqUZZbWa66I,647,11738.955221176147
uHvWwqUZZbWa66I,648,11738.775045394897
uHvWwqUZZbWa66I,649,11738.5348072052
uHvWwqUZZbWa66I,650,11738.294569015503
uHvWwqUZZbWa66I,651,11738.08436012268
uHvWwqUZZbWa66I,652,11737.904176712036
uHvWwqUZZbWa66I,653,11737.723989486694
uHvWwqUZZbWa66I,654,11737.483751296997
uHvWwqUZZbWa66I,655,11737.333604812622
uHvWwqUZZbWa66I,656,11737.153429031372
uHvWwqUZZbWa66I,657,11736.973249435425
uHvWwqUZZbWa66I,658,11736.823099136353
uHvWwqUZZbWa66I,659,11736.672937393188
uHvWwqUZZbWa66I,660,11736.462732315063
uHvWwqUZZbWa66I,661,11736.252527236938
uHvWwqUZZbWa66I,662,11735.982259750366
uHvWwqUZZbWa66I,663,11735.742021560669
uHvWwqUZZbWa66I,664,11735.501764297485
uHvWwqUZZbWa66I,665,11735.35161781311
uHvWwqUZZbWa66I,666,11735.17144203186
uHvWwqUZZbWa66I,667,11734.901178359985
uHvWwqUZZbWa66I,668,11734.630907058716
uHvWwqUZZbWa66I,669,11734.360628128052
uHvWwqUZZbWa66I,670,11734.09036064148
uHvWwqUZZbWa66I,671,11733.85012626648
uHvWwqUZZbWa66I,672,11733.66995048523
uHvWwqUZZbWa66I,673,11733.429708480835
uHvWwqUZZbWa66I,674,11733.189458847046
uHvWwqUZZbWa66I,675,11732.949213027954
uHvWwqUZZbWa66I,676,11732.73900794983
uHvWwqUZZbWa66I,677,11732.528802871704
uHvWwqUZZbWa66I,678,11732.378648757935
uHvWwqUZZbWa66I,679,11732.198472976685
uHvWwqUZZbWa66I,680,11732.048318862915
uHvWwqUZZbWa66I,681,11731.868139266968
uHvWwqUZZbWa66I,682,11731.687963485718
uHvWwqUZZbWa66I,683,11731.537813186646
uHvWwqUZZbWa66I,684,11731.38766670227
uHvWwqUZZbWa66I,685,11731.267541885376
uHvWwqUZZbWa66I,686,11731.117395401001
uHvWwqUZZbWa66I,687,11730.937211990356
uHvWwqUZZbWa66I,688,11730.726999282837
uHvWwqUZZbWa66I,689,11730.456731796265
uHvWwqUZZbWa66I,690,11730.21648979187
uHvWwqUZZbWa66I,691,11729.97625541687
uHvWwqUZZbWa66I,692,11729.796075820923
uHvWwqUZZbWa66I,693,11729.585859298706
uHvWwqUZZbWa66I,694,11729.37564277649
uHvWwqUZZbWa66I,695,11729.225496292114
uHvWwqUZZbWa66I,696,11729.015283584595
uHvWwqUZZbWa66I,697,11728.805074691772
uHvWwqUZZbWa66I,698,11728.564836502075
uHvWwqUZZbWa66I,699,11728.324598312378
uHvWwqUZZbWa66I,700,11728.174448013306
uHvWwqUZZbWa66I,701,11727.964231491089
uHvWwqUZZbWa66I,702,11727.754022598267
uHvWwqUZZbWa66I,703,11727.543817520142
uHvWwqUZZbWa66I,704,11727.33360862732
uHvWwqUZZbWa66I,705,11727.123399734497
uHvWwqUZZbWa66I,706,11726.943212509155
uHvWwqUZZbWa66I,707,11726.732999801636
uHvWwqUZZbWa66I,708,11726.58285331726
uHvWwqUZZbWa66I,709,11726.40267753601
uHvWwqUZZbWa66I,710,11726.222497940063
uHvWwqUZZbWa66I,711,11726.072347640991
uHvWwqUZZbWa66I,712,11725.832105636597
uHvWwqUZZbWa66I,713,11725.621892929077
uHvWwqUZZbWa66I,714,11725.351621627808
uHvWwqUZZbWa66I,715,11725.11138343811
uHvWwqUZZbWa66I,716,11724.871145248413
uHvWwqUZZbWa66I,717,11724.72099494934
uHvWwqUZZbWa66I,718,11724.570840835571
uHvWwqUZZbWa66I,719,11724.390661239624
uHvWwqUZZbWa66I,720,11724.150423049927
uHvWwqUZZbWa66I,721,11724.03030204773
uHvWwqUZZbWa66I,722,11723.85012626648
uHvWwqUZZbWa66I,723,11723.63991355896
uHvWwqUZZbWa66I,724,11723.399667739868
uHvWwqUZZbWa66I,725,11723.249521255493
uHvWwqUZZbWa66I,726,11723.069345474243
uHvWwqUZZbWa66I,727,11722.919191360474
uHvWwqUZZbWa66I,728,11722.739015579224
uHvWwqUZZbWa66I,729,11722.55883216858
uHvWwqUZZbWa66I,730,11722.378652572632
uHvWwqUZZbWa66I,731,11722.198469161987
uHvWwqUZZbWa66I,732,11721.988256454468
uHvWwqUZZbWa66I,733,11721.80807685852
uHvWwqUZZbWa66I,734,11721.597867965698
uHvWwqUZZbWa66I,735,11721.417688369751
uHvWwqUZZbWa66I,736,11721.267541885376
uHvWwqUZZbWa66I,737,11721.057332992554
uHvWwqUZZbWa66I,738,11720.787057876587
uHvWwqUZZbWa66I,739,11720.546815872192
uHvWwqUZZbWa66I,740,11720.276544570923
uHvWwqUZZbWa66I,741,11720.036306381226
uHvWwqUZZbWa66I,742,11719.796068191528
uHvWwqUZZbWa66I,743,11719.615892410278
uHvWwqUZZbWa66I,744,11719.435708999634
uHvWwqUZZbWa66I,745,11719.225500106812
uHvWwqUZZbWa66I,746,11719.045320510864
uHvWwqUZZbWa66I,747,11718.835111618042
uHvWwqUZZbWa66I,748,11718.594869613647
uHvWwqUZZbWa66I,749,11718.384656906128
uHvWwqUZZbWa66I,750,11718.144414901733
uHvWwqUZZbWa66I,751,11717.904176712036
uHvWwqUZZbWa66I,752,11717.693971633911
uHvWwqUZZbWa66I,753,11717.51378440857
uHvWwqUZZbWa66I,754,11717.303575515747
uHvWwqUZZbWa66I,755,11717.1233959198
uHvWwqUZZbWa66I,756,11716.913190841675
uHvWwqUZZbWa66I,757,11716.702981948853
uHvWwqUZZbWa66I,758,11716.492761611938
uHvWwqUZZbWa66I,759,11716.312582015991
uHvWwqUZZbWa66I,760,11716.072343826294
uHvWwqUZZbWa66I,761,11715.862134933472
uHvWwqUZZbWa66I,762,11715.681955337524
uHvWwqUZZbWa66I,763,11715.501775741577
uHvWwqUZZbWa66I,764,11715.321588516235
uHvWwqUZZbWa66I,765,11715.111379623413
uHvWwqUZZbWa66I,766,11714.991262435913
uHvWwqUZZbWa66I,767,11714.781057357788
uHvWwqUZZbWa66I,768,11714.540811538696
uHvWwqUZZbWa66I,769,11714.360635757446
uHvWwqUZZbWa66I,770,11714.120389938354
uHvWwqUZZbWa66I,771,11713.88014793396
uHvWwqUZZbWa66I,772,11713.730001449585
uHvWwqUZZbWa66I,773,11713.549825668335
uHvWwqUZZbWa66I,774,11713.369646072388
uHvWwqUZZbWa66I,775,11713.129400253296
uHvWwqUZZbWa66I,776,11712.919191360474
uHvWwqUZZbWa66I,777,11712.739011764526
uHvWwqUZZbWa66I,778,11712.588861465454
uHvWwqUZZbWa66I,779,11712.378652572632
uHvWwqUZZbWa66I,780,11712.13840675354
uHvWwqUZZbWa66I,781,11711.958227157593
uHvWwqUZZbWa66I,782,11711.808073043823
uHvWwqUZZbWa66I,783,11711.597867965698
uHvWwqUZZbWa66I,784,11711.417692184448
uHvWwqUZZbWa66I,785,11711.207483291626
uHvWwqUZZbWa66I,786,11711.027299880981
uHvWwqUZZbWa66I,787,11710.847116470337
uHvWwqUZZbWa66I,788,11710.66693687439
uHvWwqUZZbWa66I,789,11710.456731796265
uHvWwqUZZbWa66I,790,11710.246519088745
uHvWwqUZZbWa66I,791,11710.0663356781
uHvWwqUZZbWa66I,792,11709.856126785278
uHvWwqUZZbWa66I,793,11709.705976486206
uHvWwqUZZbWa66I,794,11709.615888595581
uHvWwqUZZbWa66I,795,11709.405679702759
uHvWwqUZZbWa66I,796,11709.225496292114
uHvWwqUZZbWa66I,797,11709.015283584595
uHvWwqUZZbWa66I,798,11708.835103988647
uHvWwqUZZbWa66I,799,11708.6549243927
uHvWwqUZZbWa66I,800,11708.534803390503
uHvWwqUZZbWa66I,801,11708.32459449768
uHvWwqUZZbWa66I,802,11708.20447731018
uHvWwqUZZbWa66I,803,11707.994268417358
uHvWwqUZZbWa66I,804,11707.754030227661
uHvWwqUZZbWa66I,805,11707.603883743286
uHvWwqUZZbWa66I,806,11707.423692703247
uHvWwqUZZbWa66I,807,11707.18345451355
uHvWwqUZZbWa66I,808,11706.973249435425
uHvWwqUZZbWa66I,809,11706.79306602478
uHvWwqUZZbWa66I,810,11706.612886428833
uHvWwqUZZbWa66I,811,11706.432699203491
uHvWwqUZZbWa66I,812,11706.222490310669
uHvWwqUZZbWa66I,813,11706.072343826294
uHvWwqUZZbWa66I,814,11705.922197341919
uHvWwqUZZbWa66I,815,11705.772050857544
uHvWwqUZZbWa66I,816,11705.5918674469
uHvWwqUZZbWa66I,817,11705.411684036255
uHvWwqUZZbWa66I,818,11705.291563034058
uHvWwqUZZbWa66I,819,11705.081354141235
uHvWwqUZZbWa66I,820,11704.901178359985
uHvWwqUZZbWa66I,821,11704.751020431519
uHvWwqUZZbWa66I,822,11704.570840835571
uHvWwqUZZbWa66I,823,11704.390657424927
uHvWwqUZZbWa66I,824,11704.240510940552
uHvWwqUZZbWa66I,825,11704.120393753052
uHvWwqUZZbWa66I,826,11703.97024345398
uHvWwqUZZbWa66I,827,11703.760034561157
uHvWwqUZZbWa66I,828,11703.549821853638
uHvWwqUZZbWa66I,829,11703.36964225769
uHvWwqUZZbWa66I,830,11703.219495773315
uHvWwqUZZbWa66I,831,11703.03931236267
uHvWwqUZZbWa66I,832,11702.85913658142
uHvWwqUZZbWa66I,833,11702.67894935608
uHvWwqUZZbWa66I,834,11702.498769760132
uHvWwqUZZbWa66I,835,11702.28856086731
uHvWwqUZZbWa66I,836,11702.13840675354
uHvWwqUZZbWa66I,837,11701.988260269165
uHvWwqUZZbWa66I,838,11701.838106155396
uHvWwqUZZbWa66I,839,11701.657930374146
uHvWwqUZZbWa66I,840,11701.507780075073
uHvWwqUZZbWa66I,841,11701.387662887573
uHvWwqUZZbWa66I,842,11701.177453994751
uHvWwqUZZbWa66I,843,11700.967237472534
uHvWwqUZZbWa66I,844,11700.757024765015
uHvWwqUZZbWa66I,845,11700.576845169067
uHvWwqUZZbWa66I,846,11700.39666557312
uHvWwqUZZbWa66I,847,11700.246515274048
uHvWwqUZZbWa66I,848,11700.0663356781
uHvWwqUZZbWa66I,849,11699.886152267456
uHvWwqUZZbWa66I,850,11699.675943374634
uHvWwqUZZbWa66I,851,11699.495767593384
uHvWwqUZZbWa66I,852,11699.375650405884
uHvWwqUZZbWa66I,853,11699.255529403687
uHvWwqUZZbWa66I,854,11699.165437698364
uHvWwqUZZbWa66I,855,11699.045316696167
uHvWwqUZZbWa66I,856,11698.92519569397
uHvWwqUZZbWa66I,857,11698.805074691772
uHvWwqUZZbWa66I,858,11698.684953689575
uHvWwqUZZbWa66I,859,11698.50477027893
uHvWwqUZZbWa66I,860,11698.32459449768
uHvWwqUZZbWa66I,861,11698.144414901733
uHvWwqUZZbWa66I,862,11697.994264602661
uHvWwqUZZbWa66I,863,11697.844118118286
uHvWwqUZZbWa66I,864,11697.723997116089
uHvWwqUZZbWa66I,865,11697.57384300232
uHvWwqUZZbWa66I,866,11697.453722000122
uHvWwqUZZbWa66I,867,11697.303575515747
uHvWwqUZZbWa66I,868,11697.183450698853
uHvWwqUZZbWa66I,869,11697.063329696655
uHvWwqUZZbWa66I,870,11696.97324180603
uHvWwqUZZbWa66I,871,11696.85312461853
uHvWwqUZZbWa66I,872,11696.702976226807
uHvWwqUZZbWa66I,873,11696.582851409912
uHvWwqUZZbWa66I,874,11696.462730407715
uHvWwqUZZbWa66I,875,11696.282552719116
uHvWwqUZZbWa66I,876,11696.132406234741
uHvWwqUZZbWa66I,877,11695.98225402832
uHvWwqUZZbWa66I,878,11695.862133026123
uHvWwqUZZbWa66I,879,11695.742008209229
uHvWwqUZZbWa66I,880,11695.681949615479
uHvWwqUZZbWa66I,881,11695.561832427979
uHvWwqUZZbWa66I,882,11695.411684036255
uHvWwqUZZbWa66I,883,11695.23150062561
uHvWwqUZZbWa66I,884,11695.051322937012
uHvWwqUZZbWa66I,885,11694.871143341064
uHvWwqUZZbWa66I,886,11694.72099685669
uHvWwqUZZbWa66I,887,11694.540815353394
uHvWwqUZZbWa66I,888,11694.330606460571
uHvWwqUZZbWa66I,889,11694.180452346802
uHvWwqUZZbWa66I,890,11694.03030014038
uHvWwqUZZbWa66I,891,11693.850120544434
uHvWwqUZZbWa66I,892,11693.69997215271
uHvWwqUZZbWa66I,893,11693.519792556763
uHvWwqUZZbWa66I,894,11693.339612960815
uHvWwqUZZbWa66I,895,11693.129402160645
uHvWwqUZZbWa66I,896,11692.949222564697
uHvWwqUZZbWa66I,897,11692.799074172974
uHvWwqUZZbWa66I,898,11692.618894577026
uHvWwqUZZbWa66I,899,11692.498769760132
uHvWwqUZZbWa66I,900,11692.348617553711
uHvWwqUZZbWa66I,901,11692.138408660889
uHvWwqUZZbWa66I,902,11691.92819595337
uHvWwqUZZbWa66I,903,11691.717987060547
uHvWwqUZZbWa66I,904,11691.5378074646
uHvWwqUZZbWa66I,905,11691.327600479126
uHvWwqUZZbWa66I,906,11691.14741897583
uHvWwqUZZbWa66I,907,11690.967235565186
uHvWwqUZZbWa66I,908,11690.817081451416
uHvWwqUZZbWa66I,909,11690.636901855469
uHvWwqUZZbWa66I,910,11690.486755371094
uHvWwqUZZbWa66I,911,11690.276546478271
uHvWwqUZZbWa66I,912,11690.1263961792
uHvWwqUZZbWa66I,913,11690.036304473877
uHvWwqUZZbWa66I,914,11689.91618347168
uHvWwqUZZbWa66I,915,11689.796058654785
uHvWwqUZZbWa66I,916,11689.675941467285
uHvWwqUZZbWa66I,917,11689.52579498291
uHvWwqUZZbWa66I,918,11689.345615386963
uHvWwqUZZbWa66I,919,11689.225498199463
uHvWwqUZZbWa66I,920,11689.07534790039
uHvWwqUZZbWa66I,921,11688.925193786621
uHvWwqUZZbWa66I,922,11688.775047302246
uHvWwqUZZbWa66I,923,11688.624893188477
uHvWwqUZZbWa66I,924,11688.504776000977
uHvWwqUZZbWa66I,925,11688.38465309143
uHvWwqUZZbWa66I,926,11688.234498977661
uHvWwqUZZbWa66I,927,11688.084352493286
uHvWwqUZZbWa66I,928,11687.934204101562
uHvWwqUZZbWa66I,929,11687.784057617188
uHvWwqUZZbWa66I,930,11687.633903503418
uHvWwqUZZbWa66I,931,11687.483749389648
uHvWwqUZZbWa66I,932,11687.333602905273
uHvWwqUZZbWa66I,933,11687.153421401978
uHvWwqUZZbWa66I,934,11687.003274917603
uHvWwqUZZbWa66I,935,11686.85312461853
uHvWwqUZZbWa66I,936,11686.702964782715
uHvWwqUZZbWa66I,937,11686.55281829834
uHvWwqUZZbWa66I,938,11686.37264251709
uHvWwqUZZbWa66I,939,11686.192464828491
uHvWwqUZZbWa66I,940,11686.012281417847
uHvWwqUZZbWa66I,941,11685.832094192505
uHvWwqUZZbWa66I,942,11685.651914596558
uHvWwqUZZbWa66I,943,11685.471738815308
uHvWwqUZZbWa66I,944,11685.291563034058
uHvWwqUZZbWa66I,945,11685.111385345459
uHvWwqUZZbWa66I,946,11684.931205749512
uHvWwqUZZbWa66I,947,11684.781045913696
uHvWwqUZZbWa66I,948,11684.630895614624
uHvWwqUZZbWa66I,949,11684.4807472229
uHvWwqUZZbWa66I,950,11684.390659332275
uHvWwqUZZbWa66I,951,11684.210479736328
uHvWwqUZZbWa66I,952,11684.060331344604
uHvWwqUZZbWa66I,953,11683.880149841309
uHvWwqUZZbWa66I,954,11683.760026931763
uHvWwqUZZbWa66I,955,11683.609880447388
uHvWwqUZZbWa66I,956,11683.459728240967
uHvWwqUZZbWa66I,957,11683.33960723877
uHvWwqUZZbWa66I,958,11683.21948814392
uHvWwqUZZbWa66I,959,11683.069337844849
uHvWwqUZZbWa66I,960,11682.94921875
uHvWwqUZZbWa66I,961,11682.769033432007
uHvWwqUZZbWa66I,962,11682.648916244507
uHvWwqUZZbWa66I,963,11682.498765945435
uHvWwqUZZbWa66I,964,11682.348615646362
uHvWwqUZZbWa66I,965,11682.198469161987
uHvWwqUZZbWa66I,966,11682.07834815979
uHvWwqUZZbWa66I,967,11681.92819404602
uHvWwqUZZbWa66I,968,11681.74801826477
uHvWwqUZZbWa66I,969,11681.567838668823
uHvWwqUZZbWa66I,970,11681.357625961304
uHvWwqUZZbWa66I,971,11681.237508773804
uHvWwqUZZbWa66I,972,11681.11738204956
uHvWwqUZZbWa66I,973,11680.997262954712
uHvWwqUZZbWa66I,974,11680.84711265564
uHvWwqUZZbWa66I,975,11680.72699546814
uHvWwqUZZbWa66I,976,11680.606876373291
uHvWwqUZZbWa66I,977,11680.426694869995
uHvWwqUZZbWa66I,978,11680.276546478271
uHvWwqUZZbWa66I,979,11680.156429290771
uHvWwqUZZbWa66I,980,11679.976243972778
uHvWwqUZZbWa66I,981,11679.796062469482
uHvWwqUZZbWa66I,982,11679.645915985107
uHvWwqUZZbWa66I,983,11679.525796890259
uHvWwqUZZbWa66I,984,11679.405670166016
uHvWwqUZZbWa66I,985,11679.225494384766
uHvWwqUZZbWa66I,986,11679.135404586792
uHvWwqUZZbWa66I,987,11678.98525428772
uHvWwqUZZbWa66I,988,11678.865135192871
uHvWwqUZZbWa66I,989,11678.745014190674
uHvWwqUZZbWa66I,990,11678.534801483154
uHvWwqUZZbWa66I,991,11678.354625701904
uHvWwqUZZbWa66I,992,11678.174448013306
uHvWwqUZZbWa66I,993,11677.994262695312
uHvWwqUZZbWa66I,994,11677.78405380249
uHvWwqUZZbWa66I,995,11677.603870391846
uHvWwqUZZbWa66I,996,11677.45372390747
uHvWwqUZZbWa66I,997,11677.303577423096
uHvWwqUZZbWa66I,998,11677.123399734497
uHvWwqUZZbWa66I,999,11676.943214416504
uHvWwqUZZbWa66I,1000,11676.76303100586
uHvWwqUZZbWa66I,1001,11676.55281829834
uHvWwqUZZbWa66I,1002,11676.342613220215
uHvWwqUZZbWa66I,1003,11676.132406234741
uHvWwqUZZbWa66I,1004,11675.922191619873
uHvWwqUZZbWa66I,1005,11675.772037506104
uHvWwqUZZbWa66I,1006,11675.651918411255
uHvWwqUZZbWa66I,1007,11675.50177192688
uHvWwqUZZbWa66I,1008,11675.321590423584
uHvWwqUZZbWa66I,1009,11675.171440124512
uHvWwqUZZbWa66I,1010,11675.021291732788
uHvWwqUZZbWa66I,1011,11674.871133804321
uHvWwqUZZbWa66I,1012,11674.751016616821
uHvWwqUZZbWa66I,1013,11674.600866317749
uHvWwqUZZbWa66I,1014,11674.450719833374
uHvWwqUZZbWa66I,1015,11674.300569534302
uHvWwqUZZbWa66I,1016,11674.120389938354
uHvWwqUZZbWa66I,1017,11674.000268936157
uHvWwqUZZbWa66I,1018,11673.880151748657
uHvWwqUZZbWa66I,1019,11673.729997634888
uHvWwqUZZbWa66I,1020,11673.609878540039
uHvWwqUZZbWa66I,1021,11673.459728240967
uHvWwqUZZbWa66I,1022,11673.309581756592
uHvWwqUZZbWa66I,1023,11673.129398345947
uHvWwqUZZbWa66I,1024,11672.949214935303
uHvWwqUZZbWa66I,1025,11672.769037246704
uHvWwqUZZbWa66I,1026,11672.61889076233
uHvWwqUZZbWa66I,1027,11672.498769760132
uHvWwqUZZbWa66I,1028,11672.348621368408
uHvWwqUZZbWa66I,1029,11672.198463439941
uHvWwqUZZbWa66I,1030,11672.018287658691
uHvWwqUZZbWa66I,1031,11671.838109970093
uHvWwqUZZbWa66I,1032,11671.687957763672
uHvWwqUZZbWa66I,1033,11671.507780075073
uHvWwqUZZbWa66I,1034,11671.327590942383
uHvWwqUZZbWa66I,1035,11671.147413253784
uHvWwqUZZbWa66I,1036,11670.99726676941
uHvWwqUZZbWa66I,1037,11670.817085266113
uHvWwqUZZbWa66I,1038,11670.696968078613
uHvWwqUZZbWa66I,1039,11670.516778945923
uHvWwqUZZbWa66I,1040,11670.336603164673
uHvWwqUZZbWa66I,1041,11670.246515274048
uHvWwqUZZbWa66I,1042,11670.06633758545
uHvWwqUZZbWa66I,1043,11669.916189193726
uHvWwqUZZbWa66I,1044,11669.796070098877
uHvWwqUZZbWa66I,1045,11669.675941467285
uHvWwqUZZbWa66I,1046,11669.525793075562
uHvWwqUZZbWa66I,1047,11669.375646591187
uHvWwqUZZbWa66I,1048,11669.225496292114
uHvWwqUZZbWa66I,1049,11669.045320510864
uHvWwqUZZbWa66I,1050,11668.865133285522
uHvWwqUZZbWa66I,1051,11668.714981079102
uHvWwqUZZbWa66I,1052,11668.564834594727
uHvWwqUZZbWa66I,1053,11668.50477218628
uHvWwqUZZbWa66I,1054,11668.38465309143
uHvWwqUZZbWa66I,1055,11668.324592590332
uHvWwqUZZbWa66I,1056,11668.264533996582
uHvWwqUZZbWa66I,1057,11668.144412994385
uHvWwqUZZbWa66I,1058,11668.054321289062
uHvWwqUZZbWa66I,1059,11667.934202194214
uHvWwqUZZbWa66I,1060,11667.874141693115
uHvWwqUZZbWa66I,1061,11667.78405380249
uHvWwqUZZbWa66I,1062,11667.693965911865
uHvWwqUZZbWa66I,1063,11667.60387802124
uHvWwqUZZbWa66I,1064,11667.60387802124
uHvWwqUZZbWa66I,1065,11667.513786315918
uHvWwqUZZbWa66I,1066,11667.423692703247
uHvWwqUZZbWa66I,1067,11667.303573608398
uHvWwqUZZbWa66I,1068,11667.18345451355
uHvWwqUZZbWa66I,1069,11667.093364715576
uHvWwqUZZbWa66I,1070,11666.973243713379
uHvWwqUZZbWa66I,1071,11666.853118896484
uHvWwqUZZbWa66I,1072,11666.76302909851
uHvWwqUZZbWa66I,1073,11666.612882614136
uHvWwqUZZbWa66I,1074,11666.492763519287
uHvWwqUZZbWa66I,1075,11666.372644424438
uHvWwqUZZbWa66I,1076,11666.252519607544
uHvWwqUZZbWa66I,1077,11666.162431716919
uHvWwqUZZbWa66I,1078,11666.072343826294
uHvWwqUZZbWa66I,1079,11665.982252120972
uHvWwqUZZbWa66I,1080,11665.832103729248
uHvWwqUZZbWa66I,1081,11665.681951522827
uHvWwqUZZbWa66I,1082,11665.531797409058
uHvWwqUZZbWa66I,1083,11665.411680221558
uHvWwqUZZbWa66I,1084,11665.291563034058
uHvWwqUZZbWa66I,1085,11665.171445846558
uHvWwqUZZbWa66I,1086,11664.991262435913
uHvWwqUZZbWa66I,1087,11664.871137619019
uHvWwqUZZbWa66I,1088,11664.75101852417
uHvWwqUZZbWa66I,1089,11664.600870132446
uHvWwqUZZbWa66I,1090,11664.480752944946
uHvWwqUZZbWa66I,1091,11664.330602645874
uHvWwqUZZbWa66I,1092,11664.240510940552
uHvWwqUZZbWa66I,1093,11664.120388031006
uHvWwqUZZbWa66I,1094,11664.000270843506
uHvWwqUZZbWa66I,1095,11663.85012435913
uHvWwqUZZbWa66I,1096,11663.730003356934
uHvWwqUZZbWa66I,1097,11663.579851150513
uHvWwqUZZbWa66I,1098,11663.399667739868
uHvWwqUZZbWa66I,1099,11663.249517440796
uHvWwqUZZbWa66I,1100,11663.099369049072
uHvWwqUZZbWa66I,1101,11662.949222564697
uHvWwqUZZbWa66I,1102,11662.769039154053
uHvWwqUZZbWa66I,1103,11662.588861465454
uHvWwqUZZbWa66I,1104,11662.408681869507
uHvWwqUZZbWa66I,1105,11662.228496551514
uHvWwqUZZbWa66I,1106,11662.078350067139
uHvWwqUZZbWa66I,1107,11661.958225250244
uHvWwqUZZbWa66I,1108,11661.778049468994
uHvWwqUZZbWa66I,1109,11661.597871780396
uHvWwqUZZbWa66I,1110,11661.417688369751
uHvWwqUZZbWa66I,1111,11661.237506866455
uHvWwqUZZbWa66I,1112,11661.087354660034
uHvWwqUZZbWa66I,1113,11660.907176971436
uHvWwqUZZbWa66I,1114,11660.696966171265
uHvWwqUZZbWa66I,1115,11660.516786575317
uHvWwqUZZbWa66I,1116,11660.336603164673
uHvWwqUZZbWa66I,1117,11660.156425476074
uHvWwqUZZbWa66I,1118,11660.006271362305
uHvWwqUZZbWa66I,1119,11659.85612487793
uHvWwqUZZbWa66I,1120,11659.705972671509
uHvWwqUZZbWa66I,1121,11659.525793075562
uHvWwqUZZbWa66I,1122,11659.345617294312
uHvWwqUZZbWa66I,1123,11659.165428161621
uHvWwqUZZbWa66I,1124,11658.985252380371
uHvWwqUZZbWa66I,1125,11658.805074691772
uHvWwqUZZbWa66I,1126,11658.624891281128
uHvWwqUZZbWa66I,1127,11658.474744796753
uHvWwqUZZbWa66I,1128,11658.324590682983
uHvWwqUZZbWa66I,1129,11658.144409179688
uHvWwqUZZbWa66I,1130,11657.994262695312
uHvWwqUZZbWa66I,1131,11657.84411239624
uHvWwqUZZbWa66I,1132,11657.69396018982
uHvWwqUZZbWa66I,1133,11657.57384300232
uHvWwqUZZbWa66I,1134,11657.423692703247
uHvWwqUZZbWa66I,1135,11657.273542404175
uHvWwqUZZbWa66I,1136,11657.093360900879
uHvWwqUZZbWa66I,1137,11656.973236083984
uHvWwqUZZbWa66I,1138,11656.82308959961
uHvWwqUZZbWa66I,1139,11656.70297241211
uHvWwqUZZbWa66I,1140,11656.58285331726
uHvWwqUZZbWa66I,1141,11656.492761611938
uHvWwqUZZbWa66I,1142,11656.40266418457
uHvWwqUZZbWa66I,1143,11656.28254699707
uHvWwqUZZbWa66I,1144,11656.192457199097
uHvWwqUZZbWa66I,1145,11656.072338104248
uHvWwqUZZbWa66I,1146,11655.952220916748
uHvWwqUZZbWa66I,1147,11655.832096099854
uHvWwqUZZbWa66I,1148,11655.681949615479
uHvWwqUZZbWa66I,1149,11655.591857910156
uHvWwqUZZbWa66I,1150,11655.501770019531
uHvWwqUZZbWa66I,1151,11655.381652832031
uHvWwqUZZbWa66I,1152,11655.231496810913
uHvWwqUZZbWa66I,1153,11655.08134841919
uHvWwqUZZbWa66I,1154,11654.931198120117
uHvWwqUZZbWa66I,1155,11654.81107711792
uHvWwqUZZbWa66I,1156,11654.660930633545
uHvWwqUZZbWa66I,1157,11654.540811538696
uHvWwqUZZbWa66I,1158,11654.420686721802
uHvWwqUZZbWa66I,1159,11654.27053642273
uHvWwqUZZbWa66I,1160,11654.120386123657
uHvWwqUZZbWa66I,1161,11654.060327529907
uHvWwqUZZbWa66I,1162,11654.000268936157
uHvWwqUZZbWa66I,1163,11653.880149841309
uHvWwqUZZbWa66I,1164,11653.729999542236
uHvWwqUZZbWa66I,1165,11653.579845428467
uHvWwqUZZbWa66I,1166,11653.429695129395
uHvWwqUZZbWa66I,1167,11653.309577941895
uHvWwqUZZbWa66I,1168,11653.21948814392
uHvWwqUZZbWa66I,1169,11653.069337844849
uHvWwqUZZbWa66I,1170,11652.919187545776
uHvWwqUZZbWa66I,1171,11652.769033432007
uHvWwqUZZbWa66I,1172,11652.618886947632
uHvWwqUZZbWa66I,1173,11652.468738555908
uHvWwqUZZbWa66I,1174,11652.318586349487
uHvWwqUZZbWa66I,1175,11652.168434143066
uHvWwqUZZbWa66I,1176,11652.018281936646
uHvWwqUZZbWa66I,1177,11651.86813545227
uHvWwqUZZbWa66I,1178,11651.717985153198
uHvWwqUZZbWa66I,1179,11651.567838668823
uHvWwqUZZbWa66I,1180,11651.417684555054
uHvWwqUZZbWa66I,1181,11651.297565460205
uHvWwqUZZbWa66I,1182,11651.207469940186
uHvWwqUZZbWa66I,1183,11651.027294158936
uHvWwqUZZbWa66I,1184,11650.877145767212
uHvWwqUZZbWa66I,1185,11650.696966171265
uHvWwqUZZbWa66I,1186,11650.546815872192
uHvWwqUZZbWa66I,1187,11650.39666557312
uHvWwqUZZbWa66I,1188,11650.276544570923
uHvWwqUZZbWa66I,1189,11650.156425476074
uHvWwqUZZbWa66I,1190,11650.036306381226
uHvWwqUZZbWa66I,1191,11649.916185379028
uHvWwqUZZbWa66I,1192,11649.796064376831
uHvWwqUZZbWa66I,1193,11649.675947189331
uHvWwqUZZbWa66I,1194,11649.585855484009
uHvWwqUZZbWa66I,1195,11649.495763778687
uHvWwqUZZbWa66I,1196,11649.375644683838
uHvWwqUZZbWa66I,1197,11649.225496292114
uHvWwqUZZbWa66I,1198,11649.075344085693
uHvWwqUZZbWa66I,1199,11648.955221176147
uHvWwqUZZbWa66I,1200,11648.805070877075
uHvWwqUZZbWa66I,1201,11648.654920578003
uHvWwqUZZbWa66I,1202,11648.564832687378
uHvWwqUZZbWa66I,1203,11648.474739074707
uHvWwqUZZbWa66I,1204,11648.384651184082
uHvWwqUZZbWa66I,1205,11648.29455947876
uHvWwqUZZbWa66I,1206,11648.174438476562
uHvWwqUZZbWa66I,1207,11648.084350585938
uHvWwqUZZbWa66I,1208,11647.934202194214
uHvWwqUZZbWa66I,1209,11647.814081192017
uHvWwqUZZbWa66I,1210,11647.723989486694
uHvWwqUZZbWa66I,1211,11647.663925170898
uHvWwqUZZbWa66I,1212,11647.543807983398
uHvWwqUZZbWa66I,1213,11647.42368888855
uHvWwqUZZbWa66I,1214,11647.333599090576
uHvWwqUZZbWa66I,1215,11647.213481903076
uHvWwqUZZbWa66I,1216,11647.093355178833
uHvWwqUZZbWa66I,1217,11647.003267288208
uHvWwqUZZbWa66I,1218,11646.883150100708
uHvWwqUZZbWa66I,1219,11646.732999801636
uHvWwqUZZbWa66I,1220,11646.612882614136
uHvWwqUZZbWa66I,1221,11646.492755889893
uHvWwqUZZbWa66I,1222,11646.342609405518
uHvWwqUZZbWa66I,1223,11646.192459106445
uHvWwqUZZbWa66I,1224,11646.10237121582
uHvWwqUZZbWa66I,1225,11645.982252120972
uHvWwqUZZbWa66I,1226,11645.832094192505
uHvWwqUZZbWa66I,1227,11645.711977005005
uHvWwqUZZbWa66I,1228,11645.591859817505
uHvWwqUZZbWa66I,1229,11645.471738815308
uHvWwqUZZbWa66I,1230,11645.351619720459
uHvWwqUZZbWa66I,1231,11645.201467514038
uHvWwqUZZbWa66I,1232,11645.051315307617
uHvWwqUZZbWa66I,1233,11644.901166915894
uHvWwqUZZbWa66I,1234,11644.75101852417
uHvWwqUZZbWa66I,1235,11644.600868225098
uHvWwqUZZbWa66I,1236,11644.450721740723
uHvWwqUZZbWa66I,1237,11644.330596923828
uHvWwqUZZbWa66I,1238,11644.180444717407
uHvWwqUZZbWa66I,1239,11644.030298233032
uHvWwqUZZbWa66I,1240,11643.88014793396
uHvWwqUZZbWa66I,1241,11643.76003074646
uHvWwqUZZbWa66I,1242,11643.639907836914
uHvWwqUZZbWa66I,1243,11643.519786834717
uHvWwqUZZbWa66I,1244,11643.429697036743
uHvWwqUZZbWa66I,1245,11643.33960723877
uHvWwqUZZbWa66I,1246,11643.21949005127
uHvWwqUZZbWa66I,1247,11643.12939453125
uHvWwqUZZbWa66I,1248,11643.00927734375
uHvWwqUZZbWa66I,1249,11642.889156341553
uHvWwqUZZbWa66I,1250,11642.769037246704
uHvWwqUZZbWa66I,1251,11642.618886947632
uHvWwqUZZbWa66I,1252,11642.498762130737
uHvWwqUZZbWa66I,1253,11642.348613739014
uHvWwqUZZbWa66I,1254,11642.19846534729
uHvWwqUZZbWa66I,1255,11642.078344345093
uHvWwqUZZbWa66I,1256,11641.958227157593
uHvWwqUZZbWa66I,1257,11641.86813545227
uHvWwqUZZbWa66I,1258,11641.748012542725
uHvWwqUZZbWa66I,1259,11641.627893447876
uHvWwqUZZbWa66I,1260,11641.537801742554
uHvWwqUZZbWa66I,1261,11641.417684555054
uHvWwqUZZbWa66I,1262,11641.297563552856
uHvWwqUZZbWa66I,1263,11641.177444458008
uHvWwqUZZbWa66I,1264,11641.117385864258
uHvWwqUZZbWa66I,1265,11640.99726676941
uHvWwqUZZbWa66I,1266,11640.937202453613
uHvWwqUZZbWa66I,1267,11640.847114562988
uHvWwqUZZbWa66I,1268,11640.757024765015
uHvWwqUZZbWa66I,1269,11640.72699546814
uHvWwqUZZbWa66I,1270,11640.66693687439
uHvWwqUZZbWa66I,1271,11640.576845169067
uHvWwqUZZbWa66I,1272,11640.546815872192
uHvWwqUZZbWa66I,1273,11640.486751556396
uHvWwqUZZbWa66I,1274,11640.456722259521
uHvWwqUZZbWa66I,1275,11640.456722259521
uHvWwqUZZbWa66I,1276,11640.426692962646
uHvWwqUZZbWa66I,1277,11640.366632461548
uHvWwqUZZbWa66I,1278,11640.336603164673
uHvWwqUZZbWa66I,1279,11640.276544570923
uHvWwqUZZbWa66I,1280,11640.246515274048
uHvWwqUZZbWa66I,1281,11640.216482162476
uHvWwqUZZbWa66I,1282,11640.1864528656
uHvWwqUZZbWa66I,1283,11640.156423568726
uHvWwqUZZbWa66I,1284,11640.096363067627
uHvWwqUZZbWa66I,1285,11640.006275177002
uHvWwqUZZbWa66I,1286,11639.886156082153
uHvWwqUZZbWa66I,1287,11639.76602935791
uHvWwqUZZbWa66I,1288,11639.736000061035
uHvWwqUZZbWa66I,1289,11639.70597076416
uHvWwqUZZbWa66I,1290,11639.645910263062
uHvWwqUZZbWa66I,1291,11639.555820465088
uHvWwqUZZbWa66I,1292,11639.495761871338
uHvWwqUZZbWa66I,1293,11639.43569946289
uHvWwqUZZbWa66I,1294,11639.375638961792
uHvWwqUZZbWa66I,1295,11639.315580368042
uHvWwqUZZbWa66I,1296,11639.255519866943
uHvWwqUZZbWa66I,1297,11639.195461273193
uHvWwqUZZbWa66I,1298,11639.195461273193
uHvWwqUZZbWa66I,1299,11639.135402679443
uHvWwqUZZbWa66I,1300,11639.075338363647
uHvWwqUZZbWa66I,1301,11639.015279769897
uHvWwqUZZbWa66I,1302,11638.925188064575
uHvWwqUZZbWa66I,1303,11638.83510017395
uHvWwqUZZbWa66I,1304,11638.7750415802
uHvWwqUZZbWa66I,1305,11638.714979171753
uHvWwqUZZbWa66I,1306,11638.654918670654
uHvWwqUZZbWa66I,1307,11638.594860076904
uHvWwqUZZbWa66I,1308,11638.56483078003
uHvWwqUZZbWa66I,1309,11638.50477027893
uHvWwqUZZbWa66I,1310,11638.444707870483
uHvWwqUZZbWa66I,1311,11638.354619979858
uHvWwqUZZbWa66I,1312,11638.29455947876
uHvWwqUZZbWa66I,1313,11638.234498977661
uHvWwqUZZbWa66I,1314,11638.204469680786
uHvWwqUZZbWa66I,1315,11638.144407272339
uHvWwqUZZbWa66I,1316,11638.08434677124
uHvWwqUZZbWa66I,1317,11638.02428817749
uHvWwqUZZbWa66I,1318,11637.964227676392
uHvWwqUZZbWa66I,1319,11637.874139785767
uHvWwqUZZbWa66I,1320,11637.844110488892
uHvWwqUZZbWa66I,1321,11637.814079284668
uHvWwqUZZbWa66I,1322,11637.75401687622
uHvWwqUZZbWa66I,1323,11637.75401687622
uHvWwqUZZbWa66I,1324,11637.693956375122
uHvWwqUZZbWa66I,1325,11637.633895874023
uHvWwqUZZbWa66I,1326,11637.54380607605
uHvWwqUZZbWa66I,1327,11637.513776779175
uHvWwqUZZbWa66I,1328,11637.4837474823
uHvWwqUZZbWa66I,1329,11637.4837474823
uHvWwqUZZbWa66I,1330,11637.393657684326
uHvWwqUZZbWa66I,1331,11637.303567886353
uHvWwqUZZbWa66I,1332,11637.213479995728
uHvWwqUZZbWa66I,1333,11637.123390197754
uHvWwqUZZbWa66I,1334,11637.063329696655
uHvWwqUZZbWa66I,1335,11636.973236083984
uHvWwqUZZbWa66I,1336,11636.88314628601
uHvWwqUZZbWa66I,1337,11636.793058395386
uHvWwqUZZbWa66I,1338,11636.702968597412
uHvWwqUZZbWa66I,1339,11636.642908096313
uHvWwqUZZbWa66I,1340,11636.552816390991
uHvWwqUZZbWa66I,1341,11636.462724685669
uHvWwqUZZbWa66I,1342,11636.402666091919
uHvWwqUZZbWa66I,1343,11636.342607498169
uHvWwqUZZbWa66I,1344,11636.252517700195
uHvWwqUZZbWa66I,1345,11636.162427902222
uHvWwqUZZbWa66I,1346,11636.0723361969
uHvWwqUZZbWa66I,1347,11635.982246398926
uHvWwqUZZbWa66I,1348,11635.922185897827
uHvWwqUZZbWa66I,1349,11635.832096099854
uHvWwqUZZbWa66I,1350,11635.772035598755
uHvWwqUZZbWa66I,1351,11635.68194770813
uHvWwqUZZbWa66I,1352,11635.68194770813
uHvWwqUZZbWa66I,1353,11635.68194770813
uHvWwqUZZbWa66I,1354,11635.68194770813
uHvWwqUZZbWa66I,1355,11635.651918411255
uHvWwqUZZbWa66I,1356,11635.591856002808
uHvWwqUZZbWa66I,1357,11635.591856002808
uHvWwqUZZbWa66I,1358,11635.591856002808
uHvWwqUZZbWa66I,1359,11635.561824798584
uHvWwqUZZbWa66I,1360,11635.501764297485
uHvWwqUZZbWa66I,1361,11635.411674499512
uHvWwqUZZbWa66I,1362,11635.381645202637
uHvWwqUZZbWa66I,1363,11635.351615905762
uHvWwqUZZbWa66I,1364,11635.321586608887
uHvWwqUZZbWa66I,1365,11635.261526107788
uHvWwqUZZbWa66I,1366,11635.201467514038
uHvWwqUZZbWa66I,1367,11635.171438217163
uHvWwqUZZbWa66I,1368,11635.111375808716
uHvWwqUZZbWa66I,1369,11635.051313400269
uHvWwqUZZbWa66I,1370,11634.99125289917
uHvWwqUZZbWa66I,1371,11634.93119430542
uHvWwqUZZbWa66I,1372,11634.87113571167
uHvWwqUZZbWa66I,1373,11634.811075210571
uHvWwqUZZbWa66I,1374,11634.751016616821
uHvWwqUZZbWa66I,1375,11634.690956115723
uHvWwqUZZbWa66I,1376,11634.6008644104
uHvWwqUZZbWa66I,1377,11634.510774612427
uHvWwqUZZbWa66I,1378,11634.420684814453
uHvWwqUZZbWa66I,1379,11634.330596923828
uHvWwqUZZbWa66I,1380,11634.270538330078
uHvWwqUZZbWa66I,1381,11634.21047592163
uHvWwqUZZbWa66I,1382,11634.150413513184
uHvWwqUZZbWa66I,1383,11634.090353012085
uHvWwqUZZbWa66I,1384,11634.06032371521
uHvWwqUZZbWa66I,1385,11634.030294418335
uHvWwqUZZbWa66I,1386,11633.970233917236
uHvWwqUZZbWa66I,1387,11633.880146026611
uHvWwqUZZbWa66I,1388,11633.790054321289
uHvWwqUZZbWa66I,1389,11633.729991912842
uHvWwqUZZbWa66I,1390,11633.639904022217
uHvWwqUZZbWa66I,1391,11633.549814224243
uHvWwqUZZbWa66I,1392,11633.45972442627
uHvWwqUZZbWa66I,1393,11633.39966583252
uHvWwqUZZbWa66I,1394,11633.339601516724
uHvWwqUZZbWa66I,1395,11633.279542922974
uHvWwqUZZbWa66I,1396,11633.219482421875
uHvWwqUZZbWa66I,1397,11633.159423828125
uHvWwqUZZbWa66I,1398,11633.099363327026
uHvWwqUZZbWa66I,1399,11633.03930091858
uHvWwqUZZbWa66I,1400,11633.009271621704
uHvWwqUZZbWa66I,1401,11632.97924232483
uHvWwqUZZbWa66I,1402,11632.91918373108
uHvWwqUZZbWa66I,1403,11632.829095840454
uHvWwqUZZbWa66I,1404,11632.739004135132
uHvWwqUZZbWa66I,1405,11632.678941726685
uHvWwqUZZbWa66I,1406,11632.588851928711
uHvWwqUZZbWa66I,1407,11632.528793334961
uHvWwqUZZbWa66I,1408,11632.438703536987
uHvWwqUZZbWa66I,1409,11632.348615646362
uHvWwqUZZbWa66I,1410,11632.288553237915
uHvWwqUZZbWa66I,1411,11632.258520126343
uHvWwqUZZbWa66I,1412,11632.168432235718
uHvWwqUZZbWa66I,1413,11632.078344345093
uHvWwqUZZbWa66I,1414,11631.98825263977
uHvWwqUZZbWa66I,1415,11631.92819404602
uHvWwqUZZbWa66I,1416,11631.83810043335
uHvWwqUZZbWa66I,1417,11631.748010635376
uHvWwqUZZbWa66I,1418,11631.657922744751
uHvWwqUZZbWa66I,1419,11631.597862243652
uHvWwqUZZbWa66I,1420,11631.537803649902
uHvWwqUZZbWa66I,1421,11631.447710037231
uHvWwqUZZbWa66I,1422,11631.357622146606
uHvWwqUZZbWa66I,1423,11631.267532348633
uHvWwqUZZbWa66I,1424,11631.207471847534
uHvWwqUZZbWa66I,1425,11631.11738395691
uHvWwqUZZbWa66I,1426,11631.02728843689
uHvWwqUZZbWa66I,1427,11630.937200546265
uHvWwqUZZbWa66I,1428,11630.84711265564
uHvWwqUZZbWa66I,1429,11630.787052154541
uHvWwqUZZbWa66I,1430,11630.696962356567
uHvWwqUZZbWa66I,1431,11630.606872558594
uHvWwqUZZbWa66I,1432,11630.576843261719
uHvWwqUZZbWa66I,1433,11630.51678276062
uHvWwqUZZbWa66I,1434,11630.456718444824
uHvWwqUZZbWa66I,1435,11630.396659851074
uHvWwqUZZbWa66I,1436,11630.30657196045
uHvWwqUZZbWa66I,1437,11630.216480255127
uHvWwqUZZbWa66I,1438,11630.126392364502
uHvWwqUZZbWa66I,1439,11630.036302566528
uHvWwqUZZbWa66I,1440,11629.946208953857
uHvWwqUZZbWa66I,1441,11629.856121063232
uHvWwqUZZbWa66I,1442,11629.76602935791
uHvWwqUZZbWa66I,1443,11629.675941467285
uHvWwqUZZbWa66I,1444,11629.615882873535
uHvWwqUZZbWa66I,1445,11629.55581855774
uHvWwqUZZbWa66I,1446,11629.49575805664
uHvWwqUZZbWa66I,1447,11629.405668258667
uHvWwqUZZbWa66I,1448,11629.315580368042
uHvWwqUZZbWa66I,1449,11629.255519866943
uHvWwqUZZbWa66I,1450,11629.225490570068
uHvWwqUZZbWa66I,1451,11629.135398864746
uHvWwqUZZbWa66I,1452,11629.045309066772
uHvWwqUZZbWa66I,1453,11628.955219268799
uHvWwqUZZbWa66I,1454,11628.895160675049
uHvWwqUZZbWa66I,1455,11628.83510017395
uHvWwqUZZbWa66I,1456,11628.745008468628
uHvWwqUZZbWa66I,1457,11628.654916763306
uHvWwqUZZbWa66I,1458,11628.594858169556
uHvWwqUZZbWa66I,1459,11628.50477027893
uHvWwqUZZbWa66I,1460,11628.414680480957
uHvWwqUZZbWa66I,1461,11628.324590682983
uHvWwqUZZbWa66I,1462,11628.234497070312
uHvWwqUZZbWa66I,1463,11628.204467773438
uHvWwqUZZbWa66I,1464,11628.114377975464
uHvWwqUZZbWa66I,1465,11628.024290084839
uHvWwqUZZbWa66I,1466,11627.964231491089
uHvWwqUZZbWa66I,1467,11627.904167175293
uHvWwqUZZbWa66I,1468,11627.81407737732
uHvWwqUZZbWa66I,1469,11627.723989486694
uHvWwqUZZbWa66I,1470,11627.663928985596
uHvWwqUZZbWa66I,1471,11627.57384109497
uHvWwqUZZbWa66I,1472,11627.483745574951
uHvWwqUZZbWa66I,1473,11627.393657684326
uHvWwqUZZbWa66I,1474,11627.303567886353
uHvWwqUZZbWa66I,1475,11627.213478088379
uHvWwqUZZbWa66I,1476,11627.153419494629
uHvWwqUZZbWa66I,1477,11627.063325881958
uHvWwqUZZbWa66I,1478,11627.033294677734
uHvWwqUZZbWa66I,1479,11626.973236083984
uHvWwqUZZbWa66I,1480,11626.913175582886
uHvWwqUZZbWa66I,1481,11626.823085784912
uHvWwqUZZbWa66I,1482,11626.763027191162
uHvWwqUZZbWa66I,1483,11626.672937393188
uHvWwqUZZbWa66I,1484,11626.612878799438
uHvWwqUZZbWa66I,1485,11626.522789001465
uHvWwqUZZbWa66I,1486,11626.432695388794
uHvWwqUZZbWa66I,1487,11626.372634887695
uHvWwqUZZbWa66I,1488,11626.282545089722
uHvWwqUZZbWa66I,1489,11626.192457199097
uHvWwqUZZbWa66I,1490,11626.102367401123
uHvWwqUZZbWa66I,1491,11626.072338104248
uHvWwqUZZbWa66I,1492,11625.982246398926
uHvWwqUZZbWa66I,1493,11625.95221710205
uHvWwqUZZbWa66I,1494,11625.862127304077
uHvWwqUZZbWa66I,1495,11625.772035598755
uHvWwqUZZbWa66I,1496,11625.681945800781
uHvWwqUZZbWa66I,1497,11625.591856002808
uHvWwqUZZbWa66I,1498,11625.501768112183
uHvWwqUZZbWa66I,1499,11625.411678314209
uHvWwqUZZbWa66I,1500,11625.381645202637
uHvWwqUZZbWa66I,1501,11625.321584701538
uHvWwqUZZbWa66I,1502,11625.231496810913
uHvWwqUZZbWa66I,1503,11625.14140510559
uHvWwqUZZbWa66I,1504,11625.051317214966
uHvWwqUZZbWa66I,1505,11624.991254806519
uHvWwqUZZbWa66I,1506,11624.931196212769
uHvWwqUZZbWa66I,1507,11624.841104507446
uHvWwqUZZbWa66I,1508,11624.751016616821
uHvWwqUZZbWa66I,1509,11624.660924911499
uHvWwqUZZbWa66I,1510,11624.570833206177
uHvWwqUZZbWa66I,1511,11624.510774612427
uHvWwqUZZbWa66I,1512,11624.480745315552
uHvWwqUZZbWa66I,1513,11624.390655517578
uHvWwqUZZbWa66I,1514,11624.300565719604
uHvWwqUZZbWa66I,1515,11624.240503311157
uHvWwqUZZbWa66I,1516,11624.150415420532
uHvWwqUZZbWa66I,1517,11624.06032371521
uHvWwqUZZbWa66I,1518,11623.970235824585
uHvWwqUZZbWa66I,1519,11623.880144119263
uHvWwqUZZbWa66I,1520,11623.820085525513
uHvWwqUZZbWa66I,1521,11623.72999382019
uHvWwqUZZbWa66I,1522,11623.639904022217
uHvWwqUZZbWa66I,1523,11623.549814224243
uHvWwqUZZbWa66I,1524,11623.45972442627
uHvWwqUZZbWa66I,1525,11623.39966392517
uHvWwqUZZbWa66I,1526,11623.339601516724
uHvWwqUZZbWa66I,1527,11623.249513626099
uHvWwqUZZbWa66I,1528,11623.159423828125
uHvWwqUZZbWa66I,1529,11623.069334030151
uHvWwqUZZbWa66I,1530,11622.979246139526
uHvWwqUZZbWa66I,1531,11622.889152526855
uHvWwqUZZbWa66I,1532,11622.799062728882
uHvWwqUZZbWa66I,1533,11622.739002227783
uHvWwqUZZbWa66I,1534,11622.678943634033
uHvWwqUZZbWa66I,1535,11622.618885040283
uHvWwqUZZbWa66I,1536,11622.558824539185
uHvWwqUZZbWa66I,1537,11622.498762130737
uHvWwqUZZbWa66I,1538,11622.438701629639
uHvWwqUZZbWa66I,1539,11622.378643035889
uHvWwqUZZbWa66I,1540,11622.378643035889
uHvWwqUZZbWa66I,1541,11622.348613739014
uHvWwqUZZbWa66I,1542,11622.31858253479
uHvWwqUZZbWa66I,1543,11622.288553237915
uHvWwqUZZbWa66I,1544,11622.25852394104
uHvWwqUZZbWa66I,1545,11622.228492736816
uHvWwqUZZbWa66I,1546,11622.168432235718
uHvWwqUZZbWa66I,1547,11622.108373641968
uHvWwqUZZbWa66I,1548,11622.048315048218
uHvWwqUZZbWa66I,1549,11621.958219528198
uHvWwqUZZbWa66I,1550,11621.898160934448
uHvWwqUZZbWa66I,1551,11621.868129730225
uHvWwqUZZbWa66I,1552,11621.83810043335
uHvWwqUZZbWa66I,1553,11621.808069229126
uHvWwqUZZbWa66I,1554,11621.808069229126
uHvWwqUZZbWa66I,1555,11621.748010635376
uHvWwqUZZbWa66I,1556,11621.657922744751
uHvWwqUZZbWa66I,1557,11621.597862243652
uHvWwqUZZbWa66I,1558,11621.537803649902
uHvWwqUZZbWa66I,1559,11621.477743148804
uHvWwqUZZbWa66I,1560,11621.38765335083
uHvWwqUZZbWa66I,1561,11621.357620239258
uHvWwqUZZbWa66I,1562,11621.267532348633
uHvWwqUZZbWa66I,1563,11621.207471847534
uHvWwqUZZbWa66I,1564,11621.147413253784
uHvWwqUZZbWa66I,1565,11621.05732345581
uHvWwqUZZbWa66I,1566,11620.997261047363
uHvWwqUZZbWa66I,1567,11620.90717124939
uHvWwqUZZbWa66I,1568,11620.84711265564
uHvWwqUZZbWa66I,1569,11620.787052154541
uHvWwqUZZbWa66I,1570,11620.726991653442
uHvWwqUZZbWa66I,1571,11620.636901855469
uHvWwqUZZbWa66I,1572,11620.546810150146
uHvWwqUZZbWa66I,1573,11620.456720352173
uHvWwqUZZbWa66I,1574,11620.366632461548
uHvWwqUZZbWa66I,1575,11620.276538848877
uHvWwqUZZbWa66I,1576,11620.216480255127
uHvWwqUZZbWa66I,1577,11620.186450958252
uHvWwqUZZbWa66I,1578,11620.096361160278
uHvWwqUZZbWa66I,1579,11620.006271362305
uHvWwqUZZbWa66I,1580,11619.946210861206
uHvWwqUZZbWa66I,1581,11619.886152267456
uHvWwqUZZbWa66I,1582,11619.826091766357
uHvWwqUZZbWa66I,1583,11619.76602935791
uHvWwqUZZbWa66I,1584,11619.70597076416
uHvWwqUZZbWa66I,1585,11619.615879058838
uHvWwqUZZbWa66I,1586,11619.525789260864
uHvWwqUZZbWa66I,1587,11619.43570137024
uHvWwqUZZbWa66I,1588,11619.345609664917
uHvWwqUZZbWa66I,1589,11619.315580368042
uHvWwqUZZbWa66I,1590,11619.225490570068
uHvWwqUZZbWa66I,1591,11619.135400772095
uHvWwqUZZbWa66I,1592,11619.045309066772
uHvWwqUZZbWa66I,1593,11618.985248565674
uHvWwqUZZbWa66I,1594,11618.895159721375
uHvWwqUZZbWa66I,1595,11618.8050699234
uHvWwqUZZbWa66I,1596,11618.714979171753
uHvWwqUZZbWa66I,1597,11618.654920578003
uHvWwqUZZbWa66I,1598,11618.564827919006
uHvWwqUZZbWa66I,1599,11618.504768371582
uHvWwqUZZbWa66I,1600,11618.444707870483
uHvWwqUZZbWa66I,1601,11618.354619979858
uHvWwqUZZbWa66I,1602,11618.26452922821
uHvWwqUZZbWa66I,1603,11618.174438476562
uHvWwqUZZbWa66I,1604,11618.144409179688
uHvWwqUZZbWa66I,1605,11618.084349632263
uHvWwqUZZbWa66I,1606,11617.994258880615
uHvWwqUZZbWa66I,1607,11617.904169082642
uHvWwqUZZbWa66I,1608,11617.814078330994
uHvWwqUZZbWa66I,1609,11617.75401687622
uHvWwqUZZbWa66I,1610,11617.693957328796
uHvWwqUZZbWa66I,1611,11617.633898735046
uHvWwqUZZbWa66I,1612,11617.573837280273
uHvWwqUZZbWa66I,1613,11617.51377773285
uHvWwqUZZbWa66I,1614,11617.483746528625
uHvWwqUZZbWa66I,1615,11617.423686981201
uHvWwqUZZbWa66I,1616,11617.363628387451
uHvWwqUZZbWa66I,1617,11617.303566932678
uHvWwqUZZbWa66I,1618,11617.243507385254
uHvWwqUZZbWa66I,1619,11617.18344783783
uHvWwqUZZbWa66I,1620,11617.123386383057
uHvWwqUZZbWa66I,1621,11617.063327789307
uHvWwqUZZbWa66I,1622,11617.033296585083
uHvWwqUZZbWa66I,1623,11617.003267288208
uHvWwqUZZbWa66I,1624,11616.943207740784
uHvWwqUZZbWa66I,1625,11616.853116989136
uHvWwqUZZbWa66I,1626,11616.793058395386
uHvWwqUZZbWa66I,1627,11616.732996940613
uHvWwqUZZbWa66I,1628,11616.672938346863
uHvWwqUZZbWa66I,1629,11616.582847595215
uHvWwqUZZbWa66I,1630,11616.552817344666
uHvWwqUZZbWa66I,1631,11616.522786140442
uHvWwqUZZbWa66I,1632,11616.462726593018
uHvWwqUZZbWa66I,1633,11616.402667999268
uHvWwqUZZbWa66I,1634,11616.342606544495
uHvWwqUZZbWa66I,1635,11616.28254699707
uHvWwqUZZbWa66I,1636,11616.222485542297
uHvWwqUZZbWa66I,1637,11616.162425994873
uHvWwqUZZbWa66I,1638,11616.102367401123
uHvWwqUZZbWa66I,1639,11616.04230594635
uHvWwqUZZbWa66I,1640,11615.982246398926
uHvWwqUZZbWa66I,1641,11615.922184944153
uHvWwqUZZbWa66I,1642,11615.862126350403
uHvWwqUZZbWa66I,1643,11615.802066802979
uHvWwqUZZbWa66I,1644,11615.74200630188
uHvWwqUZZbWa66I,1645,11615.651915550232
uHvWwqUZZbWa66I,1646,11615.591856956482
uHvWwqUZZbWa66I,1647,11615.531796455383
uHvWwqUZZbWa66I,1648,11615.50176525116
uHvWwqUZZbWa66I,1649,11615.471735954285
uHvWwqUZZbWa66I,1650,11615.44170665741
uHvWwqUZZbWa66I,1651,11615.411675453186
uHvWwqUZZbWa66I,1652,11615.351615905762
uHvWwqUZZbWa66I,1653,11615.261526107788
uHvWwqUZZbWa66I,1654,11615.17143535614
uHvWwqUZZbWa66I,1655,11615.14140510559
uHvWwqUZZbWa66I,1656,11615.081345558167
uHvWwqUZZbWa66I,1657,11615.051315307617
uHvWwqUZZbWa66I,1658,11615.021286010742
uHvWwqUZZbWa66I,1659,11614.991256713867
uHvWwqUZZbWa66I,1660,11614.90116596222
uHvWwqUZZbWa66I,1661,11614.871136665344
uHvWwqUZZbWa66I,1662,11614.811075210571
uHvWwqUZZbWa66I,1663,11614.720984458923
uHvWwqUZZbWa66I,1664,11614.660925865173
uHvWwqUZZbWa66I,1665,11614.6008644104
uHvWwqUZZbWa66I,1666,11614.540804862976
uHvWwqUZZbWa66I,1667,11614.480745315552
uHvWwqUZZbWa66I,1668,11614.420684814453
uHvWwqUZZbWa66I,1669,11614.360625267029
uHvWwqUZZbWa66I,1670,11614.330595970154
uHvWwqUZZbWa66I,1671,11614.27053451538
uHvWwqUZZbWa66I,1672,11614.210474967957
uHvWwqUZZbWa66I,1673,11614.150413513184
uHvWwqUZZbWa66I,1674,11614.150413513184
uHvWwqUZZbWa66I,1675,11614.120384216309
uHvWwqUZZbWa66I,1676,11614.030296325684
uHvWwqUZZbWa66I,1677,11613.940203666687
uHvWwqUZZbWa66I,1678,11613.880144119263
uHvWwqUZZbWa66I,1679,11613.820084571838
uHvWwqUZZbWa66I,1680,11613.820084571838
uHvWwqUZZbWa66I,1681,11613.76002407074
uHvWwqUZZbWa66I,1682,11613.69996547699
uHvWwqUZZbWa66I,1683,11613.639905929565
uHvWwqUZZbWa66I,1684,11613.549813270569
uHvWwqUZZbWa66I,1685,11613.489753723145
uHvWwqUZZbWa66I,1686,11613.45972442627
uHvWwqUZZbWa66I,1687,11613.399664878845
uHvWwqUZZbWa66I,1688,11613.339603424072
uHvWwqUZZbWa66I,1689,11613.279543876648
uHvWwqUZZbWa66I,1690,11613.219482421875
uHvWwqUZZbWa66I,1691,11613.159423828125
uHvWwqUZZbWa66I,1692,11613.0993642807
uHvWwqUZZbWa66I,1693,11613.069333076477
uHvWwqUZZbWa66I,1694,11613.009273529053
uHvWwqUZZbWa66I,1695,11612.97924232483
uHvWwqUZZbWa66I,1696,11612.919182777405
uHvWwqUZZbWa66I,1697,11612.859124183655
uHvWwqUZZbWa66I,1698,11612.829093933105
uHvWwqUZZbWa66I,1699,11612.769032478333
uHvWwqUZZbWa66I,1700,11612.739003181458
uHvWwqUZZbWa66I,1701,11612.678943634033
uHvWwqUZZbWa66I,1702,11612.648914337158
uHvWwqUZZbWa66I,1703,11612.648914337158
uHvWwqUZZbWa66I,1704,11612.588852882385
uHvWwqUZZbWa66I,1705,11612.528793334961
uHvWwqUZZbWa66I,1706,11612.498763084412
uHvWwqUZZbWa66I,1707,11612.468732833862
uHvWwqUZZbWa66I,1708,11612.408672332764
uHvWwqUZZbWa66I,1709,11612.34861278534
uHvWwqUZZbWa66I,1710,11612.31858253479
uHvWwqUZZbWa66I,1711,11612.288551330566
uHvWwqUZZbWa66I,1712,11612.228491783142
uHvWwqUZZbWa66I,1713,11612.138403892517
uHvWwqUZZbWa66I,1714,11612.078343391418
uHvWwqUZZbWa66I,1715,11611.98825263977
uHvWwqUZZbWa66I,1716,11611.898161888123
uHvWwqUZZbWa66I,1717,11611.838102340698
uHvWwqUZZbWa66I,1718,11611.808073043823
uHvWwqUZZbWa66I,1719,11611.717981338501
uHvWwqUZZbWa66I,1720,11611.687951087952
uHvWwqUZZbWa66I,1721,11611.627891540527
uHvWwqUZZbWa66I,1722,11611.537802696228
uHvWwqUZZbWa66I,1723,11611.47774219513
uHvWwqUZZbWa66I,1724,11611.41768169403
uHvWwqUZZbWa66I,1725,11611.327590942383
uHvWwqUZZbWa66I,1726,11611.267532348633
uHvWwqUZZbWa66I,1727,11611.207471847534
uHvWwqUZZbWa66I,1728,11611.11738204956
uHvWwqUZZbWa66I,1729,11611.057320594788
uHvWwqUZZbWa66I,1730,11610.967231750488
uHvWwqUZZbWa66I,1731,11610.907172203064
uHvWwqUZZbWa66I,1732,11610.817080497742
uHvWwqUZZbWa66I,1733,11610.787051200867
uHvWwqUZZbWa66I,1734,11610.726990699768
uHvWwqUZZbWa66I,1735,11610.666931152344
uHvWwqUZZbWa66I,1736,11610.606870651245
uHvWwqUZZbWa66I,1737,11610.546812057495
uHvWwqUZZbWa66I,1738,11610.486751556396
uHvWwqUZZbWa66I,1739,11610.426690101624
uHvWwqUZZbWa66I,1740,11610.336601257324
uHvWwqUZZbWa66I,1741,11610.24651145935
uHvWwqUZZbWa66I,1742,11610.186450004578
uHvWwqUZZbWa66I,1743,11610.096361160278
uHvWwqUZZbWa66I,1744,11610.03630065918
uHvWwqUZZbWa66I,1745,11609.976239204407
uHvWwqUZZbWa66I,1746,11609.886150360107
uHvWwqUZZbWa66I,1747,11609.796060562134
uHvWwqUZZbWa66I,1748,11609.73599910736
uHvWwqUZZbWa66I,1749,11609.675939559937
uHvWwqUZZbWa66I,1750,11609.585848808289
uHvWwqUZZbWa66I,1751,11609.585848808289
uHvWwqUZZbWa66I,1752,11609.555819511414
uHvWwqUZZbWa66I,1753,11609.525790214539
uHvWwqUZZbWa66I,1754,11609.46572971344
uHvWwqUZZbWa66I,1755,11609.405670166016
uHvWwqUZZbWa66I,1756,11609.37564086914
uHvWwqUZZbWa66I,1757,11609.315579414368
uHvWwqUZZbWa66I,1758,11609.285550117493
uHvWwqUZZbWa66I,1759,11609.22548866272
uHvWwqUZZbWa66I,1760,11609.16543006897
uHvWwqUZZbWa66I,1761,11609.105370521545
uHvWwqUZZbWa66I,1762,11609.045309066772
uHvWwqUZZbWa66I,1763,11609.015279769897
uHvWwqUZZbWa66I,1764,11608.985248565674
uHvWwqUZZbWa66I,1765,11608.955219268799
uHvWwqUZZbWa66I,1766,11608.895159721375
uHvWwqUZZbWa66I,1767,11608.8651304245
uHvWwqUZZbWa66I,1768,11608.805070877075
uHvWwqUZZbWa66I,1769,11608.714978218079
uHvWwqUZZbWa66I,1770,11608.654918670654
uHvWwqUZZbWa66I,1771,11608.62488937378
uHvWwqUZZbWa66I,1772,11608.564827919006
uHvWwqUZZbWa66I,1773,11608.534798622131
uHvWwqUZZbWa66I,1774,11608.474739074707
uHvWwqUZZbWa66I,1775,11608.414679527283
uHvWwqUZZbWa66I,1776,11608.384649276733
uHvWwqUZZbWa66I,1777,11608.384649276733
uHvWwqUZZbWa66I,1778,11608.384649276733
uHvWwqUZZbWa66I,1779,11608.354619979858
uHvWwqUZZbWa66I,1780,11608.324589729309
uHvWwqUZZbWa66I,1781,11608.29455947876
uHvWwqUZZbWa66I,1782,11608.234498023987
uHvWwqUZZbWa66I,1783,11608.174439430237
uHvWwqUZZbWa66I,1784,11608.144409179688
uHvWwqUZZbWa66I,1785,11608.084349632263
uHvWwqUZZbWa66I,1786,11608.02428817749
uHvWwqUZZbWa66I,1787,11607.994257926941
uHvWwqUZZbWa66I,1788,11607.934199333191
uHvWwqUZZbWa66I,1789,11607.874137878418
uHvWwqUZZbWa66I,1790,11607.814078330994
uHvWwqUZZbWa66I,1791,11607.814078330994
uHvWwqUZZbWa66I,1792,11607.784049034119
uHvWwqUZZbWa66I,1793,11607.784049034119
uHvWwqUZZbWa66I,1794,11607.723987579346
uHvWwqUZZbWa66I,1795,11607.69395828247
uHvWwqUZZbWa66I,1796,11607.633898735046
uHvWwqUZZbWa66I,1797,11607.603868484497
uHvWwqUZZbWa66I,1798,11607.573838233948
uHvWwqUZZbWa66I,1799,11607.543808937073
uHvWwqUZZbWa66I,1800,11607.483749389648
uHvWwqUZZbWa66I,1801,11607.453718185425
uHvWwqUZZbWa66I,1802,11607.42368888855
uHvWwqUZZbWa66I,1803,11607.393657684326
uHvWwqUZZbWa66I,1804,11607.363627433777
uHvWwqUZZbWa66I,1805,11607.333598136902
uHvWwqUZZbWa66I,1806,11607.303568840027
uHvWwqUZZbWa66I,1807,11607.243507385254
uHvWwqUZZbWa66I,1808,11607.213477134705
uHvWwqUZZbWa66I,1809,11607.153418540955
uHvWwqUZZbWa66I,1810,11607.093358039856
uHvWwqUZZbWa66I,1811,11607.063328742981
uHvWwqUZZbWa66I,1812,11607.063328742981
uHvWwqUZZbWa66I,1813,11606.973236083984
uHvWwqUZZbWa66I,1814,11606.91317653656
uHvWwqUZZbWa66I,1815,11606.883147239685
uHvWwqUZZbWa66I,1816,11606.883147239685
uHvWwqUZZbWa66I,1817,11606.883147239685
uHvWwqUZZbWa66I,1818,11606.82308769226
uHvWwqUZZbWa66I,1819,11606.793058395386
uHvWwqUZZbWa66I,1820,11606.76302909851
uHvWwqUZZbWa66I,1821,11606.702967643738
uHvWwqUZZbWa66I,1822,11606.702967643738
uHvWwqUZZbWa66I,1823,11606.702967643738
uHvWwqUZZbWa66I,1824,11606.672937393188
uHvWwqUZZbWa66I,1825,11606.64290714264
uHvWwqUZZbWa66I,1826,11606.612877845764
uHvWwqUZZbWa66I,1827,11606.612877845764
uHvWwqUZZbWa66I,1828,11606.55281829834
uHvWwqUZZbWa66I,1829,11606.52278804779
uHvWwqUZZbWa66I,1830,11606.462728500366
uHvWwqUZZbWa66I,1831,11606.402667045593
uHvWwqUZZbWa66I,1832,11606.342608451843
uHvWwqUZZbWa66I,1833,11606.28254699707
uHvWwqUZZbWa66I,1834,11606.222487449646
uHvWwqUZZbWa66I,1835,11606.192457199097
uHvWwqUZZbWa66I,1836,11606.162427902222
uHvWwqUZZbWa66I,1837,11606.132397651672
uHvWwqUZZbWa66I,1838,11606.102367401123
uHvWwqUZZbWa66I,1839,11606.04230594635
uHvWwqUZZbWa66I,1840,11605.9822473526
uHvWwqUZZbWa66I,1841,11605.95221710205
uHvWwqUZZbWa66I,1842,11605.922186851501
uHvWwqUZZbWa66I,1843,11605.892155647278
uHvWwqUZZbWa66I,1844,11605.862126350403
uHvWwqUZZbWa66I,1845,11605.80206489563
uHvWwqUZZbWa66I,1846,11605.742005348206
uHvWwqUZZbWa66I,1847,11605.681946754456
uHvWwqUZZbWa66I,1848,11605.651916503906
uHvWwqUZZbWa66I,1849,11605.621887207031
uHvWwqUZZbWa66I,1850,11605.591857910156
uHvWwqUZZbWa66I,1851,11605.561826705933
uHvWwqUZZbWa66I,1852,11605.501767158508
uHvWwqUZZbWa66I,1853,11605.441707611084
uHvWwqUZZbWa66I,1854,11605.381647109985
uHvWwqUZZbWa66I,1855,11605.291556358337
uHvWwqUZZbWa66I,1856,11605.20146560669
uHvWwqUZZbWa66I,1857,11605.141406059265
uHvWwqUZZbWa66I,1858,11605.081347465515
uHvWwqUZZbWa66I,1859,11605.021286010742
uHvWwqUZZbWa66I,1860,11604.961226463318
uHvWwqUZZbWa66I,1861,11604.901165008545
uHvWwqUZZbWa66I,1862,11604.811074256897
uHvWwqUZZbWa66I,1863,11604.751015663147
uHvWwqUZZbWa66I,1864,11604.660925865173
uHvWwqUZZbWa66I,1865,11604.570835113525
uHvWwqUZZbWa66I,1866,11604.54080581665
uHvWwqUZZbWa66I,1867,11604.480744361877
uHvWwqUZZbWa66I,1868,11604.390655517578
uHvWwqUZZbWa66I,1869,11604.33059501648
uHvWwqUZZbWa66I,1870,11604.270535469055
uHvWwqUZZbWa66I,1871,11604.24050617218
uHvWwqUZZbWa66I,1872,11604.180443763733
uHvWwqUZZbWa66I,1873,11604.120384216309
uHvWwqUZZbWa66I,1874,11604.03029346466
uHvWwqUZZbWa66I,1875,11603.97023487091
uHvWwqUZZbWa66I,1876,11603.910175323486
uHvWwqUZZbWa66I,1877,11603.820084571838
uHvWwqUZZbWa66I,1878,11603.76002407074
uHvWwqUZZbWa66I,1879,11603.66993522644
uHvWwqUZZbWa66I,1880,11603.609874725342
uHvWwqUZZbWa66I,1881,11603.519783973694
uHvWwqUZZbWa66I,1882,11603.489754676819
uHvWwqUZZbWa66I,1883,11603.39966392517
uHvWwqUZZbWa66I,1884,11603.339604377747
uHvWwqUZZbWa66I,1885,11603.279544830322
uHvWwqUZZbWa66I,1886,11603.219484329224
uHvWwqUZZbWa66I,1887,11603.189454078674
uHvWwqUZZbWa66I,1888,11603.159423828125
uHvWwqUZZbWa66I,1889,11603.129393577576
uHvWwqUZZbWa66I,1890,11603.129393577576
uHvWwqUZZbWa66I,1891,11603.0993642807
uHvWwqUZZbWa66I,1892,11603.039303779602
uHvWwqUZZbWa66I,1893,11602.979244232178
uHvWwqUZZbWa66I,1894,11602.91918373108
uHvWwqUZZbWa66I,1895,11602.88915348053
uHvWwqUZZbWa66I,1896,11602.85912322998
uHvWwqUZZbWa66I,1897,11602.85912322998
uHvWwqUZZbWa66I,1898,11602.829093933105
uHvWwqUZZbWa66I,1899,11602.799063682556
uHvWwqUZZbWa66I,1900,11602.799063682556
uHvWwqUZZbWa66I,1901,11602.769033432007
uHvWwqUZZbWa66I,1902,11602.708972930908
uHvWwqUZZbWa66I,1903,11602.648914337158
uHvWwqUZZbWa66I,1904,11602.558822631836
uHvWwqUZZbWa66I,1905,11602.498762130737
uHvWwqUZZbWa66I,1906,11602.468731880188
uHvWwqUZZbWa66I,1907,11602.438702583313
uHvWwqUZZbWa66I,1908,11602.438702583313
uHvWwqUZZbWa66I,1909,11602.378642082214
uHvWwqUZZbWa66I,1910,11602.34861278534
uHvWwqUZZbWa66I,1911,11602.31858253479
uHvWwqUZZbWa66I,1912,11602.258522033691
uHvWwqUZZbWa66I,1913,11602.198461532593
uHvWwqUZZbWa66I,1914,11602.168432235718
uHvWwqUZZbWa66I,1915,11602.138401985168
uHvWwqUZZbWa66I,1916,11602.078342437744
uHvWwqUZZbWa66I,1917,11602.018281936646
uHvWwqUZZbWa66I,1918,11601.958221435547
uHvWwqUZZbWa66I,1919,11601.868131637573
uHvWwqUZZbWa66I,1920,11601.808073043823
uHvWwqUZZbWa66I,1921,11601.748012542725
uHvWwqUZZbWa66I,1922,11601.687952041626
uHvWwqUZZbWa66I,1923,11601.627891540527
uHvWwqUZZbWa66I,1924,11601.567832946777
uHvWwqUZZbWa66I,1925,11601.537802696228
uHvWwqUZZbWa66I,1926,11601.507772445679
uHvWwqUZZbWa66I,1927,11601.47774219513
uHvWwqUZZbWa66I,1928,11601.44771194458
uHvWwqUZZbWa66I,1929,11601.44771194458
uHvWwqUZZbWa66I,1930,11601.44771194458
uHvWwqUZZbWa66I,1931,11601.44771194458
uHvWwqUZZbWa66I,1932,11601.44771194458
uHvWwqUZZbWa66I,1933,11601.44771194458
uHvWwqUZZbWa66I,1934,11601.44771194458
uHvWwqUZZbWa66I,1935,11601.41768169403
uHvWwqUZZbWa66I,1936,11601.387652397156
uHvWwqUZZbWa66I,1937,11601.357622146606
uHvWwqUZZbWa66I,1938,11601.357622146606
uHvWwqUZZbWa66I,1939,11601.357622146606
uHvWwqUZZbWa66I,1940,11601.327591896057
uHvWwqUZZbWa66I,1941,11601.327591896057
uHvWwqUZZbWa66I,1942,11601.297561645508
uHvWwqUZZbWa66I,1943,11601.297561645508
uHvWwqUZZbWa66I,1944,11601.297561645508
uHvWwqUZZbWa66I,1945,11601.267532348633
uHvWwqUZZbWa66I,1946,11601.267532348633
uHvWwqUZZbWa66I,1947,11601.267532348633
uHvWwqUZZbWa66I,1948,11601.267532348633
uHvWwqUZZbWa66I,1949,11601.237502098083
uHvWwqUZZbWa66I,1950,11601.177441596985
uHvWwqUZZbWa66I,1951,11601.147411346436
uHvWwqUZZbWa66I,1952,11601.11738204956
uHvWwqUZZbWa66I,1953,11601.087351799011
uHvWwqUZZbWa66I,1954,11601.057321548462
uHvWwqUZZbWa66I,1955,11601.057321548462
uHvWwqUZZbWa66I,1956,11601.027291297913
uHvWwqUZZbWa66I,1957,11600.997261047363
uHvWwqUZZbWa66I,1958,11600.967231750488
uHvWwqUZZbWa66I,1959,11600.967231750488
uHvWwqUZZbWa66I,1960,11600.967231750488
uHvWwqUZZbWa66I,1961,11600.937201499939
uHvWwqUZZbWa66I,1962,11600.90717124939
uHvWwqUZZbWa66I,1963,11600.87714099884
uHvWwqUZZbWa66I,1964,11600.847111225128
uHvWwqUZZbWa66I,1965,11600.847111225128
uHvWwqUZZbWa66I,1966,11600.847111225128
uHvWwqUZZbWa66I,1967,11600.817081451416
uHvWwqUZZbWa66I,1968,11600.787051200867
uHvWwqUZZbWa66I,1969,11600.757021427155
uHvWwqUZZbWa66I,1970,11600.757021427155
uHvWwqUZZbWa66I,1971,11600.757021427155
uHvWwqUZZbWa66I,1972,11600.726991176605
uHvWwqUZZbWa66I,1973,11600.696961402893
uHvWwqUZZbWa66I,1974,11600.696961402893
uHvWwqUZZbWa66I,1975,11600.696961402893
uHvWwqUZZbWa66I,1976,11600.696961402893
uHvWwqUZZbWa66I,1977,11600.696961402893
uHvWwqUZZbWa66I,1978,11600.666931152344
uHvWwqUZZbWa66I,1979,11600.636901378632
uHvWwqUZZbWa66I,1980,11600.636901378632
uHvWwqUZZbWa66I,1981,11600.636901378632
uHvWwqUZZbWa66I,1982,11600.606871128082
uHvWwqUZZbWa66I,1983,11600.606871128082
uHvWwqUZZbWa66I,1984,11600.606871128082
uHvWwqUZZbWa66I,1985,11600.606871128082
uHvWwqUZZbWa66I,1986,11600.606871128082
uHvWwqUZZbWa66I,1987,11600.606871128082
uHvWwqUZZbWa66I,1988,11600.606871128082
uHvWwqUZZbWa66I,1989,11600.606871128082
uHvWwqUZZbWa66I,1990,11600.606871128082
uHvWwqUZZbWa66I,1991,11600.606871128082
uHvWwqUZZbWa66I,1992,11600.606871128082
uHvWwqUZZbWa66I,1993,11600.606871128082
uHvWwqUZZbWa66I,1994,11600.606871128082
uHvWwqUZZbWa66I,1995,11600.606871128082
uHvWwqUZZbWa66I,1996,11600.576840877533
uHvWwqUZZbWa66I,1997,11600.576840877533
uHvWwqUZZbWa66I,1998,11600.576840877533
uHvWwqUZZbWa66I,1999,11600.576840877533
uHvWwqUZZbWa66I,2000,11600.576840877533
uHvWwqUZZbWa66I,2001,11600.576840877533
uHvWwqUZZbWa66I,2002,11600.576840877533
uHvWwqUZZbWa66I,2003,11600.576840877533
uHvWwqUZZbWa66I,2004,11600.576840877533
uHvWwqUZZbWa66I,2005,11600.576840877533
uHvWwqUZZbWa66I,2006,11600.576840877533
uHvWwqUZZbWa66I,2007,11600.576840877533
uHvWwqUZZbWa66I,2008,11600.576840877533
uHvWwqUZZbWa66I,2009,11600.576840877533
uHvWwqUZZbWa66I,2010,11600.576840877533
uHvWwqUZZbWa66I,2011,11600.576840877533
uHvWwqUZZbWa66I,2012,11600.576840877533
uHvWwqUZZbWa66I,2013,11600.576840877533
uHvWwqUZZbWa66I,2014,11600.576840877533
uHvWwqUZZbWa66I,2015,11600.576840877533
uHvWwqUZZbWa66I,2016,11600.576840877533
uHvWwqUZZbWa66I,2017,11600.576840877533
uHvWwqUZZbWa66I,2018,11600.576840877533
uHvWwqUZZbWa66I,2019,11600.576840877533
uHvWwqUZZbWa66I,2020,11600.576840877533
uHvWwqUZZbWa66I,2021,11600.576840877533
uHvWwqUZZbWa66I,2022,11600.576840877533
uHvWwqUZZbWa66I,2023,11600.576840877533
uHvWwqUZZbWa66I,2024,11600.576840877533
uHvWwqUZZbWa66I,2025,11600.576840877533
uHvWwqUZZbWa66I,2026,11600.576840877533
uHvWwqUZZbWa66I,2027,11600.576840877533
uHvWwqUZZbWa66I,2028,11600.576840877533
uHvWwqUZZbWa66I,2029,11600.576840877533
uHvWwqUZZbWa66I,2030,11600.576840877533
uHvWwqUZZbWa66I,2031,11600.576840877533
uHvWwqUZZbWa66I,2032,11600.576840877533
uHvWwqUZZbWa66I,2033,11600.576840877533
uHvWwqUZZbWa66I,2034,11600.576840877533
uHvWwqUZZbWa66I,2035,11600.576840877533
uHvWwqUZZbWa66I,2036,11600.576840877533
uHvWwqUZZbWa66I,2037,11600.576840877533
uHvWwqUZZbWa66I,2038,11600.576840877533
uHvWwqUZZbWa66I,2039,11600.576840877533
uHvWwqUZZbWa66I,2040,11600.576840877533
uHvWwqUZZbWa66I,2041,11600.576840877533
uHvWwqUZZbWa66I,2042,11600.576840877533
uHvWwqUZZbWa66I,2043,11600.576840877533
uHvWwqUZZbWa66I,2044,11600.576840877533
uHvWwqUZZbWa66I,2045,11600.576840877533
uHvWwqUZZbWa66I,2046,11600.576840877533
uHvWwqUZZbWa66I,2047,11600.576840877533
uHvWwqUZZbWa66I,2048,11600.576840877533
uHvWwqUZZbWa66I,2049,11600.576840877533
uHvWwqUZZbWa66I,2050,11600.576840877533
uHvWwqUZZbWa66I,2051,11600.576840877533
uHvWwqUZZbWa66I,2052,11600.576840877533
uHvWwqUZZbWa66I,2053,11600.576840877533
uHvWwqUZZbWa66I,2054,11600.576840877533
uHvWwqUZZbWa66I,2055,11600.576840877533
uHvWwqUZZbWa66I,2056,11600.576840877533
uHvWwqUZZbWa66I,2057,11600.576840877533
uHvWwqUZZbWa66I,2058,11600.576840877533
uHvWwqUZZbWa66I,2059,11600.576840877533
uHvWwqUZZbWa66I,2060,11600.576840877533
uHvWwqUZZbWa66I,2061,11600.576840877533
uHvWwqUZZbWa66I,2062,11600.576840877533
uHvWwqUZZbWa66I,2063,11600.576840877533
uHvWwqUZZbWa66I,2064,11600.576840877533
uHvWwqUZZbWa66I,2065,11600.576840877533
uHvWwqUZZbWa66I,2066,11600.576840877533
uHvWwqUZZbWa66I,2067,11600.576840877533
uHvWwqUZZbWa66I,2068,11600.576840877533
uHvWwqUZZbWa66I,2069,11600.576840877533
uHvWwqUZZbWa66I,2070,11600.576840877533
uHvWwqUZZbWa66I,2071,11600.576840877533
uHvWwqUZZbWa66I,2072,11600.576840877533
uHvWwqUZZbWa66I,2073,11600.576840877533
uHvWwqUZZbWa66I,2074,11600.576840877533
uHvWwqUZZbWa66I,2075,11600.576840877533
uHvWwqUZZbWa66I,2076,11600.576840877533
uHvWwqUZZbWa66I,2077,11600.576840877533
uHvWwqUZZbWa66I,2078,11600.576840877533
uHvWwqUZZbWa66I,2079,11600.576840877533
uHvWwqUZZbWa66I,2080,11600.576840877533
uHvWwqUZZbWa66I,2081,11600.576840877533
uHvWwqUZZbWa66I,2082,11600.576840877533
uHvWwqUZZbWa66I,2083,11600.576840877533
uHvWwqUZZbWa66I,2084,11600.576840877533
uHvWwqUZZbWa66I,2085,11600.576840877533
uHvWwqUZZbWa66I,2086,11600.576840877533
uHvWwqUZZbWa66I,2087,11600.576840877533
uHvWwqUZZbWa66I,2088,11600.576840877533
uHvWwqUZZbWa66I,2089,11600.576840877533
uHvWwqUZZbWa66I,2090,11600.576840877533
uHvWwqUZZbWa66I,2091,11600.576840877533
uHvWwqUZZbWa66I,2092,11600.576840877533
uHvWwqUZZbWa66I,2093,11600.576840877533
uHvWwqUZZbWa66I,2094,11600.576840877533
uHvWwqUZZbWa66I,2095,11600.576840877533
uHvWwqUZZbWa66I,2096,11600.576840877533
uHvWwqUZZbWa66I,2097,11600.576840877533
uHvWwqUZZbWa66I,2098,11600.576840877533
uHvWwqUZZbWa66I,2099,11600.576840877533
uHvWwqUZZbWa66I,2100,11600.576840877533
uHvWwqUZZbWa66I,2101,11600.576840877533
uHvWwqUZZbWa66I,2102,11600.576840877533
uHvWwqUZZbWa66I,2103,11600.576840877533
uHvWwqUZZbWa66I,2104,11600.576840877533
uHvWwqUZZbWa66I,2105,11600.576840877533
uHvWwqUZZbWa66I,2106,11600.576840877533
uHvWwqUZZbWa66I,2107,11600.576840877533
uHvWwqUZZbWa66I,2108,11600.576840877533
uHvWwqUZZbWa66I,2109,11600.576840877533
uHvWwqUZZbWa66I,2110,11600.576840877533
uHvWwqUZZbWa66I,2111,11600.576840877533
uHvWwqUZZbWa66I,2112,11600.576840877533
uHvWwqUZZbWa66I,2113,11600.576840877533
uHvWwqUZZbWa66I,2114,11600.576840877533
uHvWwqUZZbWa66I,2115,11600.576840877533
uHvWwqUZZbWa66I,2116,11600.576840877533
uHvWwqUZZbWa66I,2117,11600.576840877533
uHvWwqUZZbWa66I,2118,11600.576840877533
uHvWwqUZZbWa66I,2119,11600.576840877533
uHvWwqUZZbWa66I,2120,11600.576840877533
uHvWwqUZZbWa66I,2121,11600.576840877533
uHvWwqUZZbWa66I,2122,11600.576840877533
uHvWwqUZZbWa66I,2123,11600.576840877533
uHvWwqUZZbWa66I,2124,11600.576840877533
uHvWwqUZZbWa66I,2125,11600.576840877533
uHvWwqUZZbWa66I,2126,11600.576840877533
uHvWwqUZZbWa66I,2127,11600.576840877533
uHvWwqUZZbWa66I,2128,11600.576840877533
uHvWwqUZZbWa66I,2129,11600.576840877533
uHvWwqUZZbWa66I,2130,11600.576840877533
uHvWwqUZZbWa66I,2131,11600.576840877533
uHvWwqUZZbWa66I,2132,11600.576840877533
uHvWwqUZZbWa66I,2133,11600.576840877533
uHvWwqUZZbWa66I,2134,11600.576840877533
uHvWwqUZZbWa66I,2135,11600.576840877533
uHvWwqUZZbWa66I,2136,11600.576840877533
uHvWwqUZZbWa66I,2137,11600.576840877533
uHvWwqUZZbWa66I,2138,11600.576840877533
uHvWwqUZZbWa66I,2139,11600.576840877533
uHvWwqUZZbWa66I,2140,11600.576840877533
uHvWwqUZZbWa66I,2141,11600.576840877533
uHvWwqUZZbWa66I,2142,11600.576840877533
uHvWwqUZZbWa66I,2143,11600.576840877533
uHvWwqUZZbWa66I,2144,11600.576840877533
uHvWwqUZZbWa66I,2145,11600.576840877533
uHvWwqUZZbWa66I,2146,11600.576840877533
uHvWwqUZZbWa66I,2147,11600.576840877533
uHvWwqUZZbWa66I,2148,11600.576840877533
uHvWwqUZZbWa66I,2149,11600.576840877533
uHvWwqUZZbWa66I,2150,11600.576840877533
uHvWwqUZZbWa66I,2151,11600.576840877533
uHvWwqUZZbWa66I,2152,11600.576840877533
uHvWwqUZZbWa66I,2153,11600.576840877533
uHvWwqUZZbWa66I,2154,11600.576840877533
uHvWwqUZZbWa66I,2155,11600.576840877533
uHvWwqUZZbWa66I,2156,11600.576840877533
uHvWwqUZZbWa66I,2157,11600.576840877533
uHvWwqUZZbWa66I,2158,11600.576840877533
uHvWwqUZZbWa66I,2159,11600.576840877533
uHvWwqUZZbWa66I,2160,11600.576840877533
uHvWwqUZZbWa66I,2161,11600.576840877533
uHvWwqUZZbWa66I,2162,11600.576840877533
uHvWwqUZZbWa66I,2163,11600.576840877533
uHvWwqUZZbWa66I,2164,11600.576840877533
uHvWwqUZZbWa66I,2165,11600.576840877533
uHvWwqUZZbWa66I,2166,11600.576840877533
uHvWwqUZZbWa66I,2167,11600.576840877533
uHvWwqUZZbWa66I,2168,11600.576840877533
uHvWwqUZZbWa66I,2169,11600.576840877533
uHvWwqUZZbWa66I,2170,11600.576840877533
uHvWwqUZZbWa66I,2171,11600.576840877533
uHvWwqUZZbWa66I,2172,11600.576840877533
uHvWwqUZZbWa66I,2173,11600.576840877533
uHvWwqUZZbWa66I,2174,11600.576840877533
uHvWwqUZZbWa66I,2175,11600.576840877533
uHvWwqUZZbWa66I,2176,11600.54681110382
uHvWwqUZZbWa66I,2177,11600.54681110382
uHvWwqUZZbWa66I,2178,11600.54681110382
uHvWwqUZZbWa66I,2179,11600.54681110382
uHvWwqUZZbWa66I,2180,11600.54681110382
uHvWwqUZZbWa66I,2181,11600.54681110382
uHvWwqUZZbWa66I,2182,11600.54681110382
uHvWwqUZZbWa66I,2183,11600.54681110382
uHvWwqUZZbWa66I,2184,11600.54681110382
uHvWwqUZZbWa66I,2185,11600.54681110382
uHvWwqUZZbWa66I,2186,11600.54681110382
uHvWwqUZZbWa66I,2187,11600.54681110382
uHvWwqUZZbWa66I,2188,11600.54681110382
uHvWwqUZZbWa66I,2189,11600.54681110382
uHvWwqUZZbWa66I,2190,11600.54681110382
uHvWwqUZZbWa66I,2191,11600.54681110382
uHvWwqUZZbWa66I,2192,11600.54681110382
uHvWwqUZZbWa66I,2193,11600.54681110382
uHvWwqUZZbWa66I,2194,11600.54681110382
uHvWwqUZZbWa66I,2195,11600.54681110382
uHvWwqUZZbWa66I,2196,11600.54681110382
uHvWwqUZZbWa66I,2197,11600.54681110382
uHvWwqUZZbWa66I,2198,11600.54681110382
uHvWwqUZZbWa66I,2199,11600.54681110382
uHvWwqUZZbWa66I,2200,11600.54681110382
uHvWwqUZZbWa66I,2201,11600.54681110382
uHvWwqUZZbWa66I,2202,11600.54681110382
uHvWwqUZZbWa66I,2203,11600.54681110382
uHvWwqUZZbWa66I,2204,11600.54681110382
uHvWwqUZZbWa66I,2205,11600.54681110382
uHvWwqUZZbWa66I,2206,11600.54681110382
uHvWwqUZZbWa66I,2207,11600.54681110382
uHvWwqUZZbWa66I,2208,11600.54681110382
uHvWwqUZZbWa66I,2209,11600.54681110382
uHvWwqUZZbWa66I,2210,11600.54681110382
uHvWwqUZZbWa66I,2211,11600.54681110382
uHvWwqUZZbWa66I,2212,11600.54681110382
uHvWwqUZZbWa66I,2213,11600.54681110382
uHvWwqUZZbWa66I,2214,11600.54681110382
uHvWwqUZZbWa66I,2215,11600.54681110382
uHvWwqUZZbWa66I,2216,11600.54681110382
uHvWwqUZZbWa66I,2217,11600.54681110382
uHvWwqUZZbWa66I,2218,11600.54681110382
uHvWwqUZZbWa66I,2219,11600.54681110382
uHvWwqUZZbWa66I,2220,11600.54681110382
uHvWwqUZZbWa66I,2221,11600.54681110382
uHvWwqUZZbWa66I,2222,11600.54681110382
uHvWwqUZZbWa66I,2223,11600.54681110382
uHvWwqUZZbWa66I,2224,11600.54681110382
uHvWwqUZZbWa66I,2225,11600.54681110382
uHvWwqUZZbWa66I,2226,11600.54681110382
uHvWwqUZZbWa66I,2227,11600.54681110382
uHvWwqUZZbWa66I,2228,11600.54681110382
uHvWwqUZZbWa66I,2229,11600.54681110382
uHvWwqUZZbWa66I,2230,11600.54681110382
uHvWwqUZZbWa66I,2231,11600.54681110382
uHvWwqUZZbWa66I,2232,11600.54681110382
uHvWwqUZZbWa66I,2233,11600.54681110382
uHvWwqUZZbWa66I,2234,11600.54681110382
uHvWwqUZZbWa66I,2235,11600.54681110382
uHvWwqUZZbWa66I,2236,11600.54681110382
uHvWwqUZZbWa66I,2237,11600.54681110382
uHvWwqUZZbWa66I,2238,11600.54681110382
uHvWwqUZZbWa66I,2239,11600.54681110382
uHvWwqUZZbWa66I,2240,11600.54681110382
uHvWwqUZZbWa66I,2241,11600.54681110382
uHvWwqUZZbWa66I,2242,11600.54681110382
uHvWwqUZZbWa66I,2243,11600.54681110382
uHvWwqUZZbWa66I,2244,11600.54681110382
uHvWwqUZZbWa66I,2245,11600.54681110382
uHvWwqUZZbWa66I,2246,11600.54681110382
uHvWwqUZZbWa66I,2247,11600.54681110382
uHvWwqUZZbWa66I,2248,11600.54681110382
uHvWwqUZZbWa66I,2249,11600.54681110382
uHvWwqUZZbWa66I,2250,11600.54681110382
uHvWwqUZZbWa66I,2251,11600.54681110382
uHvWwqUZZbWa66I,2252,11600.54681110382
uHvWwqUZZbWa66I,2253,11600.54681110382
uHvWwqUZZbWa66I,2254,11600.54681110382
uHvWwqUZZbWa66I,2255,11600.54681110382
uHvWwqUZZbWa66I,2256,11600.54681110382
uHvWwqUZZbWa66I,2257,11600.54681110382
uHvWwqUZZbWa66I,2258,11600.54681110382
uHvWwqUZZbWa66I,2259,11600.54681110382
uHvWwqUZZbWa66I,2260,11600.54681110382
uHvWwqUZZbWa66I,2261,11600.54681110382
uHvWwqUZZbWa66I,2262,11600.54681110382
uHvWwqUZZbWa66I,2263,11600.54681110382
uHvWwqUZZbWa66I,2264,11600.54681110382
uHvWwqUZZbWa66I,2265,11600.54681110382
uHvWwqUZZbWa66I,2266,11600.54681110382
uHvWwqUZZbWa66I,2267,11600.54681110382
uHvWwqUZZbWa66I,2268,11600.54681110382
uHvWwqUZZbWa66I,2269,11600.54681110382
uHvWwqUZZbWa66I,2270,11600.54681110382
uHvWwqUZZbWa66I,2271,11600.54681110382
uHvWwqUZZbWa66I,2272,11600.54681110382
uHvWwqUZZbWa66I,2273,11600.54681110382
uHvWwqUZZbWa66I,2274,11600.54681110382
uHvWwqUZZbWa66I,2275,11600.54681110382
uHvWwqUZZbWa66I,2276,11600.54681110382
uHvWwqUZZbWa66I,2277,11600.54681110382
uHvWwqUZZbWa66I,2278,11600.54681110382
uHvWwqUZZbWa66I,2279,11600.54681110382
uHvWwqUZZbWa66I,2280,11600.54681110382
uHvWwqUZZbWa66I,2281,11600.54681110382
uHvWwqUZZbWa66I,2282,11600.54681110382
uHvWwqUZZbWa66I,2283,11600.54681110382
uHvWwqUZZbWa66I,2284,11600.54681110382
uHvWwqUZZbWa66I,2285,11600.54681110382
uHvWwqUZZbWa66I,2286,11600.54681110382
uHvWwqUZZbWa66I,2287,11600.54681110382
uHvWwqUZZbWa66I,2288,11600.54681110382
uHvWwqUZZbWa66I,2289,11600.54681110382
uHvWwqUZZbWa66I,2290,11600.54681110382
uHvWwqUZZbWa66I,2291,11600.54681110382
uHvWwqUZZbWa66I,2292,11600.54681110382
uHvWwqUZZbWa66I,2293,11600.54681110382
uHvWwqUZZbWa66I,2294,11600.54681110382
uHvWwqUZZbWa66I,2295,11600.54681110382
uHvWwqUZZbWa66I,2296,11600.54681110382
uHvWwqUZZbWa66I,2297,11600.54681110382
uHvWwqUZZbWa66I,2298,11600.54681110382
uHvWwqUZZbWa66I,2299,11600.54681110382
uHvWwqUZZbWa66I,2300,11600.54681110382
uHvWwqUZZbWa66I,2301,11600.54681110382
uHvWwqUZZbWa66I,2302,11600.54681110382
uHvWwqUZZbWa66I,2303,11600.54681110382
uHvWwqUZZbWa66I,2304,11600.54681110382
uHvWwqUZZbWa66I,2305,11600.54681110382
uHvWwqUZZbWa66I,2306,11600.54681110382
uHvWwqUZZbWa66I,2307,11600.54681110382
uHvWwqUZZbWa66I,2308,11600.54681110382
uHvWwqUZZbWa66I,2309,11600.54681110382
uHvWwqUZZbWa66I,2310,11600.54681110382
uHvWwqUZZbWa66I,2311,11600.54681110382
uHvWwqUZZbWa66I,2312,11600.54681110382
uHvWwqUZZbWa66I,2313,11600.54681110382
uHvWwqUZZbWa66I,2314,11600.54681110382
uHvWwqUZZbWa66I,2315,11600.54681110382
uHvWwqUZZbWa66I,2316,11600.54681110382
uHvWwqUZZbWa66I,2317,11600.54681110382
uHvWwqUZZbWa66I,2318,11600.54681110382
uHvWwqUZZbWa66I,2319,11600.54681110382
uHvWwqUZZbWa66I,2320,11600.54681110382
uHvWwqUZZbWa66I,2321,11600.54681110382
uHvWwqUZZbWa66I,2322,11600.54681110382
uHvWwqUZZbWa66I,2323,11600.54681110382
uHvWwqUZZbWa66I,2324,11600.54681110382
uHvWwqUZZbWa66I,2325,11600.54681110382
uHvWwqUZZbWa66I,2326,11600.54681110382
uHvWwqUZZbWa66I,2327,11600.54681110382
uHvWwqUZZbWa66I,2328,11600.54681110382
uHvWwqUZZbWa66I,2329,11600.54681110382
uHvWwqUZZbWa66I,2330,11600.54681110382
uHvWwqUZZbWa66I,2331,11600.54681110382
uHvWwqUZZbWa66I,2332,11600.54681110382
uHvWwqUZZbWa66I,2333,11600.54681110382
uHvWwqUZZbWa66I,2334,11600.54681110382
uHvWwqUZZbWa66I,2335,11600.54681110382
uHvWwqUZZbWa66I,2336,11600.54681110382
uHvWwqUZZbWa66I,2337,11600.54681110382
uHvWwqUZZbWa66I,2338,11600.54681110382
uHvWwqUZZbWa66I,2339,11600.54681110382
uHvWwqUZZbWa66I,2340,11600.54681110382
uHvWwqUZZbWa66I,2341,11600.54681110382
uHvWwqUZZbWa66I,2342,11600.54681110382
uHvWwqUZZbWa66I,2343,11600.54681110382
uHvWwqUZZbWa66I,2344,11600.54681110382
uHvWwqUZZbWa66I,2345,11600.54681110382
uHvWwqUZZbWa66I,2346,11600.54681110382
uHvWwqUZZbWa66I,2347,11600.54681110382
uHvWwqUZZbWa66I,2348,11600.54681110382
uHvWwqUZZbWa66I,2349,11600.54681110382
uHvWwqUZZbWa66I,2350,11600.54681110382
uHvWwqUZZbWa66I,2351,11600.54681110382
uHvWwqUZZbWa66I,2352,11600.54681110382
uHvWwqUZZbWa66I,2353,11600.54681110382
uHvWwqUZZbWa66I,2354,11600.54681110382
uHvWwqUZZbWa66I,2355,11600.54681110382
uHvWwqUZZbWa66I,2356,11600.54681110382
uHvWwqUZZbWa66I,2357,11600.54681110382
uHvWwqUZZbWa66I,2358,11600.54681110382
uHvWwqUZZbWa66I,2359,11600.54681110382
uHvWwqUZZbWa66I,2360,11600.54681110382
uHvWwqUZZbWa66I,2361,11600.54681110382
uHvWwqUZZbWa66I,2362,11600.54681110382
uHvWwqUZZbWa66I,2363,11600.54681110382
uHvWwqUZZbWa66I,2364,11600.54681110382
uHvWwqUZZbWa66I,2365,11600.54681110382
uHvWwqUZZbWa66I,2366,11600.54681110382
uHvWwqUZZbWa66I,2367,11600.54681110382
uHvWwqUZZbWa66I,2368,11600.54681110382
uHvWwqUZZbWa66I,2369,11600.54681110382
uHvWwqUZZbWa66I,2370,11600.54681110382
uHvWwqUZZbWa66I,2371,11600.54681110382
uHvWwqUZZbWa66I,2372,11600.54681110382
uHvWwqUZZbWa66I,2373,11600.54681110382
uHvWwqUZZbWa66I,2374,11600.54681110382
uHvWwqUZZbWa66I,2375,11600.54681110382
uHvWwqUZZbWa66I,2376,11600.54681110382
uHvWwqUZZbWa66I,2377,11600.54681110382
uHvWwqUZZbWa66I,2378,11600.54681110382
uHvWwqUZZbWa66I,2379,11600.54681110382
uHvWwqUZZbWa66I,2380,11600.54681110382
uHvWwqUZZbWa66I,2381,11600.54681110382
uHvWwqUZZbWa66I,2382,11600.54681110382
uHvWwqUZZbWa66I,2383,11600.54681110382
uHvWwqUZZbWa66I,2384,11600.54681110382
uHvWwqUZZbWa66I,2385,11600.54681110382
uHvWwqUZZbWa66I,2386,11600.54681110382
uHvWwqUZZbWa66I,2387,11600.54681110382
uHvWwqUZZbWa66I,2388,11600.54681110382
uHvWwqUZZbWa66I,2389,11600.54681110382
uHvWwqUZZbWa66I,2390,11600.54681110382
uHvWwqUZZbWa66I,2391,11600.54681110382
uHvWwqUZZbWa66I,2392,11600.54681110382
uHvWwqUZZbWa66I,2393,11600.54681110382
uHvWwqUZZbWa66I,2394,11600.54681110382
uHvWwqUZZbWa66I,2395,11600.54681110382
uHvWwqUZZbWa66I,2396,11600.54681110382
uHvWwqUZZbWa66I,2397,11600.54681110382
uHvWwqUZZbWa66I,2398,11600.54681110382
uHvWwqUZZbWa66I,2399,11600.54681110382
uHvWwqUZZbWa66I,2400,11600.54681110382
uHvWwqUZZbWa66I,2401,11600.54681110382
uHvWwqUZZbWa66I,2402,11600.54681110382
uHvWwqUZZbWa66I,2403,11600.54681110382
uHvWwqUZZbWa66I,2404,11600.54681110382
uHvWwqUZZbWa66I,2405,11600.54681110382
uHvWwqUZZbWa66I,2406,11600.54681110382
uHvWwqUZZbWa66I,2407,11600.54681110382
uHvWwqUZZbWa66I,2408,11600.54681110382
uHvWwqUZZbWa66I,2409,11600.54681110382
uHvWwqUZZbWa66I,2410,11600.54681110382
uHvWwqUZZbWa66I,2411,11600.54681110382
uHvWwqUZZbWa66I,2412,11600.54681110382
uHvWwqUZZbWa66I,2413,11600.54681110382
uHvWwqUZZbWa66I,2414,11600.54681110382
uHvWwqUZZbWa66I,2415,11600.54681110382
uHvWwqUZZbWa66I,2416,11600.54681110382
uHvWwqUZZbWa66I,2417,11600.54681110382
uHvWwqUZZbWa66I,2418,11600.54681110382
uHvWwqUZZbWa66I,2419,11600.54681110382
uHvWwqUZZbWa66I,2420,11600.54681110382
uHvWwqUZZbWa66I,2421,11600.54681110382
uHvWwqUZZbWa66I,2422,11600.54681110382
uHvWwqUZZbWa66I,2423,11600.54681110382
uHvWwqUZZbWa66I,2424,11600.54681110382
uHvWwqUZZbWa66I,2425,11600.54681110382
uHvWwqUZZbWa66I,2426,11600.54681110382
uHvWwqUZZbWa66I,2427,11600.54681110382
uHvWwqUZZbWa66I,2428,11600.54681110382
uHvWwqUZZbWa66I,2429,11600.54681110382
uHvWwqUZZbWa66I,2430,11600.54681110382
uHvWwqUZZbWa66I,2431,11600.54681110382
uHvWwqUZZbWa66I,2432,11600.54681110382
uHvWwqUZZbWa66I,2433,11600.54681110382
uHvWwqUZZbWa66I,2434,11600.54681110382
uHvWwqUZZbWa66I,2435,11600.54681110382
uHvWwqUZZbWa66I,2436,11600.54681110382
uHvWwqUZZbWa66I,2437,11600.54681110382
uHvWwqUZZbWa66I,2438,11600.54681110382
uHvWwqUZZbWa66I,2439,11600.54681110382
uHvWwqUZZbWa66I,2440,11600.54681110382
uHvWwqUZZbWa66I,2441,11600.54681110382
uHvWwqUZZbWa66I,2442,11600.54681110382
uHvWwqUZZbWa66I,2443,11600.54681110382
uHvWwqUZZbWa66I,2444,11600.54681110382
uHvWwqUZZbWa66I,2445,11600.54681110382
uHvWwqUZZbWa66I,2446,11600.54681110382
uHvWwqUZZbWa66I,2447,11600.54681110382
uHvWwqUZZbWa66I,2448,11600.54681110382
uHvWwqUZZbWa66I,2449,11600.54681110382
uHvWwqUZZbWa66I,2450,11600.54681110382
uHvWwqUZZbWa66I,2451,11600.54681110382
uHvWwqUZZbWa66I,2452,11600.54681110382
uHvWwqUZZbWa66I,2453,11600.54681110382
uHvWwqUZZbWa66I,2454,11600.54681110382
uHvWwqUZZbWa66I,2455,11600.54681110382
uHvWwqUZZbWa66I,2456,11600.54681110382
uHvWwqUZZbWa66I,2457,11600.54681110382
uHvWwqUZZbWa66I,2458,11600.54681110382
uHvWwqUZZbWa66I,2459,11600.54681110382
uHvWwqUZZbWa66I,2460,11600.54681110382
uHvWwqUZZbWa66I,2461,11600.54681110382
uHvWwqUZZbWa66I,2462,11600.54681110382
uHvWwqUZZbWa66I,2463,11600.54681110382
uHvWwqUZZbWa66I,2464,11600.54681110382
uHvWwqUZZbWa66I,2465,11600.54681110382
uHvWwqUZZbWa66I,2466,11600.54681110382
uHvWwqUZZbWa66I,2467,11600.54681110382
uHvWwqUZZbWa66I,2468,11600.54681110382
uHvWwqUZZbWa66I,2469,11600.54681110382
uHvWwqUZZbWa66I,2470,11600.54681110382
uHvWwqUZZbWa66I,2471,11600.54681110382
uHvWwqUZZbWa66I,2472,11600.54681110382
uHvWwqUZZbWa66I,2473,11600.54681110382
uHvWwqUZZbWa66I,2474,11600.54681110382
uHvWwqUZZbWa66I,2475,11600.54681110382
uHvWwqUZZbWa66I,2476,11600.54681110382
uHvWwqUZZbWa66I,2477,11600.54681110382
uHvWwqUZZbWa66I,2478,11600.54681110382
uHvWwqUZZbWa66I,2479,11600.54681110382
uHvWwqUZZbWa66I,2480,11600.54681110382
uHvWwqUZZbWa66I,2481,11600.54681110382
uHvWwqUZZbWa66I,2482,11600.54681110382
uHvWwqUZZbWa66I,2483,11600.54681110382
uHvWwqUZZbWa66I,2484,11600.54681110382
uHvWwqUZZbWa66I,2485,11600.54681110382
uHvWwqUZZbWa66I,2486,11600.54681110382
uHvWwqUZZbWa66I,2487,11600.54681110382
uHvWwqUZZbWa66I,2488,11600.54681110382
uHvWwqUZZbWa66I,2489,11600.54681110382
uHvWwqUZZbWa66I,2490,11600.54681110382
uHvWwqUZZbWa66I,2491,11600.54681110382
uHvWwqUZZbWa66I,2492,11600.54681110382
uHvWwqUZZbWa66I,2493,11600.54681110382
uHvWwqUZZbWa66I,2494,11600.54681110382
uHvWwqUZZbWa66I,2495,11600.54681110382
uHvWwqUZZbWa66I,2496,11600.54681110382
uHvWwqUZZbWa66I,2497,11600.54681110382
uHvWwqUZZbWa66I,2498,11600.54681110382
uHvWwqUZZbWa66I,2499,11600.54681110382
uHvWwqUZZbWa66I,2500,11600.54681110382
uHvWwqUZZbWa66I,2501,11600.54681110382
uHvWwqUZZbWa66I,2502,11600.54681110382
uHvWwqUZZbWa66I,2503,11600.54681110382
uHvWwqUZZbWa66I,2504,11600.54681110382
uHvWwqUZZbWa66I,2505,11600.54681110382
uHvWwqUZZbWa66I,2506,11600.54681110382
uHvWwqUZZbWa66I,2507,11600.54681110382
uHvWwqUZZbWa66I,2508,11600.54681110382
uHvWwqUZZbWa66I,2509,11600.54681110382
uHvWwqUZZbWa66I,2510,11600.54681110382
uHvWwqUZZbWa66I,2511,11600.54681110382
uHvWwqUZZbWa66I,2512,11600.54681110382
uHvWwqUZZbWa66I,2513,11600.54681110382
uHvWwqUZZbWa66I,2514,11600.54681110382
uHvWwqUZZbWa66I,2515,11600.54681110382
uHvWwqUZZbWa66I,2516,11600.54681110382
uHvWwqUZZbWa66I,2517,11600.54681110382
uHvWwqUZZbWa66I,2518,11600.54681110382
uHvWwqUZZbWa66I,2519,11600.54681110382
uHvWwqUZZbWa66I,2520,11600.54681110382
uHvWwqUZZbWa66I,2521,11600.54681110382
uHvWwqUZZbWa66I,2522,11600.54681110382
uHvWwqUZZbWa66I,2523,11600.54681110382
uHvWwqUZZbWa66I,2524,11600.54681110382
uHvWwqUZZbWa66I,2525,11600.54681110382
uHvWwqUZZbWa66I,2526,11600.54681110382
uHvWwqUZZbWa66I,2527,11600.54681110382
uHvWwqUZZbWa66I,2528,11600.54681110382
uHvWwqUZZbWa66I,2529,11600.54681110382
uHvWwqUZZbWa66I,2530,11600.54681110382
uHvWwqUZZbWa66I,2531,11600.54681110382
uHvWwqUZZbWa66I,2532,11600.54681110382
uHvWwqUZZbWa66I,2533,11600.54681110382
uHvWwqUZZbWa66I,2534,11600.54681110382
uHvWwqUZZbWa66I,2535,11600.54681110382
uHvWwqUZZbWa66I,2536,11600.54681110382
uHvWwqUZZbWa66I,2537,11600.54681110382
uHvWwqUZZbWa66I,2538,11600.54681110382
uHvWwqUZZbWa66I,2539,11600.54681110382
uHvWwqUZZbWa66I,2540,11600.54681110382
uHvWwqUZZbWa66I,2541,11600.54681110382
uHvWwqUZZbWa66I,2542,11600.54681110382
uHvWwqUZZbWa66I,2543,11600.54681110382
uHvWwqUZZbWa66I,2544,11600.54681110382
uHvWwqUZZbWa66I,2545,11600.54681110382
uHvWwqUZZbWa66I,2546,11600.54681110382
uHvWwqUZZbWa66I,2547,11600.54681110382
uHvWwqUZZbWa66I,2548,11600.54681110382
uHvWwqUZZbWa66I,2549,11600.54681110382
uHvWwqUZZbWa66I,2550,11600.54681110382
uHvWwqUZZbWa66I,2551,11600.54681110382
uHvWwqUZZbWa66I,2552,11600.54681110382
uHvWwqUZZbWa66I,2553,11600.54681110382
uHvWwqUZZbWa66I,2554,11600.54681110382
uHvWwqUZZbWa66I,2555,11600.54681110382
uHvWwqUZZbWa66I,2556,11600.54681110382
uHvWwqUZZbWa66I,2557,11600.54681110382
uHvWwqUZZbWa66I,2558,11600.54681110382
uHvWwqUZZbWa66I,2559,11600.54681110382
uHvWwqUZZbWa66I,2560,11600.54681110382
uHvWwqUZZbWa66I,2561,11600.54681110382
uHvWwqUZZbWa66I,2562,11600.54681110382
uHvWwqUZZbWa66I,2563,11600.54681110382
uHvWwqUZZbWa66I,2564,11600.54681110382
uHvWwqUZZbWa66I,2565,11600.54681110382
uHvWwqUZZbWa66I,2566,11600.54681110382
uHvWwqUZZbWa66I,2567,11600.54681110382
uHvWwqUZZbWa66I,2568,11600.54681110382
uHvWwqUZZbWa66I,2569,11600.54681110382
uHvWwqUZZbWa66I,2570,11600.54681110382
uHvWwqUZZbWa66I,2571,11600.54681110382
uHvWwqUZZbWa66I,2572,11600.54681110382
uHvWwqUZZbWa66I,2573,11600.54681110382
uHvWwqUZZbWa66I,2574,11600.54681110382
uHvWwqUZZbWa66I,2575,11600.54681110382
uHvWwqUZZbWa66I,2576,11600.54681110382
uHvWwqUZZbWa66I,2577,11600.54681110382
uHvWwqUZZbWa66I,2578,11600.54681110382
uHvWwqUZZbWa66I,2579,11600.54681110382
uHvWwqUZZbWa66I,2580,11600.54681110382
uHvWwqUZZbWa66I,2581,11600.54681110382
uHvWwqUZZbWa66I,2582,11600.54681110382
uHvWwqUZZbWa66I,2583,11600.54681110382
uHvWwqUZZbWa66I,2584,11600.54681110382
uHvWwqUZZbWa66I,2585,11600.54681110382
uHvWwqUZZbWa66I,2586,11600.54681110382
uHvWwqUZZbWa66I,2587,11600.54681110382
uHvWwqUZZbWa66I,2588,11600.54681110382
uHvWwqUZZbWa66I,2589,11600.54681110382
uHvWwqUZZbWa66I,2590,11600.54681110382
uHvWwqUZZbWa66I,2591,11600.54681110382
uHvWwqUZZbWa66I,2592,11600.54681110382
uHvWwqUZZbWa66I,2593,11600.54681110382
uHvWwqUZZbWa66I,2594,11600.54681110382
uHvWwqUZZbWa66I,2595,11600.54681110382
uHvWwqUZZbWa66I,2596,11600.54681110382
uHvWwqUZZbWa66I,2597,11600.54681110382
uHvWwqUZZbWa66I,2598,11600.54681110382
uHvWwqUZZbWa66I,2599,11600.54681110382
uHvWwqUZZbWa66I,2600,11600.54681110382
uHvWwqUZZbWa66I,2601,11600.54681110382
uHvWwqUZZbWa66I,2602,11600.54681110382
uHvWwqUZZbWa66I,2603,11600.54681110382
uHvWwqUZZbWa66I,2604,11600.54681110382
uHvWwqUZZbWa66I,2605,11600.54681110382
uHvWwqUZZbWa66I,2606,11600.54681110382
uHvWwqUZZbWa66I,2607,11600.54681110382
uHvWwqUZZbWa66I,2608,11600.54681110382
uHvWwqUZZbWa66I,2609,11600.54681110382
uHvWwqUZZbWa66I,2610,11600.54681110382
uHvWwqUZZbWa66I,2611,11600.54681110382
uHvWwqUZZbWa66I,2612,11600.54681110382
uHvWwqUZZbWa66I,2613,11600.54681110382
uHvWwqUZZbWa66I,2614,11600.54681110382
uHvWwqUZZbWa66I,2615,11600.54681110382
uHvWwqUZZbWa66I,2616,11600.54681110382
uHvWwqUZZbWa66I,2617,11600.54681110382
uHvWwqUZZbWa66I,2618,11600.54681110382
uHvWwqUZZbWa66I,2619,11600.54681110382
uHvWwqUZZbWa66I,2620,11600.54681110382
uHvWwqUZZbWa66I,2621,11600.54681110382
uHvWwqUZZbWa66I,2622,11600.54681110382
uHvWwqUZZbWa66I,2623,11600.54681110382
uHvWwqUZZbWa66I,2624,11600.54681110382
uHvWwqUZZbWa66I,2625,11600.54681110382
uHvWwqUZZbWa66I,2626,11600.54681110382
uHvWwqUZZbWa66I,2627,11600.54681110382
uHvWwqUZZbWa66I,2628,11600.54681110382
uHvWwqUZZbWa66I,2629,11600.54681110382
uHvWwqUZZbWa66I,2630,11600.54681110382
uHvWwqUZZbWa66I,2631,11600.54681110382
uHvWwqUZZbWa66I,2632,11600.54681110382
uHvWwqUZZbWa66I,2633,11600.54681110382
uHvWwqUZZbWa66I,2634,11600.54681110382
uHvWwqUZZbWa66I,2635,11600.54681110382
uHvWwqUZZbWa66I,2636,11600.54681110382
uHvWwqUZZbWa66I,2637,11600.54681110382
uHvWwqUZZbWa66I,2638,11600.54681110382
uHvWwqUZZbWa66I,2639,11600.54681110382
uHvWwqUZZbWa66I,2640,11600.54681110382
uHvWwqUZZbWa66I,2641,11600.54681110382
uHvWwqUZZbWa66I,2642,11600.54681110382
uHvWwqUZZbWa66I,2643,11600.54681110382
uHvWwqUZZbWa66I,2644,11600.54681110382
uHvWwqUZZbWa66I,2645,11600.54681110382
uHvWwqUZZbWa66I,2646,11600.54681110382
uHvWwqUZZbWa66I,2647,11600.54681110382
uHvWwqUZZbWa66I,2648,11600.54681110382
uHvWwqUZZbWa66I,2649,11600.54681110382
uHvWwqUZZbWa66I,2650,11600.54681110382
uHvWwqUZZbWa66I,2651,11600.54681110382
uHvWwqUZZbWa66I,2652,11600.54681110382
uHvWwqUZZbWa66I,2653,11600.54681110382
uHvWwqUZZbWa66I,2654,11600.54681110382
uHvWwqUZZbWa66I,2655,11600.54681110382
uHvWwqUZZbWa66I,2656,11600.54681110382
uHvWwqUZZbWa66I,2657,11600.54681110382
uHvWwqUZZbWa66I,2658,11600.54681110382
uHvWwqUZZbWa66I,2659,11600.54681110382
uHvWwqUZZbWa66I,2660,11600.54681110382
uHvWwqUZZbWa66I,2661,11600.54681110382
uHvWwqUZZbWa66I,2662,11600.54681110382
uHvWwqUZZbWa66I,2663,11600.54681110382
uHvWwqUZZbWa66I,2664,11600.54681110382
uHvWwqUZZbWa66I,2665,11600.54681110382
uHvWwqUZZbWa66I,2666,11600.54681110382
uHvWwqUZZbWa66I,2667,11600.54681110382
uHvWwqUZZbWa66I,2668,11600.54681110382
uHvWwqUZZbWa66I,2669,11600.54681110382
uHvWwqUZZbWa66I,2670,11600.54681110382
uHvWwqUZZbWa66I,2671,11600.54681110382
uHvWwqUZZbWa66I,2672,11600.54681110382
uHvWwqUZZbWa66I,2673,11600.54681110382
uHvWwqUZZbWa66I,2674,11600.54681110382
uHvWwqUZZbWa66I,2675,11600.54681110382
uHvWwqUZZbWa66I,2676,11600.54681110382
uHvWwqUZZbWa66I,2677,11600.54681110382
uHvWwqUZZbWa66I,2678,11600.54681110382
uHvWwqUZZbWa66I,2679,11600.54681110382
uHvWwqUZZbWa66I,2680,11600.54681110382
uHvWwqUZZbWa66I,2681,11600.54681110382
uHvWwqUZZbWa66I,2682,11600.54681110382
uHvWwqUZZbWa66I,2683,11600.54681110382
uHvWwqUZZbWa66I,2684,11600.54681110382
uHvWwqUZZbWa66I,2685,11600.54681110382
uHvWwqUZZbWa66I,2686,11600.54681110382
uHvWwqUZZbWa66I,2687,11600.54681110382
uHvWwqUZZbWa66I,2688,11600.54681110382
uHvWwqUZZbWa66I,2689,11600.54681110382
uHvWwqUZZbWa66I,2690,11600.54681110382
uHvWwqUZZbWa66I,2691,11600.54681110382
uHvWwqUZZbWa66I,2692,11600.54681110382
uHvWwqUZZbWa66I,2693,11600.54681110382
uHvWwqUZZbWa66I,2694,11600.54681110382
uHvWwqUZZbWa66I,2695,11600.54681110382
uHvWwqUZZbWa66I,2696,11600.54681110382
uHvWwqUZZbWa66I,2697,11600.54681110382
uHvWwqUZZbWa66I,2698,11600.54681110382
uHvWwqUZZbWa66I,2699,11600.54681110382
uHvWwqUZZbWa66I,2700,11600.54681110382
uHvWwqUZZbWa66I,2701,11600.54681110382
uHvWwqUZZbWa66I,2702,11600.54681110382
uHvWwqUZZbWa66I,2703,11600.54681110382
uHvWwqUZZbWa66I,2704,11600.54681110382
uHvWwqUZZbWa66I,2705,11600.54681110382
uHvWwqUZZbWa66I,2706,11600.54681110382
uHvWwqUZZbWa66I,2707,11600.54681110382
uHvWwqUZZbWa66I,2708,11600.54681110382
uHvWwqUZZbWa66I,2709,11600.54681110382
uHvWwqUZZbWa66I,2710,11600.54681110382
uHvWwqUZZbWa66I,2711,11600.54681110382
uHvWwqUZZbWa66I,2712,11600.54681110382
uHvWwqUZZbWa66I,2713,11600.54681110382
uHvWwqUZZbWa66I,2714,11600.54681110382
uHvWwqUZZbWa66I,2715,11600.54681110382
uHvWwqUZZbWa66I,2716,11600.54681110382
uHvWwqUZZbWa66I,2717,11600.54681110382
uHvWwqUZZbWa66I,2718,11600.54681110382
uHvWwqUZZbWa66I,2719,11600.54681110382
uHvWwqUZZbWa66I,2720,11600.54681110382
uHvWwqUZZbWa66I,2721,11600.54681110382
uHvWwqUZZbWa66I,2722,11600.54681110382
uHvWwqUZZbWa66I,2723,11600.54681110382
uHvWwqUZZbWa66I,2724,11600.54681110382
uHvWwqUZZbWa66I,2725,11600.54681110382
uHvWwqUZZbWa66I,2726,11600.54681110382
uHvWwqUZZbWa66I,2727,11600.54681110382
uHvWwqUZZbWa66I,2728,11600.54681110382
uHvWwqUZZbWa66I,2729,11600.54681110382
uHvWwqUZZbWa66I,2730,11600.54681110382
uHvWwqUZZbWa66I,2731,11600.54681110382
uHvWwqUZZbWa66I,2732,11600.54681110382
uHvWwqUZZbWa66I,2733,11600.54681110382
uHvWwqUZZbWa66I,2734,11600.54681110382
uHvWwqUZZbWa66I,2735,11600.54681110382
uHvWwqUZZbWa66I,2736,11600.54681110382
uHvWwqUZZbWa66I,2737,11600.54681110382
uHvWwqUZZbWa66I,2738,11600.54681110382
uHvWwqUZZbWa66I,2739,11600.54681110382
uHvWwqUZZbWa66I,2740,11600.54681110382
uHvWwqUZZbWa66I,2741,11600.54681110382
uHvWwqUZZbWa66I,2742,11600.54681110382
uHvWwqUZZbWa66I,2743,11600.54681110382
uHvWwqUZZbWa66I,2744,11600.54681110382
uHvWwqUZZbWa66I,2745,11600.54681110382
uHvWwqUZZbWa66I,2746,11600.54681110382
uHvWwqUZZbWa66I,2747,11600.54681110382
uHvWwqUZZbWa66I,2748,11600.54681110382
uHvWwqUZZbWa66I,2749,11600.54681110382
uHvWwqUZZbWa66I,2750,11600.54681110382
uHvWwqUZZbWa66I,2751,11600.54681110382
uHvWwqUZZbWa66I,2752,11600.54681110382
uHvWwqUZZbWa66I,2753,11600.54681110382
uHvWwqUZZbWa66I,2754,11600.54681110382
uHvWwqUZZbWa66I,2755,11600.54681110382
uHvWwqUZZbWa66I,2756,11600.54681110382
uHvWwqUZZbWa66I,2757,11600.54681110382
uHvWwqUZZbWa66I,2758,11600.54681110382
uHvWwqUZZbWa66I,2759,11600.54681110382
uHvWwqUZZbWa66I,2760,11600.54681110382
uHvWwqUZZbWa66I,2761,11600.54681110382
uHvWwqUZZbWa66I,2762,11600.54681110382
uHvWwqUZZbWa66I,2763,11600.54681110382
uHvWwqUZZbWa66I,2764,11600.54681110382
uHvWwqUZZbWa66I,2765,11600.54681110382
uHvWwqUZZbWa66I,2766,11600.54681110382
uHvWwqUZZbWa66I,2767,11600.54681110382
uHvWwqUZZbWa66I,2768,11600.54681110382
uHvWwqUZZbWa66I,2769,11600.54681110382
uHvWwqUZZbWa66I,2770,11600.54681110382
uHvWwqUZZbWa66I,2771,11600.54681110382
uHvWwqUZZbWa66I,2772,11600.54681110382
uHvWwqUZZbWa66I,2773,11600.54681110382
uHvWwqUZZbWa66I,2774,11600.54681110382
uHvWwqUZZbWa66I,2775,11600.54681110382
uHvWwqUZZbWa66I,2776,11600.54681110382
uHvWwqUZZbWa66I,2777,11600.54681110382
uHvWwqUZZbWa66I,2778,11600.54681110382
uHvWwqUZZbWa66I,2779,11600.54681110382
uHvWwqUZZbWa66I,2780,11600.54681110382
uHvWwqUZZbWa66I,2781,11600.54681110382
uHvWwqUZZbWa66I,2782,11600.54681110382
uHvWwqUZZbWa66I,2783,11600.54681110382
uHvWwqUZZbWa66I,2784,11600.54681110382
uHvWwqUZZbWa66I,2785,11600.54681110382
uHvWwqUZZbWa66I,2786,11600.54681110382
uHvWwqUZZbWa66I,2787,11600.54681110382
uHvWwqUZZbWa66I,2788,11600.54681110382
uHvWwqUZZbWa66I,2789,11600.54681110382
uHvWwqUZZbWa66I,2790,11600.54681110382
uHvWwqUZZbWa66I,2791,11600.54681110382
uHvWwqUZZbWa66I,2792,11600.54681110382
uHvWwqUZZbWa66I,2793,11600.54681110382
uHvWwqUZZbWa66I,2794,11600.54681110382
uHvWwqUZZbWa66I,2795,11600.54681110382
uHvWwqUZZbWa66I,2796,11600.54681110382
uHvWwqUZZbWa66I,2797,11600.54681110382
uHvWwqUZZbWa66I,2798,11600.54681110382
uHvWwqUZZbWa66I,2799,11600.54681110382
uHvWwqUZZbWa66I,2800,11600.54681110382
uHvWwqUZZbWa66I,2801,11600.54681110382
uHvWwqUZZbWa66I,2802,11600.54681110382
uHvWwqUZZbWa66I,2803,11600.54681110382
uHvWwqUZZbWa66I,2804,11600.54681110382
uHvWwqUZZbWa66I,2805,11600.54681110382
uHvWwqUZZbWa66I,2806,11600.54681110382
uHvWwqUZZbWa66I,2807,11600.54681110382
uHvWwqUZZbWa66I,2808,11600.54681110382
uHvWwqUZZbWa66I,2809,11600.54681110382
uHvWwqUZZbWa66I,2810,11600.54681110382
uHvWwqUZZbWa66I,2811,11600.54681110382
uHvWwqUZZbWa66I,2812,11600.54681110382
uHvWwqUZZbWa66I,2813,11600.54681110382
uHvWwqUZZbWa66I,2814,11600.54681110382
uHvWwqUZZbWa66I,2815,11600.54681110382
uHvWwqUZZbWa66I,2816,11600.54681110382
uHvWwqUZZbWa66I,2817,11600.54681110382
uHvWwqUZZbWa66I,2818,11600.54681110382
uHvWwqUZZbWa66I,2819,11600.54681110382
uHvWwqUZZbWa66I,2820,11600.54681110382
uHvWwqUZZbWa66I,2821,11600.54681110382
uHvWwqUZZbWa66I,2822,11600.54681110382
uHvWwqUZZbWa66I,2823,11600.54681110382
uHvWwqUZZbWa66I,2824,11600.54681110382
uHvWwqUZZbWa66I,2825,11600.54681110382
uHvWwqUZZbWa66I,2826,11600.54681110382
uHvWwqUZZbWa66I,2827,11600.54681110382
uHvWwqUZZbWa66I,2828,11600.54681110382
uHvWwqUZZbWa66I,2829,11600.54681110382
uHvWwqUZZbWa66I,2830,11600.54681110382
uHvWwqUZZbWa66I,2831,11600.54681110382
uHvWwqUZZbWa66I,2832,11600.54681110382
uHvWwqUZZbWa66I,2833,11600.54681110382
uHvWwqUZZbWa66I,2834,11600.54681110382
uHvWwqUZZbWa66I,2835,11600.54681110382
uHvWwqUZZbWa66I,2836,11600.54681110382
uHvWwqUZZbWa66I,2837,11600.54681110382
uHvWwqUZZbWa66I,2838,11600.54681110382
uHvWwqUZZbWa66I,2839,11600.54681110382
uHvWwqUZZbWa66I,2840,11600.54681110382
uHvWwqUZZbWa66I,2841,11600.54681110382
uHvWwqUZZbWa66I,2842,11600.54681110382
uHvWwqUZZbWa66I,2843,11600.54681110382
uHvWwqUZZbWa66I,2844,11600.54681110382
uHvWwqUZZbWa66I,2845,11600.54681110382
uHvWwqUZZbWa66I,2846,11600.54681110382
uHvWwqUZZbWa66I,2847,11600.54681110382
uHvWwqUZZbWa66I,2848,11600.54681110382
uHvWwqUZZbWa66I,2849,11600.54681110382
uHvWwqUZZbWa66I,2850,11600.54681110382
uHvWwqUZZbWa66I,2851,11600.54681110382
uHvWwqUZZbWa66I,2852,11600.54681110382
uHvWwqUZZbWa66I,2853,11600.54681110382
uHvWwqUZZbWa66I,2854,11600.54681110382
uHvWwqUZZbWa66I,2855,11600.54681110382
uHvWwqUZZbWa66I,2856,11600.54681110382
uHvWwqUZZbWa66I,2857,11600.54681110382
uHvWwqUZZbWa66I,2858,11600.54681110382
uHvWwqUZZbWa66I,2859,11600.54681110382
uHvWwqUZZbWa66I,2860,11600.54681110382
uHvWwqUZZbWa66I,2861,11600.54681110382
uHvWwqUZZbWa66I,2862,11600.54681110382
uHvWwqUZZbWa66I,2863,11600.54681110382
uHvWwqUZZbWa66I,2864,11600.54681110382
uHvWwqUZZbWa66I,2865,11600.54681110382
uHvWwqUZZbWa66I,2866,11600.54681110382
uHvWwqUZZbWa66I,2867,11600.54681110382
uHvWwqUZZbWa66I,2868,11600.54681110382
uHvWwqUZZbWa66I,2869,11600.54681110382
uHvWwqUZZbWa66I,2870,11600.54681110382
uHvWwqUZZbWa66I,2871,11600.54681110382
uHvWwqUZZbWa66I,2872,11600.54681110382
uHvWwqUZZbWa66I,2873,11600.54681110382
uHvWwqUZZbWa66I,2874,11600.54681110382
uHvWwqUZZbWa66I,2875,11600.54681110382
uHvWwqUZZbWa66I,2876,11600.54681110382
uHvWwqUZZbWa66I,2877,11600.54681110382
uHvWwqUZZbWa66I,2878,11600.54681110382
uHvWwqUZZbWa66I,2879,11600.54681110382
uHvWwqUZZbWa66I,2880,11600.54681110382
uHvWwqUZZbWa66I,2881,11600.54681110382
uHvWwqUZZbWa66I,2882,11600.54681110382
uHvWwqUZZbWa66I,2883,11600.54681110382
uHvWwqUZZbWa66I,2884,11600.54681110382
uHvWwqUZZbWa66I,2885,11600.54681110382
uHvWwqUZZbWa66I,2886,11600.54681110382
uHvWwqUZZbWa66I,2887,11600.54681110382
uHvWwqUZZbWa66I,2888,11600.54681110382
uHvWwqUZZbWa66I,2889,11600.54681110382
uHvWwqUZZbWa66I,2890,11600.54681110382
uHvWwqUZZbWa66I,2891,11600.54681110382
uHvWwqUZZbWa66I,2892,11600.54681110382
uHvWwqUZZbWa66I,2893,11600.54681110382
uHvWwqUZZbWa66I,2894,11600.54681110382
uHvWwqUZZbWa66I,2895,11600.54681110382
uHvWwqUZZbWa66I,2896,11600.54681110382
uHvWwqUZZbWa66I,2897,11600.54681110382
uHvWwqUZZbWa66I,2898,11600.54681110382
uHvWwqUZZbWa66I,2899,11600.54681110382
uHvWwqUZZbWa66I,2900,11600.54681110382
uHvWwqUZZbWa66I,2901,11600.54681110382
uHvWwqUZZbWa66I,2902,11600.54681110382
uHvWwqUZZbWa66I,2903,11600.54681110382
uHvWwqUZZbWa66I,2904,11600.54681110382
uHvWwqUZZbWa66I,2905,11600.54681110382
uHvWwqUZZbWa66I,2906,11600.54681110382
uHvWwqUZZbWa66I,2907,11600.54681110382
uHvWwqUZZbWa66I,2908,11600.54681110382
uHvWwqUZZbWa66I,2909,11600.54681110382
uHvWwqUZZbWa66I,2910,11600.54681110382
uHvWwqUZZbWa66I,2911,11600.54681110382
uHvWwqUZZbWa66I,2912,11600.54681110382
uHvWwqUZZbWa66I,2913,11600.54681110382
uHvWwqUZZbWa66I,2914,11600.54681110382
uHvWwqUZZbWa66I,2915,11600.54681110382
uHvWwqUZZbWa66I,2916,11600.54681110382
uHvWwqUZZbWa66I,2917,11600.54681110382
uHvWwqUZZbWa66I,2918,11600.54681110382
uHvWwqUZZbWa66I,2919,11600.54681110382
uHvWwqUZZbWa66I,2920,11600.54681110382
uHvWwqUZZbWa66I,2921,11600.54681110382
uHvWwqUZZbWa66I,2922,11600.54681110382
uHvWwqUZZbWa66I,2923,11600.54681110382
uHvWwqUZZbWa66I,2924,11600.54681110382
uHvWwqUZZbWa66I,2925,11600.54681110382
uHvWwqUZZbWa66I,2926,11600.54681110382
uHvWwqUZZbWa66I,2927,11600.54681110382
uHvWwqUZZbWa66I,2928,11600.54681110382
uHvWwqUZZbWa66I,2929,11600.54681110382
uHvWwqUZZbWa66I,2930,11600.54681110382
uHvWwqUZZbWa66I,2931,11600.54681110382
uHvWwqUZZbWa66I,2932,11600.54681110382
uHvWwqUZZbWa66I,2933,11600.54681110382
uHvWwqUZZbWa66I,2934,11600.54681110382
uHvWwqUZZbWa66I,2935,11600.54681110382
uHvWwqUZZbWa66I,2936,11600.54681110382
uHvWwqUZZbWa66I,2937,11600.54681110382
uHvWwqUZZbWa66I,2938,11600.54681110382
uHvWwqUZZbWa66I,2939,11600.54681110382
uHvWwqUZZbWa66I,2940,11600.54681110382
uHvWwqUZZbWa66I,2941,11600.54681110382
uHvWwqUZZbWa66I,2942,11600.54681110382
uHvWwqUZZbWa66I,2943,11600.54681110382
uHvWwqUZZbWa66I,2944,11600.54681110382
uHvWwqUZZbWa66I,2945,11600.54681110382
uHvWwqUZZbWa66I,2946,11600.54681110382
uHvWwqUZZbWa66I,2947,11600.54681110382
uHvWwqUZZbWa66I,2948,11600.54681110382
uHvWwqUZZbWa66I,2949,11600.54681110382
uHvWwqUZZbWa66I,2950,11600.54681110382
uHvWwqUZZbWa66I,2951,11600.54681110382
uHvWwqUZZbWa66I,2952,11600.54681110382
uHvWwqUZZbWa66I,2953,11600.54681110382
uHvWwqUZZbWa66I,2954,11600.54681110382
uHvWwqUZZbWa66I,2955,11600.54681110382
uHvWwqUZZbWa66I,2956,11600.54681110382
uHvWwqUZZbWa66I,2957,11600.54681110382
uHvWwqUZZbWa66I,2958,11600.54681110382
uHvWwqUZZbWa66I,2959,11600.54681110382
uHvWwqUZZbWa66I,2960,11600.54681110382
uHvWwqUZZbWa66I,2961,11600.54681110382
uHvWwqUZZbWa66I,2962,11600.54681110382
uHvWwqUZZbWa66I,2963,11600.54681110382
uHvWwqUZZbWa66I,2964,11600.54681110382
uHvWwqUZZbWa66I,2965,11600.54681110382
uHvWwqUZZbWa66I,2966,11600.54681110382
uHvWwqUZZbWa66I,2967,11600.54681110382
uHvWwqUZZbWa66I,2968,11600.54681110382
uHvWwqUZZbWa66I,2969,11600.54681110382
uHvWwqUZZbWa66I,2970,11600.54681110382
uHvWwqUZZbWa66I,2971,11600.54681110382
uHvWwqUZZbWa66I,2972,11600.54681110382
uHvWwqUZZbWa66I,2973,11600.54681110382
uHvWwqUZZbWa66I,2974,11600.54681110382
uHvWwqUZZbWa66I,2975,11600.54681110382
uHvWwqUZZbWa66I,2976,11600.54681110382
uHvWwqUZZbWa66I,2977,11600.54681110382
uHvWwqUZZbWa66I,2978,11600.54681110382
uHvWwqUZZbWa66I,2979,11600.54681110382
uHvWwqUZZbWa66I,2980,11600.54681110382
uHvWwqUZZbWa66I,2981,11600.54681110382
uHvWwqUZZbWa66I,2982,11600.54681110382
uHvWwqUZZbWa66I,2983,11600.54681110382
uHvWwqUZZbWa66I,2984,11600.54681110382
uHvWwqUZZbWa66I,2985,11600.54681110382
uHvWwqUZZbWa66I,2986,11600.54681110382
uHvWwqUZZbWa66I,2987,11600.54681110382
uHvWwqUZZbWa66I,2988,11600.54681110382
uHvWwqUZZbWa66I,2989,11600.54681110382
uHvWwqUZZbWa66I,2990,11600.54681110382
uHvWwqUZZbWa66I,2991,11600.54681110382
uHvWwqUZZbWa66I,2992,11600.54681110382
uHvWwqUZZbWa66I,2993,11600.54681110382
uHvWwqUZZbWa66I,2994,11600.54681110382
uHvWwqUZZbWa66I,2995,11600.54681110382
uHvWwqUZZbWa66I,2996,11600.54681110382
uHvWwqUZZbWa66I,2997,11600.54681110382
uHvWwqUZZbWa66I,2998,11600.54681110382
uHvWwqUZZbWa66I,2999,11600.54681110382
uHvWwqUZZbWa66I,3000,11600.54681110382
