runid,step_no,w_budget,w_spent,c_budget,c_spent
16llhSENDqTh1pL,1,3270.000100135803,1661.2000501509756
16llhSENDqTh1pL,2,3112.2109363675117,1636.4103055119049
16llhSENDqTh1pL,3,2658.0410935655236,1603.0877124164253
16llhSENDqTh1pL,4,2169.5265886541456,1540.1756918486208
16llhSENDqTh1pL,5,1802.9508831314743,1508.9623579550534
16llhSENDqTh1pL,6,1603.941736106848,1424.9278913262242
16llhSENDqTh1pL,7,1526.3441176945344,1376.6667553437874
16llhSENDqTh1pL,8,1500.4766072174534,1360.7807701742277
16llhSENDqTh1pL,9,1480.0961098223925,1314.850125439465
16llhSENDqTh1pL,10,1468.4590785168111,1311.9996858350933
16llhSENDqTh1pL,11,1452.6923536416143,1312.5371866319329
16llhSENDqTh1pL,12,1634.3870798619464,1435.8107001204044
16llhSENDqTh1pL,13,1653.8489979659207,1470.661041450221
16llhSENDqTh1pL,14,1602.2436891468242,1450.6446826430038
16llhSENDqTh1pL,15,1478.1774127306417,1364.7071553217247
16llhSENDqTh1pL,16,1376.936180987861,1302.3145395196043
16llhSENDqTh1pL,17,1284.9608704019338,1211.8664260078222
16llhSENDqTh1pL,18,1224.1381058887928,1147.385394999932
16llhSENDqTh1pL,19,1157.7137460466474,1084.0904778447002
16llhSENDqTh1pL,20,1086.7093049285468,1018.8636075479444
16llhSENDqTh1pL,21,1020.8308206573129,952.5738485604525
16llhSENDqTh1pL,22,957.5576658323407,894.9511425476521
16llhSENDqTh1pL,23,930.9551975205541,854.2843851596117
16llhSENDqTh1pL,24,883.1676730280742,817.093673796393
16llhSENDqTh1pL,25,809.1756849547382,756.1319259253796
16llhSENDqTh1pL,26,739.3017617193982,685.1041450230405
16llhSENDqTh1pL,27,695.6726761711761,641.8542109979317
16llhSENDqTh1pL,28,655.7738989889622,623.7651468068361
16llhSENDqTh1pL,29,600.7567402491113,566.2084801805904
16llhSENDqTh1pL,30,557.3953159190714,528.381009619683
16llhSENDqTh1pL,31,523.6836666986346,481.35562362521887
16llhSENDqTh1pL,32,493.73797554150224,456.6558792628348
16llhSENDqTh1pL,33,462.5378925949335,436.4810756854713
16llhSENDqTh1pL,34,427.9421080868924,400.00518727267627
16llhSENDqTh1pL,35,404.9613962136209,377.20867624878883
16llhSENDqTh1pL,36,391.15572476387024,357.5315980017185
16llhSENDqTh1pL,37,373.7529883980751,355.5435860976577
16llhSENDqTh1pL,38,352.68967829085886,330.284744290635
16llhSENDqTh1pL,39,335.4321723729372,304.674122761935
16llhSENDqTh1pL,40,322.57428682316095,297.8852602215484
16llhSENDqTh1pL,41,313.57589722424746,294.84278306365013
16llhSENDqTh1pL,42,304.48481127619743,281.69789665192366
16llhSENDqTh1pL,43,293.7996029369533,281.0162561573088
16llhSENDqTh1pL,44,282.5897357650101,271.1889725588262
16llhSENDqTh1pL,45,275.4893784672022,261.1860879957676
16llhSENDqTh1pL,46,267.70128901395947,250.95850184652954
16llhSENDqTh1pL,47,260.8577840849757,249.02844296954572
16llhSENDqTh1pL,48,254.550162255764,239.3762256205082
16llhSENDqTh1pL,49,249.9488237351179,224.6557241976261
16llhSENDqTh1pL,50,242.14269046857953,232.92437424138188
16llhSENDqTh1pL,51,236.19563402235508,219.35003958642483
16llhSENDqTh1pL,52,233.01081012934446,221.8821923956275
16llhSENDqTh1pL,53,230.61379112303257,217.07468841969967
16llhSENDqTh1pL,54,226.43237912654877,214.86047257483006
16llhSENDqTh1pL,55,223.07260969281197,213.0319091230631
16llhSENDqTh1pL,56,222.58913657069206,213.27864430472255
16llhSENDqTh1pL,57,221.44287008047104,208.2928671836853
16llhSENDqTh1pL,58,220.32696411013603,212.38377108611166
16llhSENDqTh1pL,59,219.67765575647354,213.79874420166016
16llhSENDqTh1pL,60,218.16046041995287,207.69260805100203
16llhSENDqTh1pL,61,216.837690864224,208.70277388812974
16llhSENDqTh1pL,62,216.3929004073143,210.24593403749168
16llhSENDqTh1pL,63,215.45505994558334,205.98290978372097
16llhSENDqTh1pL,64,214.691188454628,209.13712005782872
16llhSENDqTh1pL,65,213.52989435195923,210.08014178276062
16llhSENDqTh1pL,66,212.33373326063156,208.71024483442307
16llhSENDqTh1pL,67,211.99770766496658,206.15260754525661
16llhSENDqTh1pL,68,211.82934123277664,204.12032075226307
16llhSENDqTh1pL,69,211.61741536855698,206.78546138107777
16llhSENDqTh1pL,70,211.31650513410568,209.47427585721016
16llhSENDqTh1pL,71,210.687071621418,205.25289142131805
16llhSENDqTh1pL,72,210.35132360458374,200.4298643320799
16llhSENDqTh1pL,73,210.58719432353973,205.17658159136772
16llhSENDqTh1pL,74,210.47818672657013,206.8233602643013
16llhSENDqTh1pL,75,209.99481892585754,200.39310501515865
16llhSENDqTh1pL,76,210.02811658382416,204.2932255268097
16llhSENDqTh1pL,77,209.8496503829956,199.40061149001122
16llhSENDqTh1pL,78,209.43477965146303,203.5171006694436
16llhSENDqTh1pL,79,209.14402556419373,197.38072918914258
16llhSENDqTh1pL,80,209.4376505613327,201.4242606461048
16llhSENDqTh1pL,81,209.31405973434448,201.22147946665064
16llhSENDqTh1pL,82,209.28074288368225,203.5694391131401
16llhSENDqTh1pL,83,209.19779515266418,204.43761202692986
16llhSENDqTh1pL,84,208.93286848068237,204.11958788335323
16llhSENDqTh1pL,85,208.84344112873077,198.33016353845596
16llhSENDqTh1pL,86,209.01004207134247,206.64819672703743
16llhSENDqTh1pL,87,208.43074679374695,201.8769124560058
16llhSENDqTh1pL,88,208.43694615364075,201.45656916499138
16llhSENDqTh1pL,89,208.6941841840744,202.03488942980766
16llhSENDqTh1pL,90,208.6511800289154,197.97798152267933
16llhSENDqTh1pL,91,208.96501910686493,200.36986845731735
16llhSENDqTh1pL,92,208.98654067516327,201.01819943264127
16llhSENDqTh1pL,93,208.7064769268036,198.98503413796425
16llhSENDqTh1pL,94,208.801149725914,198.11490381788462
16llhSENDqTh1pL,95,209.04936635494232,201.35571825504303
16llhSENDqTh1pL,96,209.16534674167633,206.23337706923485
16llhSENDqTh1pL,97,208.86977231502533,200.9874284490943
16llhSENDqTh1pL,98,208.9321814775467,200.31684893369675
16llhSENDqTh1pL,99,209.07243359088898,199.85810551792383
16llhSENDqTh1pL,100,209.11392843723297,203.68279412388802
16llhSENDqTh1pL,101,208.81161832809448,200.19497000053525
16llhSENDqTh1pL,102,208.76525270938873,200.50917929410934
16llhSENDqTh1pL,103,208.9759247303009,199.5967624410987
16llhSENDqTh1pL,104,209.40734124183655,198.01735904812813
16llhSENDqTh1pL,105,209.56031692028046,198.72442524135113
16llhSENDqTh1pL,106,209.7013396024704,204.16804670542479
16llhSENDqTh1pL,107,209.460946559906,201.0953345997259
16llhSENDqTh1pL,108,209.51548027992249,201.04347528517246
16llhSENDqTh1pL,109,209.57359433174133,195.57330192998052
16llhSENDqTh1pL,110,210.05877113342285,199.9618403315544
16llhSENDqTh1pL,111,210.28052961826324,196.82031341269612
16llhSENDqTh1pL,112,210.4570689201355,198.38196501135826
16llhSENDqTh1pL,113,210.59585297107697,206.18538972735405
16llhSENDqTh1pL,114,210.04140293598175,199.12595292553306
16llhSENDqTh1pL,115,210.15666103363037,199.70231112092733
16llhSENDqTh1pL,116,210.13469922542572,201.81319354474545
16llhSENDqTh1pL,117,210.0695117712021,201.16327819228172
16llhSENDqTh1pL,118,209.95548903942108,204.89509572088718
16llhSENDqTh1pL,119,209.6838697195053,200.46896286308765
16llhSENDqTh1pL,120,209.74574100971222,199.99849753081799
16llhSENDqTh1pL,121,209.74842703342438,199.08801913633943
16llhSENDqTh1pL,122,209.98308074474335,198.49561398476362
16llhSENDqTh1pL,123,210.1767144203186,202.70217857509851
16llhSENDqTh1pL,124,209.9853937625885,200.81087583303452
16llhSENDqTh1pL,125,209.76146864891052,203.0624247789383
16llhSENDqTh1pL,126,209.5230975151062,202.6180321611464
16llhSENDqTh1pL,127,209.43752539157867,196.14323160261847
16llhSENDqTh1pL,128,209.6822371482849,203.54691433906555
16llhSENDqTh1pL,129,209.3481364250183,196.95121339336038
16llhSENDqTh1pL,130,209.4460505247116,202.69562539458275
16llhSENDqTh1pL,131,209.18994140625,201.3073569536209
16llhSENDqTh1pL,132,208.95184004306793,191.04067673534155
16llhSENDqTh1pL,133,209.5864440202713,198.4912791699171
16llhSENDqTh1pL,134,209.86233150959015,203.12260089814663
16llhSENDqTh1pL,135,209.70396947860718,203.770282715559
16llhSENDqTh1pL,136,209.376659989357,199.86127641797066
16llhSENDqTh1pL,137,209.57443964481354,197.3128742724657
16llhSENDqTh1pL,138,209.8618813753128,200.95089710876346
16llhSENDqTh1pL,139,209.7346397638321,201.27234540134668
16llhSENDqTh1pL,140,209.9732185602188,203.32368350145407
16llhSENDqTh1pL,141,209.58853578567505,201.8067959435284
16llhSENDqTh1pL,142,209.37882435321808,200.94091140851378
16llhSENDqTh1pL,143,209.43666660785675,197.46965586394072
16llhSENDqTh1pL,144,209.71031391620636,200.1911008656025
16llhSENDqTh1pL,145,209.6557469367981,202.90687873214483
16llhSENDqTh1pL,146,209.34920632839203,195.17060359567404
16llhSENDqTh1pL,147,209.5532282590866,198.52150051295757
16llhSENDqTh1pL,148,209.55608808994293,198.92490354925394
16llhSENDqTh1pL,149,209.5146563053131,199.02608646452427
16llhSENDqTh1pL,150,209.7209974527359,199.06564557552338
16llhSENDqTh1pL,151,209.7069934606552,197.519692376256
16llhSENDqTh1pL,152,209.78195023536682,197.26460329443216
16llhSENDqTh1pL,153,210.00251257419586,199.94770562648773
16llhSENDqTh1pL,154,210.06443667411804,206.35361278057098
16llhSENDqTh1pL,155,209.6950582265854,198.8227593433112
16llhSENDqTh1pL,156,209.8643238544464,204.33803871273994
16llhSENDqTh1pL,157,209.53710973262787,195.89793990924954
16llhSENDqTh1pL,158,209.7910668849945,201.4118710476905
16llhSENDqTh1pL,159,209.3820366859436,196.76988461986184
16llhSENDqTh1pL,160,209.70357239246368,195.2833226742223
16llhSENDqTh1pL,161,210.00014877319336,207.00260657072067
16llhSENDqTh1pL,162,209.72277796268463,201.35449378192425
16llhSENDqTh1pL,163,209.60782313346863,198.34076496958733
16llhSENDqTh1pL,164,209.9688446521759,196.9880480095744
16llhSENDqTh1pL,165,210.18760859966278,197.45380745921284
16llhSENDqTh1pL,166,210.26434695720673,202.51965851336718
16llhSENDqTh1pL,167,210.0024563074112,194.65819335915148
16llhSENDqTh1pL,168,210.282612323761,197.2600326621905
16llhSENDqTh1pL,169,210.30286645889282,199.53595768706873
16llhSENDqTh1pL,170,210.49400007724762,203.90242794156075
16llhSENDqTh1pL,171,210.43123292922974,199.54939278960228
16llhSENDqTh1pL,172,210.68246778845787,195.13020618166775
16llhSENDqTh1pL,173,210.73172400146723,201.44735826551914
16llhSENDqTh1pL,174,210.62730154395103,202.0475566163659
16llhSENDqTh1pL,175,210.47474053502083,203.4368286281824
16llhSENDqTh1pL,176,210.22185433655977,196.60601255111396
16llhSENDqTh1pL,177,210.44921150803566,201.94944922626019
16llhSENDqTh1pL,178,210.36385440453887,201.97382855042815
16llhSENDqTh1pL,179,210.47574152424932,200.99008658900857
16llhSENDqTh1pL,180,210.29624957218766,204.9747626967728
16llhSENDqTh1pL,181,210.34770794212818,203.72937928140163
16llhSENDqTh1pL,182,210.20373902097344,200.53885674104095
16llhSENDqTh1pL,183,210.28994089737535,199.66329414770007
16llhSENDqTh1pL,184,210.47546615079045,201.00581830367446
16llhSENDqTh1pL,185,210.69238974526525,195.98009745031595
16llhSENDqTh1pL,186,210.99367771297693,199.90032360702753
16llhSENDqTh1pL,187,211.1804929934442,208.70808443054557
16llhSENDqTh1pL,188,210.62576388381422,198.72581375949085
16llhSENDqTh1pL,189,211.01153719983995,197.81398914568126
16llhSENDqTh1pL,190,211.14881844818592,196.02943708235398
16llhSENDqTh1pL,191,211.47858357056975,200.31647298112512
16llhSENDqTh1pL,192,211.60973540181294,192.2585704647936
16llhSENDqTh1pL,193,212.2452827617526,200.4125198945403
16llhSENDqTh1pL,194,212.4720572475344,195.49398759938776
16llhSENDqTh1pL,195,213.03931855596602,202.2965044947341
16llhSENDqTh1pL,196,212.89188295602798,202.58700988441706
16llhSENDqTh1pL,197,212.50387200154364,196.51935293711722
16llhSENDqTh1pL,198,212.74846801161766,199.60145672783256
16llhSENDqTh1pL,199,212.98682188987732,199.51403864938766
16llhSENDqTh1pL,200,213.0786339584738,201.71981508471072
16llhSENDqTh1pL,201,212.976141824387,193.8929915819317
16llhSENDqTh1pL,202,213.47762441635132,200.74834439856932
16llhSENDqTh1pL,203,213.69166458025575,204.17612758651376
16llhSENDqTh1pL,204,213.31022404879332,204.77398118004203
16llhSENDqTh1pL,205,212.9574027005583,206.7102479878813
16llhSENDqTh1pL,206,212.8577756154118,205.23564397532027
16llhSENDqTh1pL,207,212.54777164629195,203.12526283750776
16llhSENDqTh1pL,208,212.72477262839675,196.15950078889728
16llhSENDqTh1pL,209,213.05788851366378,197.40084314369597
16llhSENDqTh1pL,210,213.38666070997715,200.72156140580773
16llhSENDqTh1pL,211,213.51591186597943,203.8693907521665
16llhSENDqTh1pL,212,213.4832936692983,204.65153797902167
16llhSENDqTh1pL,213,213.25472863391042,203.01473221555352
16llhSENDqTh1pL,214,213.09091122960672,205.55271022301167
16llhSENDqTh1pL,215,212.72803299268708,198.24062188109383
16llhSENDqTh1pL,216,213.5323506342247,207.05805772263557
16llhSENDqTh1pL,217,213.38235633308068,205.1376656317152
16llhSENDqTh1pL,218,213.10216758213937,205.65126255713403
16llhSENDqTh1pL,219,212.85613225214183,203.7869276944548
16llhSENDqTh1pL,220,212.93049082066864,202.4638959383592
16llhSENDqTh1pL,221,212.6494351455476,201.03777613543207
16llhSENDqTh1pL,222,212.4264945667237,207.9897145126015
16llhSENDqTh1pL,223,211.93725852295756,203.8836537450552
16llhSENDqTh1pL,224,211.62466958491132,203.7094517829828
16llhSENDqTh1pL,225,211.60660404153168,200.15831774659455
16llhSENDqTh1pL,226,211.77953887730837,201.37972319871187
16llhSENDqTh1pL,227,211.9661170700565,204.2836113134399
16llhSENDqTh1pL,228,211.7915352306445,206.67693805909948
16llhSENDqTh1pL,229,211.4176373090595,198.789521580562
16llhSENDqTh1pL,230,211.67132203723304,203.13192733214237
16llhSENDqTh1pL,231,211.4611890153028,201.3177741006948
16llhSENDqTh1pL,232,211.62141542416066,203.3523231195286
16llhSENDqTh1pL,233,211.33978584688157,201.6117018191144
16llhSENDqTh1pL,234,211.5323102902621,200.12190424464643
16llhSENDqTh1pL,235,211.79021818959154,209.22081402526237
16llhSENDqTh1pL,236,211.3330751354806,202.2976924329996
16llhSENDqTh1pL,237,211.35391399171203,198.96594753023237
16llhSENDqTh1pL,238,211.5928230753634,202.85910044820048
16llhSENDqTh1pL,239,211.42009516665712,205.0432248027064
16llhSENDqTh1pL,240,211.0147648914717,203.51385746290907
16llhSENDqTh1pL,241,210.59622281324118,204.2818376852665
16llhSENDqTh1pL,242,210.23837933363393,204.92255751090124
16llhSENDqTh1pL,243,209.93859041575342,203.10820693988353
16llhSENDqTh1pL,244,209.94290134776384,203.7078286157921
16llhSENDqTh1pL,245,209.81286411779,205.1328310673125
16llhSENDqTh1pL,246,209.7633212278597,202.68009006371722
16llhSENDqTh1pL,247,209.76429731608368,204.3519842720125
16llhSENDqTh1pL,248,209.31218189338688,202.88177499512676
16llhSENDqTh1pL,249,209.32473062118515,203.04115294059739
16llhSENDqTh1pL,250,209.70427842019126,200.74491823418066
16llhSENDqTh1pL,251,209.61145327426493,203.49638400226831
16llhSENDqTh1pL,252,209.52708045160398,199.4482890716754
16llhSENDqTh1pL,253,209.63790570385754,200.8353793527931
16llhSENDqTh1pL,254,209.58234441000968,199.0093748914078
16llhSENDqTh1pL,255,209.92183151235804,201.8189135058783
16llhSENDqTh1pL,256,210.5432711560279,199.86559336073697
16llhSENDqTh1pL,257,210.93849473446608,203.4242429919541
16llhSENDqTh1pL,258,210.92146552726626,190.8484405912459
16llhSENDqTh1pL,259,211.86816047737375,197.27320071915165
16llhSENDqTh1pL,260,212.59765330329537,203.55093391612172
16llhSENDqTh1pL,261,213.15001869294792,203.89408850017935
16llhSENDqTh1pL,262,213.40333594754338,203.85553889907897
16llhSENDqTh1pL,263,213.3076160165947,203.50817052531056
16llhSENDqTh1pL,264,213.12981868116185,207.447141432669
16llhSENDqTh1pL,265,212.55273185297847,207.96571699157357
16llhSENDqTh1pL,266,212.69775084592402,201.41665722243488
16llhSENDqTh1pL,267,212.67264698352665,201.99065530765802
16llhSENDqTh1pL,268,212.82100845733657,204.0574513436295
16llhSENDqTh1pL,269,213.19300512339396,198.50451631238684
16llhSENDqTh1pL,270,213.79594563109276,204.53737829787133
16llhSENDqTh1pL,271,213.56964044994675,207.29902189946733
16llhSENDqTh1pL,272,213.19530030013993,203.77568716788664
16llhSENDqTh1pL,273,213.04992744605988,204.3142924765125
16llhSENDqTh1pL,274,212.85181596502662,199.476227466017
16llhSENDqTh1pL,275,212.84180899849162,203.51965744188055
16llhSENDqTh1pL,276,212.84386533265933,208.49747171765193
16llhSENDqTh1pL,277,212.6163040441461,205.33096806285903
16llhSENDqTh1pL,278,212.57451570080593,206.81610339926556
16llhSENDqTh1pL,279,212.43815128086135,205.9801647956483
16llhSENDqTh1pL,280,212.56861920421943,202.11343655688688
16llhSENDqTh1pL,281,212.8166865319945,209.92709995852783
16llhSENDqTh1pL,282,212.22951550176367,199.16576321190223
16llhSENDqTh1pL,283,212.6609363143798,202.87966656661592
16llhSENDqTh1pL,284,212.18707448628265,202.618008051184
16llhSENDqTh1pL,285,212.40467881050427,204.95311163750011
16llhSENDqTh1pL,286,211.9055611838121,201.83313975227065
16llhSENDqTh1pL,287,211.99194322898984,204.46049835532904
16llhSENDqTh1pL,288,212.33530657412484,204.19643656536937
16llhSENDqTh1pL,289,211.99579817568883,199.43608920788392
16llhSENDqTh1pL,290,212.294531843625,202.23539538588375
16llhSENDqTh1pL,291,212.28300601697993,197.8827597264899
16llhSENDqTh1pL,292,212.93262077588588,201.96318664308637
16llhSENDqTh1pL,293,213.00385379977524,199.99181884154677
16llhSENDqTh1pL,294,213.3280385453254,196.8152145529166
16llhSENDqTh1pL,295,213.72710346616805,198.91043603606522
16llhSENDqTh1pL,296,214.02937361900695,208.6362298533786
16llhSENDqTh1pL,297,213.51825278112665,206.08224824490026
16llhSENDqTh1pL,298,213.16057117190212,204.70551330130547
16llhSENDqTh1pL,299,213.44176181335934,204.41575465281494
16llhSENDqTh1pL,300,213.7542101405561,201.3668146058917
16llhSENDqTh1pL,301,214.4650701386854,207.34362695086747
16llhSENDqTh1pL,302,213.89735739282332,206.92459790757857
16llhSENDqTh1pL,303,213.7640230525285,205.0215893620625
16llhSENDqTh1pL,304,213.91259299125522,202.41884206887335
16llhSENDqTh1pL,305,213.94413317972794,201.92217348655686
16llhSENDqTh1pL,306,214.2425121087581,204.0848769005388
16llhSENDqTh1pL,307,214.32789596732619,205.40946648087265
16llhSENDqTh1pL,308,214.3611011444591,201.9352999739349
16llhSENDqTh1pL,309,214.707749360241,203.46856074873358
16llhSENDqTh1pL,310,214.7047528596595,203.10002035740763
16llhSENDqTh1pL,311,215.33962093340233,201.34941553184763
16llhSENDqTh1pL,312,215.04626841982827,206.7890442009084
16llhSENDqTh1pL,313,215.60123260738328,199.37315409304574
16llhSENDqTh1pL,314,216.13640757929534,199.43865445349365
16llhSENDqTh1pL,315,216.7668998441659,205.19997762097046
16llhSENDqTh1pL,316,216.4658379300963,205.54968509706669
16llhSENDqTh1pL,317,215.8780090949149,206.42397601070115
16llhSENDqTh1pL,318,215.7809918327257,201.80896289274096
16llhSENDqTh1pL,319,216.0990486042574,199.85438858624548
16llhSENDqTh1pL,320,216.55730743147433,208.74723071791232
16llhSENDqTh1pL,321,216.53474628087133,200.18055476108566
16llhSENDqTh1pL,322,217.08518205815926,203.5594794456847
16llhSENDqTh1pL,323,217.60255697311368,202.5754513697466
16llhSENDqTh1pL,324,217.4581491467543,202.4791458910331
16llhSENDqTh1pL,325,217.7156189903617,200.59157452359796
16llhSENDqTh1pL,326,217.66179896797985,207.0310934232548
16llhSENDqTh1pL,327,217.5683231111616,199.1533589605242
16llhSENDqTh1pL,328,217.70769530930556,204.67709500924684
16llhSENDqTh1pL,329,217.4193079775141,205.28577339518233
16llhSENDqTh1pL,330,217.7127756406553,205.2095166523941
16llhSENDqTh1pL,331,217.90835038293153,211.07458292786032
16llhSENDqTh1pL,332,217.27179730683565,205.1975382650271
16llhSENDqTh1pL,333,217.1481731091626,209.14263204531744
16llhSENDqTh1pL,334,216.78178452327847,206.56856751814485
16llhSENDqTh1pL,335,216.9893818818964,204.6581925158389
16llhSENDqTh1pL,336,217.1801494155079,209.88351275213063
16llhSENDqTh1pL,337,217.0034941812046,207.1936596315354
16llhSENDqTh1pL,338,216.75421882345108,205.78338639548747
16llhSENDqTh1pL,339,216.67878820048645,208.5408806395717
16llhSENDqTh1pL,340,216.49512421153486,209.56651771999896
16llhSENDqTh1pL,341,216.252968469169,205.81987397139892
16llhSENDqTh1pL,342,216.08415368932765,211.90959461394232
16llhSENDqTh1pL,343,215.19244300411083,202.50080486037768
16llhSENDqTh1pL,344,215.32190265797544,206.38774168037344
16llhSENDqTh1pL,345,215.8666007781867,207.1390485346783
16llhSENDqTh1pL,346,215.87421066313982,208.38773825392127
16llhSENDqTh1pL,347,216.43701500073075,210.3600478549488
16llhSENDqTh1pL,348,216.11084007797763,210.35243368102238
16llhSENDqTh1pL,349,215.29876702837646,206.39490989036858
16llhSENDqTh1pL,350,215.34665115829557,209.52555185277015
16llhSENDqTh1pL,351,215.09022626839578,201.79154279222712
16llhSENDqTh1pL,352,215.3639433402568,207.87488011829555
16llhSENDqTh1pL,353,215.23737665871158,205.76998774381354
16llhSENDqTh1pL,354,216.10556186689064,205.5275078783743
16llhSENDqTh1pL,355,215.79605563078076,208.21673167403787
16llhSENDqTh1pL,356,215.50891955802217,204.47087775031105
16llhSENDqTh1pL,357,215.5574959074147,206.97291686804965
16llhSENDqTh1pL,358,215.71805655176286,202.36740903521422
16llhSENDqTh1pL,359,216.04134654306108,202.94617445167387
16llhSENDqTh1pL,360,216.24887148151174,201.73278879234567
16llhSENDqTh1pL,361,216.36955735599622,207.02086659660563
16llhSENDqTh1pL,362,215.8020826233551,203.81557882297784
16llhSENDqTh1pL,363,215.91361279971898,209.83909305371344
16llhSENDqTh1pL,364,215.84740930929547,207.16088184103137
16llhSENDqTh1pL,365,216.41736295819283,206.8008053097874
16llhSENDqTh1pL,366,216.58001344138756,203.84595637070015
16llhSENDqTh1pL,367,217.34603235591203,209.85193200875074
16llhSENDqTh1pL,368,217.01708770217374,207.00613168533891
16llhSENDqTh1pL,369,217.01741161383688,205.03338165022433
16llhSENDqTh1pL,370,217.3331151335733,207.28860014781822
16llhSENDqTh1pL,371,217.16929511120543,207.10347563726828
16llhSENDqTh1pL,372,217.11260764836334,203.43520397110842
16llhSENDqTh1pL,373,217.7406552194152,206.84512654156424
16llhSENDqTh1pL,374,217.47726162406616,201.01446831854992
16llhSENDqTh1pL,375,217.5285722631961,207.58437812700868
16llhSENDqTh1pL,376,217.1711800476769,203.30529335467145
16llhSENDqTh1pL,377,217.32078247605386,195.55773693038645
16llhSENDqTh1pL,378,218.26851074490696,204.18968017492443
16llhSENDqTh1pL,379,218.0014301147312,209.03127751499414
16llhSENDqTh1pL,380,218.1823962343624,203.3524739065906
16llhSENDqTh1pL,381,218.2364421072416,209.72273199586198
16llhSENDqTh1pL,382,218.1547581665218,204.80396048910916
16llhSENDqTh1pL,383,219.04042476182804,207.1346865571104
16llhSENDqTh1pL,384,219.43484822823666,204.3758583047893
16llhSENDqTh1pL,385,219.59447331679985,210.33099306141958
16llhSENDqTh1pL,386,218.9156221448793,210.12420233152807
16llhSENDqTh1pL,387,218.95914344949415,210.48422124324134
16llhSENDqTh1pL,388,218.28979410463944,207.88790495088324
16llhSENDqTh1pL,389,218.53313187486492,214.209483433282
16llhSENDqTh1pL,390,218.62439506920055,203.87924622301944
16llhSENDqTh1pL,391,218.79929264471866,210.29180257231928
16llhSENDqTh1pL,392,218.88210419635288,212.84446844668128
16llhSENDqTh1pL,393,218.12864308198914,206.37677170475945
16llhSENDqTh1pL,394,217.84244127152488,210.22634501336142
16llhSENDqTh1pL,395,218.02918103756383,213.3361655124463
16llhSENDqTh1pL,396,217.38651218824089,207.6027412544936
16llhSENDqTh1pL,397,217.43441416765563,214.64292416232638
16llhSENDqTh1pL,398,217.75886832131073,211.78471624245867
16llhSENDqTh1pL,399,216.92344243288971,207.72840865165927
16llhSENDqTh1pL,400,216.54320688336156,207.95156813389622
16llhSENDqTh1pL,401,216.0315858097747,206.28777382243425
16llhSENDqTh1pL,402,218.09108945413027,212.6071580076823
16llhSENDqTh1pL,403,219.55577636673115,213.15278366371058
16llhSENDqTh1pL,404,218.68821709230542,215.10361057519913
16llhSENDqTh1pL,405,217.86496750112747,211.42610494453584
16llhSENDqTh1pL,406,217.21935104811564,208.24673284450546
16llhSENDqTh1pL,407,217.1918563179206,211.08414342650212
16llhSENDqTh1pL,408,217.73792042253262,207.29359832122645
16llhSENDqTh1pL,409,217.4122744090855,208.75718594715
16llhSENDqTh1pL,410,217.02115002879873,212.83620951185003
16llhSENDqTh1pL,411,216.2963466872461,205.34202679013833
16llhSENDqTh1pL,412,216.75934834731743,208.02769186301157
16llhSENDqTh1pL,413,217.3075806912966,207.87414678605273
16llhSENDqTh1pL,414,217.19588322937489,209.9430360700935
16llhSENDqTh1pL,415,216.9549093284877,206.32096837100107
16llhSENDqTh1pL,416,217.50040016626008,205.8922403336037
16llhSENDqTh1pL,417,217.5185737744905,206.6999468789436
16llhSENDqTh1pL,418,217.9180134870112,213.51093707047403
16llhSENDqTh1pL,419,218.2649871574249,209.45560027076863
16llhSENDqTh1pL,420,218.74070531904,208.63719527079957
16llhSENDqTh1pL,421,219.1006299338187,205.61177408107324
16llhSENDqTh1pL,422,219.86422696395312,209.91828609316144
16llhSENDqTh1pL,423,219.5099400463514,206.61620976915583
16llhSENDqTh1pL,424,219.24600979266688,211.48207188211381
16llhSENDqTh1pL,425,219.31979680992663,202.43356203101575
16llhSENDqTh1pL,426,219.32701223228105,213.24243627745636
16llhSENDqTh1pL,427,219.06857333463267,206.1472281770839
16llhSENDqTh1pL,428,219.1950191060314,210.59753814490978
16llhSENDqTh1pL,429,218.89576429582667,212.1634610638721
16llhSENDqTh1pL,430,220.27847393834963,207.23894558893517
16llhSENDqTh1pL,431,220.36057491553947,208.83208415051922
16llhSENDqTh1pL,432,221.1214335198747,211.79565240477677
16llhSENDqTh1pL,433,221.05570373940282,211.44936860608868
16llhSENDqTh1pL,434,220.32740949520485,207.25158666500465
16llhSENDqTh1pL,435,220.14936619065702,215.4968615807593
16llhSENDqTh1pL,436,220.04742847196758,210.18573132157326
16llhSENDqTh1pL,437,220.28284336667275,211.2205598805449
16llhSENDqTh1pL,438,220.00133149838075,208.5542533318512
16llhSENDqTh1pL,439,220.2473950125859,212.72007688513258
16llhSENDqTh1pL,440,219.67451982200146,213.68993297964334
16llhSENDqTh1pL,441,219.03067928133532,208.1926654810086
16llhSENDqTh1pL,442,218.91909852751996,210.6228032236686
16llhSENDqTh1pL,443,218.12085408903658,215.3949516484281
16llhSENDqTh1pL,444,217.69454179657623,211.26411734567955
16llhSENDqTh1pL,445,217.71249926299788,211.68102226615883
16llhSENDqTh1pL,446,217.21296686516143,209.85715263453312
16llhSENDqTh1pL,447,217.8379129791865,210.68806886544917
16llhSENDqTh1pL,448,217.29979779737914,206.56155253927136
16llhSENDqTh1pL,449,216.7366125434637,210.02622878924012
16llhSENDqTh1pL,450,216.48073693481274,207.66395200346597
16llhSENDqTh1pL,451,218.31693994090892,214.37426098273136
16llhSENDqTh1pL,452,217.29495314019732,211.99217567476444
16llhSENDqTh1pL,453,216.4866546575704,208.95566795177547
16llhSENDqTh1pL,454,218.03986446384806,210.70517580967862
16llhSENDqTh1pL,455,217.67517798999324,206.74464809242636
16llhSENDqTh1pL,456,218.45098044676706,211.18916127970442
16llhSENDqTh1pL,457,218.89058475475758,205.82369786407799
16llhSENDqTh1pL,458,220.82105124066584,212.63080896786414
16llhSENDqTh1pL,459,220.5603340738453,213.22644131677225
16llhSENDqTh1pL,460,220.2140500729438,212.86225378490053
16llhSENDqTh1pL,461,219.6364851258695,207.8682714216411
16llhSENDqTh1pL,462,220.35234509466682,210.89386000542436
16llhSENDqTh1pL,463,220.10179818887264,213.63496571872383
16llhSENDqTh1pL,464,220.34924472961575,207.10122383292764
16llhSENDqTh1pL,465,220.96912333155342,210.54701318936714
16llhSENDqTh1pL,466,220.63233376247808,211.32860669819638
16llhSENDqTh1pL,467,220.80877836514264,206.78474759170786
16llhSENDqTh1pL,468,221.0834170903545,214.17233559931628
16llhSENDqTh1pL,469,220.76428852789104,206.96031258208677
16llhSENDqTh1pL,470,220.88193468889222,206.39154054550454
16llhSENDqTh1pL,471,221.36066982301418,207.93373590393458
16llhSENDqTh1pL,472,221.43980620382354,213.1728532051202
16llhSENDqTh1pL,473,221.90527577511966,211.05407807417214
16llhSENDqTh1pL,474,221.78148788487306,216.94100983341923
16llhSENDqTh1pL,475,221.13077903178055,213.73260251630563
16llhSENDqTh1pL,476,222.2142899709288,206.8346999224741
16llhSENDqTh1pL,477,221.8937563255895,208.90931349177845
16llhSENDqTh1pL,478,221.44587376527488,211.1937826089561
16llhSENDqTh1pL,479,221.02296001464128,215.67144585959613
16llhSENDqTh1pL,480,221.71576431463473,210.8003813426476
16llhSENDqTh1pL,481,223.33265902823769,213.7665144803468
16llhSENDqTh1pL,482,222.79457071839715,212.29175197004224
16llhSENDqTh1pL,483,222.78705107944552,212.40158696530852
16llhSENDqTh1pL,484,222.46754439582583,213.62893801776227
16llhSENDqTh1pL,485,222.94999282201752,215.94456031126902
16llhSENDqTh1pL,486,221.92263167724013,210.28891561366618
16llhSENDqTh1pL,487,221.99687851659837,206.3713907643396
16llhSENDqTh1pL,488,222.2682659184793,214.8142070506001
16llhSENDqTh1pL,489,223.9308938946342,214.3418788894778
16llhSENDqTh1pL,490,224.91116242762655,220.3144482234493
16llhSENDqTh1pL,491,225.85703375609592,218.2022745013237
16llhSENDqTh1pL,492,224.47481074274037,220.31649531304356
16llhSENDqTh1pL,493,223.50592199887615,217.46064749441575
16llhSENDqTh1pL,494,222.61691336752847,218.13071195455268
16llhSENDqTh1pL,495,222.01818501623347,215.57892283285037
16llhSENDqTh1pL,496,221.26295946259052,215.69306839536875
16llhSENDqTh1pL,497,222.4451983133331,219.33407412096858
16llhSENDqTh1pL,498,221.8962301951833,217.52743177721277
16llhSENDqTh1pL,499,221.23264850419946,213.3188074317295
16llhSENDqTh1pL,500,220.68559380120132,215.3690540647367
16llhSENDqTh1pL,501,220.33265349594876,210.39776477357373
16llhSENDqTh1pL,502,220.10201403405517,215.58891080040485
16llhSENDqTh1pL,503,221.08134834625525,212.90018248994602
16llhSENDqTh1pL,504,220.91440323460847,212.96832593437284
16llhSENDqTh1pL,505,222.24380885064602,211.4544706121087
16llhSENDqTh1pL,506,223.75124230964866,218.16948981753376
16llhSENDqTh1pL,507,222.74396984872874,211.81613737007137
16llhSENDqTh1pL,508,222.52397558558732,211.61033948417753
16llhSENDqTh1pL,509,222.69138250569813,215.64819537918083
16llhSENDqTh1pL,510,222.15645693411352,214.77263826859416
16llhSENDqTh1pL,511,221.52178869741329,210.41765780020796
16llhSENDqTh1pL,512,221.69382154352752,211.76116043578622
16llhSENDqTh1pL,513,221.7189340950572,207.39682614110643
16llhSENDqTh1pL,514,221.38928066543303,208.76531124277972
16llhSENDqTh1pL,515,223.8332196031115,215.12303913611686
16llhSENDqTh1pL,516,225.04322505416349,218.22566905850545
16llhSENDqTh1pL,517,224.1715056472458,215.3537271269597
16llhSENDqTh1pL,518,223.09706276623183,212.22618295965367
16llhSENDqTh1pL,519,223.6962185734883,219.19844982679933
16llhSENDqTh1pL,520,223.32997026160592,213.9060835405835
16llhSENDqTh1pL,521,223.570835718323,216.37736627775848
16llhSENDqTh1pL,522,222.17856192705221,214.34150772099383
16llhSENDqTh1pL,523,221.02884684083983,208.62601399375126
16llhSENDqTh1pL,524,220.58224807074293,212.7482476416044
16llhSENDqTh1pL,525,219.9586152303964,213.53151475824416
16llhSENDqTh1pL,526,219.31264040750648,204.20092533660318
16llhSENDqTh1pL,527,220.91270736861043,214.73776168446057
16llhSENDqTh1pL,528,221.3695655722986,208.96729494509054
16llhSENDqTh1pL,529,221.39177829027176,209.58937847299967
16llhSENDqTh1pL,530,221.4168367339298,209.87519380170852
16llhSENDqTh1pL,531,221.45925649197306,211.99216863454785
16llhSENDqTh1pL,532,221.30315527139464,209.5088283266523
16llhSENDqTh1pL,533,221.3021378047997,210.62230549391825
16llhSENDqTh1pL,534,221.19448260191712,210.12002721216413
16llhSENDqTh1pL,535,221.6161848215852,208.9815385977272
16llhSENDqTh1pL,536,221.4157504462637,210.23054526746273
16llhSENDqTh1pL,537,221.1401762010064,209.1088681544643
16llhSENDqTh1pL,538,220.6795745100826,210.21937625668943
16llhSENDqTh1pL,539,221.06067471019924,204.66114158928394
16llhSENDqTh1pL,540,221.63061224343255,208.20161595055833
16llhSENDqTh1pL,541,221.53156472090632,210.5913521712646
16llhSENDqTh1pL,542,220.71057753961395,211.7995811397941
16llhSENDqTh1pL,543,220.5505360167008,210.58622701349668
16llhSENDqTh1pL,544,220.76558630075306,210.2721708258614
16llhSENDqTh1pL,545,220.85812368849292,213.9621450372506
16llhSENDqTh1pL,546,220.26060561276972,213.88674225192517
16llhSENDqTh1pL,547,219.61528422683477,206.45548702403903
16llhSENDqTh1pL,548,219.57091415242758,212.150185604929
16llhSENDqTh1pL,549,219.15229229058605,212.53809451672714
16llhSENDqTh1pL,550,219.49484980630223,207.986429961049
16llhSENDqTh1pL,551,220.13976467118482,209.3929282007448
16llhSENDqTh1pL,552,219.87785562098725,212.61759145528777
16llhSENDqTh1pL,553,219.13864264893346,207.920151515631
16llhSENDqTh1pL,554,218.86410347267156,209.9274280694044
16llhSENDqTh1pL,555,218.6513028005138,211.66016869340092
16llhSENDqTh1pL,556,218.41476277398442,214.5860382113283
16llhSENDqTh1pL,557,217.92332657566294,208.6686376654543
16llhSENDqTh1pL,558,217.79970844405761,212.61401989626756
16llhSENDqTh1pL,559,218.4660782776773,209.03500779345632
16llhSENDqTh1pL,560,218.21891844185302,206.8200875139446
16llhSENDqTh1pL,561,218.16553193703294,205.2824732310837
16llhSENDqTh1pL,562,217.99925722321495,210.34731865720823
16llhSENDqTh1pL,563,218.13331465260126,205.98174239252694
16llhSENDqTh1pL,564,218.6655708262697,210.7520652571693
16llhSENDqTh1pL,565,218.3132159006782,206.99852298246697
16llhSENDqTh1pL,566,218.63495017867535,209.53093750495464
16llhSENDqTh1pL,567,218.42048347648233,206.5195619603619
16llhSENDqTh1pL,568,218.1608723332174,208.4301876355894
16llhSENDqTh1pL,569,218.16860122978687,214.25650433264673
16llhSENDqTh1pL,570,218.17932497151196,210.55407699756324
16llhSENDqTh1pL,571,217.65654358267784,209.40057000378147
16llhSENDqTh1pL,572,217.42229764984222,208.0494523908128
16llhSENDqTh1pL,573,217.61809430416906,203.2649661335745
16llhSENDqTh1pL,574,218.33457623887807,205.68493456486613
16llhSENDqTh1pL,575,218.95051251538098,209.22892801463604
16llhSENDqTh1pL,576,218.89804610656574,207.43723744386807
16llhSENDqTh1pL,577,219.11148920375854,207.21840465674177
16llhSENDqTh1pL,578,219.11547710979357,213.49541299091652
16llhSENDqTh1pL,579,218.96076327748597,202.18318768776953
16llhSENDqTh1pL,580,219.1279339074972,202.57202304637758
16llhSENDqTh1pL,581,219.21086250222288,207.18575301743113
16llhSENDqTh1pL,582,220.15478363190778,209.83787737390958
16llhSENDqTh1pL,583,220.40567433089018,199.96666211634874
16llhSENDqTh1pL,584,221.27794248936698,207.6918259258382
16llhSENDqTh1pL,585,221.6692328848876,206.73682746198028
16llhSENDqTh1pL,586,221.71900289924815,202.86811283323914
16llhSENDqTh1pL,587,221.6147511494346,212.31476575415581
16llhSENDqTh1pL,588,221.65057721734047,209.1088293734938
16llhSENDqTh1pL,589,221.51521827330362,206.45860751581858
16llhSENDqTh1pL,590,222.65293449442834,204.9778668647632
16llhSENDqTh1pL,591,222.69020284799626,208.8223419514834
16llhSENDqTh1pL,592,222.50306089501828,211.5895759849809
16llhSENDqTh1pL,593,222.00198703911155,209.77442500274628
16llhSENDqTh1pL,594,222.03106644185755,211.07892031031224
16llhSENDqTh1pL,595,222.07865309203044,217.59391870396212
16llhSENDqTh1pL,596,221.66395198577084,212.2947072221432
16llhSENDqTh1pL,597,223.2368920412846,210.24540676781908
16llhSENDqTh1pL,598,226.48551330110058,214.46001286944374
16llhSENDqTh1pL,599,226.1944525729632,220.49748980009463
16llhSENDqTh1pL,600,224.9263418057235,211.5604244909482
16llhSENDqTh1pL,601,224.7012812034809,218.57482508622343
16llhSENDqTh1pL,602,223.2136359065771,216.3954102061689
16llhSENDqTh1pL,603,222.76622618723195,212.38412726845127
16llhSENDqTh1pL,604,222.11323685362004,216.57547203614376
16llhSENDqTh1pL,605,221.48400226871854,212.79809640611893
16llhSENDqTh1pL,606,221.48537410376593,209.94828958017752
16llhSENDqTh1pL,607,222.7320585148409,210.59176247287542
16llhSENDqTh1pL,608,222.96721861278638,217.19056578492746
16llhSENDqTh1pL,609,222.44264719681814,213.22976241866127
16llhSENDqTh1pL,610,221.66289801363018,212.57442297998932
16llhSENDqTh1pL,611,220.82015706435777,208.34377970197238
16llhSENDqTh1pL,612,220.60208407370374,213.14491300610825
16llhSENDqTh1pL,613,221.52033818420023,212.86793333943933
16llhSENDqTh1pL,614,221.35013801592868,211.56528534728568
16llhSENDqTh1pL,615,221.47136943042278,212.6714609451592
16llhSENDqTh1pL,616,220.97780839074403,213.14196539204568
16llhSENDqTh1pL,617,220.29756021522917,212.45306959818117
16llhSENDqTh1pL,618,220.15976881759707,212.87713861803059
16llhSENDqTh1pL,619,219.75652501150034,211.76322832668666
16llhSENDqTh1pL,620,221.14470100400467,213.31516292316337
16llhSENDqTh1pL,621,219.88590662938077,211.35818078753073
16llhSENDqTh1pL,622,219.12418471940327,209.32060130976606
16llhSENDqTh1pL,623,219.00475533213466,210.37437694799155
16llhSENDqTh1pL,624,220.39008617587388,211.36308700591326
16llhSENDqTh1pL,625,219.75261685904115,214.7246358236298
16llhSENDqTh1pL,626,218.71245574299246,204.82551286835223
16llhSENDqTh1pL,627,219.27097866265103,211.24521458661184
16llhSENDqTh1pL,628,219.2526439805515,211.8933188826777
16llhSENDqTh1pL,629,218.58817050326616,202.38544027786702
16llhSENDqTh1pL,630,218.45715308809304,210.57443486960256
16llhSENDqTh1pL,631,217.93857235845644,207.16718283377122
16llhSENDqTh1pL,632,218.6621928770328,212.4472146370681
16llhSENDqTh1pL,633,218.41241474123672,209.6369456392713
16llhSENDqTh1pL,634,218.18799196160398,213.15128783253022
16llhSENDqTh1pL,635,217.80820431676693,209.18473424506374
16llhSENDqTh1pL,636,217.68803893122822,209.3477173531428
16llhSENDqTh1pL,637,217.94293676601956,207.23707400989952
16llhSENDqTh1pL,638,217.82518767449073,211.33615809562616
16llhSENDqTh1pL,639,217.66951825178694,209.73521975323092
16llhSENDqTh1pL,640,217.09382562187966,207.33875940961298
16llhSENDqTh1pL,641,216.56763982365374,209.21703563409392
16llhSENDqTh1pL,642,216.65537429391406,206.33428374282084
16llhSENDqTh1pL,643,216.8912313892506,207.46004088176414
16llhSENDqTh1pL,644,217.50150999985635,207.52098105702316
16llhSENDqTh1pL,645,218.0300567620434,208.01759052509442
16llhSENDqTh1pL,646,218.2258022064343,201.6547318128869
16llhSENDqTh1pL,647,219.38450994236882,206.5961350625148
16llhSENDqTh1pL,648,219.44749546143248,206.13916858750417
16llhSENDqTh1pL,649,220.23192200390622,214.0243971417658
16llhSENDqTh1pL,650,220.0011153294472,205.60139836918097
16llhSENDqTh1pL,651,221.16446958016604,204.68743528146297
16llhSENDqTh1pL,652,220.8329186642659,214.097584087227
16llhSENDqTh1pL,653,220.65380295540672,209.07691503677052
16llhSENDqTh1pL,654,220.88580745016225,214.73921859753318
16llhSENDqTh1pL,655,220.9728237921372,213.6342554287985
16llhSENDqTh1pL,656,220.52230607240926,211.3506531015737
16llhSENDqTh1pL,657,220.44986575236544,212.06299112504348
16llhSENDqTh1pL,658,220.38596341526136,212.75709864171222
16llhSENDqTh1pL,659,220.03944388660602,215.39775595325045
16llhSENDqTh1pL,660,220.17517024837434,217.82724438607693
16llhSENDqTh1pL,661,220.30731305480003,214.30601767078042
16llhSENDqTh1pL,662,219.4319959677523,217.14469371398445
16llhSENDqTh1pL,663,218.35983303422108,214.24679932231084
16llhSENDqTh1pL,664,217.7754942495376,208.19156542047858
16llhSENDqTh1pL,665,219.6596054448164,216.19294314732542
16llhSENDqTh1pL,666,219.4317036184948,214.77566334302537
16llhSENDqTh1pL,667,218.68146029731724,213.8531223187456
16llhSENDqTh1pL,668,218.4040632043616,212.32546507014195
16llhSENDqTh1pL,669,218.40337948082015,208.06229037372395
16llhSENDqTh1pL,670,218.41757259797305,207.60510550718755
16llhSENDqTh1pL,671,218.1468410915695,208.69390121055767
16llhSENDqTh1pL,672,218.29998248346237,212.81714328607632
16llhSENDqTh1pL,673,217.84987459518015,216.95799976587296
16llhSENDqTh1pL,674,216.72880314357462,210.07385551810148
16llhSENDqTh1pL,675,216.5473246179754,210.27891675161663
16llhSENDqTh1pL,676,217.59753748122603,211.4273097058758
16llhSENDqTh1pL,677,216.86667867033975,209.8603322285344
16llhSENDqTh1pL,678,216.26489860052243,212.5871496074833
16llhSENDqTh1pL,679,215.77692817756906,211.37877768091857
16llhSENDqTh1pL,680,215.7431455955375,210.30968030611984
16llhSENDqTh1pL,681,215.59043723903596,210.804693184793
16llhSENDqTh1pL,682,214.55201768514235,207.87418918323237
16llhSENDqTh1pL,683,216.24271723954007,208.39393902895972
16llhSENDqTh1pL,684,216.15514511615038,212.24324766919017
16llhSENDqTh1pL,685,216.6165296207182,206.69053832395002
16llhSENDqTh1pL,686,217.4803868716117,211.26506295823492
16llhSENDqTh1pL,687,218.6272175918566,215.57600673579145
16llhSENDqTh1pL,688,218.6655918448232,210.79531427053735
16llhSENDqTh1pL,689,217.8109220333863,212.8363056119997
16llhSENDqTh1pL,690,218.08626997715328,210.4529649792239
16llhSENDqTh1pL,691,217.79863026260864,209.26594764261972
16llhSENDqTh1pL,692,217.32085818203632,202.6319435291225
16llhSENDqTh1pL,693,217.94210716974885,205.6743492063597
16llhSENDqTh1pL,694,218.70538990653586,205.9179166693939
16llhSENDqTh1pL,695,220.00955122953746,207.33874237595592
16llhSENDqTh1pL,696,220.64575126613818,211.58488204176865
16llhSENDqTh1pL,697,221.06536005670205,213.3586744372733
16llhSENDqTh1pL,698,221.33277017530054,210.53362376336008
16llhSENDqTh1pL,699,221.77248292891636,214.43999419370994
16llhSENDqTh1pL,700,221.00940323993564,214.66051317937672
16llhSENDqTh1pL,701,220.5367885279702,215.95612751238514
16llhSENDqTh1pL,702,219.88831517938524,210.73945310804993
16llhSENDqTh1pL,703,219.8965759947896,211.43353357724845
16llhSENDqTh1pL,704,219.48753545153886,207.69024268630892
16llhSENDqTh1pL,705,220.27383742574602,211.42309323418885
16llhSENDqTh1pL,706,219.94968734215945,215.20665509440005
16llhSENDqTh1pL,707,219.38607380213216,212.8518216391094
16llhSENDqTh1pL,708,219.55381505773403,204.70215329923667
16llhSENDqTh1pL,709,219.98922134679742,210.45914498367347
16llhSENDqTh1pL,710,219.32230673730373,203.22066907258704
16llhSENDqTh1pL,711,220.34472119003112,212.1442200144338
16llhSENDqTh1pL,712,220.81561551816412,213.29489773340174
16llhSENDqTh1pL,713,221.24800145672634,206.57128522219136
16llhSENDqTh1pL,714,221.57902664574794,213.40125882462598
16llhSENDqTh1pL,715,221.03457145392895,213.51621812582016
16llhSENDqTh1pL,716,221.259894634597,213.30742136295885
16llhSENDqTh1pL,717,220.39203799935058,209.91697317594662
16llhSENDqTh1pL,718,220.41224743856583,211.98692885658238
16llhSENDqTh1pL,719,221.1309055776801,212.13224986358546
16llhSENDqTh1pL,720,221.1208637506934,213.60546438780148
16llhSENDqTh1pL,721,221.71008443145547,215.8326351462165
16llhSENDqTh1pL,722,220.72971594915725,211.01698916987516
16llhSENDqTh1pL,723,221.12294271454448,214.09001326427097
16llhSENDqTh1pL,724,221.47443153016502,212.92787936195964
16llhSENDqTh1pL,725,221.98336607031524,208.87848273664713
16llhSENDqTh1pL,726,221.60809380524915,216.7233603742079
16llhSENDqTh1pL,727,221.06981130596978,213.94008628186566
16llhSENDqTh1pL,728,220.28312597087643,210.31475751697144
16llhSENDqTh1pL,729,220.75973773922306,212.6722299976973
16llhSENDqTh1pL,730,221.45635604811832,210.8310118499212
16llhSENDqTh1pL,731,221.18334835987662,217.85460810583209
16llhSENDqTh1pL,732,220.92499602166936,216.0598631813191
16llhSENDqTh1pL,733,220.30487031117082,209.72800946608186
16llhSENDqTh1pL,734,219.7652924163267,210.4474840136245
16llhSENDqTh1pL,735,221.41109535683427,213.59172055439558
16llhSENDqTh1pL,736,222.6866156983051,217.05382355701659
16llhSENDqTh1pL,737,221.7420851988718,211.42135630967095
16llhSENDqTh1pL,738,221.97202224773355,216.4249510683585
16llhSENDqTh1pL,739,221.43871258859872,214.40238762748777
16llhSENDqTh1pL,740,220.84350134688611,216.78277969244118
16llhSENDqTh1pL,741,219.97249040775932,211.3615884243045
16llhSENDqTh1pL,742,220.15982109872857,213.9153142553405
16llhSENDqTh1pL,743,219.24603878008202,213.17418025108054
16llhSENDqTh1pL,744,218.51250903477194,208.0398040691507
16llhSENDqTh1pL,745,218.36687402345706,209.4387336029904
16llhSENDqTh1pL,746,218.46357723663095,212.37655618751887
16llhSENDqTh1pL,747,218.457447772671,212.22586792876245
16llhSENDqTh1pL,748,218.58657716191374,211.62265822826885
16llhSENDqTh1pL,749,218.8978720103769,213.33862723423226
16llhSENDqTh1pL,750,218.7273057489656,208.9883820465766
16llhSENDqTh1pL,751,218.07660332182422,203.65457178885117
16llhSENDqTh1pL,752,218.27934787981212,203.5006266720593
16llhSENDqTh1pL,753,218.66376518417383,210.44046862010146
16llhSENDqTh1pL,754,218.25770513433963,210.11093767080456
16llhSENDqTh1pL,755,219.08897663024254,206.63608677615412
16llhSENDqTh1pL,756,219.21366157304146,206.5228635283711
16llhSENDqTh1pL,757,219.69845468644053,207.77549221506342
16llhSENDqTh1pL,758,219.476758135017,206.1146062440239
16llhSENDqTh1pL,759,219.43443434221263,213.82775443328137
16llhSENDqTh1pL,760,219.31490089232102,212.22837995970622
16llhSENDqTh1pL,761,218.80460055777803,210.01120757544413
16llhSENDqTh1pL,762,218.2438848002348,210.99199510575272
16llhSENDqTh1pL,763,218.61490651173517,212.57387994928285
16llhSENDqTh1pL,764,217.74794954061508,210.1241588499397
16llhSENDqTh1pL,765,217.56137173180468,206.16816307255067
16llhSENDqTh1pL,766,217.708592108218,206.54821616481058
16llhSENDqTh1pL,767,217.8658948824741,213.21924643451348
16llhSENDqTh1pL,768,218.09008501889184,213.43186409166083
16llhSENDqTh1pL,769,218.13466440327466,205.6693479474634
16llhSENDqTh1pL,770,218.23711715242825,213.56624242081307
16llhSENDqTh1pL,771,217.77534993330482,213.18917196022812
16llhSENDqTh1pL,772,217.85996649286244,210.04457368946169
16llhSENDqTh1pL,773,217.3344202800654,211.89478789328132
16llhSENDqTh1pL,774,216.2806773170596,206.10549175774213
16llhSENDqTh1pL,775,216.18429363018367,210.69121543562505
16llhSENDqTh1pL,776,216.38044775882736,210.63024207996204
16llhSENDqTh1pL,777,216.83816308761016,211.48008166113868
16llhSENDqTh1pL,778,216.72332021128386,198.5640898840502
16llhSENDqTh1pL,779,217.12768742482876,207.28947378176963
16llhSENDqTh1pL,780,216.69224113342352,213.50751053658314
16llhSENDqTh1pL,781,216.96167606394738,210.79434778448194
16llhSENDqTh1pL,782,217.23143795412034,210.51328926440328
16llhSENDqTh1pL,783,217.05477731341125,206.64548620434107
16llhSENDqTh1pL,784,218.18999302992597,214.58421914512292
16llhSENDqTh1pL,785,217.16004820354283,210.20400918647647
16llhSENDqTh1pL,786,217.11236520297825,208.96183318831027
16llhSENDqTh1pL,787,217.03189483378083,207.24806434754282
16llhSENDqTh1pL,788,219.40360702574253,212.9512269757688
16llhSENDqTh1pL,789,219.55142572056502,209.87241596449167
16llhSENDqTh1pL,790,219.66827867086977,210.4019998339936
16llhSENDqTh1pL,791,219.41866979375482,209.58864108659327
16llhSENDqTh1pL,792,219.431046130303,212.70829003320978
16llhSENDqTh1pL,793,219.16461457672995,210.15375722933095
16llhSENDqTh1pL,794,219.15335434209555,209.1421084245667
16llhSENDqTh1pL,795,219.31622955866624,214.12964786880184
16llhSENDqTh1pL,796,219.7292390820803,207.27188458864111
16llhSENDqTh1pL,797,220.24464382370934,210.42313296860084
16llhSENDqTh1pL,798,220.24664155070786,211.64931113508646
16llhSENDqTh1pL,799,220.0443082221318,215.3642366968561
16llhSENDqTh1pL,800,219.2049534957623,209.0214542656904
16llhSENDqTh1pL,801,220.3151043484686,214.45204390760045
16llhSENDqTh1pL,802,220.02769171330146,213.50075567211024
16llhSENDqTh1pL,803,219.09029103652574,209.35631586634554
16llhSENDqTh1pL,804,218.67174450552557,212.75267735181842
16llhSENDqTh1pL,805,219.41422827914357,211.3865770176053
16llhSENDqTh1pL,806,219.7074220511131,209.33674723794684
16llhSENDqTh1pL,807,219.662507217261,211.36405212793034
16llhSENDqTh1pL,808,219.71649255463853,208.46998412208632
16llhSENDqTh1pL,809,219.84598137137436,210.53821538274133
16llhSENDqTh1pL,810,219.42100087093422,214.71960765967378
16llhSENDqTh1pL,811,218.651762382593,213.5117310672067
16llhSENDqTh1pL,812,218.96705232051318,209.0929374699772
16llhSENDqTh1pL,813,219.45028176810592,212.19627492967993
16llhSENDqTh1pL,814,219.0272986444179,209.29449566849507
16llhSENDqTh1pL,815,219.24787131568883,209.33716168499086
16llhSENDqTh1pL,816,219.60879298811778,204.5450078113936
16llhSENDqTh1pL,817,219.8827070982661,216.22924024867825
16llhSENDqTh1pL,818,219.4496663697064,214.33116635447368
16llhSENDqTh1pL,819,219.01654305518605,204.21312591643073
16llhSENDqTh1pL,820,219.6249226980799,207.85570075287978
16llhSENDqTh1pL,821,220.13757574436022,212.96480261412216
16llhSENDqTh1pL,822,220.34873053932097,203.43584491766524
16llhSENDqTh1pL,823,221.44522617431358,209.92883314797655
16llhSENDqTh1pL,824,221.31336018489674,211.2099725131411
16llhSENDqTh1pL,825,221.44730708701536,214.87525624921545
16llhSENDqTh1pL,826,221.05129746041803,209.1635709206721
16llhSENDqTh1pL,827,221.78191980079282,207.2663744307356
16llhSENDqTh1pL,828,222.0583727932535,214.6140230554156
16llhSENDqTh1pL,829,221.52274503337685,207.2548535950482
16llhSENDqTh1pL,830,221.56158625439275,217.3577061231481
16llhSENDqTh1pL,831,221.6877565450268,216.83022017788608
16llhSENDqTh1pL,832,221.06322055123746,215.52791178040206
16llhSENDqTh1pL,833,220.41520883655176,215.10234440630302
16llhSENDqTh1pL,834,219.26958806347102,210.23946494981647
16llhSENDqTh1pL,835,219.2462027615711,215.03098043080718
16llhSENDqTh1pL,836,219.502763447701,211.4223341284087
16llhSENDqTh1pL,837,219.04261971020605,210.2968301338842
16llhSENDqTh1pL,838,219.28662892521243,209.77396966237575
16llhSENDqTh1pL,839,218.95873212741571,210.3706508532341
16llhSENDqTh1pL,840,219.54216279054526,213.0658465694869
16llhSENDqTh1pL,841,218.99447747331578,209.33190344285686
16llhSENDqTh1pL,842,218.76964052580297,209.62510907836258
16llhSENDqTh1pL,843,219.0124904634431,212.20916767325252
16llhSENDqTh1pL,844,218.72248956596013,212.4783499877667
16llhSENDqTh1pL,845,218.35430205555167,211.7877786786994
16llhSENDqTh1pL,846,218.5433470812859,215.0607550238492
16llhSENDqTh1pL,847,218.82606971927453,206.43411577132065
16llhSENDqTh1pL,848,218.5533627392142,208.9829240636318
16llhSENDqTh1pL,849,218.31240747740958,213.81855895987246
16llhSENDqTh1pL,850,217.94535800465383,211.5259530574549
16llhSENDqTh1pL,851,218.19310415966902,208.9023720609257
16llhSENDqTh1pL,852,217.65178274549544,208.0144769642502
16llhSENDqTh1pL,853,218.56844681309303,212.56290720956167
16llhSENDqTh1pL,854,218.53511235443875,211.6596921137534
16llhSENDqTh1pL,855,219.31384692445863,214.50452601641882
16llhSENDqTh1pL,856,219.47008080547675,214.11032678512856
16llhSENDqTh1pL,857,218.45183370320592,211.67747920996044
16llhSENDqTh1pL,858,218.4230965131428,214.0836919953581
16llhSENDqTh1pL,859,217.78984167380258,211.61070065340027
16llhSENDqTh1pL,860,219.9137027459219,214.01739952899516
16llhSENDqTh1pL,861,219.746283323213,209.92326416884316
16llhSENDqTh1pL,862,221.62661722768098,214.75520668458194
16llhSENDqTh1pL,863,221.42169208731502,219.1518111610785
16llhSENDqTh1pL,864,220.20912617610884,217.36361672522617
16llhSENDqTh1pL,865,219.67439668969018,210.88639978243737
16llhSENDqTh1pL,866,219.65593898511725,217.06293500057654
16llhSENDqTh1pL,867,219.91511884098873,213.49721685703844
16llhSENDqTh1pL,868,220.26933643699158,215.04433533281554
16llhSENDqTh1pL,869,220.26796799525619,213.76345268264413
16llhSENDqTh1pL,870,219.58633841061965,215.95977601082996
16llhSENDqTh1pL,871,218.54357838898432,212.10827162570786
16llhSENDqTh1pL,872,221.43561033532023,211.6250288616866
16llhSENDqTh1pL,873,221.39419063692912,213.20400313008577
16llhSENDqTh1pL,874,221.03146285703406,212.7010494354181
16llhSENDqTh1pL,875,221.57305321054446,215.2807346540867
16llhSENDqTh1pL,876,221.04042996262433,211.45655869861366
16llhSENDqTh1pL,877,220.6541820014827,216.14221660187468
16llhSENDqTh1pL,878,220.5018610752304,215.98561426094966
16llhSENDqTh1pL,879,220.9442855261732,218.36699234624393
16llhSENDqTh1pL,880,220.30231229308993,214.16574750188738
16llhSENDqTh1pL,881,219.8396293199621,213.31019055983052
16llhSENDqTh1pL,882,220.5061828517355,210.49674765579402
16llhSENDqTh1pL,883,220.14219027315266,211.4250651143957
16llhSENDqTh1pL,884,220.0578215981368,216.74623972014524
16llhSENDqTh1pL,885,222.268606568221,212.41784918913618
16llhSENDqTh1pL,886,221.66091358213453,212.55859708337812
16llhSENDqTh1pL,887,222.87858143728226,216.08724822755903
16llhSENDqTh1pL,888,223.2750322422944,212.66729912301525
16llhSENDqTh1pL,889,222.8411048615817,216.8597668299917
16llhSENDqTh1pL,890,222.13388824463073,214.41106393374685
16llhSENDqTh1pL,891,221.41643704031594,218.55087069724686
16llhSENDqTh1pL,892,222.28377615171485,217.57890716358088
16llhSENDqTh1pL,893,221.40583734516986,216.17324374360032
16llhSENDqTh1pL,894,221.4505031930221,211.0142030587358
16llhSENDqTh1pL,895,221.25200916384347,215.285642612027
16llhSENDqTh1pL,896,220.5319626837736,214.7287016354967
16llhSENDqTh1pL,897,219.65062401269097,214.2734040209325
16llhSENDqTh1pL,898,218.54493429511786,213.01252550631762
16llhSENDqTh1pL,899,217.93803942855448,212.91271696146578
16llhSENDqTh1pL,900,217.82706409413368,208.71291706804186
16llhSENDqTh1pL,901,218.24833262286847,208.49205562885618
16llhSENDqTh1pL,902,218.81814780440618,211.3602543192028
16llhSENDqTh1pL,903,218.54421098611783,210.77590397454333
16llhSENDqTh1pL,904,217.83657449437305,209.5817367224954
16llhSENDqTh1pL,905,217.43600895921008,206.38636599354686
16llhSENDqTh1pL,906,218.15124772123818,210.66599774181668
16llhSENDqTh1pL,907,218.127014874015,210.2928529982455
16llhSENDqTh1pL,908,217.46590676158667,210.3351018372923
16llhSENDqTh1pL,909,217.44839788484387,207.62177713937126
16llhSENDqTh1pL,910,217.67041586713094,210.12512096204955
16llhSENDqTh1pL,911,217.31609349371865,209.61708759935573
16llhSENDqTh1pL,912,218.77786494977772,209.03746234811842
16llhSENDqTh1pL,913,220.545901900623,214.44428605446592
16llhSENDqTh1pL,914,219.54627495259047,215.41302821598947
16llhSENDqTh1pL,915,219.0564555292949,207.87570495717227
16llhSENDqTh1pL,916,218.60631449869834,213.9832713434007
16llhSENDqTh1pL,917,218.18685694597661,210.21283552981913
16llhSENDqTh1pL,918,217.72767315572128,210.87769175646827
16llhSENDqTh1pL,919,219.00473770336248,207.10316113964655
16llhSENDqTh1pL,920,218.74458280485123,207.15152530092746
16llhSENDqTh1pL,921,220.64786294987425,210.15443102410063
16llhSENDqTh1pL,922,220.4579782760702,209.25466787768528
16llhSENDqTh1pL,923,220.63675123639405,214.91529778204858
16llhSENDqTh1pL,924,221.06999106961302,216.58885501208715
16llhSENDqTh1pL,925,220.2550660725683,205.26969347707927
16llhSENDqTh1pL,926,220.59265015518758,215.18505240103696
16llhSENDqTh1pL,927,220.6817561457865,213.26945801032707
16llhSENDqTh1pL,928,221.09639019332826,212.19294223748147
16llhSENDqTh1pL,929,221.03979610989336,214.24993375095073
16llhSENDqTh1pL,930,220.41351176641183,213.72413579776185
16llhSENDqTh1pL,931,219.73583530867472,217.0724608921446
16llhSENDqTh1pL,932,219.22620716207894,214.63442741968902
16llhSENDqTh1pL,933,218.70601618650835,210.67647681606468
16llhSENDqTh1pL,934,218.17153183394112,210.26642378629185
16llhSENDqTh1pL,935,218.22615656425114,212.6617174314415
16llhSENDqTh1pL,936,217.9850762663409,210.1810665158555
16llhSENDqTh1pL,937,217.57322635140736,209.6389297080459
16llhSENDqTh1pL,938,218.0802788278088,216.4775249948725
16llhSENDqTh1pL,939,217.2526555059012,210.54259233153425
16llhSENDqTh1pL,940,216.73858946550172,209.66837588127237
16llhSENDqTh1pL,941,216.09507267456502,207.972395314835
16llhSENDqTh1pL,942,216.5072523865383,209.81843685987405
16llhSENDqTh1pL,943,218.24346283171326,209.0085075320676
16llhSENDqTh1pL,944,218.2683647494996,209.80737370217685
16llhSENDqTh1pL,945,218.2546298354864,210.47262151539326
16llhSENDqTh1pL,946,217.9672733671032,212.61161024635658
16llhSENDqTh1pL,947,217.06645706680138,205.57326929841656
16llhSENDqTh1pL,948,218.7323939279595,213.26737105668872
16llhSENDqTh1pL,949,218.52466606721282,212.68967087194324
16llhSENDqTh1pL,950,217.9169671073323,207.67703475325834
16llhSENDqTh1pL,951,218.8735240146052,209.32483523734845
16llhSENDqTh1pL,952,218.8835408835348,209.4577268472549
16llhSENDqTh1pL,953,219.4433919331059,208.6009875861928
16llhSENDqTh1pL,954,221.49201416457072,206.0966647733003
16llhSENDqTh1pL,955,221.41116873035207,211.29535033972934
16llhSENDqTh1pL,956,221.94385154248448,215.35752113797935
16llhSENDqTh1pL,957,221.869176346343,215.9543306096457
16llhSENDqTh1pL,958,222.8007197440602,216.6238173940219
16llhSENDqTh1pL,959,222.7108871053406,218.9611471790322
16llhSENDqTh1pL,960,221.76943730539642,207.01333261630498
16llhSENDqTh1pL,961,222.35803235601634,210.71889392938465
16llhSENDqTh1pL,962,222.54272384243086,218.1051113125868
16llhSENDqTh1pL,963,221.89417379133374,214.49530743405194
16llhSENDqTh1pL,964,220.79463117406704,212.23833762085997
16llhSENDqTh1pL,965,220.92321018944494,213.0312086388003
16llhSENDqTh1pL,966,220.3819555467926,215.93372596940026
16llhSENDqTh1pL,967,221.0777335849125,213.2447252732236
16llhSENDqTh1pL,968,221.17241740692407,214.32945782970637
16llhSENDqTh1pL,969,221.4701835743126,216.25020579686134
16llhSENDqTh1pL,970,221.17605227022432,207.21863106521778
16llhSENDqTh1pL,971,221.07740607031155,213.6539858962642
16llhSENDqTh1pL,972,220.69846240858897,210.85027316454216
16llhSENDqTh1pL,973,220.6126268882358,212.14550258443296
16llhSENDqTh1pL,974,220.8811824573204,212.61539448890835
16llhSENDqTh1pL,975,220.0785334189859,213.03046299568086
16llhSENDqTh1pL,976,219.6963264287333,211.5305380706559
16llhSENDqTh1pL,977,220.06448631253897,209.07985194153025
16llhSENDqTh1pL,978,220.06829156307504,209.36535042477772
16llhSENDqTh1pL,979,219.5798167118155,212.35289577928415
16llhSENDqTh1pL,980,218.63990806776565,210.99339777964633
16llhSENDqTh1pL,981,217.81896673492156,210.7086453398224
16llhSENDqTh1pL,982,217.4397983273957,203.92436511418782
16llhSENDqTh1pL,983,217.69966091401875,208.60561397485435
16llhSENDqTh1pL,984,217.26605789898895,209.5255424079951
16llhSENDqTh1pL,985,217.2019412794616,204.22066752030514
16llhSENDqTh1pL,986,217.7972602006048,208.2364486916922
16llhSENDqTh1pL,987,217.7445989327971,208.614585502306
16llhSENDqTh1pL,988,217.54262757720426,205.62420626310632
16llhSENDqTh1pL,989,217.62884714221582,212.16431344999
16llhSENDqTh1pL,990,217.7240528399234,213.1339974543189
16llhSENDqTh1pL,991,217.21264744037762,211.7942237430252
16llhSENDqTh1pL,992,217.0671216743067,205.03640777710825
16llhSENDqTh1pL,993,217.10905259125866,203.7431880591903
16llhSENDqTh1pL,994,220.21507598180324,214.00407931488007
16llhSENDqTh1pL,995,220.60658737365156,206.03656466212124
16llhSENDqTh1pL,996,220.4747490263544,213.43882427876815
16llhSENDqTh1pL,997,220.18109911028296,213.45598180871457
16llhSENDqTh1pL,998,219.18219787627459,209.49253495037556
16llhSENDqTh1pL,999,219.81521056964993,214.49149719625711
16llhSENDqTh1pL,1000,219.49016531230882,207.09064793819562
16llhSENDqTh1pL,1001,219.58664728794247,211.13930609356612
16llhSENDqTh1pL,1002,218.85344617720693,212.5513205109164
16llhSENDqTh1pL,1003,218.0366468328284,210.09300003864337
16llhSENDqTh1pL,1004,218.8002130757086,214.67817514343187
16llhSENDqTh1pL,1005,219.22976458189078,212.70038614911027
16llhSENDqTh1pL,1006,218.92575926985592,213.91683167312294
16llhSENDqTh1pL,1007,218.67093660653336,208.1218967861496
16llhSENDqTh1pL,1008,218.8783477555844,212.4611497122678
16llhSENDqTh1pL,1009,218.7248240574263,213.1201923894696
16llhSENDqTh1pL,1010,218.76976749161258,213.30696468660608
16llhSENDqTh1pL,1011,218.42913748219144,209.10947156406473
16llhSENDqTh1pL,1012,218.65859589795582,215.4173585928511
16llhSENDqTh1pL,1013,218.56747711997014,213.75251096102875
16llhSENDqTh1pL,1014,219.06138497730717,214.18576956447214
16llhSENDqTh1pL,1015,218.16713495125168,213.50841214080447
16llhSENDqTh1pL,1016,218.16145034437068,208.60538427648135
16llhSENDqTh1pL,1017,218.07686819786977,211.85862542967152
16llhSENDqTh1pL,1018,217.41506355559977,211.83195402566344
16llhSENDqTh1pL,1019,217.2781131556403,213.51952997037733
16llhSENDqTh1pL,1020,216.4643599144183,209.25050937151536
16llhSENDqTh1pL,1021,215.79386415611953,208.70570746343583
16llhSENDqTh1pL,1022,216.77234451356344,205.77634396287613
16llhSENDqTh1pL,1023,217.1101485750405,206.84331758494955
16llhSENDqTh1pL,1024,217.36484849144472,208.39337918971432
16llhSENDqTh1pL,1025,217.57617163751274,211.30584239494056
16llhSENDqTh1pL,1026,217.41218905954156,211.16742870921735
16llhSENDqTh1pL,1027,217.87796752899885,214.99418325722218
16llhSENDqTh1pL,1028,217.16495330876205,210.97996855026577
16llhSENDqTh1pL,1029,217.42305897467304,208.6062054737704
16llhSENDqTh1pL,1030,217.64849052071804,208.36968694865936
16llhSENDqTh1pL,1031,217.92437274195254,212.44642912223935
16llhSENDqTh1pL,1032,217.8637628352153,212.772347303282
16llhSENDqTh1pL,1033,217.36165855964646,210.28907691827044
16llhSENDqTh1pL,1034,216.94130146550015,210.34904917143285
16llhSENDqTh1pL,1035,215.9861508582253,209.4630999621004
16llhSENDqTh1pL,1036,216.60486335027963,208.5404233308509
16llhSENDqTh1pL,1037,216.67755107628182,207.65618326934054
16llhSENDqTh1pL,1038,216.61371318949386,209.65150718344375
16llhSENDqTh1pL,1039,216.44780297228135,207.7993799264077
16llhSENDqTh1pL,1040,217.143552263733,206.90617926046252
16llhSENDqTh1pL,1041,218.99411206610966,206.0888566575013
16llhSENDqTh1pL,1042,218.77185407432262,209.871726542362
16llhSENDqTh1pL,1043,219.6967815104872,210.42088244110346
16llhSENDqTh1pL,1044,219.03544488968328,215.44838381605223
16llhSENDqTh1pL,1045,218.94450686889468,205.87475136684952
16llhSENDqTh1pL,1046,218.9806793630123,209.75163881108165
16llhSENDqTh1pL,1047,218.83718684400083,213.12214239130844
16llhSENDqTh1pL,1048,218.21043917525094,205.20170009869616
16llhSENDqTh1pL,1049,218.60295335110277,207.52636160422117
16llhSENDqTh1pL,1050,218.71179515053518,207.26714549097233
16llhSENDqTh1pL,1051,218.721309307497,212.50584289757535
16llhSENDqTh1pL,1052,218.62831517774612,215.52808843459934
16llhSENDqTh1pL,1053,219.28835359634832,212.7825672668405
16llhSENDqTh1pL,1054,219.0235631999094,207.70968759735115
16llhSENDqTh1pL,1055,219.87397014116868,206.5043475930579
16llhSENDqTh1pL,1056,220.41553451659274,205.99133759530378
16llhSENDqTh1pL,1057,221.00913675595075,215.00674208905548
16llhSENDqTh1pL,1058,220.417548797559,214.32085653301328
16llhSENDqTh1pL,1059,219.70196683425456,210.59843538049608
16llhSENDqTh1pL,1060,219.48061279622198,210.07734138560772
16llhSENDqTh1pL,1061,219.6473863713909,208.3135331531521
16llhSENDqTh1pL,1062,221.34314288105816,212.19660653360188
16llhSENDqTh1pL,1063,220.86588572664186,209.0082266139798
16llhSENDqTh1pL,1064,220.47594675304572,216.77763116615097
16llhSENDqTh1pL,1065,220.3922077085008,214.25697351741837
16llhSENDqTh1pL,1066,220.4327006721869,209.0150990979746
16llhSENDqTh1pL,1067,220.16442555723188,213.07430758675036
16llhSENDqTh1pL,1068,220.08577156765386,211.9244563835673
16llhSENDqTh1pL,1069,219.29347029852215,207.3506547320867
16llhSENDqTh1pL,1070,219.4185240571387,205.64102010289207
16llhSENDqTh1pL,1071,219.76583478463,209.34578486767714
16llhSENDqTh1pL,1072,221.2203242443502,214.0680571720004
16llhSENDqTh1pL,1073,220.37720024453301,206.01137352229853
16llhSENDqTh1pL,1074,220.6570848665433,208.81757352605928
16llhSENDqTh1pL,1075,220.93712017452344,215.709320995491
16llhSENDqTh1pL,1076,220.66397450689692,211.6884471309604
16llhSENDqTh1pL,1077,220.31535857450217,209.91058272030205
16llhSENDqTh1pL,1078,219.8802498274017,214.6012866825331
16llhSENDqTh1pL,1079,220.00215532630682,211.97798848710954
16llhSENDqTh1pL,1080,219.76434052363038,214.63971696421504
16llhSENDqTh1pL,1081,219.91258460329846,210.14326731162146
16llhSENDqTh1pL,1082,219.84282272157725,210.4184500547126
16llhSENDqTh1pL,1083,220.26058333506808,210.77068142732605
16llhSENDqTh1pL,1084,219.32141789980233,210.5795128699392
16llhSENDqTh1pL,1085,219.95343735511415,213.73546454380266
16llhSENDqTh1pL,1086,219.86789849353954,216.11224934039637
16llhSENDqTh1pL,1087,219.4142985707149,212.82021850161254
16llhSENDqTh1pL,1088,218.70667557232082,211.74541851319373
16llhSENDqTh1pL,1089,219.14091229334008,215.20885786309373
16llhSENDqTh1pL,1090,219.39317145891255,209.65456774219638
16llhSENDqTh1pL,1091,219.13457550189923,209.29876766633242
16llhSENDqTh1pL,1092,219.2029002465424,208.647676716384
16llhSENDqTh1pL,1093,218.90663144752943,214.2855091804322
16llhSENDqTh1pL,1094,219.32361484435387,213.84832866862416
16llhSENDqTh1pL,1095,218.69023892390396,216.35039474922087
16llhSENDqTh1pL,1096,218.1028660214506,205.8152332562022
16llhSENDqTh1pL,1097,217.85153535776772,212.66976096318103
16llhSENDqTh1pL,1098,217.84489984856918,215.0092013743706
16llhSENDqTh1pL,1099,217.36125739017734,213.0874006478698
16llhSENDqTh1pL,1100,216.9912186494621,209.72161419750773
16llhSENDqTh1pL,1101,217.40459934278624,207.12984210328432
16llhSENDqTh1pL,1102,218.53183152715064,213.40226841533877
16llhSENDqTh1pL,1103,217.95909850252792,204.1454473300837
16llhSENDqTh1pL,1104,218.16029228968546,211.0154517344199
16llhSENDqTh1pL,1105,218.55774465412833,214.16767626465298
16llhSENDqTh1pL,1106,217.92420781217515,209.4511344768107
16llhSENDqTh1pL,1107,218.12472780083772,207.16269083169755
16llhSENDqTh1pL,1108,219.0028862915933,215.82478054985404
16llhSENDqTh1pL,1109,217.75031197094359,209.32261619367637
16llhSENDqTh1pL,1110,217.09700202730528,210.45760915403298
16llhSENDqTh1pL,1111,217.27177642169409,206.6993066004943
16llhSENDqTh1pL,1112,218.0427634830121,209.67373549728654
16llhSENDqTh1pL,1113,220.21738985310367,208.4790220050054
16llhSENDqTh1pL,1114,220.3109634788707,210.7654785187915
16llhSENDqTh1pL,1115,220.82653372129425,215.9986525750719
16llhSENDqTh1pL,1116,219.68595424961677,211.4464487909936
16llhSENDqTh1pL,1117,220.16307066305308,211.08862346521346
16llhSENDqTh1pL,1118,220.63126827066299,212.39601292496081
16llhSENDqTh1pL,1119,219.99630698666442,210.41842708468903
16llhSENDqTh1pL,1120,219.58979984140024,210.72364731458947
16llhSENDqTh1pL,1121,219.09819317836082,206.064997107198
16llhSENDqTh1pL,1122,219.2222532442247,204.74950274438015
16llhSENDqTh1pL,1123,220.99590771913063,207.30444755300414
16llhSENDqTh1pL,1124,221.8006025959039,212.64804716280196
16llhSENDqTh1pL,1125,221.60834116244223,215.70868370065
16llhSENDqTh1pL,1126,221.02991795819253,218.63828233536333
16llhSENDqTh1pL,1127,219.77829879382625,212.4374626581557
16llhSENDqTh1pL,1128,220.49861997319385,213.98886009445414
16llhSENDqTh1pL,1129,220.24413581821136,213.27532701264136
16llhSENDqTh1pL,1130,220.91818974819034,209.83355246204883
16llhSENDqTh1pL,1131,220.07697622668093,205.57850351933484
16llhSENDqTh1pL,1132,219.65413219481707,206.20784258842468
16llhSENDqTh1pL,1133,219.41549729544204,215.63179950218182
16llhSENDqTh1pL,1134,219.59244645456783,209.63176085497253
16llhSENDqTh1pL,1135,219.78830175835174,212.14360135688912
16llhSENDqTh1pL,1136,219.44068985572085,210.79619260830805
16llhSENDqTh1pL,1137,218.9393468382832,211.3505500196543
16llhSENDqTh1pL,1138,219.1873631849885,213.015849115327
16llhSENDqTh1pL,1139,219.52231675456278,216.09470918751322
16llhSENDqTh1pL,1140,220.24253735342063,218.79453863785602
16llhSENDqTh1pL,1141,219.66830701753497,211.36897487938404
16llhSENDqTh1pL,1142,219.1010648808442,216.67624514875934
16llhSENDqTh1pL,1143,218.29596265073633,209.8906515505514
16llhSENDqTh1pL,1144,218.94095641188323,205.84492203732952
16llhSENDqTh1pL,1145,219.1421359363012,212.30431814445183
16llhSENDqTh1pL,1146,218.94580890308134,214.29003156046383
16llhSENDqTh1pL,1147,218.07422899082303,210.19636336667463
16llhSENDqTh1pL,1148,217.6858798910398,208.1088691924233
16llhSENDqTh1pL,1149,218.3000669781468,213.742946133425
16llhSENDqTh1pL,1150,218.71145201055333,210.72989599360153
16llhSENDqTh1pL,1151,218.53819119394757,207.67701635719277
16llhSENDqTh1pL,1152,218.5378001772333,214.3121170878876
16llhSENDqTh1pL,1153,218.4146416046351,211.92719282290636
16llhSENDqTh1pL,1154,218.10446770256385,201.87063353788108
16llhSENDqTh1pL,1155,218.84608552791178,217.42606756463647
16llhSENDqTh1pL,1156,217.85069235041738,206.59529056586325
16llhSENDqTh1pL,1157,218.30642202429954,213.80891836181763
16llhSENDqTh1pL,1158,217.97188844997436,205.29282482434064
16llhSENDqTh1pL,1159,218.06315204221755,207.44011698756367
16llhSENDqTh1pL,1160,218.47871955065057,215.14872052846476
16llhSENDqTh1pL,1161,217.96243134560063,212.00549968564883
16llhSENDqTh1pL,1162,217.73446615783178,213.49389581938885
16llhSENDqTh1pL,1163,218.046301287628,211.1080098087259
16llhSENDqTh1pL,1164,217.76636253506877,209.83876217738725
16llhSENDqTh1pL,1165,218.05457205791026,214.16913334745914
16llhSENDqTh1pL,1166,218.1127815002692,210.30468328279676
16llhSENDqTh1pL,1167,218.2531656306237,211.27929397393018
16llhSENDqTh1pL,1168,217.32476247451268,212.9995077678468
16llhSENDqTh1pL,1169,216.54127458343282,210.58345791930333
16llhSENDqTh1pL,1170,216.11656229468645,201.639863205055
16llhSENDqTh1pL,1171,217.48699668119662,215.97428022301756
16llhSENDqTh1pL,1172,217.21195380906283,213.10356249618053
16llhSENDqTh1pL,1173,216.53130525539746,209.5411339858838
16llhSENDqTh1pL,1174,216.37112422427163,207.03612229786813
16llhSENDqTh1pL,1175,217.137323635543,210.99089722233475
16llhSENDqTh1pL,1176,216.4155185651034,209.64008148387074
16llhSENDqTh1pL,1177,216.66820406261832,205.83186866994947
16llhSENDqTh1pL,1178,217.6720258127316,206.54075992380967
16llhSENDqTh1pL,1179,217.4755492466502,214.5794671420008
16llhSENDqTh1pL,1180,217.5178058539168,213.63238345464924
16llhSENDqTh1pL,1181,217.4047773052007,206.6724137030542
16llhSENDqTh1pL,1182,218.13550945051247,210.8451901958906
16llhSENDqTh1pL,1183,218.02695926534943,213.76087110559456
16llhSENDqTh1pL,1184,217.8131157697644,210.51269114552997
16llhSENDqTh1pL,1185,217.6580510493368,212.96605048887432
16llhSENDqTh1pL,1186,217.43854271038435,209.8508778118994
16llhSENDqTh1pL,1187,217.91824709480716,208.14811394825665
16llhSENDqTh1pL,1188,217.80398755287752,214.89535908587277
16llhSENDqTh1pL,1189,217.43956735543907,206.42980905808508
16llhSENDqTh1pL,1190,218.27780344802886,208.73431206587702
16llhSENDqTh1pL,1191,218.3913985658437,212.00080301240087
16llhSENDqTh1pL,1192,217.4443706173697,209.92178117225558
16llhSENDqTh1pL,1193,217.11363274033647,210.62105632934254
16llhSENDqTh1pL,1194,217.27616402693093,209.9318075310439
16llhSENDqTh1pL,1195,217.54218511728686,210.97213113566977
16llhSENDqTh1pL,1196,218.23683743260335,215.7165798105998
16llhSENDqTh1pL,1197,217.35523133492097,211.9886241829954
16llhSENDqTh1pL,1198,218.42620101278953,214.88043557374112
16llhSENDqTh1pL,1199,217.7569558188552,213.6355059776688
16llhSENDqTh1pL,1200,217.4059962804895,210.65794493514113
16llhSENDqTh1pL,1201,217.0999756823294,212.2221614117734
16llhSENDqTh1pL,1202,216.24466678890167,210.29355383123038
16llhSENDqTh1pL,1203,215.99021583702415,209.07173826452345
16llhSENDqTh1pL,1204,215.90211608621757,211.36065900872927
16llhSENDqTh1pL,1205,215.58455350704025,206.0100430258317
16llhSENDqTh1pL,1206,216.19382882630453,206.60660435026512
16llhSENDqTh1pL,1207,216.02291524410248,211.8056909199804
16llhSENDqTh1pL,1208,216.09381547962403,206.9241700989296
16llhSENDqTh1pL,1209,216.91689878562465,203.91766958730295
16llhSENDqTh1pL,1210,217.28362319136795,211.9718623355293
16llhSENDqTh1pL,1211,217.27703073993325,203.24152365885675
16llhSENDqTh1pL,1212,218.17164841649355,213.6592791339499
16llhSENDqTh1pL,1213,217.78092790674418,210.729262733832
16llhSENDqTh1pL,1214,217.90998736582696,210.96190888620913
16llhSENDqTh1pL,1215,217.1273035268532,210.66306175582577
16llhSENDqTh1pL,1216,217.1008890022058,204.36532803927548
16llhSENDqTh1pL,1217,218.7380146769283,210.1758066372422
16llhSENDqTh1pL,1218,219.62110890152508,211.44464330452138
16llhSENDqTh1pL,1219,219.0589991559973,214.0199358140817
16llhSENDqTh1pL,1220,218.6735021082568,209.40294637175975
16llhSENDqTh1pL,1221,218.52518270525616,203.84696268464904
16llhSENDqTh1pL,1222,218.4750989046879,209.75480679096654
16llhSENDqTh1pL,1223,219.27694370830432,210.309183311183
16llhSENDqTh1pL,1224,219.11869885632768,211.81838069530204
16llhSENDqTh1pL,1225,219.1305144536018,210.06543841722305
16llhSENDqTh1pL,1226,219.1296560387127,211.9282427127473
16llhSENDqTh1pL,1227,220.31678317807382,212.5413420847035
16llhSENDqTh1pL,1228,220.67422728659585,209.40339516894892
16llhSENDqTh1pL,1229,221.19035469653318,213.83535200642655
16llhSENDqTh1pL,1230,221.20165915618418,216.02111971209524
16llhSENDqTh1pL,1231,220.49774120154325,211.02342716010753
16llhSENDqTh1pL,1232,219.77157570421696,211.73869013413787
16llhSENDqTh1pL,1233,219.03231474733911,214.46280001639389
16llhSENDqTh1pL,1234,218.1311906183837,213.50606544862967
16llhSENDqTh1pL,1235,217.77629553514998,214.04773223644588
16llhSENDqTh1pL,1236,217.46324824751355,210.46841704123653
16llhSENDqTh1pL,1237,217.88058642781107,209.064071256842
16llhSENDqTh1pL,1238,217.6473406147852,205.33474263592507
16llhSENDqTh1pL,1239,217.2142053451389,209.66235931403935
16llhSENDqTh1pL,1240,218.23605531966314,215.35693358024582
16llhSENDqTh1pL,1241,217.66186690237373,212.81166673498228
16llhSENDqTh1pL,1242,219.74472215189599,219.6015052513685
16llhSENDqTh1pL,1243,219.42304049526865,216.0211355919164
16llhSENDqTh1pL,1244,218.62296323338524,208.08631025115028
16llhSENDqTh1pL,1245,220.76833103888202,217.63380181335378
16llhSENDqTh1pL,1246,219.96606426150538,214.38108709850349
16llhSENDqTh1pL,1247,219.60359268123284,206.88246741564944
16llhSENDqTh1pL,1248,219.75207102963577,213.46957722784828
16llhSENDqTh1pL,1249,219.6668547464069,213.21628234884702
16llhSENDqTh1pL,1250,218.85367823997512,215.10200780117884
16llhSENDqTh1pL,1251,218.34471365896752,213.30544565891614
16llhSENDqTh1pL,1252,218.25676096533425,215.6392586559523
16llhSENDqTh1pL,1253,219.3181091924198,210.45453888038173
16llhSENDqTh1pL,1254,218.89981179358438,213.3027889286168
16llhSENDqTh1pL,1255,219.0954231218202,215.4733713165624
16llhSENDqTh1pL,1256,220.55079392623156,213.3969032736495
16llhSENDqTh1pL,1257,220.12482689751778,210.7206851436058
16llhSENDqTh1pL,1258,219.85238029668108,213.52826335886493
16llhSENDqTh1pL,1259,221.14070215588436,212.49497776431963
16llhSENDqTh1pL,1260,221.82322341762483,217.1892682313919
16llhSENDqTh1pL,1261,221.3721420718357,217.5887324688956
16llhSENDqTh1pL,1262,220.65330784313846,214.4239537055837
16llhSENDqTh1pL,1263,220.64629419769153,217.95637448008165
16llhSENDqTh1pL,1264,219.41910527007894,213.54227439723218
16llhSENDqTh1pL,1265,218.63651690777624,211.76068972196663
16llhSENDqTh1pL,1266,218.51836505527172,214.22880611260916
16llhSENDqTh1pL,1267,218.0484389332123,212.46721814619377
16llhSENDqTh1pL,1268,217.96740898140706,211.7648534507025
16llhSENDqTh1pL,1269,217.27953265386168,211.21965457277838
16llhSENDqTh1pL,1270,217.04801489738747,208.29216886265203
16llhSENDqTh1pL,1271,218.1793560902588,212.05413109017536
16llhSENDqTh1pL,1272,218.38054151646793,210.7457721736282
16llhSENDqTh1pL,1273,217.98283090424957,211.94938585889759
16llhSENDqTh1pL,1274,217.29019153755507,214.2151666212303
16llhSENDqTh1pL,1275,217.41064739739522,209.68847432686016
16llhSENDqTh1pL,1276,217.1034903882537,210.88128453143872
16llhSENDqTh1pL,1277,216.88813987953472,213.6002167968254
16llhSENDqTh1pL,1278,216.42492509400472,210.73949178820476
16llhSENDqTh1pL,1279,215.9708007632289,211.57021743268706
16llhSENDqTh1pL,1280,215.64425723301247,210.0037116133608
16llhSENDqTh1pL,1281,216.58858745964244,214.69323980854824
16llhSENDqTh1pL,1282,216.2890325752087,209.75989603856578
16llhSENDqTh1pL,1283,215.93970332061872,207.10892731463537
16llhSENDqTh1pL,1284,217.94558006199077,212.50486739212647
16llhSENDqTh1pL,1285,217.83106369397137,208.8565784735838
16llhSENDqTh1pL,1286,217.13386621279642,211.47188256913796
16llhSENDqTh1pL,1287,217.13973296101904,207.76302339922404
16llhSENDqTh1pL,1288,217.5882347607985,209.2969291661866
16llhSENDqTh1pL,1289,217.50866468949243,203.81822006823495
16llhSENDqTh1pL,1290,218.02902372332755,208.06349759700242
16llhSENDqTh1pL,1291,218.21637754747644,205.02022641012445
16llhSENDqTh1pL,1292,218.89697734825313,209.1662947111763
16llhSENDqTh1pL,1293,218.5837062106002,209.981850822689
16llhSENDqTh1pL,1294,219.16319692193065,212.2009407483274
16llhSENDqTh1pL,1295,219.3470183503814,211.99846989149228
16llhSENDqTh1pL,1296,218.91556727902753,212.92010602744085
16llhSENDqTh1pL,1297,218.81132726854412,211.91375505476026
16llhSENDqTh1pL,1298,219.28503098944202,208.8524851356633
16llhSENDqTh1pL,1299,219.65441391896456,214.3773837145418
16llhSENDqTh1pL,1300,219.95071722916327,210.4911304365378
16llhSENDqTh1pL,1301,219.68678249884397,212.61119098076597
16llhSENDqTh1pL,1302,219.82586551416898,208.89805185754085
16llhSENDqTh1pL,1303,220.32571354461834,211.05840313294902
16llhSENDqTh1pL,1304,221.33281450037612,210.84692039032234
16llhSENDqTh1pL,1305,220.99350812626653,209.4620606970566
16llhSENDqTh1pL,1306,220.41834098903928,206.58305713965092
16llhSENDqTh1pL,1307,221.31522345007397,214.61777411983348
16llhSENDqTh1pL,1308,220.56018819476594,216.32413000057568
16llhSENDqTh1pL,1309,219.3300104336813,216.71798795368522
16llhSENDqTh1pL,1310,219.21032942121383,210.9106749406783
16llhSENDqTh1pL,1311,218.9977264876943,206.93182158540003
16llhSENDqTh1pL,1312,219.00202514789999,204.46388058923185
16llhSENDqTh1pL,1313,219.55664640886243,213.9803140949225
16llhSENDqTh1pL,1314,219.38025192921123,209.0406051967766
16llhSENDqTh1pL,1315,219.5224745781161,212.98015861818567
16llhSENDqTh1pL,1316,219.998498497298,205.11371874227189
16llhSENDqTh1pL,1317,220.24248871020973,213.50867153331637
16llhSENDqTh1pL,1318,220.05107940069865,210.21865303243976
16llhSENDqTh1pL,1319,219.7135311330203,212.16800397005863
16llhSENDqTh1pL,1320,218.9888867023401,212.94297914532945
16llhSENDqTh1pL,1321,218.42354083341706,213.13028741582457
16llhSENDqTh1pL,1322,218.04005287913606,205.88464631931856
16llhSENDqTh1pL,1323,217.84916230896488,207.5393679891713
16llhSENDqTh1pL,1324,218.19174416933674,209.28277164523024
16llhSENDqTh1pL,1325,218.10167074739002,214.1653047518339
16llhSENDqTh1pL,1326,217.31507383015014,204.67573816243566
16llhSENDqTh1pL,1327,217.39126549474895,209.5048482771963
16llhSENDqTh1pL,1328,217.37141493079253,212.94078884203918
16llhSENDqTh1pL,1329,217.34950703606592,207.6118674542813
16llhSENDqTh1pL,1330,218.59866193967173,211.17469998734305
16llhSENDqTh1pL,1331,217.94631334219594,210.97700871538837
16llhSENDqTh1pL,1332,217.2861535125412,209.45822109654546
16llhSENDqTh1pL,1333,217.1075309701264,205.06453537754714
16llhSENDqTh1pL,1334,217.0700282533653,212.77781267324463
16llhSENDqTh1pL,1335,216.8828717842698,205.7070473637432
16llhSENDqTh1pL,1336,218.3917695892742,209.22585282230284
16llhSENDqTh1pL,1337,218.46015416481532,213.0735697860364
16llhSENDqTh1pL,1338,218.94034030567855,211.18987345974892
16llhSENDqTh1pL,1339,218.88817565550562,212.8007211521035
16llhSENDqTh1pL,1340,218.6891025081277,215.03058484010398
16llhSENDqTh1pL,1341,218.26264284318313,213.5274532190524
16llhSENDqTh1pL,1342,217.3026480609551,212.2608101638034
16llhSENDqTh1pL,1343,217.5202015703544,212.91430882643908
16llhSENDqTh1pL,1344,218.68252338735692,212.04622368362106
16llhSENDqTh1pL,1345,218.2065760208061,209.48292827175464
16llhSENDqTh1pL,1346,218.12123590847477,211.9261463037692
16llhSENDqTh1pL,1347,217.44745068415068,210.12007008562796
16llhSENDqTh1pL,1348,217.5003246893175,211.92844643164426
16llhSENDqTh1pL,1349,217.10980916162953,213.817649719771
16llhSENDqTh1pL,1350,216.06335556536214,205.76388740196126
16llhSENDqTh1pL,1351,216.49542866577394,210.75348082673736
16llhSENDqTh1pL,1352,215.90956809581257,209.69039025367238
16llhSENDqTh1pL,1353,215.79890486845397,208.84991071620607
16llhSENDqTh1pL,1354,217.20846664611054,205.6039141666497
16llhSENDqTh1pL,1355,217.63724806607934,213.3834546811995
16llhSENDqTh1pL,1356,217.10563402809203,214.28071935474873
16llhSENDqTh1pL,1357,217.31738041434437,211.9913351824507
16llhSENDqTh1pL,1358,216.79159623000305,211.312608543667
16llhSENDqTh1pL,1359,216.39090040372685,209.88880024151877
16llhSENDqTh1pL,1360,215.7747404841939,206.7518800223479
16llhSENDqTh1pL,1361,216.00695052577066,208.80839266462135
16llhSENDqTh1pL,1362,216.78580412699375,205.69394827319775
16llhSENDqTh1pL,1363,216.85584450722672,204.0588737244252
16llhSENDqTh1pL,1364,218.2151128964033,206.61593774496578
16llhSENDqTh1pL,1365,218.33528508542804,212.1099376223865
16llhSENDqTh1pL,1366,218.51652027308046,211.58645020066797
16llhSENDqTh1pL,1367,218.3778184039984,209.75961246178485
16llhSENDqTh1pL,1368,218.53758859902155,209.03072401683312
16llhSENDqTh1pL,1369,218.17570597166196,212.2303687282838
16llhSENDqTh1pL,1370,218.0728974294616,208.6710571924923
16llhSENDqTh1pL,1371,218.15160627430305,207.14006143575534
16llhSENDqTh1pL,1372,217.75097915856168,212.7136203679256
16llhSENDqTh1pL,1373,218.42251688265242,211.15157275670208
16llhSENDqTh1pL,1374,220.7612770802807,216.38023202191107
16llhSENDqTh1pL,1375,221.30570380855352,216.77207352314144
16llhSENDqTh1pL,1376,220.03728347056312,217.12561548658414
16llhSENDqTh1pL,1377,219.25285713827543,218.05536691179805
16llhSENDqTh1pL,1378,218.29680661158636,211.83585579739884
16llhSENDqTh1pL,1379,217.57526432303712,210.13961741467938
16llhSENDqTh1pL,1380,217.92769250596757,203.36099954831298
16llhSENDqTh1pL,1381,218.50626716786064,208.76762913377024
16llhSENDqTh1pL,1382,218.63614113698713,215.7544821954798
16llhSENDqTh1pL,1383,218.61448010815366,212.5496288790746
16llhSENDqTh1pL,1384,218.53885981137864,213.83595221745782
16llhSENDqTh1pL,1385,218.07165101589635,212.331601689104
16llhSENDqTh1pL,1386,218.11878972011618,212.06889566290192
16llhSENDqTh1pL,1387,217.94502815511078,212.5800321684219
16llhSENDqTh1pL,1388,217.201098353602,205.48127687629312
16llhSENDqTh1pL,1389,217.13410998135805,212.34394362568855
16llhSENDqTh1pL,1390,217.50599859311478,208.64011892146664
16llhSENDqTh1pL,1391,216.8647024545353,209.25230931467377
16llhSENDqTh1pL,1392,217.5711803609738,209.83018938510213
16llhSENDqTh1pL,1393,218.34550711675547,212.26564180082642
16llhSENDqTh1pL,1394,217.84313665190712,209.5779257551767
16llhSENDqTh1pL,1395,219.2324579837732,213.3514207568951
16llhSENDqTh1pL,1396,218.7226535497466,213.5685806517722
16llhSENDqTh1pL,1397,218.4250804260373,213.94252048432827
16llhSENDqTh1pL,1398,217.78735095078082,205.8665225263867
16llhSENDqTh1pL,1399,218.84031108669296,212.98127887114242
16llhSENDqTh1pL,1400,218.65652043977752,211.62776689836755
16llhSENDqTh1pL,1401,218.58977620436053,206.55063119476836
16llhSENDqTh1pL,1402,219.333356091287,215.3847261511255
16llhSENDqTh1pL,1403,218.52602274157107,213.1719593796879
16llhSENDqTh1pL,1404,217.94079617247917,210.37998793669976
16llhSENDqTh1pL,1405,217.07804855892027,210.65921735765005
16llhSENDqTh1pL,1406,216.13574639940634,209.0300194430165
16llhSENDqTh1pL,1407,216.8210861440748,211.5721590332687
16llhSENDqTh1pL,1408,216.97578002605587,211.78865993302315
16llhSENDqTh1pL,1409,217.07451476500137,213.95207486551953
16llhSENDqTh1pL,1410,218.53132606344298,215.4503325917758
16llhSENDqTh1pL,1411,217.85273835947737,213.69419628335163
16llhSENDqTh1pL,1412,216.83690827758983,211.8784523741342
16llhSENDqTh1pL,1413,216.4216479016468,208.85882653389126
16llhSENDqTh1pL,1414,216.00193022168241,212.15427275164984
16llhSENDqTh1pL,1415,215.49944807228167,205.8148007617565
16llhSENDqTh1pL,1416,215.7386995619163,207.94848407479003
16llhSENDqTh1pL,1417,215.80633626622148,206.50818737153895
16llhSENDqTh1pL,1418,217.45440231979592,208.6851961572538
16llhSENDqTh1pL,1419,217.86747988592833,211.28387519996613
16llhSENDqTh1pL,1420,217.71932347929396,212.0161201494775
16llhSENDqTh1pL,1421,217.81007463717833,211.6786112622358
16llhSENDqTh1pL,1422,217.71103966701776,208.11251408886164
16llhSENDqTh1pL,1423,217.46390803536633,210.0162238330231
16llhSENDqTh1pL,1424,217.12619815161452,206.09079638822004
16llhSENDqTh1pL,1425,217.1162449850235,209.67904720571823
16llhSENDqTh1pL,1426,217.76701954071177,207.19909407448722
16llhSENDqTh1pL,1427,218.07034762762487,209.00145161896944
16llhSENDqTh1pL,1428,218.37777169933543,208.84568394860253
16llhSENDqTh1pL,1429,218.91648823651485,213.7311150978785
16llhSENDqTh1pL,1430,218.64420949405758,211.353782153863
16llhSENDqTh1pL,1431,218.019185121404,210.56425564852543
16llhSENDqTh1pL,1432,218.96916359436,209.13543830584968
16llhSENDqTh1pL,1433,218.9088965456467,205.01697625848465
16llhSENDqTh1pL,1434,219.21494803996757,211.15302075678483
16llhSENDqTh1pL,1435,218.7015291749267,213.7006987592904
16llhSENDqTh1pL,1436,218.3666940331459,209.01820832677186
16llhSENDqTh1pL,1437,218.4242964206569,210.34476476221607
16llhSENDqTh1pL,1438,218.9077210421674,213.17375991074368
16llhSENDqTh1pL,1439,218.93515929812565,214.36700558895245
16llhSENDqTh1pL,1440,218.58649334218353,210.3933436558582
16llhSENDqTh1pL,1441,218.25449980678968,211.2522973723244
16llhSENDqTh1pL,1442,217.90134070807835,211.22345964232227
16llhSENDqTh1pL,1443,217.45539588843894,209.19457569429142
16llhSENDqTh1pL,1444,217.60037596337497,210.05596790462732
16llhSENDqTh1pL,1445,218.11098547559232,211.6877148677595
16llhSENDqTh1pL,1446,219.44903456803877,212.98477391537745
16llhSENDqTh1pL,1447,218.5313202299294,208.3142223645118
16llhSENDqTh1pL,1448,218.43608577293344,212.3473940261174
16llhSENDqTh1pL,1449,218.5451036929153,216.04333986109123
16llhSENDqTh1pL,1450,217.76839175116038,209.32052489597118
16llhSENDqTh1pL,1451,217.4395949128084,212.09308756655082
16llhSENDqTh1pL,1452,217.2947678923374,210.54722325352486
16llhSENDqTh1pL,1453,217.4170677224174,212.50365853961557
16llhSENDqTh1pL,1454,217.1401374383131,205.3799291724572
16llhSENDqTh1pL,1455,218.68356769671664,208.97986016934738
16llhSENDqTh1pL,1456,218.82520798256155,214.27840282709803
16llhSENDqTh1pL,1457,218.36730873869965,208.70256489427993
16llhSENDqTh1pL,1458,218.56021425302606,208.67470831039827
16llhSENDqTh1pL,1459,219.35758819663897,211.1240221322514
16llhSENDqTh1pL,1460,219.53762189601548,211.6640100062359
16llhSENDqTh1pL,1461,219.47205487533938,209.5084944878472
16llhSENDqTh1pL,1462,219.27801080938661,213.1503419667133
16llhSENDqTh1pL,1463,219.34619779349305,211.1670978164766
16llhSENDqTh1pL,1464,219.35264492267743,210.36451927339658
16llhSENDqTh1pL,1465,221.22980896849185,214.8171460190788
16llhSENDqTh1pL,1466,220.94498353125528,211.26861506560817
16llhSENDqTh1pL,1467,220.98800002364442,217.3467003670521
16llhSENDqTh1pL,1468,219.6615061792545,211.18534459313378
16llhSENDqTh1pL,1469,220.1145419650711,206.33352988027036
16llhSENDqTh1pL,1470,220.21792264143005,211.8490548795089
16llhSENDqTh1pL,1471,220.34540986531647,212.0002695590374
16llhSENDqTh1pL,1472,220.33664394612424,212.08669078233652
16llhSENDqTh1pL,1473,222.35573422291782,215.5117828095099
16llhSENDqTh1pL,1474,221.2903663031757,214.52017134055495
16llhSENDqTh1pL,1475,221.3849571305327,214.80779042560607
16llhSENDqTh1pL,1476,221.02659375430085,206.74734143004753
16llhSENDqTh1pL,1477,220.80908814107534,214.9278555199271
16llhSENDqTh1pL,1478,221.60171235864982,218.3109439886175
16llhSENDqTh1pL,1479,220.4763891468756,211.1743447217159
16llhSENDqTh1pL,1480,221.0294746201398,205.66399614363036
16llhSENDqTh1pL,1481,222.29279650421813,213.60836630733684
16llhSENDqTh1pL,1482,222.96334360074252,215.1358667789027
16llhSENDqTh1pL,1483,224.35781368182506,220.65797255688813
16llhSENDqTh1pL,1484,222.8249364028452,217.70032100065146
16llhSENDqTh1pL,1485,225.5040198622737,219.01811943971552
16llhSENDqTh1pL,1486,225.00090313935652,218.11443618847989
16llhSENDqTh1pL,1487,223.8103224898059,216.9081615379382
16llhSENDqTh1pL,1488,223.6664047371596,215.1128670629114
16llhSENDqTh1pL,1489,223.4463595963225,219.44247466988418
16llhSENDqTh1pL,1490,223.3427118321415,215.38486161245964
16llhSENDqTh1pL,1491,223.0019239911344,213.38214848097414
16llhSENDqTh1pL,1492,223.14460751527804,220.96432403774816
16llhSENDqTh1pL,1493,222.84623251948506,217.3722590683028
16llhSENDqTh1pL,1494,222.6729749974329,211.64088261616416
16llhSENDqTh1pL,1495,222.4565171965478,213.25370431254487
16llhSENDqTh1pL,1496,221.99535652040504,217.9596862567123
16llhSENDqTh1pL,1497,221.23936457093805,214.7858624747023
16llhSENDqTh1pL,1498,221.04770307935541,215.6696850223816
16llhSENDqTh1pL,1499,220.5757084300276,213.09664926608093
16llhSENDqTh1pL,1500,220.90806068247184,211.52212540898472
16llhSENDqTh1pL,1501,220.3678503059782,211.16745191346854
16llhSENDqTh1pL,1502,220.12568121961158,212.7772264499108
16llhSENDqTh1pL,1503,220.4487049507443,210.00298989587463
16llhSENDqTh1pL,1504,220.39248873660108,212.36194340878865
16llhSENDqTh1pL,1505,219.9572157426337,210.81681759791172
16llhSENDqTh1pL,1506,219.31093595398124,214.84048255498055
16llhSENDqTh1pL,1507,218.51868621609174,208.36914983647875
16llhSENDqTh1pL,1508,218.6791340013733,210.96882539859507
16llhSENDqTh1pL,1509,218.10754183846075,213.09531792233247
16llhSENDqTh1pL,1510,218.0135553968139,212.01785782026127
16llhSENDqTh1pL,1511,218.08474732807372,204.60908112919424
16llhSENDqTh1pL,1512,217.87873331829906,210.32457629404962
16llhSENDqTh1pL,1513,217.45008605043404,207.05056008009706
16llhSENDqTh1pL,1514,218.82583349506604,214.56866030331003
16llhSENDqTh1pL,1515,217.93450506636873,211.4116977788508
16llhSENDqTh1pL,1516,217.4381037442945,210.76847658259794
16llhSENDqTh1pL,1517,216.91305821062997,208.02952744672075
16llhSENDqTh1pL,1518,216.73927869834006,211.51235574763268
16llhSENDqTh1pL,1519,215.85034605825786,204.50431223178748
16llhSENDqTh1pL,1520,217.39216578006744,210.16716727241874
16llhSENDqTh1pL,1521,217.18600518302992,211.94059884222224
16llhSENDqTh1pL,1522,216.58994937688112,210.91378459520638
16llhSENDqTh1pL,1523,216.6463509606474,210.48887617646687
16llhSENDqTh1pL,1524,216.05478118918836,208.6908407639712
16llhSENDqTh1pL,1525,216.0141191824805,208.9082983105909
16llhSENDqTh1pL,1526,215.7243833965622,209.21097559807822
16llhSENDqTh1pL,1527,215.67963745980524,211.6168295533862
16llhSENDqTh1pL,1528,215.46585234021768,205.48844260489568
16llhSENDqTh1pL,1529,215.51177884778008,212.19521680148318
16llhSENDqTh1pL,1530,215.904825177975,208.84279714617878
16llhSENDqTh1pL,1531,215.2312050536275,210.18406949564815
16llhSENDqTh1pL,1532,215.37146590463817,208.32564808614552
16llhSENDqTh1pL,1533,215.53246705327183,211.20993013028055
16llhSENDqTh1pL,1534,215.67175002605654,212.3002442549914
16llhSENDqTh1pL,1535,215.01160553726368,206.28637458267622
16llhSENDqTh1pL,1536,214.55379467830062,208.3310811324045
16llhSENDqTh1pL,1537,215.01289569202345,209.7806946056662
16llhSENDqTh1pL,1538,215.62782259006053,210.31381708104163
16llhSENDqTh1pL,1539,215.64283805931154,209.7889716553891
16llhSENDqTh1pL,1540,214.71596095594577,205.61984936031513
16llhSENDqTh1pL,1541,215.41481283318717,205.87825763609726
16llhSENDqTh1pL,1542,215.72070074704243,213.0005628882791
16llhSENDqTh1pL,1543,215.31692949635908,207.62700789282098
16llhSENDqTh1pL,1544,215.10086207767017,205.38534246920608
16llhSENDqTh1pL,1545,215.2395071652718,206.62747774692252
16llhSENDqTh1pL,1546,215.60471297521144,203.80099517200142
16llhSENDqTh1pL,1547,216.03051408287138,211.72367069032043
16llhSENDqTh1pL,1548,216.26429120637476,209.74515956826508
16llhSENDqTh1pL,1549,217.16320794681087,207.63527952181175
16llhSENDqTh1pL,1550,217.12306156056002,211.58597125904635
16llhSENDqTh1pL,1551,216.95040984638035,203.56342736259103
16llhSENDqTh1pL,1552,217.21594319329597,211.65565224015154
16llhSENDqTh1pL,1553,217.50220931274816,213.5254454310052
16llhSENDqTh1pL,1554,217.33721848134883,206.4250283439178
16llhSENDqTh1pL,1555,217.58177458774298,210.29729402903467
16llhSENDqTh1pL,1556,216.7200366423931,206.9220558886882
16llhSENDqTh1pL,1557,217.27477010246366,213.0166413197294
16llhSENDqTh1pL,1558,217.16618157050107,206.00432309613097
16llhSENDqTh1pL,1559,217.57150960108265,207.7932595438324
16llhSENDqTh1pL,1560,217.17999208765104,201.1658551772125
16llhSENDqTh1pL,1561,218.2767360144062,210.4678502351744
16llhSENDqTh1pL,1562,217.96024382673204,208.93697473593056
16llhSENDqTh1pL,1563,217.98215431626886,204.92966730799526
16llhSENDqTh1pL,1564,218.8347572278508,208.19609216640674
16llhSENDqTh1pL,1565,219.35873749369057,209.64035984390648
16llhSENDqTh1pL,1566,218.7503986619413,213.57927281409502
16llhSENDqTh1pL,1567,217.7095590889221,212.05258716118988
16llhSENDqTh1pL,1568,218.21725433459505,211.25551916612312
16llhSENDqTh1pL,1569,219.56778689124621,215.6512796948664
16llhSENDqTh1pL,1570,219.2253981407266,215.28339247289114
16llhSENDqTh1pL,1571,218.50969147728756,212.2354824715294
16llhSENDqTh1pL,1572,217.77851589256898,212.6608269275166
16llhSENDqTh1pL,1573,217.90321386954747,212.26295700646006
16llhSENDqTh1pL,1574,217.8076572707505,214.38180029118666
16llhSENDqTh1pL,1575,217.5663236437831,212.72415231191553
16llhSENDqTh1pL,1576,217.57017710013315,211.0894200350158
16llhSENDqTh1pL,1577,217.53993229730986,206.57620555651374
16llhSENDqTh1pL,1578,218.54457014653963,213.03325190249961
16llhSENDqTh1pL,1579,218.5802324548422,213.96264966056333
16llhSENDqTh1pL,1580,218.5698973007693,209.4210944690003
16llhSENDqTh1pL,1581,218.84332987479866,214.10216433741152
16llhSENDqTh1pL,1582,218.3000258923712,214.3822975912335
16llhSENDqTh1pL,1583,217.4412208488211,206.54310483764857
16llhSENDqTh1pL,1584,217.46306583753903,213.25620456322213
16llhSENDqTh1pL,1585,218.47147645091172,210.81582259607967
16llhSENDqTh1pL,1586,220.06434334743244,209.49952817823214
16llhSENDqTh1pL,1587,219.9602802247391,212.89109753264347
16llhSENDqTh1pL,1588,219.70427445857786,213.44693339592777
16llhSENDqTh1pL,1589,219.31182343850378,211.06842909159604
16llhSENDqTh1pL,1590,220.30650966532994,215.74015310325194
16llhSENDqTh1pL,1591,219.1677820084151,210.08276648982428
16llhSENDqTh1pL,1592,219.88014201435726,210.02590803604107
16llhSENDqTh1pL,1593,219.924318599049,212.5799794527702
16llhSENDqTh1pL,1594,220.46509190415964,217.03477169154212
16llhSENDqTh1pL,1595,219.59568661695812,212.23954948375467
16llhSENDqTh1pL,1596,220.48832911532372,217.13284715916961
16llhSENDqTh1pL,1597,220.32446221949067,213.26094888837542
16llhSENDqTh1pL,1598,220.32393744727597,212.04637347860262
16llhSENDqTh1pL,1599,220.73905608337373,217.27072767633945
16llhSENDqTh1pL,1600,219.98225390538573,211.80848213192075
16llhSENDqTh1pL,1601,219.52297674969304,215.87531036243308
16llhSENDqTh1pL,1602,218.4848206579336,213.83385877829278
16llhSENDqTh1pL,1603,218.589561924804,211.27540921233594
16llhSENDqTh1pL,1604,218.73928061826155,211.03291972866282
16llhSENDqTh1pL,1605,218.40144443511963,212.76095212809741
16llhSENDqTh1pL,1606,218.67669474845752,214.50594049412757
16llhSENDqTh1pL,1607,217.85896586123272,213.70868798959418
16llhSENDqTh1pL,1608,217.68059050792363,208.99018834659364
16llhSENDqTh1pL,1609,217.74716696504038,212.44680886517745
16llhSENDqTh1pL,1610,217.3378057271475,208.01509051921312
16llhSENDqTh1pL,1611,217.28565387945855,210.53286809340352
16llhSENDqTh1pL,1612,217.43126633996144,210.3199603878893
16llhSENDqTh1pL,1613,217.4713103886461,204.0233156926697
16llhSENDqTh1pL,1614,218.22516599483788,209.1141301682219
16llhSENDqTh1pL,1615,218.54252826981246,215.06188460439444
16llhSENDqTh1pL,1616,218.2756125992164,209.79060196783394
16llhSENDqTh1pL,1617,217.74413882538283,214.60972023166323
16llhSENDqTh1pL,1618,217.28143607883248,214.6935205241898
16llhSENDqTh1pL,1619,217.52378883305937,206.02274376433343
16llhSENDqTh1pL,1620,217.18757193314377,213.89707052579615
16llhSENDqTh1pL,1621,217.3227616538934,212.50625587112154
16llhSENDqTh1pL,1622,216.8219454052014,212.32425526400039
16llhSENDqTh1pL,1623,216.9044308150187,208.39508693199605
16llhSENDqTh1pL,1624,217.19566892110743,207.52398040541448
16llhSENDqTh1pL,1625,217.03904415480793,204.34008196555078
16llhSENDqTh1pL,1626,217.30113786435686,212.99676235369407
16llhSENDqTh1pL,1627,216.61301902332343,209.21119075105526
16llhSENDqTh1pL,1628,216.6517577106133,209.18906422052532
16llhSENDqTh1pL,1629,216.78618670499418,211.53251189982984
16llhSENDqTh1pL,1630,216.92546071461402,207.77225962816738
16llhSENDqTh1pL,1631,216.87965132971294,213.07834714953788
16llhSENDqTh1pL,1632,216.83815873903222,212.62945361924358
16llhSENDqTh1pL,1633,216.09119734633714,208.45630097482353
16llhSENDqTh1pL,1634,216.2235580687411,208.10566120641306
16llhSENDqTh1pL,1635,216.1939737587236,205.91664293408394
16llhSENDqTh1pL,1636,216.23662699665874,211.1918543530628
16llhSENDqTh1pL,1637,215.9059166139923,206.96470392635092
16llhSENDqTh1pL,1638,217.80258015030995,214.50178802432492
16llhSENDqTh1pL,1639,217.25997297791764,212.02337009226903
16llhSENDqTh1pL,1640,216.35286234482192,213.5011664906051
16llhSENDqTh1pL,1641,216.02742337994277,208.243472347036
16llhSENDqTh1pL,1642,216.82474087830633,211.16142996493727
16llhSENDqTh1pL,1643,216.30979479165399,207.95740581690916
16llhSENDqTh1pL,1644,216.15836906759068,206.39042019611225
16llhSENDqTh1pL,1645,217.2387659724336,208.7467830895912
16llhSENDqTh1pL,1646,217.07406136672944,208.6554035777226
16llhSENDqTh1pL,1647,217.4336136772763,208.71255047409795
16llhSENDqTh1pL,1648,218.008112675976,212.94664984149858
16llhSENDqTh1pL,1649,218.07954666027217,209.48944051386206
16llhSENDqTh1pL,1650,218.0235868927557,210.62401183438487
16llhSENDqTh1pL,1651,217.99965070653707,211.85394247900695
16llhSENDqTh1pL,1652,217.94636604888365,212.81918197730556
16llhSENDqTh1pL,1653,216.87937920354307,210.64541270397604
16llhSENDqTh1pL,1654,217.2532795611769,205.532690577209
16llhSENDqTh1pL,1655,218.16134321689606,207.803961860016
16llhSENDqTh1pL,1656,218.01849826989928,211.078420115693
16llhSENDqTh1pL,1657,218.52636402766802,207.08713436420658
16llhSENDqTh1pL,1658,219.39961975263213,212.14014004831915
16llhSENDqTh1pL,1659,219.45505974069238,210.03133876621723
16llhSENDqTh1pL,1660,219.94857573263653,213.43499723203786
16llhSENDqTh1pL,1661,219.40060966904275,218.0721148911398
16llhSENDqTh1pL,1662,218.64134843763895,213.19601824623533
16llhSENDqTh1pL,1663,217.8029579045251,208.3279263600707
16llhSENDqTh1pL,1664,218.01991101913154,216.11338381282985
16llhSENDqTh1pL,1665,217.32532630400965,210.58127834746847
16llhSENDqTh1pL,1666,217.18253997713327,208.37225282751024
16llhSENDqTh1pL,1667,217.5870894161053,212.23378845723346
16llhSENDqTh1pL,1668,218.04540266055847,210.87637346429983
16llhSENDqTh1pL,1669,217.47463917708956,206.1946416234132
16llhSENDqTh1pL,1670,217.36971308314241,212.65324797132052
16llhSENDqTh1pL,1671,217.46656411886215,211.47694006189704
16llhSENDqTh1pL,1672,217.30279163330124,213.84621635883377
16llhSENDqTh1pL,1673,216.60663880436914,209.562294498377
16llhSENDqTh1pL,1674,216.08590865693986,211.28326163627207
16llhSENDqTh1pL,1675,215.45888956391718,210.9484796182951
16llhSENDqTh1pL,1676,214.94785532681271,210.94287419645116
16llhSENDqTh1pL,1677,214.84242403809913,207.261888575973
16llhSENDqTh1pL,1678,215.35406664857874,209.91765102097997
16llhSENDqTh1pL,1679,215.7754184762016,212.0321915866807
16llhSENDqTh1pL,1680,215.60484705218187,207.92043361165634
16llhSENDqTh1pL,1681,215.7639732043026,213.3660357146291
16llhSENDqTh1pL,1682,215.08963593904627,208.86564926122082
16llhSENDqTh1pL,1683,214.83616484942831,206.1974074869322
16llhSENDqTh1pL,1684,214.58608208410442,210.46388664841652
16llhSENDqTh1pL,1685,215.35353792971,211.98157777776942
16llhSENDqTh1pL,1686,215.43158995034173,212.17420322122052
16llhSENDqTh1pL,1687,214.87904465274187,212.09220500552328
16llhSENDqTh1pL,1688,214.61528455954976,205.3855310503859
16llhSENDqTh1pL,1689,214.25083526363596,207.62918920768425
16llhSENDqTh1pL,1690,214.16202572220936,208.55550536559895
16llhSENDqTh1pL,1691,214.79389746928427,209.50551455536697
16llhSENDqTh1pL,1692,215.2321874423069,205.58198635076405
16llhSENDqTh1pL,1693,215.10259870416485,206.90859656757675
16llhSENDqTh1pL,1694,215.33737494703382,205.54509792815952
16llhSENDqTh1pL,1695,216.34842942655087,211.45140347070992
16llhSENDqTh1pL,1696,217.8369996198453,212.40615977952257
16llhSENDqTh1pL,1697,217.40960954547336,213.33053850241413
16llhSENDqTh1pL,1698,217.28652107677772,211.31884413547232
16llhSENDqTh1pL,1699,217.39230297133327,212.39398457482457
16llhSENDqTh1pL,1700,217.1831006910652,210.17414707876742
16llhSENDqTh1pL,1701,217.16232107230462,213.62743879691698
16llhSENDqTh1pL,1702,216.88187796241255,210.19604480071575
16llhSENDqTh1pL,1703,217.3386803152971,206.78699585748836
16llhSENDqTh1pL,1704,217.48678293742705,209.76701465866063
16llhSENDqTh1pL,1705,218.00121787469834,211.27244023326784
16llhSENDqTh1pL,1706,217.70091871207114,213.81383590807673
16llhSENDqTh1pL,1707,216.97955683106557,212.31920627178624
16llhSENDqTh1pL,1708,216.6896621764172,214.28404509578831
16llhSENDqTh1pL,1709,216.1374164930894,211.23283651651582
16llhSENDqTh1pL,1710,216.06584873993415,210.65029094659258
16llhSENDqTh1pL,1711,215.8977984073572,209.1261920365505
16llhSENDqTh1pL,1712,216.67688425711822,210.60926422371995
16llhSENDqTh1pL,1713,217.2258754170034,210.01169677847065
16llhSENDqTh1pL,1714,217.91841570893303,209.52447528997436
16llhSENDqTh1pL,1715,217.98302722969947,210.55180328773258
16llhSENDqTh1pL,1716,217.6619882833911,212.8600578942569
16llhSENDqTh1pL,1717,217.14773505437188,212.58879553177394
16llhSENDqTh1pL,1718,216.76670724106953,210.28881917893887
16llhSENDqTh1pL,1719,217.70114484569058,211.83732987148687
16llhSENDqTh1pL,1720,217.498527413205,214.28132795353304
16llhSENDqTh1pL,1721,216.65833181864582,210.42664621560834
16llhSENDqTh1pL,1722,217.40986444303417,213.68276361064636
16llhSENDqTh1pL,1723,217.10007574153133,212.64577095140703
16llhSENDqTh1pL,1724,216.47100857761689,209.7317307118792
16llhSENDqTh1pL,1725,215.84848459041677,213.01517480029725
16llhSENDqTh1pL,1726,215.55790282553062,210.88308490766212
16llhSENDqTh1pL,1727,214.63568493211642,209.0627935709199
16llhSENDqTh1pL,1728,214.5362601999659,205.7802550487686
16llhSENDqTh1pL,1729,215.28599394659977,211.7424506469397
16llhSENDqTh1pL,1730,215.19339405139908,203.49797046976164
16llhSENDqTh1pL,1731,216.07190315285698,207.34517309302464
16llhSENDqTh1pL,1732,216.17035801264137,213.18943281399697
16llhSENDqTh1pL,1733,215.72840439667925,207.440217431169
16llhSENDqTh1pL,1734,215.64685523579828,207.7522680114489
16llhSENDqTh1pL,1735,215.61260337615386,201.02634758362547
16llhSENDqTh1pL,1736,216.66404396435246,196.29650902887806
16llhSENDqTh1pL,1737,217.2019559449127,209.9440558186343
16llhSENDqTh1pL,1738,217.517996477196,212.44825532869436
16llhSENDqTh1pL,1739,217.02179856644943,211.8187623959966
16llhSENDqTh1pL,1740,216.46196507490822,211.49497155673453
16llhSENDqTh1pL,1741,216.57438387908041,208.57870128704235
16llhSENDqTh1pL,1742,217.07614659308456,207.2075207552407
16llhSENDqTh1pL,1743,217.51899738152542,208.06040630963662
16llhSENDqTh1pL,1744,217.7996396976523,203.1749392566271
16llhSENDqTh1pL,1745,218.6427066680044,207.11931646056473
16llhSENDqTh1pL,1746,219.68382286513224,206.02885315800086
16llhSENDqTh1pL,1747,219.99734255450312,209.49520848470274
16llhSENDqTh1pL,1748,219.66030327836052,214.77365832822397
16llhSENDqTh1pL,1749,218.9338816604577,207.90792355826125
16llhSENDqTh1pL,1750,218.77022821479477,211.57314456091262
16llhSENDqTh1pL,1751,218.56782025028951,212.33982794289477
16llhSENDqTh1pL,1752,218.1031828810228,211.40526161773596
16llhSENDqTh1pL,1753,217.71492139088514,210.8548637584463
16llhSENDqTh1pL,1754,216.99844692036277,211.73031304584583
16llhSENDqTh1pL,1755,216.72588727716357,212.12163201812655
16llhSENDqTh1pL,1756,216.5115460366942,211.71789725730196
16llhSENDqTh1pL,1757,215.55708913342096,207.67253339127637
16llhSENDqTh1pL,1758,216.26686733891256,213.00694135506637
16llhSENDqTh1pL,1759,216.95738554140553,204.66075096977875
16llhSENDqTh1pL,1760,218.4782778583467,211.02392463944852
16llhSENDqTh1pL,1761,219.23004295909777,212.82232732744887
16llhSENDqTh1pL,1762,219.50546767085325,214.4735813763691
16llhSENDqTh1pL,1763,219.01023085339693,211.9372419018182
16llhSENDqTh1pL,1764,218.22801145224366,213.69717901444528
16llhSENDqTh1pL,1765,217.73093711363617,212.2746402673656
16llhSENDqTh1pL,1766,217.08151891815942,212.51324284716975
16llhSENDqTh1pL,1767,217.07119828672148,204.7924825756345
16llhSENDqTh1pL,1768,216.9538386701115,207.6319169452854
16llhSENDqTh1pL,1769,216.6951546448763,209.93839369001944
16llhSENDqTh1pL,1770,216.44225747091696,213.16363783134148
16llhSENDqTh1pL,1771,216.36947395978495,210.34394748369232
16llhSENDqTh1pL,1772,216.20179911656305,210.78382234228775
16llhSENDqTh1pL,1773,215.92349844239652,210.9537700805813
16llhSENDqTh1pL,1774,215.9773974471609,207.81393880554242
16llhSENDqTh1pL,1775,216.68918932508677,208.5906122243032
16llhSENDqTh1pL,1776,217.55023699766025,209.5410437094979
16llhSENDqTh1pL,1777,217.5492743641371,214.24541132117156
16llhSENDqTh1pL,1778,216.82982532586902,210.25106998812407
16llhSENDqTh1pL,1779,216.73057526617777,210.809912579949
16llhSENDqTh1pL,1780,217.1094310847111,213.0040528406389
16llhSENDqTh1pL,1781,217.15950784594133,208.21108536184147
16llhSENDqTh1pL,1782,216.58312665112317,208.77608660236
16llhSENDqTh1pL,1783,217.29037202335894,212.87041152082384
16llhSENDqTh1pL,1784,216.45370787888533,207.28524859755998
16llhSENDqTh1pL,1785,217.3008417218225,211.37393804185558
16llhSENDqTh1pL,1786,216.97943524329457,212.9747909704456
16llhSENDqTh1pL,1787,217.3772238357924,210.34852997912094
16llhSENDqTh1pL,1788,217.8313951692544,212.51946925884113
16llhSENDqTh1pL,1789,217.05955179568264,211.58615071486565
16llhSENDqTh1pL,1790,216.7628595943097,209.24526742124
16llhSENDqTh1pL,1791,217.2406024900265,209.27899087546393
16llhSENDqTh1pL,1792,216.53016963845585,207.187898722128
16llhSENDqTh1pL,1793,217.03713179705665,210.4262171103619
16llhSENDqTh1pL,1794,217.84609205788,211.02722152834758
16llhSENDqTh1pL,1795,217.78837774228305,212.2321679694578
16llhSENDqTh1pL,1796,217.311272241408,210.7427833864931
16llhSENDqTh1pL,1797,217.7000484308228,211.22797905933112
16llhSENDqTh1pL,1798,217.96126728714444,214.833010105649
16llhSENDqTh1pL,1799,218.51537321857177,212.05695717572235
16llhSENDqTh1pL,1800,218.06150110578164,213.8417263678275
16llhSENDqTh1pL,1801,217.20501628145576,206.72173856943846
16llhSENDqTh1pL,1802,217.6847023781629,214.9584840949865
16llhSENDqTh1pL,1803,217.29576786630787,208.49367005121894
16llhSENDqTh1pL,1804,217.8881296175532,213.7831801730208
16llhSENDqTh1pL,1805,217.83424994023517,214.8295273971744
16llhSENDqTh1pL,1806,218.140775423788,212.67394351615803
16llhSENDqTh1pL,1807,218.93415682623163,213.26857272395864
16llhSENDqTh1pL,1808,219.99782989636878,214.1690890909813
16llhSENDqTh1pL,1809,220.40757294232026,214.81663192110136
16llhSENDqTh1pL,1810,220.50766450027004,215.0141654429026
16llhSENDqTh1pL,1811,219.38782453362364,214.84823027264792
16llhSENDqTh1pL,1812,219.17681537079625,206.5806400992442
16llhSENDqTh1pL,1813,219.57768997177482,211.02187841199338
16llhSENDqTh1pL,1814,219.6361533512827,215.00259037991054
16llhSENDqTh1pL,1815,220.7755134163017,212.01194697400206
16llhSENDqTh1pL,1816,220.68881791242165,212.363670469902
16llhSENDqTh1pL,1817,219.80505413596984,214.93479848501738
16llhSENDqTh1pL,1818,219.23928023688495,213.65084166638553
16llhSENDqTh1pL,1819,218.98736860463396,214.4475661390461
16llhSENDqTh1pL,1820,219.23502446139537,212.74033454606615
16llhSENDqTh1pL,1821,218.89894737815484,215.37258329382166
16llhSENDqTh1pL,1822,218.93386150314473,208.7763956261333
16llhSENDqTh1pL,1823,219.1174490507692,216.94544077571481
16llhSENDqTh1pL,1824,219.36318482877687,211.48651661956683
16llhSENDqTh1pL,1825,218.97904936876148,211.09441221971065
16llhSENDqTh1pL,1826,218.70504876656923,209.04087390808854
16llhSENDqTh1pL,1827,218.91423583240248,210.939150136197
16llhSENDqTh1pL,1828,219.6743177532917,212.74636044015642
16llhSENDqTh1pL,1829,219.3435669452483,207.6728791654641
16llhSENDqTh1pL,1830,219.5622662320966,212.95843505172525
16llhSENDqTh1pL,1831,218.95081111509353,216.64154614601284
16llhSENDqTh1pL,1832,217.9861407477456,213.07837469988044
16llhSENDqTh1pL,1833,217.32499590609223,206.58000454586
16llhSENDqTh1pL,1834,218.01755692763254,211.13372490508482
16llhSENDqTh1pL,1835,218.73396238685564,215.03792231344596
16llhSENDqTh1pL,1836,217.85367132676765,212.8154846620746
16llhSENDqTh1pL,1837,217.81782879121602,212.3208503741771
16llhSENDqTh1pL,1838,216.82737279392313,207.34103177965153
16llhSENDqTh1pL,1839,217.24508725013584,204.93435134273022
16llhSENDqTh1pL,1840,217.01969316665418,204.5683493117649
16llhSENDqTh1pL,1841,217.29628235660493,208.39340089308098
16llhSENDqTh1pL,1842,217.71548314858228,206.0207003983669
16llhSENDqTh1pL,1843,218.72730009933002,207.95044456294272
16llhSENDqTh1pL,1844,219.51113387721125,212.8500612700591
16llhSENDqTh1pL,1845,219.94541247247253,215.34112578316126
16llhSENDqTh1pL,1846,219.14016077679116,215.93805708375294
16llhSENDqTh1pL,1847,218.80566372256726,207.02621947228909
16llhSENDqTh1pL,1848,219.24346665246412,208.96047317935154
16llhSENDqTh1pL,1849,218.76884631128632,208.6875054264965
16llhSENDqTh1pL,1850,218.38921350240707,215.00168269500136
16llhSENDqTh1pL,1851,217.583153633459,205.26491419231752
16llhSENDqTh1pL,1852,218.02563568006735,207.77123776066583
16llhSENDqTh1pL,1853,218.8006232380867,204.85593733377755
16llhSENDqTh1pL,1854,219.6937631778419,215.04103512503207
16llhSENDqTh1pL,1855,218.92412719293498,211.73178364313208
16llhSENDqTh1pL,1856,219.50782547378913,211.89386571059003
16llhSENDqTh1pL,1857,219.31827271915972,212.68183630146086
16llhSENDqTh1pL,1858,219.21681947121397,208.10468465508893
16llhSENDqTh1pL,1859,219.4460303708911,212.47750940918922
16llhSENDqTh1pL,1860,219.81853427155875,208.20492013334297
16llhSENDqTh1pL,1861,221.13170486874878,209.64151629060507
16llhSENDqTh1pL,1862,221.507525597699,215.5425847908482
16llhSENDqTh1pL,1863,221.33515105536208,206.8283653757535
16llhSENDqTh1pL,1864,222.11843806263641,217.81884353319765
16llhSENDqTh1pL,1865,221.2070820464287,215.10494214505889
16llhSENDqTh1pL,1866,220.4838366175536,208.78509600483812
16llhSENDqTh1pL,1867,221.00780468480662,205.2423335951753
16llhSENDqTh1pL,1868,220.89201606344432,206.91968683805317
16llhSENDqTh1pL,1869,221.72133877832675,218.20940037962282
16llhSENDqTh1pL,1870,220.70883067965042,210.76752221293282
16llhSENDqTh1pL,1871,220.6736846071435,216.3241871733917
16llhSENDqTh1pL,1872,219.95863643055782,213.26429925533012
16llhSENDqTh1pL,1873,219.14526515029138,208.80016991816228
16llhSENDqTh1pL,1874,219.09964812162798,210.81148258398753
16llhSENDqTh1pL,1875,219.89474624430295,210.57456620584708
16llhSENDqTh1pL,1876,222.71216362528503,217.29911034367979
16llhSENDqTh1pL,1877,222.4271601040382,211.83153042313643
16llhSENDqTh1pL,1878,221.80946553964168,215.25056616868824
16llhSENDqTh1pL,1879,220.88504145573825,207.3462463626638
16llhSENDqTh1pL,1880,220.9114957769507,217.67205477702555
16llhSENDqTh1pL,1881,219.75750730372965,216.7258989121765
16llhSENDqTh1pL,1882,218.9340082911076,210.39317160996143
16llhSENDqTh1pL,1883,218.71418663293844,218.54431606449907
16llhSENDqTh1pL,1884,217.74549520039,211.56343242735602
16llhSENDqTh1pL,1885,218.71312353410758,211.94140270748176
16llhSENDqTh1pL,1886,218.48737747082487,212.62850507581607
16llhSENDqTh1pL,1887,217.99258537928108,208.66810909623746
16llhSENDqTh1pL,1888,218.0904560451163,211.7178436749382
16llhSENDqTh1pL,1889,218.07771212002262,212.10627643903717
16llhSENDqTh1pL,1890,217.47980630816892,211.28914120653644
16llhSENDqTh1pL,1891,217.89586635597516,211.7080425786553
16llhSENDqTh1pL,1892,218.13253117294516,207.8023646202637
16llhSENDqTh1pL,1893,217.67897980753332,206.05643021408468
16llhSENDqTh1pL,1894,217.98715195758268,210.71910362085328
16llhSENDqTh1pL,1895,217.6824342207983,212.15650115627795
16llhSENDqTh1pL,1896,216.9405631055124,208.84241673862562
16llhSENDqTh1pL,1897,217.2198699482251,208.19171927054413
16llhSENDqTh1pL,1898,217.13377455133013,209.12862396310084
16llhSENDqTh1pL,1899,217.3347067363793,207.56092070473824
16llhSENDqTh1pL,1900,217.10177820344688,209.19665667397203
16llhSENDqTh1pL,1901,217.88520841044374,212.12774923746474
16llhSENDqTh1pL,1902,218.3519714907743,207.9088521427475
16llhSENDqTh1pL,1903,219.05853679194115,213.83628586959094
16llhSENDqTh1pL,1904,219.01883952762,213.56180993956514
16llhSENDqTh1pL,1905,218.87533718912164,203.2497543246136
16llhSENDqTh1pL,1906,221.46040194839588,214.4432415048068
16llhSENDqTh1pL,1907,220.6070481564384,215.44082567072473
16llhSENDqTh1pL,1908,219.51978623354807,206.67377130361274
16llhSENDqTh1pL,1909,220.4391519523051,214.89654197057826
16llhSENDqTh1pL,1910,219.94071371201426,210.24274176638573
16llhSENDqTh1pL,1911,219.72675111563876,215.58925468707457
16llhSENDqTh1pL,1912,219.0796339274384,209.43303375365213
16llhSENDqTh1pL,1913,218.65339969127672,208.74229826434748
16llhSENDqTh1pL,1914,218.90831311290458,215.10422725846365
16llhSENDqTh1pL,1915,218.06123472936451,213.56847652979195
16llhSENDqTh1pL,1916,218.08953084982932,211.92762013338506
16llhSENDqTh1pL,1917,218.30171099398285,210.7477951841429
16llhSENDqTh1pL,1918,218.59664304030593,209.33243209857028
16llhSENDqTh1pL,1919,217.86915474676061,211.0702414996922
16llhSENDqTh1pL,1920,218.76384613174014,211.26225207257085
16llhSENDqTh1pL,1921,218.36891737673432,213.2983705708757
16llhSENDqTh1pL,1922,218.40862922673114,210.95772874890827
16llhSENDqTh1pL,1923,217.5668325967854,212.03499436599668
16llhSENDqTh1pL,1924,217.12966220336966,212.1369562249165
16llhSENDqTh1pL,1925,216.9334908744786,205.46154107968323
16llhSENDqTh1pL,1926,216.9466352296804,211.71165542134986
16llhSENDqTh1pL,1927,217.92077740142122,206.9862540573813
16llhSENDqTh1pL,1928,219.57182409823872,213.96397406072356
16llhSENDqTh1pL,1929,219.50876063946635,210.83078326378018
16llhSENDqTh1pL,1930,219.6806116733933,209.06791077705566
16llhSENDqTh1pL,1931,220.1098844758235,214.44707935256884
16llhSENDqTh1pL,1932,219.95665156119503,210.1959098300431
16llhSENDqTh1pL,1933,220.43521750159562,213.30646157637239
16llhSENDqTh1pL,1934,219.4231156948954,214.85509835369885
16llhSENDqTh1pL,1935,218.5608773122076,209.17090789531358
16llhSENDqTh1pL,1936,219.23720367375063,214.8050861985539
16llhSENDqTh1pL,1937,219.11699785548262,213.79472306440584
16llhSENDqTh1pL,1938,218.60383950616233,213.6279429483693
16llhSENDqTh1pL,1939,217.76064709798084,203.53207564578042
16llhSENDqTh1pL,1940,218.42239188752137,210.34652868262492
16llhSENDqTh1pL,1941,218.47988960839575,212.14167799561983
16llhSENDqTh1pL,1942,218.48063233471476,212.2697316815611
16llhSENDqTh1pL,1943,218.3390046665445,215.06084675062448
16llhSENDqTh1pL,1944,217.6987605697941,215.54516995581798
16llhSENDqTh1pL,1945,216.34863714198582,209.94408685225062
16llhSENDqTh1pL,1946,216.48115856247023,212.3366646389477
16llhSENDqTh1pL,1947,216.8310442236252,210.21256115520373
16llhSENDqTh1pL,1948,218.68688706937246,213.3062207538169
16llhSENDqTh1pL,1949,217.89343455911148,208.91039136529434
16llhSENDqTh1pL,1950,217.92516799242003,208.60189558350248
16llhSENDqTh1pL,1951,217.9528329098539,205.73216095435782
16llhSENDqTh1pL,1952,218.11611737753265,212.80022867838852
16llhSENDqTh1pL,1953,217.7243690942414,209.449772270862
16llhSENDqTh1pL,1954,218.25821589899715,211.28346666356083
16llhSENDqTh1pL,1955,217.2368360622786,209.39143114583567
16llhSENDqTh1pL,1956,216.86056779861974,205.32050925471412
16llhSENDqTh1pL,1957,217.5229086279869,213.66039406647906
16llhSENDqTh1pL,1958,217.82249240437523,211.5318860844709
16llhSENDqTh1pL,1959,218.28558515163604,209.91431541147176
16llhSENDqTh1pL,1960,218.2150911341887,215.0597934804391
16llhSENDqTh1pL,1961,217.43367197892803,211.03698906830687
16llhSENDqTh1pL,1962,218.59732729860116,210.5711406423943
16llhSENDqTh1pL,1963,217.73127529543126,210.87012926262105
16llhSENDqTh1pL,1964,217.78908230829984,209.54580051917583
16llhSENDqTh1pL,1965,218.9473575319862,208.38449072127696
16llhSENDqTh1pL,1966,218.86366400500992,213.3203855380998
16llhSENDqTh1pL,1967,218.93615741911344,213.6869475345593
16llhSENDqTh1pL,1968,218.16480914282147,208.42913207004312
16llhSENDqTh1pL,1969,217.99196211155504,206.8881914159283
16llhSENDqTh1pL,1970,218.00010475856834,206.41262588245445
16llhSENDqTh1pL,1971,218.90533624064483,208.96071134727754
16llhSENDqTh1pL,1972,219.8122990912525,211.64647998835426
16llhSENDqTh1pL,1973,220.05924304015934,211.57745993882418
16llhSENDqTh1pL,1974,222.1789295678027,212.35116047179326
16llhSENDqTh1pL,1975,222.091128688975,211.25810890478897
16llhSENDqTh1pL,1976,225.11734503041953,216.69217627122998
16llhSENDqTh1pL,1977,224.59309569795732,209.89749780719285
16llhSENDqTh1pL,1978,224.01978218462318,218.11429192591459
16llhSENDqTh1pL,1979,224.8463918834459,215.02875487017445
16llhSENDqTh1pL,1980,225.65317086677533,219.10131118248682
16llhSENDqTh1pL,1981,224.82349878095556,219.4976032517152
16llhSENDqTh1pL,1982,224.22484674568113,215.93177425938484
16llhSENDqTh1pL,1983,223.7670021809754,215.8168934553978
16llhSENDqTh1pL,1984,222.88317489484325,217.56836485350505
16llhSENDqTh1pL,1985,221.76059055619407,217.10204530425835
16llhSENDqTh1pL,1986,221.56004454335198,211.36659406963736
16llhSENDqTh1pL,1987,221.3965856055729,215.42777275806293
16llhSENDqTh1pL,1988,221.4481228676159,211.00403756159358
16llhSENDqTh1pL,1989,222.79254756002774,219.57588577522984
16llhSENDqTh1pL,1990,221.99526768131182,216.10497661633417
16llhSENDqTh1pL,1991,220.71999221341684,215.05616439366713
16llhSENDqTh1pL,1992,219.90019672821836,214.76946646060424
16llhSENDqTh1pL,1993,219.9302184541666,212.72125951358612
16llhSENDqTh1pL,1994,220.42226302216295,208.7318014811026
16llhSENDqTh1pL,1995,219.8912671498838,213.8121293580043
16llhSENDqTh1pL,1996,219.4846626939252,212.1620831778273
16llhSENDqTh1pL,1997,218.77389727323316,209.16603904333897
16llhSENDqTh1pL,1998,218.35769589198753,214.2562057240866
16llhSENDqTh1pL,1999,217.98272439208813,210.01889505353756
16llhSENDqTh1pL,2000,217.7028334302886,211.23472804334597
16llhSENDqTh1pL,1,272.50000834465027,138.80000418052077
16llhSENDqTh1pL,2,309.6599940061569,163.58971051685512
16llhSENDqTh1pL,3,339.27757811546326,196.9123129248619
16llhSENDqTh1pL,4,362.09558072686195,259.8243030309677
16llhSENDqTh1pL,5,375.83057326078415,287.0669411383569
16llhSENDqTh1pL,6,384.9596824645996,338.4436097443104
16llhSENDqTh1pL,7,387.9302701950073,360.5162405371666
16llhSENDqTh1pL,8,389.1077165007591,343.30472580343485
16llhSENDqTh1pL,9,391.92823177576065,366.138494849205
16llhSENDqTh1pL,10,390.0186219215393,348.030262687942
16llhSENDqTh1pL,11,360.8770580291748,318.9071370512247
16llhSENDqTh1pL,12,294.60611668229103,254.08800584822893
16llhSENDqTh1pL,13,279.58911246061325,234.48541483283043
16llhSENDqTh1pL,14,261.0994072332978,233.81058283895254
16llhSENDqTh1pL,15,268.2389703821391,252.19259135238826
16llhSENDqTh1pL,16,269.38350592553616,248.84408571349923
16llhSENDqTh1pL,17,275.8728961646557,251.48234890401363
16llhSENDqTh1pL,18,274.7589715719223,253.23552684485912
16llhSENDqTh1pL,19,270.19283563643694,249.29446171969175
16llhSENDqTh1pL,20,274.4477473348379,254.40665212273598
16llhSENDqTh1pL,21,277.6999345421791,267.5711540430784
16llhSENDqTh1pL,22,270.38210406526923,248.5645541884005
16llhSENDqTh1pL,23,275.58605295419693,260.2043645083904
16llhSENDqTh1pL,24,272.3768782392144,249.6207791827619
16llhSENDqTh1pL,25,278.18421901389956,264.18912138044834
16llhSENDqTh1pL,26,274.20381847396493,252.2845798395574
16llhSENDqTh1pL,27,276.5233375951648,263.13572650402784
16llhSENDqTh1pL,28,275.5821098834276,257.1658303141594
16llhSENDqTh1pL,29,279.4698645286262,264.9921864718199
16llhSENDqTh1pL,30,277.72455583140254,264.0166107341647
16llhSENDqTh1pL,31,276.82429295778275,253.54949306696653
16llhSENDqTh1pL,32,278.35619758814573,256.4175079241395
16llhSENDqTh1pL,33,269.0895681739785,257.26350981602445
16llhSENDqTh1pL,34,275.47464591264725,265.7177698984742
16llhSENDqTh1pL,35,274.681410741061,259.0321721395012
16llhSENDqTh1pL,36,274.50882936641574,252.71092970913742
16llhSENDqTh1pL,37,274.02065274491906,255.53198166191578
16llhSENDqTh1pL,38,272.9466522857547,246.5321309529245
16llhSENDqTh1pL,39,271.52379631996155,256.58314905688167
16llhSENDqTh1pL,40,269.449431296438,246.73198461160064
16llhSENDqTh1pL,41,267.42734000086784,246.0430643800646
16llhSENDqTh1pL,42,268.0566618219018,247.16301940008998
16llhSENDqTh1pL,43,267.2874564938247,239.89028076454997
16llhSENDqTh1pL,44,265.89042320102453,240.46424594521523
16llhSENDqTh1pL,45,264.97331442311406,241.5302646588534
16llhSENDqTh1pL,46,262.2662454135716,247.18703570216894
16llhSENDqTh1pL,47,259.88795191422105,239.95247066020966
16llhSENDqTh1pL,48,258.9026980679482,233.20310003496706
16llhSENDqTh1pL,49,257.6467362269759,238.00937796011567
16llhSENDqTh1pL,50,254.89133029431105,236.91929198428988
16llhSENDqTh1pL,51,254.81827991083264,238.48428182693897
16llhSENDqTh1pL,52,254.76577307842672,242.29704423993826
16llhSENDqTh1pL,53,253.2459489312023,244.90627572871745
16llhSENDqTh1pL,54,250.73255600593984,240.62833185121417
16llhSENDqTh1pL,55,248.80086223222315,238.03847974166274
16llhSENDqTh1pL,56,246.7053887117654,228.01841683126986
16llhSENDqTh1pL,57,245.51198231428862,232.277825538069
16llhSENDqTh1pL,58,241.92833229526877,230.64493409357965
16llhSENDqTh1pL,59,238.91261238604784,228.05402617156506
16llhSENDqTh1pL,60,238.69731742329895,227.56424753693864
16llhSENDqTh1pL,61,238.32031985465437,229.6214776514098
16llhSENDqTh1pL,62,237.49462950602174,228.6620039222762
16llhSENDqTh1pL,63,235.4940095860511,226.91106116678566
16llhSENDqTh1pL,64,233.93861286062747,219.4321578051895
16llhSENDqTh1pL,65,232.25560479518026,221.3998746247962
16llhSENDqTh1pL,66,230.98269149754196,218.49903421103954
16llhSENDqTh1pL,67,230.70022849738598,223.43327965959907
16llhSENDqTh1pL,68,228.8009138358757,215.56198542099446
16llhSENDqTh1pL,69,228.16942323371768,221.58293836936355
16llhSENDqTh1pL,70,228.4378885542974,218.93202924448997
16llhSENDqTh1pL,71,227.1489029172808,216.36856406368315
16llhSENDqTh1pL,72,226.9969725040719,223.34844768233597
16llhSENDqTh1pL,73,226.25231835339218,220.22151182871312
16llhSENDqTh1pL,74,226.27661406155676,220.1433715140447
16llhSENDqTh1pL,75,224.13627764442936,217.45197933679447
16llhSENDqTh1pL,76,222.02164232777432,214.04872521478683
16llhSENDqTh1pL,77,222.1887762635015,211.78065384319052
16llhSENDqTh1pL,78,221.0343194711022,210.28006573067978
16llhSENDqTh1pL,79,219.0352086275816,213.38295262074098
16llhSENDqTh1pL,80,216.46532233804464,208.26126834377646
16llhSENDqTh1pL,81,218.46978762187064,211.68264086917043
16llhSENDqTh1pL,82,218.5996201224625,210.45249814493582
16llhSENDqTh1pL,83,217.2804817832075,209.23250165302306
16llhSENDqTh1pL,84,217.8491447120905,204.65791754424572
16llhSENDqTh1pL,85,216.34482758678496,209.1938688699156
16llhSENDqTh1pL,86,216.19000689964741,202.49399023037404
16llhSENDqTh1pL,87,217.03455268172547,209.12871157424524
16llhSENDqTh1pL,88,219.3160663440358,211.2995137986727
16llhSENDqTh1pL,89,218.9445428608451,208.9850204847753
16llhSENDqTh1pL,90,218.3978731164243,210.13184166094288
16llhSENDqTh1pL,91,218.0500113121234,204.58052662434056
16llhSENDqTh1pL,92,217.36901059071533,211.33277612249367
16llhSENDqTh1pL,93,217.30249230307527,208.90098886494525
16llhSENDqTh1pL,94,215.38716235687025,209.06726587517187
16llhSENDqTh1pL,95,216.78175351046957,206.0908798428718
16llhSENDqTh1pL,96,218.0932939860504,211.50859979656525
16llhSENDqTh1pL,97,217.94938830449246,210.16654700948857
16llhSENDqTh1pL,98,218.30102046648972,203.07114713289775
16llhSENDqTh1pL,99,219.59165200591087,208.71130486950278
16llhSENDqTh1pL,100,218.71790625574067,200.900402281899
16llhSENDqTh1pL,101,216.9165552794002,206.91155759990215
16llhSENDqTh1pL,102,217.55256758164614,210.99625878443476
16llhSENDqTh1pL,103,218.81849463889375,206.94266634969972
16llhSENDqTh1pL,104,218.42292806692421,208.5970543170115
16llhSENDqTh1pL,105,219.0907469886588,212.58758074091747
16llhSENDqTh1pL,106,218.91240919707343,210.15099610434845
16llhSENDqTh1pL,107,218.9371503655566,207.0677506501088
16llhSENDqTh1pL,108,215.9596202422399,207.40974191750865
16llhSENDqTh1pL,109,216.7336019462673,206.90253908431623
16llhSENDqTh1pL,110,218.1016184859909,208.20521263568662
16llhSENDqTh1pL,111,218.41828120290302,210.3466137999203
16llhSENDqTh1pL,112,218.1255054884823,209.53323664423078
16llhSENDqTh1pL,113,216.84894296131097,203.14043977949768
16llhSENDqTh1pL,114,216.03898472094443,203.72518729791045
16llhSENDqTh1pL,115,216.3224529447034,208.54455700237304
16llhSENDqTh1pL,116,216.26737452024827,204.4385158320656
16llhSENDqTh1pL,117,217.56072901090374,205.57882938155672
16llhSENDqTh1pL,118,217.9050569041283,199.02084580960218
16llhSENDqTh1pL,119,218.47049904742744,211.27427530265413
16llhSENDqTh1pL,120,218.4318608578178,208.47783203970175
16llhSENDqTh1pL,121,218.46849662583554,206.65398647432448
16llhSENDqTh1pL,122,217.74272466247203,207.57601581566269
16llhSENDqTh1pL,123,218.19559169904096,203.62029790028464
16llhSENDqTh1pL,124,217.47838705137838,212.63732631516177
16llhSENDqTh1pL,125,215.8063160146121,199.7033558303956
16llhSENDqTh1pL,126,218.06264277728042,208.49630778323626
16llhSENDqTh1pL,127,217.9718372512143,209.49177051184233
16llhSENDqTh1pL,128,218.31475285772467,203.7352695945301
16llhSENDqTh1pL,129,218.4808340986201,207.5762552221422
16llhSENDqTh1pL,130,216.82882919712574,205.88745677634142
16llhSENDqTh1pL,131,217.8014935424435,203.35912564146565
16llhSENDqTh1pL,132,217.8009246683505,206.4134000108461
16llhSENDqTh1pL,133,215.97974471392808,203.8163398199831
16llhSENDqTh1pL,134,215.91904050853918,205.52888402916142
16llhSENDqTh1pL,135,216.54341353478958,204.25893473392352
16llhSENDqTh1pL,136,217.81016490081674,210.55149579569115
16llhSENDqTh1pL,137,217.53433570309426,208.67615298982128
16llhSENDqTh1pL,138,217.5306400738191,205.09558285656385
16llhSENDqTh1pL,139,217.93375605685287,204.92243211573805
16llhSENDqTh1pL,140,218.37393389214412,207.38460042112274
16llhSENDqTh1pL,141,218.95390348060755,210.51519751542946
16llhSENDqTh1pL,142,219.12608126769192,209.4748552976962
16llhSENDqTh1pL,143,220.6760368696996,208.74746051756665
16llhSENDqTh1pL,144,220.80961547757033,209.5544625945622
16llhSENDqTh1pL,145,220.7718050192343,208.14491749659646
16llhSENDqTh1pL,146,219.25962812772195,207.55437064671423
16llhSENDqTh1pL,147,219.3063762357342,210.12122523217113
16llhSENDqTh1pL,148,219.016324556811,204.18762508171494
16llhSENDqTh1pL,149,218.26874237004085,206.8462952830887
16llhSENDqTh1pL,150,218.55569420928077,209.98693568432645
16llhSENDqTh1pL,151,219.04744250819203,208.39740570547292
16llhSENDqTh1pL,152,219.46243991088704,208.20863060784177
16llhSENDqTh1pL,153,217.31625993640046,209.22644156604656
16llhSENDqTh1pL,154,216.71136894711526,207.96237681238563
16llhSENDqTh1pL,155,218.00353369757067,207.24118563407683
16llhSENDqTh1pL,156,217.81705202812736,206.85267023161578
16llhSENDqTh1pL,157,218.20422636340663,210.64104664079787
16llhSENDqTh1pL,158,218.3210307003028,210.0445041398052
16llhSENDqTh1pL,159,220.39246176555753,205.95616799165145
16llhSENDqTh1pL,160,219.87850343853643,211.68424199982837
16llhSENDqTh1pL,161,218.23818440907053,207.4063130103459
16llhSENDqTh1pL,162,218.8592913711327,200.12210316734854
16llhSENDqTh1pL,163,220.17880675439665,213.40337477186404
16llhSENDqTh1pL,164,218.15619721382973,206.27776476182044
16llhSENDqTh1pL,165,216.95615624562197,207.35098414762615
16llhSENDqTh1pL,166,217.02580967648828,206.09347000996058
16llhSENDqTh1pL,167,216.25187964150973,201.67697970751033
16llhSENDqTh1pL,168,216.41240165270574,206.11634508408315
16llhSENDqTh1pL,169,216.39769445751153,201.16279026401753
16llhSENDqTh1pL,170,216.43320070466143,208.71423555145157
16llhSENDqTh1pL,171,218.8644390848276,210.52998058782396
16llhSENDqTh1pL,172,218.52385912882164,204.34268327220343
16llhSENDqTh1pL,173,218.1087324301753,205.36775071910057
16llhSENDqTh1pL,174,216.6987445308987,204.95549066071544
16llhSENDqTh1pL,175,215.77705765177961,198.76774939557072
16llhSENDqTh1pL,176,215.47690945636714,209.3260076648512
16llhSENDqTh1pL,177,214.60301513812738,207.1520036868751
16llhSENDqTh1pL,178,214.9251599260333,203.70852114790068
16llhSENDqTh1pL,179,215.94142501952592,204.1572511398699
16llhSENDqTh1pL,180,216.56229799819494,201.40560269038406
16llhSENDqTh1pL,181,217.90193597902544,203.63028234173544
16llhSENDqTh1pL,182,219.11942272611236,207.37443686254596
16llhSENDqTh1pL,183,219.47138752607862,204.25601981391083
16llhSENDqTh1pL,184,219.9483856905872,207.71242039582376
16llhSENDqTh1pL,185,218.90723219048232,204.20560632657725
16llhSENDqTh1pL,186,215.2608644932468,201.3248973756988
16llhSENDqTh1pL,187,215.93129889573902,204.84522990934784
16llhSENDqTh1pL,188,217.24537533634992,201.81660441422554
16llhSENDqTh1pL,189,219.26560158993033,204.97581079392893
16llhSENDqTh1pL,190,219.3532508125046,208.47213680646212
16llhSENDqTh1pL,191,218.47508176625706,209.75859231024515
16llhSENDqTh1pL,192,218.46391014056098,207.2448722948302
16llhSENDqTh1pL,193,218.78089239366818,206.6659190437058
16llhSENDqTh1pL,194,216.9617778787308,204.8662535527717
16llhSENDqTh1pL,195,216.4982978647539,203.52899786894784
16llhSENDqTh1pL,196,217.99735579441943,197.30332810909198
16llhSENDqTh1pL,197,219.94093653494383,201.59397289091612
16llhSENDqTh1pL,198,218.32780071253546,205.53101369910473
16llhSENDqTh1pL,199,216.13629214977846,203.23244064854225
16llhSENDqTh1pL,200,218.13427919440437,207.3781820408767
16llhSENDqTh1pL,201,216.38996488295385,204.55429691559232
16llhSENDqTh1pL,202,216.07565710355993,207.44568443717435
16llhSENDqTh1pL,203,215.9797327490783,202.9754554877245
16llhSENDqTh1pL,204,214.80466344783963,201.8590961454338
16llhSENDqTh1pL,205,216.2853343699826,199.98852351144888
16llhSENDqTh1pL,206,214.7263060186524,199.86469728243537
16llhSENDqTh1pL,207,215.95548581982345,200.5449765836665
16llhSENDqTh1pL,208,215.37897097137852,201.43521304247065
16llhSENDqTh1pL,209,215.9941598903984,200.93092035372916
16llhSENDqTh1pL,210,216.7533147085457,207.7042918253689
16llhSENDqTh1pL,211,217.43169710729853,207.8732139201893
16llhSENDqTh1pL,212,219.3632683812504,208.15965145164586
16llhSENDqTh1pL,213,221.12180072210674,205.30653419487123
16llhSENDqTh1pL,214,220.687903344573,208.20411330420757
16llhSENDqTh1pL,215,221.79060142859817,209.3935691975057
16llhSENDqTh1pL,216,221.44961391633842,210.3491860331269
16llhSENDqTh1pL,217,221.06547210326062,210.7717026989685
16llhSENDqTh1pL,218,221.0110747931765,210.61982120352403
16llhSENDqTh1pL,219,222.07676376473987,207.86234090315935
16llhSENDqTh1pL,220,222.6202473542362,208.57259222021094
16llhSENDqTh1pL,221,221.8223093710856,210.25423460826443
16llhSENDqTh1pL,222,221.9687926496315,209.97431087837845
16llhSENDqTh1pL,223,221.7611777218408,209.32564045427716
16llhSENDqTh1pL,224,221.15165812089364,211.8165077741225
16llhSENDqTh1pL,225,220.7092997279251,215.5895700410474
16llhSENDqTh1pL,226,221.7302076286868,215.07426282961376
16llhSENDqTh1pL,227,221.97143760409014,212.0187121601011
16llhSENDqTh1pL,228,222.6736668653317,211.81229979987222
16llhSENDqTh1pL,229,223.16246170265367,212.1778717302368
16llhSENDqTh1pL,230,221.60679014994824,212.09335822834694
16llhSENDqTh1pL,231,222.36270343368278,213.0016084969543
16llhSENDqTh1pL,232,221.8029550057836,216.64253002451733
16llhSENDqTh1pL,233,221.89766284007305,216.0857943736362
16llhSENDqTh1pL,234,222.69838483724743,216.20184244634584
16llhSENDqTh1pL,235,222.606598771981,212.35907770808603
16llhSENDqTh1pL,236,224.7137252718676,218.95536448736675
16llhSENDqTh1pL,237,224.79960446712096,217.64897200372536
16llhSENDqTh1pL,238,225.23427015996745,218.0242214583533
16llhSENDqTh1pL,239,226.59943210962425,219.0858618408652
16llhSENDqTh1pL,240,228.33180516384888,224.34345143460084
16llhSENDqTh1pL,241,228.0452528988954,216.84599020526798
16llhSENDqTh1pL,242,227.41218573567002,216.8442085868779
16llhSENDqTh1pL,243,229.10292963546817,224.27622272309964
16llhSENDqTh1pL,244,228.56117653894793,217.5318767246939
16llhSENDqTh1pL,245,229.29214947776168,221.49959286407798
16llhSENDqTh1pL,246,228.71753983315645,225.35461917635618
16llhSENDqTh1pL,247,228.82202395848296,219.9583744358865
16llhSENDqTh1pL,248,228.81797207491033,221.31332476036184
16llhSENDqTh1pL,249,230.69582127744064,222.20155854930198
16llhSENDqTh1pL,250,229.6884548854432,220.26826927479124
16llhSENDqTh1pL,251,228.0075405075015,219.84950430530918
16llhSENDqTh1pL,252,228.99132366327103,224.90241304016672
16llhSENDqTh1pL,253,230.60493054600323,222.68138319025405
16llhSENDqTh1pL,254,231.76072800174447,225.45437757548095
16llhSENDqTh1pL,255,232.19190110889758,221.51388045278873
16llhSENDqTh1pL,256,233.3576695212978,226.21456330193905
16llhSENDqTh1pL,257,231.46577207900063,219.3302384071745
16llhSENDqTh1pL,258,231.9364483335458,227.3216201791011
16llhSENDqTh1pL,259,231.7225075212369,225.13223022940258
16llhSENDqTh1pL,260,231.57199556322303,216.4270278433105
16llhSENDqTh1pL,261,232.1328718013227,220.74764439306256
16llhSENDqTh1pL,262,233.55547833545566,220.31320911003706
16llhSENDqTh1pL,263,234.2788759080968,220.85505730010757
16llhSENDqTh1pL,264,233.416164202644,219.95113853926813
16llhSENDqTh1pL,265,234.48527753246395,219.9508818470445
16llhSENDqTh1pL,266,236.64868464076426,221.89741912169848
16llhSENDqTh1pL,267,235.8026104823407,223.19739587164486
16llhSENDqTh1pL,268,234.89805814545252,222.94502991359332
16llhSENDqTh1pL,269,233.44089370009866,221.28269800705277
16llhSENDqTh1pL,270,234.32315897627464,225.04088282457283
16llhSENDqTh1pL,271,234.11524779375034,222.1846221501692
16llhSENDqTh1pL,272,234.49015765590593,224.16072286246344
16llhSENDqTh1pL,273,234.25945024358276,224.24163653867487
16llhSENDqTh1pL,274,235.9084753496602,224.54882557597307
16llhSENDqTh1pL,275,236.31535565552093,223.77862342643024
16llhSENDqTh1pL,276,234.41101826731565,221.05834301245332
16llhSENDqTh1pL,277,237.21525915818998,225.55779215800354
16llhSENDqTh1pL,278,238.1015113277392,229.17380857300324
16llhSENDqTh1pL,279,239.0359141787906,231.00674366551948
16llhSENDqTh1pL,280,239.02478168025155,226.78456075354953
16llhSENDqTh1pL,281,238.55286905218264,229.31235981036326
16llhSENDqTh1pL,282,240.63692180412238,232.6553258948412
16llhSENDqTh1pL,283,241.09265638701618,228.93569750897586
16llhSENDqTh1pL,284,239.94085714544963,233.17531123150002
16llhSENDqTh1pL,285,241.49062155326828,230.94552587112412
16llhSENDqTh1pL,286,241.3700215385761,232.03478786046617
16llhSENDqTh1pL,287,241.40607677353546,226.69437129748985
16llhSENDqTh1pL,288,240.48719770414755,229.6313113044016
16llhSENDqTh1pL,289,242.4885598908058,234.5673620479992
16llhSENDqTh1pL,290,242.88443563491455,225.82467860434554
16llhSENDqTh1pL,291,243.83416007924825,229.75974349398166
16llhSENDqTh1pL,292,243.76400520003517,227.68681372053106
16llhSENDqTh1pL,293,242.59937212333898,233.01157716379385
16llhSENDqTh1pL,294,244.4903760360903,233.9507719608373
16llhSENDqTh1pL,295,242.93911104442668,234.72891873659682
16llhSENDqTh1pL,296,242.03624701799708,221.45290836619097
16llhSENDqTh1pL,297,240.7427505532287,226.29176609013302
16llhSENDqTh1pL,298,241.39036526955897,226.89011105248937
16llhSENDqTh1pL,299,240.29070922976825,229.0966810459504
16llhSENDqTh1pL,300,242.28008046592004,232.18651476720697
16llhSENDqTh1pL,301,241.41927495704294,233.85843847785873
16llhSENDqTh1pL,302,243.6856434613892,234.2725133568474
16llhSENDqTh1pL,303,244.8672634246832,235.90417979582708
16llhSENDqTh1pL,304,243.96456559857415,231.66524551173734
16llhSENDqTh1pL,305,244.9653480014381,235.54075236232848
16llhSENDqTh1pL,306,245.0894183163182,230.844303192629
16llhSENDqTh1pL,307,245.75062609035558,225.3004102794457
16llhSENDqTh1pL,308,246.97841588252413,233.79600473340906
16llhSENDqTh1pL,309,248.77237770891497,231.38358105159114
16llhSENDqTh1pL,310,249.58468788849677,230.4599045719715
16llhSENDqTh1pL,311,248.65026363835204,233.068287850474
16llhSENDqTh1pL,312,248.93660055514363,229.45095842931357
16llhSENDqTh1pL,313,247.7713107620366,236.28068396868184
16llhSENDqTh1pL,314,248.05144628379804,229.3209476113496
16llhSENDqTh1pL,315,247.50051854194015,231.79841788501352
16llhSENDqTh1pL,316,248.09757078896268,233.72310091081067
16llhSENDqTh1pL,317,246.308599282491,228.02833694821874
16llhSENDqTh1pL,318,248.2276114972774,228.48297791392542
16llhSENDqTh1pL,319,247.61499565513805,230.09704225929454
16llhSENDqTh1pL,320,245.56335728292834,228.07178204183947
16llhSENDqTh1pL,321,248.00523667156813,230.3094536147255
16llhSENDqTh1pL,322,247.56347352863668,231.82866027244745
16llhSENDqTh1pL,323,248.35270513873547,240.48709000926465
16llhSENDqTh1pL,324,247.54877584057976,232.9793368600658
16llhSENDqTh1pL,325,248.11382983217482,231.73288048023824
16llhSENDqTh1pL,326,247.5185992159968,228.92048062766844
16llhSENDqTh1pL,327,247.40787254058887,232.86121114221532
16llhSENDqTh1pL,328,247.41126869090112,228.96595271147999
16llhSENDqTh1pL,329,248.05316300430604,239.35521874596634
16llhSENDqTh1pL,330,249.78945953666698,236.98684143542778
16llhSENDqTh1pL,331,251.60927369570982,240.01853987699997
16llhSENDqTh1pL,332,253.79060850258247,238.1298485738007
16llhSENDqTh1pL,333,253.2724214092741,242.1881221569056
16llhSENDqTh1pL,334,253.5030781770638,234.4856215859345
16llhSENDqTh1pL,335,254.17429937212728,240.29244976723567
16llhSENDqTh1pL,336,254.62312678638182,242.78794396686635
16llhSENDqTh1pL,337,253.7952414438455,235.69916009757208
16llhSENDqTh1pL,338,254.37693958365685,239.11535253384477
16llhSENDqTh1pL,339,254.99426674004644,236.3968769258354
16llhSENDqTh1pL,340,255.32616823207354,247.28786822449183
16llhSENDqTh1pL,341,253.78134089778177,237.53284388105385
16llhSENDqTh1pL,342,254.60959232957794,242.99146769555045
16llhSENDqTh1pL,343,256.3806849986504,245.91765779519483
16llhSENDqTh1pL,344,258.82419210346416,246.46838522097096
16llhSENDqTh1pL,345,259.5177038324764,250.05424281128217
16llhSENDqTh1pL,346,259.6468489308827,245.725889786052
16llhSENDqTh1pL,347,258.05315304914257,242.88748740026494
16llhSENDqTh1pL,348,257.3306876605857,242.7095569471494
16llhSENDqTh1pL,349,259.38545378458366,249.18971309971676
16llhSENDqTh1pL,350,259.31575108948164,241.37276122975163
16llhSENDqTh1pL,351,261.3820637891549,246.16810014643852
16llhSENDqTh1pL,352,261.0966071913135,249.0560239700717
16llhSENDqTh1pL,353,261.05368844624354,245.48106738384558
16llhSENDqTh1pL,354,262.1559755480848,251.27592137781903
16llhSENDqTh1pL,355,259.77834315965265,248.6865815929541
16llhSENDqTh1pL,356,260.3780855119817,246.5059349632479
16llhSENDqTh1pL,357,261.99142142415803,252.75718830928963
16llhSENDqTh1pL,358,262.5652622269117,250.28024010383524
16llhSENDqTh1pL,359,263.08539979488705,251.61183445577626
16llhSENDqTh1pL,360,262.80148800878305,249.3637579050519
16llhSENDqTh1pL,361,265.16272775487596,247.91246577616403
16llhSENDqTh1pL,362,265.0635288960234,253.0065931311742
16llhSENDqTh1pL,363,262.5528882612416,246.76933453552192
16llhSENDqTh1pL,364,263.8611442258116,249.8877886554692
16llhSENDqTh1pL,365,264.6190966715694,240.88373864036475
16llhSENDqTh1pL,366,266.48694411782935,255.21298960714057
16llhSENDqTh1pL,367,263.8927912999643,250.5269909192575
16llhSENDqTh1pL,368,262.9081806041331,245.83131612316083
16llhSENDqTh1pL,369,263.7869874260259,245.079342037473
16llhSENDqTh1pL,370,264.04762296788704,250.1154088380972
16llhSENDqTh1pL,371,265.5683686755183,245.01856437544848
16llhSENDqTh1pL,372,267.50525983855823,255.65376616515914
16llhSENDqTh1pL,373,267.3249939819798,254.73520608386025
16llhSENDqTh1pL,374,266.8146785458666,250.11172230896773
16llhSENDqTh1pL,375,267.73180092003895,249.92021524038864
16llhSENDqTh1pL,376,268.8034503253075,256.1961935178333
16llhSENDqTh1pL,377,269.4808324210899,251.39706307729648
16llhSENDqTh1pL,378,269.5101693210745,250.1815265876794
16llhSENDqTh1pL,379,268.6416799331637,249.09684882304282
16llhSENDqTh1pL,380,268.0696739172563,253.50969336833805
16llhSENDqTh1pL,381,267.6305917214049,247.12771799504117
16llhSENDqTh1pL,382,270.293441420421,254.67763799987733
16llhSENDqTh1pL,383,270.4094540120568,258.2027542195283
16llhSENDqTh1pL,384,270.8847612438258,260.4685914448928
16llhSENDqTh1pL,385,270.9889016445959,251.4515264701331
16llhSENDqTh1pL,386,271.88551194019965,258.92310321875266
16llhSENDqTh1pL,387,271.5925413093064,258.39340288517997
16llhSENDqTh1pL,388,271.94934955182543,258.60487230810395
16llhSENDqTh1pL,389,273.759050344117,264.7489877389744
16llhSENDqTh1pL,390,273.4269675045507,264.5978097700863
16llhSENDqTh1pL,391,274.08761449386657,261.59920897749544
16llhSENDqTh1pL,392,272.3043325957842,259.447431888897
16llhSENDqTh1pL,393,275.28481517865293,265.87796799692296
16llhSENDqTh1pL,394,274.7806350240353,259.84798701348336
16llhSENDqTh1pL,395,274.97960536228493,265.01975082512945
16llhSENDqTh1pL,396,277.17316024103275,271.2553894455086
16llhSENDqTh1pL,397,275.36248690738284,268.60095251009625
16llhSENDqTh1pL,398,274.8923252824461,265.34349814092275
16llhSENDqTh1pL,399,276.75000275319326,259.13958725726116
16llhSENDqTh1pL,400,276.54518273024587,261.5001349635422
16llhSENDqTh1pL,401,278.6368019526417,269.0237482135708
16llhSENDqTh1pL,402,277.3220515596913,262.7128320123302
16llhSENDqTh1pL,403,280.3673460029677,266.4250495874003
16llhSENDqTh1pL,404,276.86838267208805,260.1404389948366
16llhSENDqTh1pL,405,280.15665266361975,271.6089094809904
16llhSENDqTh1pL,406,278.8230201397819,261.84543597146694
16llhSENDqTh1pL,407,281.2211013229098,267.67204561806284
16llhSENDqTh1pL,408,280.027895105537,270.6431046850048
16llhSENDqTh1pL,409,281.67493755527903,272.5577705667274
16llhSENDqTh1pL,410,283.86272976972396,265.99839885305846
16llhSENDqTh1pL,411,286.7084149552975,278.6464510364458
16llhSENDqTh1pL,412,286.3617806462571,276.1709599522874
16llhSENDqTh1pL,413,287.0175697517261,278.55731359242054
16llhSENDqTh1pL,414,285.7579234661289,270.3023358052351
16llhSENDqTh1pL,415,286.80747078178683,278.5933794384473
16llhSENDqTh1pL,416,287.65620774403214,276.4576631318778
16llhSENDqTh1pL,417,286.0202707482531,273.27518390696787
16llhSENDqTh1pL,418,286.95114662525884,267.26629202977347
16llhSENDqTh1pL,419,287.0183001368641,273.53747736206424
16llhSENDqTh1pL,420,287.506493635663,281.0822378957655
16llhSENDqTh1pL,421,287.31001276992356,272.97270473562276
16llhSENDqTh1pL,422,287.40788982503,275.17201598428073
16llhSENDqTh1pL,423,287.7918586977048,273.39469506817295
16llhSENDqTh1pL,424,288.72145590925265,267.52962566161204
16llhSENDqTh1pL,425,290.5019322676817,279.8880301078316
16llhSENDqTh1pL,426,289.77170149758103,270.1242239013118
16llhSENDqTh1pL,427,291.14390330878086,280.86435888078995
16llhSENDqTh1pL,428,292.6645283528919,281.06086442781043
16llhSENDqTh1pL,429,292.7427645749258,279.2497711605238
16llhSENDqTh1pL,430,294.74161782488227,279.9059745185077
16llhSENDqTh1pL,431,294.8170183711052,281.7629873883277
16llhSENDqTh1pL,432,295.2355080456473,278.00789661565796
16llhSENDqTh1pL,433,295.87912339468244,271.1963372652674
16llhSENDqTh1pL,434,296.5022138029659,289.0832489788396
16llhSENDqTh1pL,435,295.4820332820527,270.7579288384877
16llhSENDqTh1pL,436,297.56847898708656,277.8387863696553
16llhSENDqTh1pL,437,297.51850350167297,280.6143893528606
16llhSENDqTh1pL,438,297.8867215400005,284.88578841575327
16llhSENDqTh1pL,439,298.0903255613521,276.1578062744811
16llhSENDqTh1pL,440,298.5943399298849,281.50457967058173
16llhSENDqTh1pL,441,296.40561186513514,286.5946154221019
16llhSENDqTh1pL,442,296.2940070501609,284.7593448779626
16llhSENDqTh1pL,443,296.69167121295686,284.909361650989
16llhSENDqTh1pL,444,298.36006522295065,285.9439029667992
16llhSENDqTh1pL,445,296.4300646065276,283.4596831701856
16llhSENDqTh1pL,446,294.25168668712286,282.9471368738523
16llhSENDqTh1pL,447,295.5732349543832,287.211234474089
16llhSENDqTh1pL,448,296.46152794094996,283.95006713005023
16llhSENDqTh1pL,449,298.36772265689615,287.12084529953245
16llhSENDqTh1pL,450,298.54420524672605,281.82306235283613
16llhSENDqTh1pL,451,299.9865450579673,279.70882138609886
16llhSENDqTh1pL,452,300.4285250707467,286.5623147069414
16llhSENDqTh1pL,453,302.76225098214627,286.64103712133647
16llhSENDqTh1pL,454,303.11015924811363,284.5857635298744
16llhSENDqTh1pL,455,302.00637143336644,286.0720875175757
16llhSENDqTh1pL,456,303.2727881157771,290.94259433541447
16llhSENDqTh1pL,457,305.82391105688293,293.780201808564
16llhSENDqTh1pL,458,304.0171239558913,287.83964737097995
16llhSENDqTh1pL,459,306.28660697054147,289.92569060932874
16llhSENDqTh1pL,460,307.5568802812777,287.23630092010717
16llhSENDqTh1pL,461,310.2595428128843,291.1736734620936
16llhSENDqTh1pL,462,311.1671366118826,291.9362657801248
16llhSENDqTh1pL,463,309.74009929894237,286.9046344041708
16llhSENDqTh1pL,464,313.1024590700399,301.2917607992422
16llhSENDqTh1pL,465,313.8832244258374,298.5985773440916
16llhSENDqTh1pL,466,313.43386514305894,294.5147245806438
16llhSENDqTh1pL,467,311.38458227040246,286.19065383495763
16llhSENDqTh1pL,468,314.0855640460941,302.85464511711325
16llhSENDqTh1pL,469,314.2201574003193,302.3784685338833
16llhSENDqTh1pL,470,315.92531356640393,297.4106553183519
16llhSENDqTh1pL,471,316.6076563943643,300.75138363731094
16llhSENDqTh1pL,472,314.19385878989124,296.0827278687211
16llhSENDqTh1pL,473,314.7022601157296,297.95557518072746
16llhSENDqTh1pL,474,314.9494233171645,290.5143655997381
16llhSENDqTh1pL,475,315.72295591724105,299.6826619897038
16llhSENDqTh1pL,476,317.58069163700566,301.49269594531506
16llhSENDqTh1pL,477,318.5114059640764,297.0839590808755
16llhSENDqTh1pL,478,320.2451051418029,306.23315168361296
16llhSENDqTh1pL,479,320.96540440846,299.296393055527
16llhSENDqTh1pL,480,320.2807517359033,308.12075039185584
16llhSENDqTh1pL,481,320.31966159986405,298.92365615377275
16llhSENDqTh1pL,482,322.58625487450263,308.7609183101704
16llhSENDqTh1pL,483,321.7403800274951,299.7166840705795
16llhSENDqTh1pL,484,322.51108290001685,310.34354730942687
16llhSENDqTh1pL,485,324.6594698085082,302.4046477108932
16llhSENDqTh1pL,486,327.5306340555908,316.90105330452934
16llhSENDqTh1pL,487,330.38362951390445,312.67405998986214
16llhSENDqTh1pL,488,329.3901791840144,311.7161461140313
16llhSENDqTh1pL,489,330.36990430019796,318.62528549693525
16llhSENDqTh1pL,490,330.2720768202271,312.2359523337509
16llhSENDqTh1pL,491,330.6924103423953,309.1433429643512
16llhSENDqTh1pL,492,329.66067368374206,318.2966940237675
16llhSENDqTh1pL,493,331.03832341742236,317.29404436808545
16llhSENDqTh1pL,494,330.7840295759379,327.3767007914721
16llhSENDqTh1pL,495,333.0881621307344,324.84975180687616
16llhSENDqTh1pL,496,336.5885859556729,315.8554197527701
16llhSENDqTh1pL,497,338.2592275151983,316.553333546035
16llhSENDqTh1pL,498,338.6422515133454,319.53062619958655
16llhSENDqTh1pL,499,341.4216702262638,320.0531964878319
16llhSENDqTh1pL,500,342.9823186139911,325.8687157140448
16llhSENDqTh1pL,501,342.69431385472853,330.16477280263643
16llhSENDqTh1pL,502,343.67271892673307,329.6918136025124
16llhSENDqTh1pL,503,346.4130119960755,325.1066400129348
16llhSENDqTh1pL,504,345.22450508016937,327.4224334194123
16llhSENDqTh1pL,505,347.2326959823258,326.81620408641174
16llhSENDqTh1pL,506,347.0936641115363,326.45753007022313
16llhSENDqTh1pL,507,348.80646790795527,332.476488024623
16llhSENDqTh1pL,508,350.8740127685014,333.91534259938635
16llhSENDqTh1pL,509,353.25879871845245,336.91733118798584
16llhSENDqTh1pL,510,354.68629595394486,333.9650065874612
16llhSENDqTh1pL,511,356.3909899010614,332.19391527728294
16llhSENDqTh1pL,512,355.36060032021487,338.75450826931046
16llhSENDqTh1pL,513,357.03030070963723,353.3794088232389
16llhSENDqTh1pL,514,355.20995111503,337.69398287423246
16llhSENDqTh1pL,515,354.3068528044969,339.0160293178633
16llhSENDqTh1pL,516,355.6245333407642,340.4802698895437
16llhSENDqTh1pL,517,356.87232654767286,342.6222917758132
16llhSENDqTh1pL,518,356.2697435075388,343.6276534812496
16llhSENDqTh1pL,519,356.54652372701094,336.2995710815303
16llhSENDqTh1pL,520,357.92498105228515,341.18011240947453
16llhSENDqTh1pL,521,358.6732099778019,340.7932584430091
16llhSENDqTh1pL,522,360.4032221424459,341.9183718326567
16llhSENDqTh1pL,523,361.6496094795875,337.7342253292445
16llhSENDqTh1pL,524,363.25427543820297,348.51310932712113
16llhSENDqTh1pL,525,364.2100437379195,337.94149718924746
16llhSENDqTh1pL,526,365.9767220347421,348.935056103277
16llhSENDqTh1pL,527,364.9769606059417,344.00327830854803
16llhSENDqTh1pL,528,367.45490845286986,340.7750582557055
16llhSENDqTh1pL,529,369.3122867415659,342.23576077027246
16llhSENDqTh1pL,530,369.3326376530458,345.6928006786038
16llhSENDqTh1pL,531,369.5695594043209,352.5013382528414
16llhSENDqTh1pL,532,369.2975823910092,348.3855514496681
16llhSENDqTh1pL,533,368.82546751762857,343.973625519342
16llhSENDqTh1pL,534,369.1681302031211,343.6720468226704
16llhSENDqTh1pL,535,371.54953317547916,340.2342739481246
16llhSENDqTh1pL,536,372.3362203080469,352.12390661503014
16llhSENDqTh1pL,537,373.36288810222504,349.1880126342094
16llhSENDqTh1pL,538,376.8197781039926,347.240668859944
16llhSENDqTh1pL,539,376.339119809214,360.4372319714166
16llhSENDqTh1pL,540,374.6905960522008,356.87001966008665
16llhSENDqTh1pL,541,375.50819365973075,358.24038326660593
16llhSENDqTh1pL,542,376.79021951874347,354.89363649805637
16llhSENDqTh1pL,543,377.1628585443832,362.6036430285312
16llhSENDqTh1pL,544,378.3220998718434,354.8025790079528
16llhSENDqTh1pL,545,379.3884291519298,354.13151557938
16llhSENDqTh1pL,546,379.65477743311567,353.5098608924054
16llhSENDqTh1pL,547,381.20178276066713,368.6831087614321
16llhSENDqTh1pL,548,382.3101466286903,366.1624788712511
16llhSENDqTh1pL,549,383.4765299539963,365.645010439674
16llhSENDqTh1pL,550,384.8459009155631,374.2641753181815
16llhSENDqTh1pL,551,385.1555437051934,369.66856579247496
16llhSENDqTh1pL,552,384.47286157900635,360.51359248006884
16llhSENDqTh1pL,553,385.32931816470955,358.3209173370633
16llhSENDqTh1pL,554,386.1188834268751,366.76782892236133
16llhSENDqTh1pL,555,388.73032694031644,376.77904098202634
16llhSENDqTh1pL,556,388.1404049707344,370.1640197270317
16llhSENDqTh1pL,557,389.0089148192808,372.59294263374136
16llhSENDqTh1pL,558,390.5240634912043,367.2691741370945
16llhSENDqTh1pL,559,390.56901831156574,368.6968344224151
16llhSENDqTh1pL,560,389.1438106782971,373.56997151675205
16llhSENDqTh1pL,561,389.7945350201171,375.32176753120984
16llhSENDqTh1pL,562,389.50084905719245,367.3976883778521
16llhSENDqTh1pL,563,389.1065337541513,369.2694831970148
16llhSENDqTh1pL,564,389.3923293157345,365.4386599726381
16llhSENDqTh1pL,565,392.80194838171224,367.21083872591475
16llhSENDqTh1pL,566,395.0264561199583,370.12911874288693
16llhSENDqTh1pL,567,395.60597100534017,373.9663427812653
16llhSENDqTh1pL,568,394.8222660411368,378.4650368031125
16llhSENDqTh1pL,569,397.38623541861307,372.6431685871212
16llhSENDqTh1pL,570,398.70117981010117,385.833070675144
16llhSENDqTh1pL,571,397.94380115077365,376.4698990742909
16llhSENDqTh1pL,572,398.5240056307812,366.8833697231312
16llhSENDqTh1pL,573,398.61157463816926,375.00345130753703
16llhSENDqTh1pL,574,397.95022255479853,374.3190647791562
16llhSENDqTh1pL,575,400.92810933932196,375.47779991372954
16llhSENDqTh1pL,576,402.2327708378507,379.093419492252
16llhSENDqTh1pL,577,401.52273199193587,376.51541337954404
16llhSENDqTh1pL,578,401.49783934149673,362.6588031806423
16llhSENDqTh1pL,579,401.102861184474,373.72049136817077
16llhSENDqTh1pL,580,402.84768098391396,374.21261894635427
16llhSENDqTh1pL,581,403.0171003209134,376.90036746744863
16llhSENDqTh1pL,582,402.25273319496773,364.18239833577536
16llhSENDqTh1pL,583,403.6196278030857,377.57924154519606
16llhSENDqTh1pL,584,403.7863340453405,360.0069003851313
16llhSENDqTh1pL,585,405.5115844456377,373.70436835269356
16llhSENDqTh1pL,586,404.0644916963156,378.7198150231361
16llhSENDqTh1pL,587,402.18817326824137,370.6080412673946
16llhSENDqTh1pL,588,403.1120177770499,376.207070796052
16llhSENDqTh1pL,589,405.2266203389445,372.57313587432145
16llhSENDqTh1pL,590,406.7467720613349,376.4387171745766
16llhSENDqTh1pL,591,407.1625812948332,381.0132382476004
16llhSENDqTh1pL,592,408.2497698807856,374.8425296191126
16llhSENDqTh1pL,593,409.620513312635,382.2300753433956
16llhSENDqTh1pL,594,409.11959175765514,370.8311344811227
16llhSENDqTh1pL,595,408.263629717243,389.4263489477453
16llhSENDqTh1pL,596,409.499425474889,384.4412651698658
16llhSENDqTh1pL,597,409.4275449849665,388.0235848762095
16llhSENDqTh1pL,598,409.48555786647194,389.4822953466355
16llhSENDqTh1pL,599,410.55353157487116,385.51972405877314
16llhSENDqTh1pL,600,410.9188194679591,397.7133825527999
16llhSENDqTh1pL,601,411.1035946512129,393.5497121864464
16llhSENDqTh1pL,602,411.5850344166356,390.19641743751345
16llhSENDqTh1pL,603,412.1336296144873,391.27290195412934
16llhSENDqTh1pL,604,414.25840606800193,382.0530861209627
16llhSENDqTh1pL,605,414.6341803551459,395.81365544654363
16llhSENDqTh1pL,606,414.1273138882825,392.4112351598451
16llhSENDqTh1pL,607,415.74324579202585,395.07574331184514
16llhSENDqTh1pL,608,417.7179885421383,392.63328826226916
16llhSENDqTh1pL,609,419.69200502845706,403.43945613681353
16llhSENDqTh1pL,610,420.3168375480632,400.5853826820562
16llhSENDqTh1pL,611,419.64155285708557,407.77913232795845
16llhSENDqTh1pL,612,420.8203205591999,395.2082741706399
16llhSENDqTh1pL,613,422.3740684245713,408.4525763769634
16llhSENDqTh1pL,614,423.40173963831694,398.1912367530349
16llhSENDqTh1pL,615,422.88782870013574,409.26136053156415
16llhSENDqTh1pL,616,423.0080342693027,411.32705168356824
16llhSENDqTh1pL,617,422.71817811820256,403.7887210026547
16llhSENDqTh1pL,618,424.99272326380014,397.9058345295489
16llhSENDqTh1pL,619,426.69757627490685,403.05106888547084
16llhSENDqTh1pL,620,426.51768679521047,397.3272763879504
16llhSENDqTh1pL,621,427.9670838768143,407.1694371133126
16llhSENDqTh1pL,622,429.09192046825774,398.15531370346434
16llhSENDqTh1pL,623,429.49804231734015,393.5051461479161
16llhSENDqTh1pL,624,430.1854170234874,406.67676164675504
16llhSENDqTh1pL,625,429.47201928519644,399.26568841331755
16llhSENDqTh1pL,626,431.3352077611489,409.50628034048714
16llhSENDqTh1pL,627,431.6317873077933,405.39427358680405
16llhSENDqTh1pL,628,429.5374816611293,405.9459309328813
16llhSENDqTh1pL,629,431.84695186459794,409.2689646185718
16llhSENDqTh1pL,630,431.630397401741,407.1722951910833
16llhSENDqTh1pL,631,432.54167942957247,403.90362643253866
16llhSENDqTh1pL,632,434.3497866955586,400.377462414559
16llhSENDqTh1pL,633,435.24282179481816,408.9461840064032
16llhSENDqTh1pL,634,435.27645545327687,413.41719331467175
16llhSENDqTh1pL,635,435.0111130651785,406.5438514155103
16llhSENDqTh1pL,636,434.1082868420053,407.1891486068489
16llhSENDqTh1pL,637,432.98089678492397,405.8342847088352
16llhSENDqTh1pL,638,430.40226011162304,403.0819997163271
16llhSENDqTh1pL,639,435.17367968131657,406.6446830088353
16llhSENDqTh1pL,640,435.5447357357698,393.62724989715934
16llhSENDqTh1pL,641,436.8008280042559,409.1478871051222
16llhSENDqTh1pL,642,437.6321693714708,404.05354235577397
16llhSENDqTh1pL,643,438.2588870724476,398.5514551516435
16llhSENDqTh1pL,644,440.4743416622223,407.4099845640303
16llhSENDqTh1pL,645,438.8222316574929,410.6491780948518
16llhSENDqTh1pL,646,435.8919856166467,414.57742292340845
16llhSENDqTh1pL,647,437.0311124207219,404.8792948008049
16llhSENDqTh1pL,648,437.4394477092319,397.84924000820683
16llhSENDqTh1pL,649,438.0827979478054,413.15126445982605
16llhSENDqTh1pL,650,437.17321276950315,398.13611136476175
16llhSENDqTh1pL,651,438.4350776714273,416.2580461022444
16llhSENDqTh1pL,652,439.07141318744834,400.9488757987492
16llhSENDqTh1pL,653,440.55045257287566,417.7650452159578
16llhSENDqTh1pL,654,441.4258308432818,414.5483025193371
16llhSENDqTh1pL,655,440.6362907089406,420.6933587439471
16llhSENDqTh1pL,656,441.60311168437283,420.266571939042
16llhSENDqTh1pL,657,442.3803744679317,419.33185106591554
16llhSENDqTh1pL,658,439.45455249605584,414.4913640260638
16llhSENDqTh1pL,659,438.73049476082815,416.8442947947551
16llhSENDqTh1pL,660,442.9460595899727,409.58325078873895
16llhSENDqTh1pL,661,444.7873407790903,422.25850259908475
16llhSENDqTh1pL,662,444.0077278960089,426.55363368502003
16llhSENDqTh1pL,663,444.6454300771329,420.41065819262076
16llhSENDqTh1pL,664,448.26417751424015,425.73514027148485
16llhSENDqTh1pL,665,445.46616246411577,428.7182185263373
16llhSENDqTh1pL,666,446.5687365390695,432.2411911420859
16llhSENDqTh1pL,667,449.6790833517516,422.42026731327496
16llhSENDqTh1pL,668,448.66005083406344,433.50174374552444
16llhSENDqTh1pL,669,451.1310222195307,421.2461237376401
16llhSENDqTh1pL,670,452.73081109525447,439.81186470987086
16llhSENDqTh1pL,671,450.5174246053284,435.5069237272328
16llhSENDqTh1pL,672,449.47167881473433,433.199778229231
16llhSENDqTh1pL,673,448.50418985361466,424.089594778663
16llhSENDqTh1pL,674,452.853742896521,420.53251813253155
16llhSENDqTh1pL,675,454.368317939834,440.9057138558692
16llhSENDqTh1pL,676,455.0283783818595,431.4439550959505
16llhSENDqTh1pL,677,455.11262530194654,435.703086024223
16llhSENDqTh1pL,678,455.3699611955817,432.0293327827967
16llhSENDqTh1pL,679,455.59290013078135,424.37367517116945
16llhSENDqTh1pL,680,455.80113255761717,431.95729546033
16llhSENDqTh1pL,681,457.5482353536254,428.3167101838235
16llhSENDqTh1pL,682,460.25239665804474,430.8485386054781
16llhSENDqTh1pL,683,462.92593335406855,439.5900988881476
16llhSENDqTh1pL,684,464.0035523661645,437.1239247584017
16llhSENDqTh1pL,685,462.2701961782295,438.5330303024966
16llhSENDqTh1pL,686,462.0300014941056,433.0468724606724
16llhSENDqTh1pL,687,462.9448967755127,434.4358689368057
16llhSENDqTh1pL,688,461.99213917017937,431.29539055959344
16llhSENDqTh1pL,689,463.8339875104559,424.316392845167
16llhSENDqTh1pL,690,463.3171852314845,447.986461349763
16llhSENDqTh1pL,691,464.0433152188816,420.37560449893135
16llhSENDqTh1pL,692,467.3595470900791,443.65184855863026
16llhSENDqTh1pL,693,468.39686264599663,435.0291276996861
16llhSENDqTh1pL,694,467.36340062903423,441.9034203945305
16llhSENDqTh1pL,695,467.53947673062794,446.24456053297035
16llhSENDqTh1pL,696,466.8258492936002,444.3272275765048
16llhSENDqTh1pL,697,467.6477851118252,434.4839975843788
16llhSENDqTh1pL,698,465.3678098808741,433.43911643492174
16llhSENDqTh1pL,699,465.5500046474481,437.16636009640933
16llhSENDqTh1pL,700,466.3964280354994,445.42034520590096
16llhSENDqTh1pL,701,466.6496032025316,434.6986193732009
16llhSENDqTh1pL,702,469.0922664043537,440.1269484248987
16llhSENDqTh1pL,703,468.58109746230184,447.2450777376944
16llhSENDqTh1pL,704,468.7723848814785,447.2005643392622
16llhSENDqTh1pL,705,470.51116533298045,444.6176689462736
16llhSENDqTh1pL,706,472.6330329940247,441.5414843723702
16llhSENDqTh1pL,707,475.12195264992624,437.9153203785172
16llhSENDqTh1pL,708,476.20042701934653,449.65465981686793
16llhSENDqTh1pL,709,475.23978118717787,446.0140196469438
16llhSENDqTh1pL,710,476.31926288158866,431.6220382404863
16llhSENDqTh1pL,711,476.0823279428296,448.1240705646924
16llhSENDqTh1pL,712,472.9771767145721,438.9293146393029
16llhSENDqTh1pL,713,472.5137640108005,450.75769461577875
16llhSENDqTh1pL,714,470.22993231131113,440.89303130222834
16llhSENDqTh1pL,715,471.67867002538696,441.0176220768626
16llhSENDqTh1pL,716,476.4664061581716,447.6386690866202
16llhSENDqTh1pL,717,477.74376126853895,444.26212705308717
16llhSENDqTh1pL,718,481.3629023807589,444.973184118513
16llhSENDqTh1pL,719,482.01395061364747,458.5098464631301
16llhSENDqTh1pL,720,481.44019344760454,458.32530877305544
16llhSENDqTh1pL,721,484.35428000823595,447.4244989135768
16llhSENDqTh1pL,722,484.0330346792689,445.9351891286424
16llhSENDqTh1pL,723,482.47601827792823,449.25924016255885
16llhSENDqTh1pL,724,482.0560753863829,449.2147138587752
16llhSENDqTh1pL,725,484.529830972373,451.3479841935332
16llhSENDqTh1pL,726,483.15279857501446,458.4806518374389
16llhSENDqTh1pL,727,484.99563734047115,456.7671052906662
16llhSENDqTh1pL,728,486.641639005873,462.81101524505357
16llhSENDqTh1pL,729,489.90661442116834,461.1978918707464
16llhSENDqTh1pL,730,488.03067233623005,465.4298233692534
16llhSENDqTh1pL,731,487.1851595657936,463.3592525291315
16llhSENDqTh1pL,732,487.3140263094101,455.99902106658556
16llhSENDqTh1pL,733,489.1881468968495,467.9553136454924
16llhSENDqTh1pL,734,488.9623631163231,453.7370678185216
16llhSENDqTh1pL,735,489.1538901757449,462.7797551006079
16llhSENDqTh1pL,736,488.9805724418111,468.81299039184523
16llhSENDqTh1pL,737,490.4421709675371,452.4260209400236
16llhSENDqTh1pL,738,488.8005096410634,458.2636661102297
16llhSENDqTh1pL,739,491.8485604953603,480.58070669468725
16llhSENDqTh1pL,740,493.1215941490955,458.32691942475503
16llhSENDqTh1pL,741,495.53658949857345,476.9474454621086
16llhSENDqTh1pL,742,494.72575759515166,465.35393020976335
16llhSENDqTh1pL,743,496.7121523036003,474.4558972572231
16llhSENDqTh1pL,744,498.6171582080424,478.1526291705668
16llhSENDqTh1pL,745,499.1987643527791,467.803092942293
16llhSENDqTh1pL,746,498.08418404730037,473.5821180609055
16llhSENDqTh1pL,747,501.51842884451617,465.87644325906876
16llhSENDqTh1pL,748,500.53965450818214,466.42265097791824
16llhSENDqTh1pL,749,503.3411225298478,469.79275251869694
16llhSENDqTh1pL,750,506.68897825864406,469.6229866632566
16llhSENDqTh1pL,751,506.7667437840937,476.63708853035496
16llhSENDqTh1pL,752,507.53600656299386,476.13417721597943
16llhSENDqTh1pL,753,508.3326289113611,465.71560840518214
16llhSENDqTh1pL,754,508.043614099377,476.44487732147536
16llhSENDqTh1pL,755,508.3322190986946,472.31862266827375
16llhSENDqTh1pL,756,507.4255255041171,469.47865618782816
16llhSENDqTh1pL,757,505.829683955526,464.77171722147614
16llhSENDqTh1pL,758,504.4049476787077,484.7167490079628
16llhSENDqTh1pL,759,504.9576937797028,471.36261347853724
16llhSENDqTh1pL,760,506.53795388835715,477.04736788832815
16llhSENDqTh1pL,761,508.2956058086893,465.5447592290184
16llhSENDqTh1pL,762,511.34649460145374,479.6548660410299
16llhSENDqTh1pL,763,510.3700472912751,467.968507965561
16llhSENDqTh1pL,764,510.1665880350811,479.871679466818
16llhSENDqTh1pL,765,507.6140324744629,483.97972722828854
16llhSENDqTh1pL,766,507.6871189443809,483.99250748441045
16llhSENDqTh1pL,767,508.5493889494701,483.90515591714393
16llhSENDqTh1pL,768,511.654109072173,489.0283486316912
16llhSENDqTh1pL,769,511.90924061209626,480.28958114356465
16llhSENDqTh1pL,770,513.6372033500047,486.941235184011
16llhSENDqTh1pL,771,515.5022709271834,492.5544426157103
16llhSENDqTh1pL,772,515.9767252665479,477.7792495863978
16llhSENDqTh1pL,773,519.6198655861517,490.4359318284405
16llhSENDqTh1pL,774,520.6540374021497,489.74475588503265
16llhSENDqTh1pL,775,519.0732506840723,494.41237088583875
16llhSENDqTh1pL,776,518.4759669245686,497.8658198507037
16llhSENDqTh1pL,777,518.9946846136008,499.53662035550224
16llhSENDqTh1pL,778,519.7433237372261,508.34250437229093
16llhSENDqTh1pL,779,521.0150021387417,491.7334155215103
16llhSENDqTh1pL,780,522.0180989208202,500.93007890903755
16llhSENDqTh1pL,781,524.6691987388767,487.2114921682514
16llhSENDqTh1pL,782,523.9806752568074,495.5427088355609
16llhSENDqTh1pL,783,523.118496315039,499.9946942864426
16llhSENDqTh1pL,784,521.9700386971235,485.2946554897353
16llhSENDqTh1pL,785,521.8287558794837,499.8128634186578
16llhSENDqTh1pL,786,524.5238020227989,482.73492383712437
16llhSENDqTh1pL,787,524.6939850959552,498.3334651575515
16llhSENDqTh1pL,788,526.0580103239045,503.67992378538474
16llhSENDqTh1pL,789,526.140999949741,492.7851610213693
16llhSENDqTh1pL,790,528.6846594731905,506.58387931395555
16llhSENDqTh1pL,791,527.3909154470457,500.09542670207156
16llhSENDqTh1pL,792,528.9707246114413,493.2380742122332
16llhSENDqTh1pL,793,530.619808194595,509.28678371887145
16llhSENDqTh1pL,794,529.7354637524841,494.425532355046
16llhSENDqTh1pL,795,532.1170605841799,498.006774020545
16llhSENDqTh1pL,796,532.7864906936884,502.46225235424936
16llhSENDqTh1pL,797,533.8248620000322,512.7292190955811
16llhSENDqTh1pL,798,530.6829313098442,504.1959753244173
16llhSENDqTh1pL,799,532.0911520421869,496.16482177380385
16llhSENDqTh1pL,800,528.5609502179001,492.279051451144
16llhSENDqTh1pL,801,531.1188145652413,495.94625549949706
16llhSENDqTh1pL,802,534.2214899035723,499.1903558718593
16llhSENDqTh1pL,803,534.8743698209674,500.1528035843895
16llhSENDqTh1pL,804,536.4568300632601,494.82733314694275
16llhSENDqTh1pL,805,537.0504444800317,503.37435635738075
16llhSENDqTh1pL,806,537.6016380063957,503.957085183647
16llhSENDqTh1pL,807,537.8529064705654,496.0427468618436
16llhSENDqTh1pL,808,536.8692215849296,510.9878479971667
16llhSENDqTh1pL,809,538.3911984615261,503.8799065534258
16llhSENDqTh1pL,810,541.5262450238224,515.7964067419525
16llhSENDqTh1pL,811,539.4970954533783,500.0696070595295
16llhSENDqTh1pL,812,540.7468421165831,510.1441467409022
16llhSENDqTh1pL,813,539.0697115053554,494.006436611533
16llhSENDqTh1pL,814,539.8884454446743,500.919159896941
16llhSENDqTh1pL,815,538.4927493714456,498.5284432620899
16llhSENDqTh1pL,816,539.2354237096587,507.5479002480823
16llhSENDqTh1pL,817,538.9941033405829,499.95367752785376
16llhSENDqTh1pL,818,537.7685816644225,496.3355283571873
16llhSENDqTh1pL,819,540.9097515479829,505.9646016638893
16llhSENDqTh1pL,820,540.6338219654281,503.947862609406
16llhSENDqTh1pL,821,543.2340162991309,508.46537003103504
16llhSENDqTh1pL,822,545.6001082497079,508.7188330103701
16llhSENDqTh1pL,823,545.3394695411369,518.0971278103932
16llhSENDqTh1pL,824,545.8319935583272,503.5274051510492
16llhSENDqTh1pL,825,543.0926102690864,490.2025629573036
16llhSENDqTh1pL,826,548.8698994306014,502.62487293901904
16llhSENDqTh1pL,827,547.1559128064982,507.2398722369544
16llhSENDqTh1pL,828,550.3782629470688,498.67576223866763
16llhSENDqTh1pL,829,549.8629422195527,502.50408186048026
16llhSENDqTh1pL,830,550.168950880631,505.96832434927705
16llhSENDqTh1pL,831,552.2906024316326,508.06550505850464
16llhSENDqTh1pL,832,552.7658288796322,519.7161576065648
16llhSENDqTh1pL,833,555.2489396731835,521.1998867343646
16llhSENDqTh1pL,834,556.490484480614,520.4572654571809
16llhSENDqTh1pL,835,555.509526792448,517.2488049673848
16llhSENDqTh1pL,836,555.2402595560998,517.1977315132972
16llhSENDqTh1pL,837,557.4305278489203,523.7926697933883
16llhSENDqTh1pL,838,557.5029891432496,519.9879931063624
16llhSENDqTh1pL,839,555.3404412615346,521.0557792476611
16llhSENDqTh1pL,840,554.2232105075382,524.0297907828353
16llhSENDqTh1pL,841,553.1445373724418,519.3192643475923
16llhSENDqTh1pL,842,553.2001623962424,526.6229602572857
16llhSENDqTh1pL,843,552.981222440605,523.5801810669946
16llhSENDqTh1pL,844,554.4752640514489,521.3373722136312
16llhSENDqTh1pL,845,554.9688404222252,537.8869152684929
16llhSENDqTh1pL,846,555.7602551105429,514.761765815294
16llhSENDqTh1pL,847,557.1547075852868,531.3784442588803
16llhSENDqTh1pL,848,553.8285232986973,519.665194114642
16llhSENDqTh1pL,849,555.9012631990481,526.2901012816001
16llhSENDqTh1pL,850,558.4978464837204,533.5635960917007
16llhSENDqTh1pL,851,560.0468959451246,532.5625148943218
16llhSENDqTh1pL,852,560.0598640104824,525.9631893358917
16llhSENDqTh1pL,853,559.4682257780805,526.6119488235563
16llhSENDqTh1pL,854,559.8553009733577,527.1089639171977
16llhSENDqTh1pL,855,562.4047308431473,535.2586418893188
16llhSENDqTh1pL,856,565.0195679545093,532.8741448104072
16llhSENDqTh1pL,857,568.1799693039268,528.944549076876
16llhSENDqTh1pL,858,570.5070284134708,536.2280855467543
16llhSENDqTh1pL,859,570.334354377594,544.0507729938348
16llhSENDqTh1pL,860,571.5340146282688,543.3963985303417
16llhSENDqTh1pL,861,572.5457855547138,542.3677371526428
16llhSENDqTh1pL,862,575.4074500212446,550.6811974653974
16llhSENDqTh1pL,863,575.9632269270078,546.1488521150604
16llhSENDqTh1pL,864,578.354980930133,552.91351227407
16llhSENDqTh1pL,865,573.9385740807047,561.8455345159164
16llhSENDqTh1pL,866,576.4293351583547,539.2180457525319
16llhSENDqTh1pL,867,579.371843179455,553.2664826565888
16llhSENDqTh1pL,868,578.4821583613739,539.8812479187254
16llhSENDqTh1pL,869,578.0552330736673,561.4618223805583
16llhSENDqTh1pL,870,577.6495179031672,549.6099065710487
16llhSENDqTh1pL,871,579.2545479446417,560.6763435512548
16llhSENDqTh1pL,872,581.4475807980634,543.5564645724371
16llhSENDqTh1pL,873,583.1683314785259,563.2051539527383
16llhSENDqTh1pL,874,581.823174267226,562.0360490373905
16llhSENDqTh1pL,875,577.6167653272778,540.9104781965643
16llhSENDqTh1pL,876,579.7534244678329,554.4637353144001
16llhSENDqTh1pL,877,583.8108249841646,562.6151371676863
16llhSENDqTh1pL,878,584.0060728515382,556.1479091934161
16llhSENDqTh1pL,879,584.0449709874811,560.4850279822713
16llhSENDqTh1pL,880,585.4086944587216,557.9187423117146
16llhSENDqTh1pL,881,587.3744802181463,562.5821871687513
16llhSENDqTh1pL,882,589.7548182816245,556.6854915977456
16llhSENDqTh1pL,883,591.3987508112114,567.244812808327
16llhSENDqTh1pL,884,596.2489901084919,577.5854223866481
16llhSENDqTh1pL,885,599.6976132337004,582.1997525263578
16llhSENDqTh1pL,886,598.6540994937477,576.4734539794681
16llhSENDqTh1pL,887,597.0579695468768,559.8783069429919
16llhSENDqTh1pL,888,601.5971061585005,578.9237217900809
16llhSENDqTh1pL,889,600.0483492417789,557.5264550252414
16llhSENDqTh1pL,890,600.8600896651569,567.4288908521357
16llhSENDqTh1pL,891,605.8002195203817,575.3495573396003
16llhSENDqTh1pL,892,607.382076786831,569.594725927338
16llhSENDqTh1pL,893,607.5274963115808,584.4486349688377
16llhSENDqTh1pL,894,608.5906040806558,579.0451210875299
16llhSENDqTh1pL,895,613.3607269139902,581.3351994106488
16llhSENDqTh1pL,896,616.6196046969562,578.1711730560928
16llhSENDqTh1pL,897,614.2979127334511,572.8707548769271
16llhSENDqTh1pL,898,617.1663584056332,576.6429749316558
16llhSENDqTh1pL,899,618.1712859940999,588.5637167019122
16llhSENDqTh1pL,900,620.1633310903853,576.0980092649406
16llhSENDqTh1pL,901,623.1666654264554,588.0373920118436
16llhSENDqTh1pL,902,619.3912784600507,588.3929086321841
16llhSENDqTh1pL,903,621.1513679623304,581.8638434148352
16llhSENDqTh1pL,904,622.4254833581135,597.2123133471578
16llhSENDqTh1pL,905,624.2864179412936,580.2701353470466
16llhSENDqTh1pL,906,624.2443832224235,575.8532539671287
16llhSENDqTh1pL,907,623.2534032232425,602.344830013003
16llhSENDqTh1pL,908,624.6887249523679,573.1039632610882
16llhSENDqTh1pL,909,628.4257990319747,597.0881293690763
16llhSENDqTh1pL,910,631.4779860539647,587.1060390932771
16llhSENDqTh1pL,911,629.350444354445,579.8489408346218
16llhSENDqTh1pL,912,630.8632830493152,589.30578513816
16llhSENDqTh1pL,913,629.7475692063308,587.4006987020111
16llhSENDqTh1pL,914,626.3445959432574,589.0949450923654
16llhSENDqTh1pL,915,625.7897175340913,602.2311718775891
16llhSENDqTh1pL,916,627.4834706391412,559.4180867354589
16llhSENDqTh1pL,917,630.2760479715653,585.088039530674
16llhSENDqTh1pL,918,631.635747350043,586.2274151955389
16llhSENDqTh1pL,919,630.9387049879879,590.2844415041618
16llhSENDqTh1pL,920,632.208709083814,599.7563972418102
16llhSENDqTh1pL,921,632.1534204124473,589.1149177639745
16llhSENDqTh1pL,922,632.7134439343372,595.6086067514279
16llhSENDqTh1pL,923,635.3478057556786,591.7627874077298
16llhSENDqTh1pL,924,636.1861565807512,601.3447607657899
16llhSENDqTh1pL,925,636.9962606696781,584.1634424868525
16llhSENDqTh1pL,926,636.8676607641391,610.0849393798271
16llhSENDqTh1pL,927,637.0239607160438,596.0650819008697
16llhSENDqTh1pL,928,641.4068106391933,616.3660524466541
16llhSENDqTh1pL,929,642.4248579517225,593.0352956012139
16llhSENDqTh1pL,930,646.3079113695421,618.8336251560249
16llhSENDqTh1pL,931,649.2723285571665,607.714982041809
16llhSENDqTh1pL,932,648.0936429155445,612.4640060616111
16llhSENDqTh1pL,933,647.3186206642222,596.855854076488
16llhSENDqTh1pL,934,649.6585129091654,615.1190571526204
16llhSENDqTh1pL,935,653.0033477444667,613.0768869419117
16llhSENDqTh1pL,936,650.8220197095325,617.7545062473764
16llhSENDqTh1pL,937,652.7439615193907,613.0592378115434
16llhSENDqTh1pL,938,651.09965213947,612.715255019255
16llhSENDqTh1pL,939,652.3557886263111,633.679830531964
16llhSENDqTh1pL,940,652.1257806370377,608.4544048372009
16llhSENDqTh1pL,941,653.5640229527808,617.6920847092724
16llhSENDqTh1pL,942,653.7606239416637,610.1469450243749
16llhSENDqTh1pL,943,655.3375696586445,621.5984037872404
16llhSENDqTh1pL,944,659.8411157353617,599.0908393188215
16llhSENDqTh1pL,945,658.3735563518276,625.0048466684093
16llhSENDqTh1pL,946,659.5647739857195,624.1527740793063
16llhSENDqTh1pL,947,663.063197474381,621.2174383825986
16llhSENDqTh1pL,948,662.5213948260061,613.5349937300198
16llhSENDqTh1pL,949,662.819817098658,619.5586800601886
16llhSENDqTh1pL,950,661.8937874731637,628.4895059463597
16llhSENDqTh1pL,951,665.1525706618559,634.1060970944818
16llhSENDqTh1pL,952,663.267483740332,622.9274049276573
16llhSENDqTh1pL,953,663.1212486786535,625.8913892538985
16llhSENDqTh1pL,954,666.8037120890804,633.2484371257015
16llhSENDqTh1pL,955,664.3802932191757,623.3778975669411
16llhSENDqTh1pL,956,663.7811263378244,618.7792535636108
16llhSENDqTh1pL,957,666.2732620605966,626.0204631410306
16llhSENDqTh1pL,958,669.7356585372472,645.0259490039898
16llhSENDqTh1pL,959,673.5798350495606,628.7582700669154
16llhSENDqTh1pL,960,673.1950962674455,636.8966460358934
16llhSENDqTh1pL,961,672.7481176056899,642.6796022560447
16llhSENDqTh1pL,962,674.9005130166915,638.9227075060626
16llhSENDqTh1pL,963,673.64282657695,642.3380108095007
16llhSENDqTh1pL,964,674.0205855226232,646.5533979137836
16llhSENDqTh1pL,965,678.6170866652392,655.2053375504911
16llhSENDqTh1pL,966,679.9917914916077,625.1869622879676
16llhSENDqTh1pL,967,679.0379315633327,652.8101760400459
16llhSENDqTh1pL,968,678.8142808974699,637.9910293002795
16llhSENDqTh1pL,969,682.5842390228208,648.6676910091337
16llhSENDqTh1pL,970,684.4695292774704,650.0434531334904
16llhSENDqTh1pL,971,683.1008722375118,664.5210198353016
16llhSENDqTh1pL,972,684.2377760912932,647.795255979494
16llhSENDqTh1pL,973,682.3439584200023,649.0863321887082
16llhSENDqTh1pL,974,683.2504609393291,651.1288351508192
16llhSENDqTh1pL,975,684.2618828350533,662.2009022766579
16llhSENDqTh1pL,976,684.6701207694132,661.735427492531
16llhSENDqTh1pL,977,685.2225531015429,650.168309031229
16llhSENDqTh1pL,978,687.5069960852852,646.4955916007748
16llhSENDqTh1pL,979,688.7607810261252,658.0203541094961
16llhSENDqTh1pL,980,690.307150886656,652.9954604369414
16llhSENDqTh1pL,981,693.8254988712433,655.4742827338341
16llhSENDqTh1pL,982,694.5211581930052,647.2324482544791
16llhSENDqTh1pL,983,692.0470435741881,630.6674729961087
16llhSENDqTh1pL,984,691.5756459049298,646.8227654809016
16llhSENDqTh1pL,985,692.1613403738593,659.0572086678003
16llhSENDqTh1pL,986,693.7379344468936,661.4443802869646
16llhSENDqTh1pL,987,692.1076770463551,665.7704347842664
16llhSENDqTh1pL,988,696.7569196169788,651.3640775551612
16llhSENDqTh1pL,989,699.7542496654569,641.5377869592412
16llhSENDqTh1pL,990,702.9396259579808,652.3157111215405
16llhSENDqTh1pL,991,704.9910876664635,646.0058226052042
16llhSENDqTh1pL,992,702.3012492235193,665.3180441856875
16llhSENDqTh1pL,993,702.8641139750507,658.551159266055
16llhSENDqTh1pL,994,705.0145451966673,671.3111016545445
16llhSENDqTh1pL,995,706.8999153854102,665.5989523142352
16llhSENDqTh1pL,996,708.2309350956516,662.592188051744
16llhSENDqTh1pL,997,709.0610993182536,676.7878447896119
16llhSENDqTh1pL,998,711.1844185654836,670.5265355239017
16llhSENDqTh1pL,999,710.9318730896339,663.7843244140968
16llhSENDqTh1pL,1000,711.7607198223523,666.0292895665443
16llhSENDqTh1pL,1001,712.7577639264637,684.2348215529346
16llhSENDqTh1pL,1002,713.3565970647469,689.4117485720053
16llhSENDqTh1pL,1003,713.9435420859772,672.8993099559266
16llhSENDqTh1pL,1004,712.6389247376937,687.2291595537681
16llhSENDqTh1pL,1005,712.0947471916515,688.3819995090671
16llhSENDqTh1pL,1006,713.757017515678,672.5028197393603
16llhSENDqTh1pL,1007,717.1037931654009,683.6359264168295
16llhSENDqTh1pL,1008,721.818637895236,687.9483540270721
16llhSENDqTh1pL,1009,722.6932600274667,688.3660235560164
16llhSENDqTh1pL,1010,722.9466267918688,687.9234632375956
16llhSENDqTh1pL,1011,719.6639588128114,676.048964339056
16llhSENDqTh1pL,1012,720.199691300164,688.4353463695152
16llhSENDqTh1pL,1013,722.0526500036185,685.700213095316
16llhSENDqTh1pL,1014,722.5400457444875,689.8859849342393
16llhSENDqTh1pL,1015,724.7825502212931,688.2080925828876
16llhSENDqTh1pL,1016,725.6304537733085,692.0157554349862
16llhSENDqTh1pL,1017,726.107970439465,697.0493511048552
16llhSENDqTh1pL,1018,727.689540162799,683.1197119004792
16llhSENDqTh1pL,1019,726.0683940005256,697.0039620351745
16llhSENDqTh1pL,1020,725.2677384260783,688.6337045859286
16llhSENDqTh1pL,1021,727.6099380655796,684.2997075161547
16llhSENDqTh1pL,1022,728.2527340790257,689.658680732362
16llhSENDqTh1pL,1023,725.6513281871053,680.7333764737891
16llhSENDqTh1pL,1024,726.7158294124343,669.4629949731567
16llhSENDqTh1pL,1025,725.0279524291545,670.37927296212
16llhSENDqTh1pL,1026,728.529673653069,666.0720704927771
16llhSENDqTh1pL,1027,729.2640626607463,692.4908879431896
16llhSENDqTh1pL,1028,731.2290532644984,676.7207548938022
16llhSENDqTh1pL,1029,736.3978968597949,700.8153700642288
16llhSENDqTh1pL,1030,730.324370716171,691.4933180850312
16llhSENDqTh1pL,1031,733.5587302611311,702.7752773173197
16llhSENDqTh1pL,1032,733.1388136933565,692.9022984032526
16llhSENDqTh1pL,1033,732.4483810600923,688.0479744221793
16llhSENDqTh1pL,1034,735.7489019879986,685.8892514804293
16llhSENDqTh1pL,1035,732.9286927165967,688.1496282655944
16llhSENDqTh1pL,1036,734.8755143368617,685.5979016888887
16llhSENDqTh1pL,1037,733.7921250577274,681.111064599696
16llhSENDqTh1pL,1038,736.1805682779166,678.277796189265
16llhSENDqTh1pL,1039,734.9301074451816,673.8564279873556
16llhSENDqTh1pL,1040,732.9563452280127,681.2026922488585
16llhSENDqTh1pL,1041,735.8201885786839,680.9706388742197
16llhSENDqTh1pL,1042,734.0063853749598,688.6109018364514
16llhSENDqTh1pL,1043,732.5701941568404,676.9071582453325
16llhSENDqTh1pL,1044,731.3607487311829,660.0725526624601
16llhSENDqTh1pL,1045,731.3882232885808,679.4975218679756
16llhSENDqTh1pL,1046,734.7919266240933,679.2305772656837
16llhSENDqTh1pL,1047,733.3477945105406,669.1873861798085
16llhSENDqTh1pL,1048,733.2106639544072,704.4175824920239
16llhSENDqTh1pL,1049,733.8947151638567,679.739907104522
16llhSENDqTh1pL,1050,736.437041074445,691.2159756178444
16llhSENDqTh1pL,1051,735.4159012042801,676.6117000333907
16llhSENDqTh1pL,1052,738.6372380316898,677.7488505938672
16llhSENDqTh1pL,1053,735.9534730137239,679.230871200627
16llhSENDqTh1pL,1054,736.4344690353391,698.9437500000713
16llhSENDqTh1pL,1055,738.1156731082592,677.7459674051497
16llhSENDqTh1pL,1056,735.4695542536792,695.9356023987348
16llhSENDqTh1pL,1057,738.5727468783116,703.9010243209159
16llhSENDqTh1pL,1058,741.8744298489382,678.8807395668318
16llhSENDqTh1pL,1059,740.1717432877786,696.5345154843098
16llhSENDqTh1pL,1060,740.6348610343412,684.4416243908927
16llhSENDqTh1pL,1061,744.8333414558338,681.3064398810284
16llhSENDqTh1pL,1062,742.0174744548276,703.3090091794729
16llhSENDqTh1pL,1063,743.1127128840135,695.1081895876387
16llhSENDqTh1pL,1064,745.58161787258,682.425965007802
16llhSENDqTh1pL,1065,749.8062330943067,695.9327513037715
16llhSENDqTh1pL,1066,751.3606526830445,698.7544272908417
16llhSENDqTh1pL,1067,749.9183875631606,685.8811659675157
16llhSENDqTh1pL,1068,751.9076878625201,695.3851351541234
16llhSENDqTh1pL,1069,748.6152787686369,696.779813381545
16llhSENDqTh1pL,1070,744.5721815885045,704.1452092365362
16llhSENDqTh1pL,1071,744.8708587849105,677.7286738884868
16llhSENDqTh1pL,1072,747.1037617768161,700.1762669566087
16llhSENDqTh1pL,1073,747.5414312291446,704.8338545735437
16llhSENDqTh1pL,1074,748.8259550842922,691.0739167470019
16llhSENDqTh1pL,1075,747.755040178803,687.20845339886
16llhSENDqTh1pL,1076,748.3845388308109,691.8965387548669
16llhSENDqTh1pL,1077,749.2323887820821,692.2122004132252
16llhSENDqTh1pL,1078,750.60351353243,703.0161502310611
16llhSENDqTh1pL,1079,754.0427021584474,713.7847289266065
16llhSENDqTh1pL,1080,754.9079113877469,679.7593165165836
16llhSENDqTh1pL,1081,753.1022094282671,716.8372316304012
16llhSENDqTh1pL,1082,749.8119756955602,706.1350068830834
16llhSENDqTh1pL,1083,751.2295882750768,722.3503469445277
16llhSENDqTh1pL,1084,752.0403723841591,721.8843316784187
16llhSENDqTh1pL,1085,749.764184135478,712.772568765562
16llhSENDqTh1pL,1086,751.1899863975295,704.6653459565887
16llhSENDqTh1pL,1087,751.1309335528999,705.1018231573757
16llhSENDqTh1pL,1088,756.158766634343,711.8163459494781
16llhSENDqTh1pL,1089,750.6757646226324,720.0846994542517
16llhSENDqTh1pL,1090,750.0001282305675,697.3862879527951
16llhSENDqTh1pL,1091,751.4454469754055,710.4406620076552
16llhSENDqTh1pL,1092,753.3169037412299,707.0925583701028
16llhSENDqTh1pL,1093,750.6944802538819,696.2521689789464
16llhSENDqTh1pL,1094,751.3582943999209,714.2473632884212
16llhSENDqTh1pL,1095,755.4134382452467,715.3816040345409
16llhSENDqTh1pL,1096,755.8921191681147,712.6905853588105
16llhSENDqTh1pL,1097,758.755144088107,723.0863354690373
16llhSENDqTh1pL,1098,760.8243034733459,713.5501103620045
16llhSENDqTh1pL,1099,766.6346524251785,705.2284689365115
16llhSENDqTh1pL,1100,763.3619141287927,721.7314132617612
16llhSENDqTh1pL,1101,761.7468426690903,713.7858405576553
16llhSENDqTh1pL,1102,762.9022122554015,704.9180531136226
16llhSENDqTh1pL,1103,760.7236672186409,719.5283628089237
16llhSENDqTh1pL,1104,760.5025227479637,716.6268296015915
16llhSENDqTh1pL,1105,761.940691631753,708.8284749252489
16llhSENDqTh1pL,1106,761.8896305241669,712.9928629451479
16llhSENDqTh1pL,1107,761.5447440098505,708.9411954774987
16llhSENDqTh1pL,1108,762.1496803807095,695.152114322409
16llhSENDqTh1pL,1109,764.4874117234067,705.1539794514756
16llhSENDqTh1pL,1110,766.2629305099836,703.48327166948
16llhSENDqTh1pL,1111,762.331401337171,715.2422925361898
16llhSENDqTh1pL,1112,760.9525514021516,713.9359781257808
16llhSENDqTh1pL,1113,763.6823106298689,698.4536369564012
16llhSENDqTh1pL,1114,764.3908529956188,706.0422285873738
16llhSENDqTh1pL,1115,764.0950463777408,703.3595686918125
16llhSENDqTh1pL,1116,766.0439937826959,731.5866119412822
16llhSENDqTh1pL,1117,766.0047890795395,707.5184446526691
16llhSENDqTh1pL,1118,770.45903164435,723.6461468397902
16llhSENDqTh1pL,1119,769.1395829203029,702.0035526840438
16llhSENDqTh1pL,1120,770.3260647914067,722.5371242872134
16llhSENDqTh1pL,1121,768.1229244994465,709.2862179258373
16llhSENDqTh1pL,1122,771.9399847533641,726.4208794828592
16llhSENDqTh1pL,1123,766.8041052483022,706.5292687155306
16llhSENDqTh1pL,1124,766.1099368409923,712.9710900859645
16llhSENDqTh1pL,1125,769.3276287111148,717.8340606746424
16llhSENDqTh1pL,1126,771.0427139851017,703.0219406211982
16llhSENDqTh1pL,1127,770.8718947226262,711.1454020159399
16llhSENDqTh1pL,1128,772.0295998947695,742.6593288676813
16llhSENDqTh1pL,1129,775.8290484615427,721.2884006124805
16llhSENDqTh1pL,1130,775.8398554974701,730.9895920208655
16llhSENDqTh1pL,1131,776.326498948969,721.8504727835534
16llhSENDqTh1pL,1132,778.196651627426,728.1190795251168
16llhSENDqTh1pL,1133,779.2861211504205,722.4504064763314
16llhSENDqTh1pL,1134,778.3493502167985,737.8900574399158
16llhSENDqTh1pL,1135,778.3079538023158,716.7946787897963
16llhSENDqTh1pL,1136,780.2919082030712,755.0537500427308
16llhSENDqTh1pL,1137,780.0904417252386,736.8545262152547
16llhSENDqTh1pL,1138,778.8901986549608,714.0934697454795
16llhSENDqTh1pL,1139,784.3340164570036,737.0464313475313
16llhSENDqTh1pL,1140,781.2278499192034,732.8640676581708
16llhSENDqTh1pL,1141,783.3425591359264,732.8937134434818
16llhSENDqTh1pL,1142,784.6628742922494,735.0251447145292
16llhSENDqTh1pL,1143,783.9485992001737,739.6513552474225
16llhSENDqTh1pL,1144,785.431332480628,733.898033585865
16llhSENDqTh1pL,1145,786.941608393332,739.8099942745175
16llhSENDqTh1pL,1146,785.9714791669176,736.0475195503459
16llhSENDqTh1pL,1147,789.8069094112725,730.5972703165025
16llhSENDqTh1pL,1148,786.130779311352,728.8691924660816
16llhSENDqTh1pL,1149,784.4422918139026,752.2519748983905
16llhSENDqTh1pL,1150,789.3533793169845,752.5801032141972
16llhSENDqTh1pL,1151,787.7232580127747,742.7525634931953
16llhSENDqTh1pL,1152,793.0316930847985,739.2072780567032
16llhSENDqTh1pL,1153,790.1653976389207,750.9106023558415
16llhSENDqTh1pL,1154,794.9735656291632,759.366316644886
16llhSENDqTh1pL,1155,791.2240992053557,748.1863772585202
16llhSENDqTh1pL,1156,791.5813269223581,758.8809367622744
16llhSENDqTh1pL,1157,793.4505735258572,749.0495511512272
16llhSENDqTh1pL,1158,790.3721305778081,756.5158984711225
16llhSENDqTh1pL,1159,796.2780998454509,755.2854368838562
16llhSENDqTh1pL,1160,791.1601824181214,747.3424565808907
16llhSENDqTh1pL,1161,796.5950731029966,748.41034512131
16llhSENDqTh1pL,1162,798.9701978336088,754.1697532397229
16llhSENDqTh1pL,1163,802.0405386600178,785.0116208705585
16llhSENDqTh1pL,1164,799.0507492183858,751.5678729863721
16llhSENDqTh1pL,1165,799.6544898735592,769.8023908460746
16llhSENDqTh1pL,1166,799.9534348845918,750.6853449121554
16llhSENDqTh1pL,1167,802.8201764831538,758.2422472695107
16llhSENDqTh1pL,1168,802.5700532915871,746.0309340032618
16llhSENDqTh1pL,1169,803.6396518163383,765.2683322839439
16llhSENDqTh1pL,1170,800.492339718272,751.080658492283
16llhSENDqTh1pL,1171,801.9736731932499,754.6776444297284
16llhSENDqTh1pL,1172,800.527039925968,745.7684904125563
16llhSENDqTh1pL,1173,804.3404546864203,758.0754471032578
16llhSENDqTh1pL,1174,814.6415204734185,763.1245148212292
16llhSENDqTh1pL,1175,813.904721445404,770.2958298809826
16llhSENDqTh1pL,1176,815.6880942179796,770.6171208249962
16llhSENDqTh1pL,1177,814.621521027293,767.1177956848405
16llhSENDqTh1pL,1178,809.6150482658995,761.2162212495459
16llhSENDqTh1pL,1179,807.0061530386993,769.9657617574521
16llhSENDqTh1pL,1180,808.5665045189671,765.7769725867547
16llhSENDqTh1pL,1181,807.3536652057774,755.2029878265566
16llhSENDqTh1pL,1182,806.5511176721775,760.6640348830842
16llhSENDqTh1pL,1183,810.9634178110182,775.5650270410597
16llhSENDqTh1pL,1184,814.5981408350635,771.6333628178108
16llhSENDqTh1pL,1185,816.2612680229504,791.0168740931113
16llhSENDqTh1pL,1186,817.3550550208893,770.9436035805847
16llhSENDqTh1pL,1187,815.1111164847389,799.7627251902595
16llhSENDqTh1pL,1188,811.723408316022,774.4885560020266
16llhSENDqTh1pL,1189,811.3765940335652,772.2305163410565
16llhSENDqTh1pL,1190,816.1915707114385,771.2066598288948
16llhSENDqTh1pL,1191,819.3972371506643,768.0541143070113
16llhSENDqTh1pL,1192,817.530390017304,763.7016252061458
16llhSENDqTh1pL,1193,818.8132845662767,768.6665185351158
16llhSENDqTh1pL,1194,818.463142178487,772.2750488272868
16llhSENDqTh1pL,1195,815.4752196383743,787.8357225668697
16llhSENDqTh1pL,1196,819.0957673316916,774.6260744644424
16llhSENDqTh1pL,1197,816.773629654359,758.3770104163996
16llhSENDqTh1pL,1198,815.1921741338447,755.0133039029315
16llhSENDqTh1pL,1199,818.1303107235799,756.9610803504693
16llhSENDqTh1pL,1200,815.5127590717893,785.6965564312559
16llhSENDqTh1pL,1201,813.7729760813581,764.5414292770492
16llhSENDqTh1pL,1202,816.6684980015143,761.3433352182492
16llhSENDqTh1pL,1203,821.9337313249707,757.5392753407359
16llhSENDqTh1pL,1204,824.2147142761023,780.0078479168224
16llhSENDqTh1pL,1205,823.4073748309365,771.927680342129
16llhSENDqTh1pL,1206,818.8919881954789,758.5430339216255
16llhSENDqTh1pL,1207,825.1207886613083,763.9359664372278
16llhSENDqTh1pL,1208,825.413165963022,770.8687807128299
16llhSENDqTh1pL,1209,823.5044009966077,772.7426515949192
16llhSENDqTh1pL,1210,817.5165232493227,782.6459191725944
16llhSENDqTh1pL,1211,823.9856182398798,773.1039172472956
16llhSENDqTh1pL,1212,823.4263673144087,759.1926990466818
16llhSENDqTh1pL,1213,823.9032077285519,769.6919826109952
16llhSENDqTh1pL,1214,821.4246690508007,780.9108969897061
16llhSENDqTh1pL,1215,820.3274883073427,773.8784570061835
16llhSENDqTh1pL,1216,826.5693544695387,782.042755837203
16llhSENDqTh1pL,1217,822.8072228836827,749.7707302242052
16llhSENDqTh1pL,1218,824.8404505530852,767.4549026908717
16llhSENDqTh1pL,1219,830.0142025712194,764.2733833554448
16llhSENDqTh1pL,1220,831.4764349171892,786.0823535034433
16llhSENDqTh1pL,1221,831.7182933710865,768.6373547636322
16llhSENDqTh1pL,1222,834.9544750537607,776.1017983045313
16llhSENDqTh1pL,1223,835.7635470835958,770.7378577499185
16llhSENDqTh1pL,1224,837.6623033792857,775.532950839508
16llhSENDqTh1pL,1225,842.03862955574,790.7237047903618
16llhSENDqTh1pL,1226,839.3015668515036,784.4178900028419
16llhSENDqTh1pL,1227,841.3848459813744,795.9888876210898
16llhSENDqTh1pL,1228,839.742627616426,786.5628603281584
16llhSENDqTh1pL,1229,833.1358582037647,790.6459202650149
16llhSENDqTh1pL,1230,834.1965648669866,790.3014531869558
16llhSENDqTh1pL,1231,837.2956435215601,806.7312324872182
16llhSENDqTh1pL,1232,836.4337426819548,781.6170492567762
16llhSENDqTh1pL,1233,842.3291490258998,792.533120173437
16llhSENDqTh1pL,1234,839.5329913799651,780.8465244036634
16llhSENDqTh1pL,1235,840.4726731376722,798.1069073982071
16llhSENDqTh1pL,1236,840.6253615889582,812.4061323249189
16llhSENDqTh1pL,1237,841.4573604543839,811.2872926076088
16llhSENDqTh1pL,1238,843.3686306680174,804.2426262626977
16llhSENDqTh1pL,1239,840.6625886084948,794.1821597402377
16llhSENDqTh1pL,1240,838.7219715369865,784.1891322052106
16llhSENDqTh1pL,1241,837.0369567146263,779.201805335164
16llhSENDqTh1pL,1242,838.575851906,777.9917251355037
16llhSENDqTh1pL,1243,837.9862864384049,791.1942970523232
16llhSENDqTh1pL,1244,843.9964539486573,810.9219918328927
16llhSENDqTh1pL,1245,847.4399206815287,789.6103163836524
16llhSENDqTh1pL,1246,848.5214660071306,794.1755051416349
16llhSENDqTh1pL,1247,848.1039172658639,813.2649760344939
16llhSENDqTh1pL,1248,841.9533866637794,784.1386630772322
16llhSENDqTh1pL,1249,841.8597233539913,801.2772056774702
16llhSENDqTh1pL,1250,848.0676314387601,802.6969028566164
16llhSENDqTh1pL,1251,849.3086071112193,800.2388853156008
16llhSENDqTh1pL,1252,849.7473889658941,814.7018794933829
16llhSENDqTh1pL,1253,853.4088081112131,802.1294316938147
16llhSENDqTh1pL,1254,855.8537570991011,821.7987461842986
16llhSENDqTh1pL,1255,859.7190841157571,806.626255841984
16llhSENDqTh1pL,1256,858.4015309063252,838.7245221768972
16llhSENDqTh1pL,1257,859.0431454394388,815.8873454626123
16llhSENDqTh1pL,1258,860.2941893876996,827.810575829586
16llhSENDqTh1pL,1259,861.2545685984792,822.3527399513537
16llhSENDqTh1pL,1260,858.5243652282106,836.3684331420327
16llhSENDqTh1pL,1261,861.1025570553982,826.7786475938999
16llhSENDqTh1pL,1262,857.9253134939867,818.5435556683736
16llhSENDqTh1pL,1263,859.4920564026106,801.0653215025086
16llhSENDqTh1pL,1264,863.0367688267143,830.4700197784841
16llhSENDqTh1pL,1265,867.2025865337364,830.8550368759334
16llhSENDqTh1pL,1266,868.953165646526,842.5213977060048
16llhSENDqTh1pL,1267,870.6644938995887,836.476761515296
16llhSENDqTh1pL,1268,874.109025943384,844.1572657705401
16llhSENDqTh1pL,1269,872.6412851278292,837.5457903210627
16llhSENDqTh1pL,1270,872.6486674414482,823.1750979961362
16llhSENDqTh1pL,1271,872.7730482732877,824.7425603112206
16llhSENDqTh1pL,1272,874.8269222369781,824.3287398768953
16llhSENDqTh1pL,1273,875.1613432752056,810.029933835016
16llhSENDqTh1pL,1274,872.8590626764235,805.2227157774505
16llhSENDqTh1pL,1275,875.6386500396766,831.6757558765821
16llhSENDqTh1pL,1276,878.4598473922706,844.6409360223806
16llhSENDqTh1pL,1277,875.9061000563088,815.1167943358305
16llhSENDqTh1pL,1278,881.3539729756885,841.9975754717016
16llhSENDqTh1pL,1279,882.0173328955279,819.7665816387016
16llhSENDqTh1pL,1280,885.6643673412073,834.9160057499575
16llhSENDqTh1pL,1281,885.160382959526,831.2093669991009
16llhSENDqTh1pL,1282,884.2770318015391,815.1092216744
16llhSENDqTh1pL,1283,885.30811350148,810.1080133477953
16llhSENDqTh1pL,1284,883.2231447864324,824.7099593300372
16llhSENDqTh1pL,1285,875.770070368098,822.2733646872452
16llhSENDqTh1pL,1286,876.5761678734048,833.443425006531
16llhSENDqTh1pL,1287,883.6195902735926,814.4027265091427
16llhSENDqTh1pL,1288,884.3255763261659,843.6925993303848
16llhSENDqTh1pL,1289,884.6464884945744,817.7218854197854
16llhSENDqTh1pL,1290,883.9733200574556,854.771063228909
16llhSENDqTh1pL,1291,885.2739266705466,819.3157287937356
16llhSENDqTh1pL,1292,888.211581063224,804.1821466244292
16llhSENDqTh1pL,1293,885.9598078478593,823.9171330016106
16llhSENDqTh1pL,1294,882.5998032244388,827.8949444144964
16llhSENDqTh1pL,1295,883.399997381508,817.2212668564316
16llhSENDqTh1pL,1296,883.6241518742754,828.6220579333021
16llhSENDqTh1pL,1297,886.0652932489756,836.481620736653
16llhSENDqTh1pL,1298,885.7228558732531,811.4151993536725
16llhSENDqTh1pL,1299,888.0313205619896,825.9339254140505
16llhSENDqTh1pL,1300,887.821614830289,835.1869756272063
16llhSENDqTh1pL,1301,888.6292457343807,820.3354248316755
16llhSENDqTh1pL,1302,893.9018107377924,825.3331461125053
16llhSENDqTh1pL,1303,890.2502935073935,816.4827654030014
16llhSENDqTh1pL,1304,893.8306203796528,838.54302550992
16llhSENDqTh1pL,1305,890.3755168481184,824.1809392044706
16llhSENDqTh1pL,1306,893.620827124194,844.154540019781
16llhSENDqTh1pL,1307,894.9314889605157,832.5370730380528
16llhSENDqTh1pL,1308,898.2701271150454,821.4864283774241
16llhSENDqTh1pL,1309,897.7999952386508,847.3647648047099
16llhSENDqTh1pL,1310,903.2677693278529,842.0079382420518
16llhSENDqTh1pL,1311,900.3543158811772,840.6115555805409
16llhSENDqTh1pL,1312,898.8837318546866,852.2204302042519
16llhSENDqTh1pL,1313,896.4149045801605,831.7958076598006
16llhSENDqTh1pL,1314,896.1278592811359,827.1574776635898
16llhSENDqTh1pL,1315,894.2584630555575,832.9969262114828
16llhSENDqTh1pL,1316,897.2896931445575,840.2067553991801
16llhSENDqTh1pL,1317,898.7536232027123,825.9697055968354
16llhSENDqTh1pL,1318,896.6638144612243,820.4446866720846
16llhSENDqTh1pL,1319,893.7225421394542,840.776399487142
16llhSENDqTh1pL,1320,893.2162463410932,823.4529187797743
16llhSENDqTh1pL,1321,897.4058860064251,853.1013500214322
16llhSENDqTh1pL,1322,895.7675645377749,840.9801304590219
16llhSENDqTh1pL,1323,896.9296296865668,835.0012595784065
16llhSENDqTh1pL,1324,899.4430341357365,823.7993065034971
16llhSENDqTh1pL,1325,904.1094699813193,819.1783840371436
16llhSENDqTh1pL,1326,909.2460105793534,861.8155341522752
16llhSENDqTh1pL,1327,912.1874862475088,817.3095163541147
16llhSENDqTh1pL,1328,911.7957656195986,829.9358086994516
16llhSENDqTh1pL,1329,908.3562146203767,857.1905404638674
16llhSENDqTh1pL,1330,910.5917114755139,875.7917227065191
16llhSENDqTh1pL,1331,906.7466592832388,854.2401772871999
16llhSENDqTh1pL,1332,911.4469727604883,869.3857396944659
16llhSENDqTh1pL,1333,911.9992735872511,870.5406985529698
16llhSENDqTh1pL,1334,908.1154549937037,845.6329588811186
16llhSENDqTh1pL,1335,909.856384914834,859.2701054927893
16llhSENDqTh1pL,1336,909.0789654618129,864.177834533155
16llhSENDqTh1pL,1337,909.3163470357431,868.2979760497583
16llhSENDqTh1pL,1338,909.0999428542054,850.308258643905
16llhSENDqTh1pL,1339,912.3549206251264,872.9944367714561
16llhSENDqTh1pL,1340,912.7068918168079,886.9922545931768
16llhSENDqTh1pL,1341,912.3220702197868,850.2937022652477
16llhSENDqTh1pL,1342,919.1680859669577,847.8770786568057
16llhSENDqTh1pL,1343,922.9855643529445,881.4850000506267
16llhSENDqTh1pL,1344,916.7489023599192,869.9311228785082
16llhSENDqTh1pL,1345,918.222889900022,873.6696796117358
16llhSENDqTh1pL,1346,919.3557267850265,867.584009620361
16llhSENDqTh1pL,1347,921.2759346457715,847.1835685017104
16llhSENDqTh1pL,1348,924.67364252056,882.0353403554764
16llhSENDqTh1pL,1349,924.9158110950193,851.7510299418173
16llhSENDqTh1pL,1350,924.3125490984312,891.9898080816856
16llhSENDqTh1pL,1351,922.1284019746818,846.5152963448782
16llhSENDqTh1pL,1352,920.5830436686774,868.3849394769895
16llhSENDqTh1pL,1353,919.7702728314325,853.3569139454048
16llhSENDqTh1pL,1354,924.5453386199661,855.5131900212727
16llhSENDqTh1pL,1355,927.7115493056044,871.2023868753895
16llhSENDqTh1pL,1356,924.5949685140367,851.9356908737536
16llhSENDqTh1pL,1357,920.5647570653819,867.1899969740771
16llhSENDqTh1pL,1358,927.043508637842,861.7545733446896
16llhSENDqTh1pL,1359,920.9215200190665,869.1650102828862
16llhSENDqTh1pL,1360,921.7723048667249,863.4927096257743
16llhSENDqTh1pL,1361,919.1748359259218,850.563079142943
16llhSENDqTh1pL,1362,923.5538968481123,863.804031971842
16llhSENDqTh1pL,1363,921.8304014897512,840.7643668747114
16llhSENDqTh1pL,1364,924.9780969615094,860.9331680773757
16llhSENDqTh1pL,1365,925.452680255974,833.6276274134761
16llhSENDqTh1pL,1366,924.2787164566107,861.99034716608
16llhSENDqTh1pL,1367,928.6930501968691,878.8624812276194
16llhSENDqTh1pL,1368,929.0299977355171,875.3899687223602
16llhSENDqTh1pL,1369,931.3513625705582,855.2409214222771
16llhSENDqTh1pL,1370,929.8766258408286,876.8320435881178
16llhSENDqTh1pL,1371,926.354680241302,864.7382774215494
16llhSENDqTh1pL,1372,927.942738226182,881.8926364635445
16llhSENDqTh1pL,1373,931.4777198596857,870.7108398978598
16llhSENDqTh1pL,1374,927.839877378804,858.393224569646
16llhSENDqTh1pL,1375,931.6461263195051,892.2765592515261
16llhSENDqTh1pL,1376,927.531877469999,888.7626921504561
16llhSENDqTh1pL,1377,934.3689407140482,875.7038529973943
16llhSENDqTh1pL,1378,936.0985875942438,886.1732077219217
16llhSENDqTh1pL,1379,932.7826925826475,892.1699393329427
16llhSENDqTh1pL,1380,934.2381325834431,905.6193395587616
16llhSENDqTh1pL,1381,938.0434381327941,883.4090786836459
16llhSENDqTh1pL,1382,935.7110605064663,875.2669225904974
16llhSENDqTh1pL,1383,940.2752506921533,883.9488998965826
16llhSENDqTh1pL,1384,936.5336031508341,869.8173043639108
16llhSENDqTh1pL,1385,934.7927834110451,870.7552890378865
16llhSENDqTh1pL,1386,935.8037055064924,874.9091235031374
16llhSENDqTh1pL,1387,936.1416613917245,862.1931537512137
16llhSENDqTh1pL,1388,934.4530687663573,858.0376920956987
16llhSENDqTh1pL,1389,939.6210887758061,879.1800816034665
16llhSENDqTh1pL,1390,940.0454740503337,868.6385051363613
16llhSENDqTh1pL,1391,940.6424773670951,864.7177416756967
16llhSENDqTh1pL,1392,944.0681832092814,871.5203430606052
16llhSENDqTh1pL,1393,942.9404337451851,881.990299843972
16llhSENDqTh1pL,1394,946.229237030635,881.3582578473979
16llhSENDqTh1pL,1395,945.577309651766,894.0962685123086
16llhSENDqTh1pL,1396,947.8780814811071,886.5290257140477
16llhSENDqTh1pL,1397,950.7085241274908,884.0847802464268
16llhSENDqTh1pL,1398,952.083296639692,888.5468713663504
16llhSENDqTh1pL,1399,947.3448087922297,889.2557921162806
16llhSENDqTh1pL,1400,944.464195489857,882.2558592110609
16llhSENDqTh1pL,1401,948.483151387416,901.4554815590309
16llhSENDqTh1pL,1402,944.4541732392572,895.0766135475897
16llhSENDqTh1pL,1403,945.0105843136444,896.5263578484191
16llhSENDqTh1pL,1404,947.7423391418888,907.7817374524639
16llhSENDqTh1pL,1405,945.6243265520225,896.1340095466439
16llhSENDqTh1pL,1406,945.8245068269007,878.3729832844965
16llhSENDqTh1pL,1407,945.9836300127208,883.1343810819089
16llhSENDqTh1pL,1408,946.6184065485122,887.2245167636993
16llhSENDqTh1pL,1409,949.7036567890036,885.5522829262491
16llhSENDqTh1pL,1410,952.7259300467558,886.6471779611893
16llhSENDqTh1pL,1411,949.1955361634027,891.5538910690229
16llhSENDqTh1pL,1412,953.0578248843085,902.0181377584231
16llhSENDqTh1pL,1413,954.9900727442,884.8719362488482
16llhSENDqTh1pL,1414,958.1070434878347,900.6711666489718
16llhSENDqTh1pL,1415,957.0617457427434,904.1394786534947
16llhSENDqTh1pL,1416,957.5611917674541,885.9099074010737
16llhSENDqTh1pL,1417,953.293683334603,891.0963403725764
16llhSENDqTh1pL,1418,957.676260445267,908.3553318912163
16llhSENDqTh1pL,1419,963.3563201004145,913.4858027832088
16llhSENDqTh1pL,1420,960.0527871171071,900.766196127428
16llhSENDqTh1pL,1421,961.3579763903399,888.9114919438143
16llhSENDqTh1pL,1422,961.2861348291844,900.8865594467134
16llhSENDqTh1pL,1423,963.1866739378856,879.1381953959899
16llhSENDqTh1pL,1424,964.001020657015,899.0614271183731
16llhSENDqTh1pL,1425,965.6494375935872,915.5177195540746
16llhSENDqTh1pL,1426,965.1408344882075,905.2785297860391
16llhSENDqTh1pL,1427,964.0233697939548,866.0560806590947
16llhSENDqTh1pL,1428,961.4391232862599,905.2400871797927
16llhSENDqTh1pL,1429,966.3789166580673,878.6920899633105
16llhSENDqTh1pL,1430,968.3568864920544,905.237244732687
16llhSENDqTh1pL,1431,970.2618210280561,914.0981727728868
16llhSENDqTh1pL,1432,969.1102441940457,909.8910641241819
16llhSENDqTh1pL,1433,967.9418400670256,921.3684166166277
16llhSENDqTh1pL,1434,970.5622463659383,925.1752791116014
16llhSENDqTh1pL,1435,973.5048912966158,904.2987812960055
16llhSENDqTh1pL,1436,975.029199513694,902.3064248888695
16llhSENDqTh1pL,1437,976.5794078607723,908.8880688224599
16llhSENDqTh1pL,1438,973.0083236570936,931.0524838406127
16llhSENDqTh1pL,1439,972.8461037568195,911.4991299203975
16llhSENDqTh1pL,1440,967.5898636629645,902.879268939032
16llhSENDqTh1pL,1441,969.4603645679381,892.9612306159761
16llhSENDqTh1pL,1442,965.2399345284357,900.5960430299892
16llhSENDqTh1pL,1443,965.0946830537978,893.6890001323882
16llhSENDqTh1pL,1444,970.9561244768556,914.1291154993232
16llhSENDqTh1pL,1445,968.6255648005172,901.3964792246697
16llhSENDqTh1pL,1446,969.913083526957,894.824010375607
16llhSENDqTh1pL,1447,971.2107177311937,891.0337206954518
16llhSENDqTh1pL,1448,971.3790894614067,911.2074393199291
16llhSENDqTh1pL,1449,967.2711662303263,873.4822686563784
16llhSENDqTh1pL,1450,971.6496113805515,902.4785963144568
16llhSENDqTh1pL,1451,974.3648322611152,914.3109610430001
16llhSENDqTh1pL,1452,972.186256579007,900.2499139112188
16llhSENDqTh1pL,1453,973.7106063170286,902.5490841893406
16llhSENDqTh1pL,1454,967.622588628743,876.8521437438467
16llhSENDqTh1pL,1455,968.8665715749376,911.2680542091839
16llhSENDqTh1pL,1456,971.9114189083193,900.7035198003141
16llhSENDqTh1pL,1457,969.6912121564528,902.8205559826456
16llhSENDqTh1pL,1458,976.4148283948161,897.2355107565381
16llhSENDqTh1pL,1459,978.5463869316736,925.799109957763
16llhSENDqTh1pL,1460,977.4248494583735,888.2988885579107
16llhSENDqTh1pL,1461,982.3421910034085,891.0200667010213
16llhSENDqTh1pL,1462,981.5963628991449,911.5109653986001
16llhSENDqTh1pL,1463,981.7995262383265,910.0121149558981
16llhSENDqTh1pL,1464,983.6329034727823,921.3240298533638
16llhSENDqTh1pL,1465,976.0524408561178,914.2497178060003
16llhSENDqTh1pL,1466,971.5625950486137,903.6178997277384
16llhSENDqTh1pL,1467,981.5068418195006,913.243004794931
16llhSENDqTh1pL,1468,979.6675066791504,917.5013088017731
16llhSENDqTh1pL,1469,982.1672402163967,902.4083036771044
16llhSENDqTh1pL,1470,984.5454627362633,900.0723610318819
16llhSENDqTh1pL,1471,983.8410278037118,911.6285931952225
16llhSENDqTh1pL,1472,978.3103405029979,908.7607942508766
16llhSENDqTh1pL,1473,979.2634517620318,896.574922807049
16llhSENDqTh1pL,1474,981.6817257055518,923.2087463536736
16llhSENDqTh1pL,1475,983.1465765561443,921.1007681589108
16llhSENDqTh1pL,1476,979.5152829477229,925.596294487048
16llhSENDqTh1pL,1477,979.2805778364782,899.8382123828997
16llhSENDqTh1pL,1478,981.6477998835035,889.5704342615791
16llhSENDqTh1pL,1479,986.2253597607341,924.3055092896539
16llhSENDqTh1pL,1480,986.1570637107361,919.8725744031835
16llhSENDqTh1pL,1481,990.7205762493322,899.6367211002507
16llhSENDqTh1pL,1482,989.2151119657647,927.3176891159237
16llhSENDqTh1pL,1483,992.9628319164622,915.9040259253816
16llhSENDqTh1pL,1484,993.1187001226353,919.45474149863
16llhSENDqTh1pL,1485,997.0610382286832,925.598934921436
16llhSENDqTh1pL,1486,991.9481958085671,943.2174790403224
16llhSENDqTh1pL,1487,991.9241222748387,917.3594759413827
16llhSENDqTh1pL,1488,989.4190477539087,938.7746345956111
16llhSENDqTh1pL,1489,988.0794407862122,929.8562300938065
16llhSENDqTh1pL,1490,986.8335417894414,936.075097034045
16llhSENDqTh1pL,1491,995.1136895632153,922.7781229481116
16llhSENDqTh1pL,1492,991.7183424045797,923.9056263079401
16llhSENDqTh1pL,1493,1000.1731961672776,953.0593198189163
16llhSENDqTh1pL,1494,1000.198135112525,923.1328802876196
16llhSENDqTh1pL,1495,1003.3032112595538,927.4683014516631
16llhSENDqTh1pL,1496,1001.8252747605002,932.3460651469795
16llhSENDqTh1pL,1497,1005.5763023905456,940.8382359533571
16llhSENDqTh1pL,1498,1010.1995345225114,914.330119954564
16llhSENDqTh1pL,1499,1008.9688752004568,935.0703516786434
16llhSENDqTh1pL,1500,1008.7741846352583,912.2540044322377
16llhSENDqTh1pL,1501,1012.4474562664109,950.7530593721822
16llhSENDqTh1pL,1502,1010.3889473992022,939.6914168315561
16llhSENDqTh1pL,1503,1006.9574937005527,952.8397135590203
16llhSENDqTh1pL,1504,1010.3634104402372,916.159346560562
16llhSENDqTh1pL,1505,1010.9753094293119,958.6643393586055
16llhSENDqTh1pL,1506,1013.9671348092379,952.7666269038145
16llhSENDqTh1pL,1507,1012.8540770433647,944.8484941296083
16llhSENDqTh1pL,1508,1011.6932593339588,934.894627665868
16llhSENDqTh1pL,1509,1013.3474420078883,957.5722339519152
16llhSENDqTh1pL,1510,1017.410676273983,919.9216792318039
16llhSENDqTh1pL,1511,1021.5460819405548,944.6186788693581
16llhSENDqTh1pL,1512,1015.6487264028392,946.2532224783781
16llhSENDqTh1pL,1513,1014.0011372664965,924.55833560932
16llhSENDqTh1pL,1514,1015.8128081988543,952.3737871926278
16llhSENDqTh1pL,1515,1017.2319268349529,953.9981378082157
16llhSENDqTh1pL,1516,1017.5576854255632,948.4234305006103
16llhSENDqTh1pL,1517,1011.8211361068388,968.9964451386186
16llhSENDqTh1pL,1518,1017.0045017387383,955.5894238438123
16llhSENDqTh1pL,1519,1014.3837362448485,953.5037256101878
16llhSENDqTh1pL,1520,1011.2217606632039,963.5817811852321
16llhSENDqTh1pL,1521,1015.836139580153,955.9798406268583
16llhSENDqTh1pL,1522,1016.0309369241295,965.5472078596649
16llhSENDqTh1pL,1523,1021.2691911619622,958.4351015246939
16llhSENDqTh1pL,1524,1022.8549558267086,985.9480676993817
16llhSENDqTh1pL,1525,1024.783973900834,965.8555435820017
16llhSENDqTh1pL,1526,1027.5629125732557,983.3606276587561
16llhSENDqTh1pL,1527,1030.7882723907605,985.2279433550211
16llhSENDqTh1pL,1528,1029.32057593286,974.6542448800799
16llhSENDqTh1pL,1529,1026.035593351582,972.3380374854896
16llhSENDqTh1pL,1530,1022.436197648989,962.3154712278629
16llhSENDqTh1pL,1531,1024.249756367351,963.9300034320307
16llhSENDqTh1pL,1532,1025.9496537847444,977.3158483309671
16llhSENDqTh1pL,1533,1028.6775952848984,973.4822967323853
16llhSENDqTh1pL,1534,1034.0820148595303,962.8457914002865
16llhSENDqTh1pL,1535,1038.7366088111594,987.9749422832101
16llhSENDqTh1pL,1536,1042.3428429818123,963.8051219700246
16llhSENDqTh1pL,1537,1042.5138734406792,986.2391815967858
16llhSENDqTh1pL,1538,1038.6275226359721,976.497422206914
16llhSENDqTh1pL,1539,1038.869372937228,983.736388954665
16llhSENDqTh1pL,1540,1043.4169881664147,981.7460801698198
16llhSENDqTh1pL,1541,1041.3851998338941,971.2249194832984
16llhSENDqTh1pL,1542,1047.827099980339,990.749510781392
16llhSENDqTh1pL,1543,1051.7802849758136,966.8721214161615
16llhSENDqTh1pL,1544,1049.5310352658016,983.2749931876642
16llhSENDqTh1pL,1545,1047.5018337250312,980.0810031548699
16llhSENDqTh1pL,1546,1049.7872457623016,999.6078986630309
16llhSENDqTh1pL,1547,1043.5907766926612,977.5279252858527
16llhSENDqTh1pL,1548,1045.713111832356,981.1069106009345
16llhSENDqTh1pL,1549,1049.2734599617543,988.3057091814699
16llhSENDqTh1pL,1550,1052.1915128827768,976.536034564584
16llhSENDqTh1pL,1551,1051.191207254582,961.8492501846486
16llhSENDqTh1pL,1552,1052.7221463478054,966.3182071883639
16llhSENDqTh1pL,1553,1056.7469506829511,996.3742987676524
16llhSENDqTh1pL,1554,1059.6506611000514,964.5096193592763
16llhSENDqTh1pL,1555,1056.4771617383522,966.0164964641954
16llhSENDqTh1pL,1556,1055.177823456157,1002.4571968959717
16llhSENDqTh1pL,1557,1057.2502845339477,974.7867668606341
16llhSENDqTh1pL,1558,1056.7915306606628,980.1807639775398
16llhSENDqTh1pL,1559,1057.2453405408996,959.872138311981
16llhSENDqTh1pL,1560,1056.0569818392396,953.6728694140911
16llhSENDqTh1pL,1561,1055.486629989231,996.6491502486169
16llhSENDqTh1pL,1562,1053.8414239379435,984.5686861666709
16llhSENDqTh1pL,1563,1056.8579771915702,985.7220167244104
16llhSENDqTh1pL,1564,1059.169342655543,973.9302605631237
16llhSENDqTh1pL,1565,1063.444288381188,1005.6190897755314
16llhSENDqTh1pL,1566,1064.251106669124,985.6923575223645
16llhSENDqTh1pL,1567,1064.6723052525554,997.6730061957273
16llhSENDqTh1pL,1568,1063.8704540063627,995.6656376761384
16llhSENDqTh1pL,1569,1061.1122873318382,1012.8766087717377
16llhSENDqTh1pL,1570,1058.3834416027312,976.4069661255126
16llhSENDqTh1pL,1571,1061.100475489813,992.1901300271238
16llhSENDqTh1pL,1572,1061.7017174678367,1019.9019736202645
16llhSENDqTh1pL,1573,1061.7278790436685,1003.8230768367648
16llhSENDqTh1pL,1574,1066.7571496487562,1031.9433647216265
16llhSENDqTh1pL,1575,1063.7461471067236,1001.2730628823356
16llhSENDqTh1pL,1576,1063.167231598025,1014.2497591162974
16llhSENDqTh1pL,1577,1063.310774343452,1008.2411310620519
16llhSENDqTh1pL,1578,1063.4260392368305,996.1690762669314
16llhSENDqTh1pL,1579,1065.9203194344227,1007.2180779689734
16llhSENDqTh1pL,1580,1064.3971866710926,1021.7654282186995
16llhSENDqTh1pL,1581,1066.8294659945968,1007.0485423896316
16llhSENDqTh1pL,1582,1070.4790974443094,992.2092533742325
16llhSENDqTh1pL,1583,1070.7755539699428,1009.7834583632794
16llhSENDqTh1pL,1584,1071.8859892963374,1027.6197483493888
16llhSENDqTh1pL,1585,1068.7685631471686,995.4064353662543
16llhSENDqTh1pL,1586,1072.4889035613978,1034.2528641538465
16llhSENDqTh1pL,1587,1073.5243648202704,1022.1644249507772
16llhSENDqTh1pL,1588,1081.6198586085811,1021.8425798390526
16llhSENDqTh1pL,1589,1081.6141081671067,1012.4874105105828
16llhSENDqTh1pL,1590,1079.2204399292823,1000.9106865057256
16llhSENDqTh1pL,1591,1079.5109006705698,1019.6316050588157
16llhSENDqTh1pL,1592,1077.183826009743,1001.8118227315135
16llhSENDqTh1pL,1593,1076.9321778094409,1016.494849947655
16llhSENDqTh1pL,1594,1075.5236874727998,1018.118856954854
16llhSENDqTh1pL,1595,1075.6723651302414,1001.121078552063
16llhSENDqTh1pL,1596,1081.202424556017,998.2014487087727
16llhSENDqTh1pL,1597,1074.874395197745,1009.788553288694
16llhSENDqTh1pL,1598,1072.4361970816026,994.8287130389581
16llhSENDqTh1pL,1599,1070.5441528595984,1009.4121168807615
16llhSENDqTh1pL,1600,1073.8995998868486,1012.2731337797886
16llhSENDqTh1pL,1601,1080.070262696514,1013.6120943091009
16llhSENDqTh1pL,1602,1086.2205080796248,982.371780860818
16llhSENDqTh1pL,1603,1090.3125941134058,1000.3549339971505
16llhSENDqTh1pL,1604,1094.1457227895153,1039.0932488197577
16llhSENDqTh1pL,1605,1087.3379065564222,975.6235914996214
16llhSENDqTh1pL,1606,1092.9198403479531,1040.7010020138696
16llhSENDqTh1pL,1607,1093.8926481130184,1020.6694448760536
16llhSENDqTh1pL,1608,1094.3003220888786,1030.7450048024766
16llhSENDqTh1pL,1609,1088.4525590639569,1023.7859040003277
16llhSENDqTh1pL,1610,1089.1090415690414,1040.8298540685646
16llhSENDqTh1pL,1611,1096.5591997631564,1031.8860250913276
16llhSENDqTh1pL,1612,1098.6977032341529,1039.0475427426863
16llhSENDqTh1pL,1613,1099.545656716451,1035.8031654786319
16llhSENDqTh1pL,1614,1097.5081053662798,1042.5611441422006
16llhSENDqTh1pL,1615,1096.3152020059933,1030.0773442693462
16llhSENDqTh1pL,1616,1096.9358107463631,1042.43420002106
16llhSENDqTh1pL,1617,1093.8862464730846,1052.809912894314
16llhSENDqTh1pL,1618,1097.9744929501321,1010.2285753244068
16llhSENDqTh1pL,1619,1095.7947434261441,1017.6515561826527
16llhSENDqTh1pL,1620,1094.171760332476,1019.7446373521198
16llhSENDqTh1pL,1621,1099.9719619899988,1032.7861902220175
16llhSENDqTh1pL,1622,1098.0438286632325,1035.6143874189493
16llhSENDqTh1pL,1623,1104.109622198157,1050.243747281842
16llhSENDqTh1pL,1624,1108.4225739517278,1033.5011766159005
16llhSENDqTh1pL,1625,1104.512191085444,1045.996886366288
16llhSENDqTh1pL,1626,1099.9844106593719,1026.9280557424772
16llhSENDqTh1pL,1627,1096.099131532067,1035.6493343785942
16llhSENDqTh1pL,1628,1095.7830233265477,1006.3533699725585
16llhSENDqTh1pL,1629,1097.5533667899435,1029.1688246787526
16llhSENDqTh1pL,1630,1094.8644082293486,1023.0326965161967
16llhSENDqTh1pL,1631,1092.079839897233,1036.5686019692876
16llhSENDqTh1pL,1632,1095.2017157001392,1061.030713252534
16llhSENDqTh1pL,1633,1092.1301544670728,1030.4122013439205
16llhSENDqTh1pL,1634,1089.7421132628806,1013.989567976445
16llhSENDqTh1pL,1635,1099.781820466465,1039.8192063453166
16llhSENDqTh1pL,1636,1101.5318133589349,1025.1170283612332
16llhSENDqTh1pL,1637,1098.2112883238035,1019.6376503763634
16llhSENDqTh1pL,1638,1107.4683657865971,1017.9219815414399
16llhSENDqTh1pL,1639,1107.3324896967315,1027.4426480209731
16llhSENDqTh1pL,1640,1108.1552180702274,1040.1954136023705
16llhSENDqTh1pL,1641,1107.8042275269981,1005.6140621660743
16llhSENDqTh1pL,1642,1109.0090035411995,1001.1946647847071
16llhSENDqTh1pL,1643,1107.2872699988793,1024.363943424206
16llhSENDqTh1pL,1644,1108.373608698137,1045.573516278062
16llhSENDqTh1pL,1645,1108.9912701997673,1041.4208772111451
16llhSENDqTh1pL,1646,1109.6929769654234,1040.3984660793503
16llhSENDqTh1pL,1647,1112.9418094707653,1048.099923738744
16llhSENDqTh1pL,1648,1110.9184586598712,1051.3779378130275
16llhSENDqTh1pL,1649,1112.3937760522404,1042.8850884520034
16llhSENDqTh1pL,1650,1120.3312910747554,1028.6213725385096
16llhSENDqTh1pL,1651,1115.6233532634233,1025.921172616976
16llhSENDqTh1pL,1652,1120.3692109022495,1043.0454645718437
16llhSENDqTh1pL,1653,1121.558852783799,1068.090873382449
16llhSENDqTh1pL,1654,1124.33173851436,1072.077689898666
16llhSENDqTh1pL,1655,1125.130934560283,1058.4977331995806
16llhSENDqTh1pL,1656,1123.1125632696458,1035.4818871633288
16llhSENDqTh1pL,1657,1123.2643614681438,1076.291825321503
16llhSENDqTh1pL,1658,1121.5060043338453,1042.8995406258618
16llhSENDqTh1pL,1659,1124.5313575608347,1057.152970407686
16llhSENDqTh1pL,1660,1118.3553094782692,1069.8270167552691
16llhSENDqTh1pL,1661,1114.163137654672,1024.2965830293397
16llhSENDqTh1pL,1662,1120.1601908530574,1040.388057860313
16llhSENDqTh1pL,1663,1124.775798087736,1058.5443252419063
16llhSENDqTh1pL,1664,1123.6250762720592,1058.6226290008053
16llhSENDqTh1pL,1665,1124.2724492966518,1074.5797910749534
16llhSENDqTh1pL,1666,1126.9390725685516,1059.7313763095299
16llhSENDqTh1pL,1667,1124.1588831380468,1046.7223441437345
16llhSENDqTh1pL,1668,1124.320187276633,1054.2607855642527
16llhSENDqTh1pL,1669,1125.845447593776,1056.2548918729444
16llhSENDqTh1pL,1670,1128.2987988442183,1063.4601296111941
16llhSENDqTh1pL,1671,1126.3688902849535,1059.8620534689544
16llhSENDqTh1pL,1672,1129.5684605796196,1052.13748853992
16llhSENDqTh1pL,1673,1125.2213136087084,1055.207893312312
16llhSENDqTh1pL,1674,1122.6430842665904,1050.6701504155244
16llhSENDqTh1pL,1675,1123.5159582082624,1041.0533360496256
16llhSENDqTh1pL,1676,1122.4442200434505,1067.8863568675815
16llhSENDqTh1pL,1677,1126.3419400788844,1052.5746094174683
16llhSENDqTh1pL,1678,1128.4232904021628,1064.677746753674
16llhSENDqTh1pL,1679,1128.586277550009,1073.2379940132769
16llhSENDqTh1pL,1680,1127.7449549947123,1070.197983803806
16llhSENDqTh1pL,1681,1127.5898116200551,1044.5877559123328
16llhSENDqTh1pL,1682,1129.5680586953931,1070.5875078101926
16llhSENDqTh1pL,1683,1126.3999147561808,1051.4644509784375
16llhSENDqTh1pL,1684,1123.5273646176229,1058.8859778032074
16llhSENDqTh1pL,1685,1122.7613695147447,1050.2126241815276
16llhSENDqTh1pL,1686,1129.5974933476045,1069.474000056167
16llhSENDqTh1pL,1687,1132.6158752515967,1048.5416722223217
16llhSENDqTh1pL,1688,1128.4775612037047,1080.5959023665055
16llhSENDqTh1pL,1689,1131.2736128334782,1049.9620476578257
16llhSENDqTh1pL,1690,1131.688212782843,1043.0909590728115
16llhSENDqTh1pL,1691,1130.5049877399579,1016.6170967454091
16llhSENDqTh1pL,1692,1133.9186463101069,1041.428333197371
16llhSENDqTh1pL,1693,1133.765585105517,1025.5846568156267
16llhSENDqTh1pL,1694,1133.5130171654746,1060.155976460781
16llhSENDqTh1pL,1695,1129.4830378452316,1048.6543831089512
16llhSENDqTh1pL,1696,1127.406095691258,1043.1449249463622
16llhSENDqTh1pL,1697,1123.9671499816523,1020.5529575286255
16llhSENDqTh1pL,1698,1125.3298867331923,1027.3688666360558
16llhSENDqTh1pL,1699,1125.2297420173272,1044.5343282043323
16llhSENDqTh1pL,1700,1130.6191152306246,1059.601470340972
16llhSENDqTh1pL,1701,1130.1699575042603,1026.9707029598085
16llhSENDqTh1pL,1702,1132.1976477120638,1026.6859627951503
16llhSENDqTh1pL,1703,1130.9874039624046,1075.5020079422902
16llhSENDqTh1pL,1704,1133.9759247269994,1055.613383591599
16llhSENDqTh1pL,1705,1129.7166423238814,1073.4611393758096
16llhSENDqTh1pL,1706,1131.6992033218194,1045.3648814997796
16llhSENDqTh1pL,1707,1129.7783729509247,1061.5890799761546
16llhSENDqTh1pL,1708,1135.2226835229085,1056.4814544655965
16llhSENDqTh1pL,1709,1139.4013207155094,1070.8447856503353
16llhSENDqTh1pL,1710,1137.5659076181473,1067.7474883879768
16llhSENDqTh1pL,1711,1135.8805875877988,1051.3763949942622
16llhSENDqTh1pL,1712,1134.6527363441419,1074.3800929465797
16llhSENDqTh1pL,1713,1137.2919905391313,1068.844389696576
16llhSENDqTh1pL,1714,1134.8238915840911,1074.7667079431112
16llhSENDqTh1pL,1715,1134.4526034491305,1053.082017463183
16llhSENDqTh1pL,1716,1136.12603620873,1084.2931192933133
16llhSENDqTh1pL,1717,1136.0402427963427,1053.5141126602402
16llhSENDqTh1pL,1718,1143.6666148849326,1085.1787999816734
16llhSENDqTh1pL,1719,1140.2325965701602,1029.7534485696815
16llhSENDqTh1pL,1720,1143.8925247153966,1095.4158184340922
16llhSENDqTh1pL,1721,1139.2587037637131,1037.7885984882014
16llhSENDqTh1pL,1722,1145.2651730424259,1081.7580324655864
16llhSENDqTh1pL,1723,1146.7164806608198,1067.6595916930673
16llhSENDqTh1pL,1724,1148.6082092033466,1063.2468356782338
16llhSENDqTh1pL,1725,1145.7595546160883,1089.6860703443235
16llhSENDqTh1pL,1726,1142.6582248073537,1058.9511195078958
16llhSENDqTh1pL,1727,1139.1038861040288,1076.8643467191869
16llhSENDqTh1pL,1728,1141.4804387101904,1080.6409297329374
16llhSENDqTh1pL,1729,1138.9773320700042,1077.50077529205
16llhSENDqTh1pL,1730,1135.4549974897145,1059.5812161606937
16llhSENDqTh1pL,1731,1142.3120987543862,1086.671192757849
16llhSENDqTh1pL,1732,1140.331907184047,1072.2137850236122
16llhSENDqTh1pL,1733,1134.8522093989923,1078.6848256629928
16llhSENDqTh1pL,1734,1135.6854055896656,1064.547970950629
16llhSENDqTh1pL,1735,1138.966699830955,1058.2261215371545
16llhSENDqTh1pL,1736,1142.781068633587,1078.6525454328366
16llhSENDqTh1pL,1737,1145.4626172515418,1055.1097385915782
16llhSENDqTh1pL,1738,1144.5758243273012,1057.3952706302516
16llhSENDqTh1pL,1739,1144.071392899299,1082.9310878346805
16llhSENDqTh1pL,1740,1141.5339126535982,1060.2832907925185
16llhSENDqTh1pL,1741,1139.1732453596778,1068.4722444904037
16llhSENDqTh1pL,1742,1141.3005403493444,1042.593735166185
16llhSENDqTh1pL,1743,1147.0626220487065,1047.2649853013463
16llhSENDqTh1pL,1744,1146.0343725773073,1030.1288964921932
16llhSENDqTh1pL,1745,1146.4128392196853,1070.9956765506631
16llhSENDqTh1pL,1746,1145.1697777370118,1053.7994232932233
16llhSENDqTh1pL,1747,1138.0959145967981,1042.6691014339349
16llhSENDqTh1pL,1748,1144.1021714827057,1066.194050068223
16llhSENDqTh1pL,1749,1137.7106677081074,1063.2382559042062
16llhSENDqTh1pL,1750,1144.2996179636102,1055.3361843700986
16llhSENDqTh1pL,1751,1140.5905688130806,1031.1984004178594
16llhSENDqTh1pL,1752,1139.2908171972376,1064.9915211655316
16llhSENDqTh1pL,1753,1143.6079538300983,1078.166978432273
16llhSENDqTh1pL,1754,1142.8251446571667,1081.021628626855
16llhSENDqTh1pL,1755,1143.8053826696269,1072.4262129372946
16llhSENDqTh1pL,1756,1146.7629269196514,1057.8218840642694
16llhSENDqTh1pL,1757,1146.599154148218,1079.8762973658413
16llhSENDqTh1pL,1758,1147.3282517995685,1065.8660011347383
16llhSENDqTh1pL,1759,1145.644148560591,1064.0223343543485
16llhSENDqTh1pL,1760,1142.2052341485896,1105.2991515705862
16llhSENDqTh1pL,1761,1144.2476235535623,1041.7163260188581
16llhSENDqTh1pL,1762,1158.7805928070215,1113.0601347880097
16llhSENDqTh1pL,1763,1160.7988661368126,1092.5152575661177
16llhSENDqTh1pL,1764,1161.0750699345967,1107.5895812665126
16llhSENDqTh1pL,1765,1159.0833723651012,1075.2936663733562
16llhSENDqTh1pL,1766,1157.4794638650492,1096.519697134383
16llhSENDqTh1pL,1767,1158.7261637684423,1111.7427645302378
16llhSENDqTh1pL,1768,1159.3511517858424,1098.5850226036273
16llhSENDqTh1pL,1769,1157.2007682478288,1075.029114381061
16llhSENDqTh1pL,1770,1163.1365429569269,1076.9437811423559
16llhSENDqTh1pL,1771,1163.0365491722478,1085.7634421725525
16llhSENDqTh1pL,1772,1158.9247945325042,1081.4537784235144
16llhSENDqTh1pL,1773,1151.6132497198414,1106.3837515164632
16llhSENDqTh1pL,1774,1157.396466529637,1090.3775519790943
16llhSENDqTh1pL,1775,1154.3181485936002,1063.7323220401959
16llhSENDqTh1pL,1776,1156.8256292663264,1065.9281805515038
16llhSENDqTh1pL,1777,1165.9281915219944,1074.6991373541277
16llhSENDqTh1pL,1778,1168.8701939156708,1065.8474442709958
16llhSENDqTh1pL,1779,1172.3586131298798,1084.8241530830564
16llhSENDqTh1pL,1780,1162.7831495136488,1072.3834109768504
16llhSENDqTh1pL,1781,1163.1359328192339,1102.4325183748879
16llhSENDqTh1pL,1782,1169.2279170313668,1106.4161808648896
16llhSENDqTh1pL,1783,1164.507343456149,1081.201242491603
16llhSENDqTh1pL,1784,1165.0912962715756,1111.6559267203938
16llhSENDqTh1pL,1785,1166.9155326141044,1095.2327776099555
16llhSENDqTh1pL,1786,1166.0750826757576,1109.6537228285379
16llhSENDqTh1pL,1787,1169.0022160457447,1101.16430903133
16llhSENDqTh1pL,1788,1168.262008120263,1100.3020086930637
16llhSENDqTh1pL,1789,1169.7072394176266,1087.074527335184
16llhSENDqTh1pL,1790,1167.8219199102605,1089.7805568646872
16llhSENDqTh1pL,1791,1165.7584995560173,1088.3838695779268
16llhSENDqTh1pL,1792,1164.1374534313,1083.4794187192238
16llhSENDqTh1pL,1793,1167.3715592348017,1084.2408406310715
16llhSENDqTh1pL,1794,1162.1066840784624,1109.076928188093
16llhSENDqTh1pL,1795,1169.923058425251,1107.7717588601517
16llhSENDqTh1pL,1796,1170.4974627129122,1102.8720345578477
16llhSENDqTh1pL,1797,1172.8509430714184,1112.6083734241547
16llhSENDqTh1pL,1798,1175.5555297581595,1113.1155146582169
16llhSENDqTh1pL,1799,1177.498018109327,1106.6307510967308
16llhSENDqTh1pL,1800,1177.6403925165214,1089.878374133972
16llhSENDqTh1pL,1801,1176.8011158924055,1112.8701710231107
16llhSENDqTh1pL,1802,1168.1727009717142,1102.6438515636837
16llhSENDqTh1pL,1803,1168.2938911449637,1090.4775981068415
16llhSENDqTh1pL,1804,1171.7996502880706,1116.231627917732
16llhSENDqTh1pL,1805,1165.3843792534153,1115.7341673752944
16llhSENDqTh1pL,1806,1167.301805995332,1114.9445667489636
16llhSENDqTh1pL,1807,1176.282588942442,1114.577536507044
16llhSENDqTh1pL,1808,1181.151227811626,1113.6582661171396
16llhSENDqTh1pL,1809,1174.5120844398625,1122.3662386243232
16llhSENDqTh1pL,1810,1177.2220321791647,1100.6982174984842
16llhSENDqTh1pL,1811,1177.3780660169232,1113.0421789424527
16llhSENDqTh1pL,1812,1176.6464944279287,1116.3917664682958
16llhSENDqTh1pL,1813,1179.8259849329152,1124.9650904037662
16llhSENDqTh1pL,1814,1181.4051132786772,1134.6485625914866
16llhSENDqTh1pL,1815,1187.4118712495547,1077.415410784306
16llhSENDqTh1pL,1816,1188.9012208589993,1095.0286408671818
16llhSENDqTh1pL,1817,1194.7327408102283,1125.9280698270304
16llhSENDqTh1pL,1818,1190.7398602914764,1109.7671481651487
16llhSENDqTh1pL,1819,1192.2442928467935,1138.9284804895287
16llhSENDqTh1pL,1820,1195.4601900322596,1134.6129458226496
16llhSENDqTh1pL,1821,1191.6094337571703,1107.630124019488
16llhSENDqTh1pL,1822,1192.2204936996568,1122.4783131734002
16llhSENDqTh1pL,1823,1197.6826282838883,1134.2909608861955
16llhSENDqTh1pL,1824,1199.407352251059,1117.2801894700387
16llhSENDqTh1pL,1825,1200.7147992251266,1109.7168895004143
16llhSENDqTh1pL,1826,1209.3663527076133,1126.0935427228687
16llhSENDqTh1pL,1827,1207.581018828554,1121.916508571012
16llhSENDqTh1pL,1828,1208.451302723126,1125.7311271253093
16llhSENDqTh1pL,1829,1205.9621651167981,1117.62298573507
16llhSENDqTh1pL,1830,1199.971107581896,1147.266322117488
16llhSENDqTh1pL,1831,1198.496502833379,1102.0992494421625
16llhSENDqTh1pL,1832,1201.4155148125592,1114.770730525941
16llhSENDqTh1pL,1833,1207.7731358738565,1129.7351425023699
16llhSENDqTh1pL,1834,1205.495661838213,1105.94537858502
16llhSENDqTh1pL,1835,1207.3377046080714,1118.929340133298
16llhSENDqTh1pL,1836,1205.9239765232996,1132.6032663220467
16llhSENDqTh1pL,1837,1211.7893997643841,1121.327967013116
16llhSENDqTh1pL,1838,1208.9753491313313,1089.9924072952126
16llhSENDqTh1pL,1839,1209.9260232960805,1125.1582849132828
16llhSENDqTh1pL,1840,1213.7592203941604,1103.4338825371524
16llhSENDqTh1pL,1841,1210.719301702513,1115.1809833683656
16llhSENDqTh1pL,1842,1206.5287713567232,1099.3913138499483
16llhSENDqTh1pL,1843,1205.1492867163906,1135.290821566392
16llhSENDqTh1pL,1844,1212.3777132215691,1109.5714551320852
16llhSENDqTh1pL,1845,1212.2497065695934,1146.6905866037123
16llhSENDqTh1pL,1846,1215.8126994559752,1141.4575932314365
16llhSENDqTh1pL,1847,1213.2953169113025,1123.1512838071212
16llhSENDqTh1pL,1848,1215.6334942287904,1135.4952303475839
16llhSENDqTh1pL,1849,1210.9195790669364,1129.4034585735244
16llhSENDqTh1pL,1850,1210.0457503130601,1123.74919099416
16llhSENDqTh1pL,1851,1213.4718282728172,1097.7732902134776
16llhSENDqTh1pL,1852,1213.741234702291,1119.0561045084614
16llhSENDqTh1pL,1853,1206.219443020178,1098.1656669087242
16llhSENDqTh1pL,1854,1209.2143608548631,1124.1551596739282
16llhSENDqTh1pL,1855,1208.9928005134298,1098.2087042328221
16llhSENDqTh1pL,1856,1211.2812959249131,1155.0243490631692
16llhSENDqTh1pL,1857,1213.7610887151077,1111.19222556165
16llhSENDqTh1pL,1858,1208.3587676045718,1108.1271981057944
16llhSENDqTh1pL,1859,1207.8171613771847,1116.978847884442
16llhSENDqTh1pL,1860,1209.5816487098837,1124.3856523396516
16llhSENDqTh1pL,1861,1207.4395068504382,1126.4066183187533
16llhSENDqTh1pL,1862,1205.2042409943806,1129.0939057263004
16llhSENDqTh1pL,1863,1202.1963541569312,1125.355710430642
16llhSENDqTh1pL,1864,1202.857833830326,1106.4619601517188
16llhSENDqTh1pL,1865,1204.583478489525,1086.1128159590135
16llhSENDqTh1pL,1866,1216.0644810971712,1134.4832284384315
16llhSENDqTh1pL,1867,1213.1757262055762,1120.2348884348758
16llhSENDqTh1pL,1868,1209.6999842991645,1136.5813052525336
16llhSENDqTh1pL,1869,1214.9970453451388,1113.9233502480201
16llhSENDqTh1pL,1870,1220.2566162625244,1145.7282704018016
16llhSENDqTh1pL,1871,1216.989129712063,1116.2445976484596
16llhSENDqTh1pL,1872,1218.9740509021467,1124.7834556607377
16llhSENDqTh1pL,1873,1229.869626578893,1135.1576763318044
16llhSENDqTh1pL,1874,1229.6236241109436,1166.5365254528588
16llhSENDqTh1pL,1875,1232.2504147686996,1172.3070542016067
16llhSENDqTh1pL,1876,1232.1707734969386,1173.0787516740093
16llhSENDqTh1pL,1877,1229.2752513919286,1165.7961352799348
16llhSENDqTh1pL,1878,1223.307628413313,1170.7292174442264
16llhSENDqTh1pL,1879,1229.453871482011,1163.8723992043697
16llhSENDqTh1pL,1880,1228.9067441894003,1179.8650106078858
16llhSENDqTh1pL,1881,1226.4299080243773,1158.870464252538
16llhSENDqTh1pL,1882,1225.8609937700153,1163.2856422243894
16llhSENDqTh1pL,1883,1232.2079519886756,1108.0310560525395
16llhSENDqTh1pL,1884,1233.4379130650523,1142.1782331562463
16llhSENDqTh1pL,1885,1233.0931988144293,1153.536102080252
16llhSENDqTh1pL,1886,1232.3430084588763,1163.952460625791
16llhSENDqTh1pL,1887,1237.3987355331192,1157.842575712013
16llhSENDqTh1pL,1888,1239.6347293886392,1161.0989637034982
16llhSENDqTh1pL,1889,1236.8873524047308,1171.3984242789838
16llhSENDqTh1pL,1890,1234.571223768839,1168.1779087851432
16llhSENDqTh1pL,1891,1236.7152727330104,1179.7806257093325
16llhSENDqTh1pL,1892,1231.2782533730224,1155.6972379733652
16llhSENDqTh1pL,1893,1238.7484318674778,1180.8182833553528
16llhSENDqTh1pL,1894,1241.508826851612,1150.0720966008957
16llhSENDqTh1pL,1895,1240.2906963939095,1164.7746156269932
16llhSENDqTh1pL,1896,1246.7444261383716,1148.1723229956333
16llhSENDqTh1pL,1897,1250.3434384348802,1157.8552645710297
16llhSENDqTh1pL,1898,1249.5163460753538,1189.7341527529934
16llhSENDqTh1pL,1899,1251.3141824312042,1153.5821959488094
16llhSENDqTh1pL,1900,1253.5360098986712,1142.865382372227
16llhSENDqTh1pL,1901,1252.291554665193,1155.2618025392294
16llhSENDqTh1pL,1902,1252.1519562895628,1172.4590382869574
16llhSENDqTh1pL,1903,1251.0405549853858,1168.5807897895393
16llhSENDqTh1pL,1904,1250.8296067548872,1147.6769313182558
16llhSENDqTh1pL,1905,1254.8437679824383,1186.97323391397
16llhSENDqTh1pL,1906,1255.7150569292717,1185.3975665303878
16llhSENDqTh1pL,1907,1255.8860135191135,1165.167497053837
16llhSENDqTh1pL,1908,1258.1487369892857,1158.2528229711315
16llhSENDqTh1pL,1909,1264.4030447024852,1183.9623699504882
16llhSENDqTh1pL,1910,1259.8261535679922,1191.0871552471071
16llhSENDqTh1pL,1911,1261.0273661708925,1194.1612004006747
16llhSENDqTh1pL,1912,1259.356364781619,1186.0024422506103
16llhSENDqTh1pL,1913,1256.6735793855914,1172.2298003938922
16llhSENDqTh1pL,1914,1265.35365065746,1158.3605531360954
16llhSENDqTh1pL,1915,1263.9870755463926,1171.8416751414625
16llhSENDqTh1pL,1916,1264.8196387996431,1173.5847377883038
16llhSENDqTh1pL,1917,1261.5027316989144,1187.004514616332
16llhSENDqTh1pL,1918,1264.938161756023,1190.8336387492109
16llhSENDqTh1pL,1919,1269.117012551792,1210.3129148566104
16llhSENDqTh1pL,1920,1264.7872516852804,1186.0519730546512
16llhSENDqTh1pL,1921,1266.234566143201,1209.46423012386
16llhSENDqTh1pL,1922,1264.834605726297,1191.0206796851708
16llhSENDqTh1pL,1923,1266.834519635504,1196.2238747421325
16llhSENDqTh1pL,1924,1269.843541726721,1180.8434275242216
16llhSENDqTh1pL,1925,1268.2121392356185,1165.1227633150247
16llhSENDqTh1pL,1926,1263.808816228633,1195.276388090675
16llhSENDqTh1pL,1927,1268.0589714478701,1207.98410169594
16llhSENDqTh1pL,1928,1269.1169326152885,1208.238620444783
16llhSENDqTh1pL,1929,1272.2070230139652,1171.750603278866
16llhSENDqTh1pL,1930,1265.0813289968355,1116.3500532819016
16llhSENDqTh1pL,1931,1267.4541158855136,1190.3299897864636
16llhSENDqTh1pL,1932,1268.5774553548836,1156.0220574811392
16llhSENDqTh1pL,1933,1269.65263294318,1191.2860847625998
16llhSENDqTh1pL,1934,1271.2394341127292,1179.2727550090567
16llhSENDqTh1pL,1935,1272.4458709063474,1180.433386966819
16llhSENDqTh1pL,1936,1278.1548223160207,1203.4520633188076
16llhSENDqTh1pL,1937,1279.3677557017654,1202.397259524092
16llhSENDqTh1pL,1938,1275.2605340816663,1156.1030163257965
16llhSENDqTh1pL,1939,1281.1579414618536,1181.8640919707832
16llhSENDqTh1pL,1940,1285.715781885665,1212.0063439894002
16llhSENDqTh1pL,1941,1283.119970418018,1203.4046548451006
16llhSENDqTh1pL,1942,1279.5722231776454,1218.376857777621
16llhSENDqTh1pL,1943,1279.0198649060185,1230.8654032837803
16llhSENDqTh1pL,1944,1284.653628936765,1186.9218478414987
16llhSENDqTh1pL,1945,1291.6245029160345,1203.047559626546
16llhSENDqTh1pL,1946,1284.5281529906206,1232.093039790634
16llhSENDqTh1pL,1947,1285.8334997530474,1213.5307071964635
16llhSENDqTh1pL,1948,1283.6713927711826,1228.691480614012
16llhSENDqTh1pL,1949,1285.6033690335462,1203.7782647833228
16llhSENDqTh1pL,1950,1292.0668416088447,1198.6106970598921
16llhSENDqTh1pL,1951,1295.150138560508,1231.5230978464824
16llhSENDqTh1pL,1952,1296.0873431490581,1209.6704488329524
16llhSENDqTh1pL,1953,1289.4972617388703,1155.1744267917238
16llhSENDqTh1pL,1954,1290.0045331730507,1227.2251378570218
16llhSENDqTh1pL,1955,1294.624852333538,1255.1066801886482
16llhSENDqTh1pL,1956,1290.2051083748229,1184.4617616240866
16llhSENDqTh1pL,1957,1292.609629886574,1222.0899944830453
16llhSENDqTh1pL,1958,1288.9388522029476,1200.891300839241
16llhSENDqTh1pL,1959,1287.398099530139,1218.4023543197545
16llhSENDqTh1pL,1960,1281.7302150854202,1184.242689570162
16llhSENDqTh1pL,1961,1288.9684607435738,1217.2295053761081
16llhSENDqTh1pL,1962,1288.8512507993728,1208.1443532649428
16llhSENDqTh1pL,1963,1295.731611626331,1187.9510932174662
16llhSENDqTh1pL,1964,1294.6707693827339,1221.6475210082717
16llhSENDqTh1pL,1965,1300.7200665220153,1228.365874917945
16llhSENDqTh1pL,1966,1296.562595620108,1198.9908428483727
16llhSENDqTh1pL,1967,1294.4274011307862,1182.2670803049114
16llhSENDqTh1pL,1968,1299.461370877325,1205.5358271518344
16llhSENDqTh1pL,1969,1299.184152617585,1189.2885596768465
16llhSENDqTh1pL,1970,1302.4212019338447,1217.6001913654327
16llhSENDqTh1pL,1971,1304.962388374377,1183.8381867120042
16llhSENDqTh1pL,1972,1313.2843948335212,1210.264927461074
16llhSENDqTh1pL,1973,1305.3868121134583,1182.1364797887509
16llhSENDqTh1pL,1974,1305.6710135629983,1240.2037993046106
16llhSENDqTh1pL,1975,1304.0349984153145,1203.2135894289095
16llhSENDqTh1pL,1976,1312.648090251023,1207.5186693447176
16llhSENDqTh1pL,1977,1308.6449606223105,1232.2156661803092
16llhSENDqTh1pL,1978,1300.632044451042,1216.2249824768733
16llhSENDqTh1pL,1979,1297.2230106820352,1209.324713029433
16llhSENDqTh1pL,1980,1294.2490790051452,1213.9508664247624
16llhSENDqTh1pL,1981,1304.2160386339456,1195.145134844286
16llhSENDqTh1pL,1982,1307.173305584045,1235.1894504259544
16llhSENDqTh1pL,1983,1299.135642118741,1205.5067389204523
16llhSENDqTh1pL,1984,1301.524442131824,1235.1564723869851
16llhSENDqTh1pL,1985,1308.446341995499,1237.5113904218888
16llhSENDqTh1pL,1986,1312.6138211833313,1264.1543268309906
16llhSENDqTh1pL,1987,1316.223306044286,1262.2514674880558
16llhSENDqTh1pL,1988,1316.726022549141,1228.0822022312059
16llhSENDqTh1pL,1989,1318.6582730528917,1232.7640805956926
16llhSENDqTh1pL,1990,1323.4403820301386,1253.2346177550944
16llhSENDqTh1pL,1991,1330.1061546532328,1239.1693157637346
16llhSENDqTh1pL,1992,1331.7499261725698,1246.2997706759725
16llhSENDqTh1pL,1993,1332.8963439851068,1186.134033552371
16llhSENDqTh1pL,1994,1342.7535612434062,1250.4590160671419
16llhSENDqTh1pL,1995,1333.6883645926725,1245.410863573489
16llhSENDqTh1pL,1996,1339.3641015235335,1269.8522152844816
16llhSENDqTh1pL,1997,1334.3165206661283,1286.949326490408
16llhSENDqTh1pL,1998,1331.2171239226502,1239.0007138817948
16llhSENDqTh1pL,1999,1335.7886698975926,1242.151091290987
16llhSENDqTh1pL,2000,1339.9569746602124,1258.2175786226785
