run_id,step_no,w_budget,w_spent,c_budget,c_spent
uHvWwqUZZbWa66I,1,1800.0000715255737,1330.8000528812408,150.00000596046448,109.20000433921814
uHvWwqUZZbWa66I,2,1808.4599974155426,1433.2241778597236,147.61849743127823,119.19516679644585
uHvWwqUZZbWa66I,3,1864.9887927174568,1253.817060230882,164.76360058784485,105.77181569486856
uHvWwqUZZbWa66I,4,2011.3523517251015,1090.6079219207168,188.72863560914993,99.46932858228683
uHvWwqUZZbWa66I,5,2163.514177799225,1389.7435365840793,210.53863698244095,142.94460162892938
uHvWwqUZZbWa66I,6,2298.4515204429626,1535.11492401734,236.21625006198883,159.92150247097015
uHvWwqUZZbWa66I,7,2423.583332479,1612.2473364882171,267.9597519040108,158.43688198924065
uHvWwqUZZbWa66I,8,2542.415011405945,2072.4629542473704,277.42046052217484,219.72104912996292
uHvWwqUZZbWa66I,9,2636.9621554613113,1425.2248614877462,312.2035785317421,168.56743244826794
uHvWwqUZZbWa66I,10,2761.9443885087967,1669.5757117457688,298.58539840206504,185.25675159320235
uHvWwqUZZbWa66I,11,2872.859345436096,1532.9434954039752,327.66912773251534,200.84449809789658
uHvWwqUZZbWa66I,12,2988.740162193775,1597.487519476097,357.2601431272924,181.23208117391914
uHvWwqUZZbWa66I,13,3099.6906549334526,2352.197341378778,362.9508047476411,296.0984845608473
uHvWwqUZZbWa66I,14,3170.6406626701355,1692.2044998161728,399.8907061244827,231.67548996466212
uHvWwqUZZbWa66I,15,3273.751914858818,2308.3053148994222,396.509716629982,268.78538589179516
uHvWwqUZZbWa66I,16,3344.549270749092,2599.365682322532,418.81208831071854,308.1206702962518
uHvWwqUZZbWa66I,17,3399.165105819702,2821.7768350262195,416.9138894826174,351.48459446430206
uHvWwqUZZbWa66I,18,3440.7330129146576,2908.41361784935,414.3800639300607,347.23977858712897
uHvWwqUZZbWa66I,19,3477.1868121027946,3102.1120595168322,416.74088829755783,356.1868636831641
uHvWwqUZZbWa66I,20,3502.1367119550705,3184.4734898246825,407.738418713212,370.9327441006899
uHvWwqUZZbWa66I,21,3522.2003170847893,3264.9389828071,390.05990033596754,364.8060013204813
uHvWwqUZZbWa66I,22,3537.063159584999,3266.948607824743,374.7102014515549,344.45025175251067
uHvWwqUZZbWa66I,23,3550.6051294207573,3364.154087461531,357.3479700535536,340.88513474166393
uHvWwqUZZbWa66I,24,3558.2932468652725,3387.3363282307982,337.77399475872517,324.1446969434619
uHvWwqUZZbWa66I,25,3563.510417819023,3410.424567112699,316.3320305198431,304.83935813605785
uHvWwqUZZbWa66I,26,3566.9378210306168,3449.661063428968,294.3049105629325,287.5725311860442
uHvWwqUZZbWa66I,27,3567.17145550251,3360.3633647486567,285.9875355120748,273.5492613967508
uHvWwqUZZbWa66I,28,3571.041301727295,3448.0762757211924,261.52215359639376,259.27870654594153
uHvWwqUZZbWa66I,29,3569.6419874429703,3397.4871433684602,242.26482328027487,232.8230146691203
uHvWwqUZZbWa66I,30,3568.753949403763,3464.6960727646947,240.42704943940043,233.42697982117534
uHvWwqUZZbWa66I,31,3564.3420082330704,3409.2478379905224,230.93082877993584,221.87853910028934
uHvWwqUZZbWa66I,32,3561.6595660448074,3465.6660610586405,216.76338601112366,209.6220961213112
uHvWwqUZZbWa66I,33,3554.879016160965,3429.6919358558953,215.83743896568194,208.79680476570502
uHvWwqUZZbWa66I,34,3550.3690617084503,3389.9332692176104,195.51840153429657,186.62043821904808
uHvWwqUZZbWa66I,35,3546.7060554027557,3490.6109016239643,182.79255557060242,179.46680784225464
uHvWwqUZZbWa66I,36,3537.6238186359406,3472.1447501704097,176.6674324956257,174.65732259419747
uHvWwqUZZbWa66I,37,3529.100960969925,3468.1913544759154,166.83900979626924,159.05203052330762
uHvWwqUZZbWa66I,38,3520.252391219139,3462.2260892391205,154.579624151811,153.23815176449716
uHvWwqUZZbWa66I,39,3511.291653394699,3470.4345014952123,155.85853384062648,154.8292513899505
uHvWwqUZZbWa66I,40,3501.170465826988,3409.6410976201296,156.05142752826214,151.03096698224545
uHvWwqUZZbWa66I,41,3493.3649314641953,3456.1654492020607,148.71547977550654,148.28912828786997
uHvWwqUZZbWa66I,42,3482.8041137456894,3450.235990449786,146.53708452777937,146.53708452777937
uHvWwqUZZbWa66I,43,3471.679873585701,3445.1051785945892,135.18603053689003,134.39462140202522
uHvWwqUZZbWa66I,44,3461.0586733818054,3410.392001092434,137.7087257336825,137.06562159769237
uHvWwqUZZbWa66I,45,3449.815768957138,3392.0053796693683,141.44641414727084,139.55948308552615
uHvWwqUZZbWa66I,46,3440.5171236991882,3421.844919444993,138.10374505724758,138.10374505724758
uHvWwqUZZbWa66I,47,3429.662442922592,3363.6572122573853,137.587623789208,134.69452552427538
uHvWwqUZZbWa66I,48,3400.603639483452,3378.068367213011,134.82162383383547,134.1288728434447
uHvWwqUZZbWa66I,49,3391.4053173065186,3371.1824219822884,127.89063241891563,124.36604907922447
uHvWwqUZZbWa66I,50,3377.92708414793,3347.8252160311677,135.0862775053829,131.59513931535184
uHvWwqUZZbWa66I,51,3368.4634848833084,3351.3133381307125,136.19867853075266,135.73549059778452
uHvWwqUZZbWa66I,52,3345.6983703374863,3312.1605039834976,140.97045892849565,138.40592658892274
uHvWwqUZZbWa66I,53,3323.794875741005,3305.046141587198,144.9543479643762,144.9543479643762
uHvWwqUZZbWa66I,54,3317.282916724682,3281.104654878378,146.63609443604946,146.63609443604946
uHvWwqUZZbWa66I,55,3283.7090833187103,3271.087630569935,145.7307914046105,144.9263881293591
uHvWwqUZZbWa66I,56,3277.9035407304764,3248.7190010249615,145.82879901863635,144.65886063314974
uHvWwqUZZbWa66I,57,3234.832208842039,3230.4729435145855,171.45629361271858,171.23083351552486
uHvWwqUZZbWa66I,58,3203.1758172512054,3146.2565592229366,182.70824639499187,181.7126002162695
uHvWwqUZZbWa66I,59,3165.3586151897907,3159.9225166141987,185.857278034091,185.857278034091
uHvWwqUZZbWa66I,60,3176.610481739044,3105.249150261283,161.68663395568728,156.4578739516437
uHvWwqUZZbWa66I,61,3098.199484087527,3089.7341649904847,163.64517441857606,163.64517441857606
uHvWwqUZZbWa66I,62,3131.1965696513653,3066.2666479349136,179.9058974981308,176.00236113369465
uHvWwqUZZbWa66I,63,3033.944241553545,3032.939167767763,192.13453418016434,192.13453418016434
uHvWwqUZZbWa66I,64,3093.003408551216,3031.343855574727,163.45427362946793,162.42989473370835
uHvWwqUZZbWa66I,65,2925.77327093482,2925.77327093482,166.03553510643542,166.03553510643542
uHvWwqUZZbWa66I,66,3050.4516684412956,2988.5609316769987,190.0882690101862,183.80629308521748
uHvWwqUZZbWa66I,67,2799.7273199781775,2799.194873832166,186.94973541796207,186.94973541796207
uHvWwqUZZbWa66I,68,3001.5659179240465,2904.5423122122884,172.19360743276775,166.96490713767707
uHvWwqUZZbWa66I,69,2567.1183469220996,2567.1183469220996,171.11311712814495,171.11311712814495
uHvWwqUZZbWa66I,70,2952.976823568344,2805.1871700230986,182.50587041676044,172.98613759875298
uHvWwqUZZbWa66I,71,2289.3225163705647,2289.3225163705647,174.44484970136546,174.44484970136546
uHvWwqUZZbWa66I,72,2903.53733253479,2739.5181539170444,176.99966195225716,162.23629321157932
uHvWwqUZZbWa66I,73,2046.3950840197504,2046.3950840197504,174.76496946951374,174.76496946951374
uHvWwqUZZbWa66I,74,2855.19100266695,2663.3346788696945,169.66030392050743,153.93352521955967
uHvWwqUZZbWa66I,75,1849.1886341702193,1849.1886341702193,170.79658124782145,170.79658124782145
uHvWwqUZZbWa66I,76,2810.4023422002792,2529.13564812392,161.9108224362135,141.47392750531435
uHvWwqUZZbWa66I,77,1700.7400775114074,1700.7400775114074,169.93517623655498,169.93517623655498
uHvWwqUZZbWa66I,78,2766.7773312330246,2441.7019113574643,159.36595185101032,139.97270204126835
uHvWwqUZZbWa66I,79,1655.745744150132,1655.745744150132,173.98977262713015,173.98977262713015
uHvWwqUZZbWa66I,80,2727.8619225621223,2319.2266565272585,160.24241149425507,143.16611263994128
uHvWwqUZZbWa66I,81,1668.0756920827553,1668.0756920827553,176.14595385082066,176.14595385082066
uHvWwqUZZbWa66I,82,2691.2205086946487,2279.530021663755,159.31944335252047,132.16415799502283
uHvWwqUZZbWa66I,83,1683.733003564179,1683.733003564179,177.5538016203791,177.5538016203791
uHvWwqUZZbWa66I,84,2654.6488330066204,2242.864182982594,154.9238192215562,133.98988407850266
uHvWwqUZZbWa66I,85,1672.9427951611578,1672.9427951611578,167.31065344437957,167.31065344437957
uHvWwqUZZbWa66I,86,2619.2168965935707,2207.845463300124,154.46108806878328,128.3772844299674
uHvWwqUZZbWa66I,87,1680.3445024956018,1680.3445024956018,168.2862912202254,168.2862912202254
uHvWwqUZZbWa66I,88,2586.1321734189987,2228.7133311834186,151.62526938319206,129.3067940250039
uHvWwqUZZbWa66I,89,1676.9439798779786,1676.9439798779786,175.45578688848764,175.45578688848764
uHvWwqUZZbWa66I,90,2551.1823757886887,2213.832749536261,159.99666964262724,135.051681317389
uHvWwqUZZbWa66I,91,1683.787928136997,1683.787928136997,177.94803617149591,177.94803617149591
uHvWwqUZZbWa66I,92,2446.4412419572473,2122.1062588812783,160.50212490186095,133.27165023237467
uHvWwqUZZbWa66I,93,1611.385030452162,1611.385030452162,180.34218356758356,180.34218356758356
uHvWwqUZZbWa66I,94,2379.2961992807686,2049.214546965901,154.25364573672414,133.9117499254644
uHvWwqUZZbWa66I,95,1603.3914391240105,1603.3914391240105,179.18752244114876,179.18752244114876
uHvWwqUZZbWa66I,96,2198.320988029707,1976.5131134917028,155.91250807023607,139.1872546223458
uHvWwqUZZbWa66I,97,1482.5736736645922,1482.5736736645922,176.31179455667734,176.31179455667734
uHvWwqUZZbWa66I,98,1987.3406014675274,1764.384874427691,157.21133090555668,140.2094001621008
uHvWwqUZZbWa66I,99,1368.17556419404,1368.17556419404,176.25421552360058,176.25421552360058
uHvWwqUZZbWa66I,100,1774.8600157951005,1597.2162691061385,154.4370240299031,143.51345369499177
uHvWwqUZZbWa66I,101,1223.5395715323975,1223.5395715323975,169.5932602956891,169.5932602956891
uHvWwqUZZbWa66I,102,1566.6356306169182,1394.074932220392,142.29935032129288,132.3252914082259
uHvWwqUZZbWa66I,103,1076.1904505400453,1076.1904505400453,159.76474418491125,159.76474418491125
uHvWwqUZZbWa66I,104,1313.6228884635493,1187.9152173837647,141.16203831654275,129.05288299825042
uHvWwqUZZbWa66I,105,913.9321942362003,913.9321942362003,145.09107063990086,145.09107063990086
uHvWwqUZZbWa66I,106,1136.9643318728777,999.9400379696162,125.24913533590734,110.7818331476301
uHvWwqUZZbWa66I,107,801.7775412055926,801.7775412055926,134.62572455219924,134.62572455219924
uHvWwqUZZbWa66I,108,948.9279347429983,840.7035228852183,118.94451156444848,105.8449227809906
uHvWwqUZZbWa66I,109,692.5896958536468,692.5896958536468,123.25676952302456,123.25676952302456
uHvWwqUZZbWa66I,110,794.2405330340116,704.3011726662953,105.99970700591803,92.3216505870223
uHvWwqUZZbWa66I,111,598.5781721264357,597.942770162248,107.50281888525933,107.50281888525933
uHvWwqUZZbWa66I,112,613.5092188623967,546.0388651789399,93.83908352961589,86.46154800763179
uHvWwqUZZbWa66I,113,478.729501394555,478.729501394555,90.17737337946892,90.17737337946892
uHvWwqUZZbWa66I,114,483.7006931849173,411.3006829604856,82.3211472183466,74.27438507042825
uHvWwqUZZbWa66I,115,379.00050966627896,379.00050966627896,74.09099413640797,74.09099413640797
uHvWwqUZZbWa66I,116,364.607964052062,297.19288933620555,62.22018628765363,53.73074704880128
uHvWwqUZZbWa66I,117,300.713612408319,300.713612408319,56.033293881453574,56.033293881453574
uHvWwqUZZbWa66I,118,269.86408600443974,208.4544031289406,47.889492372982204,39.85657177772373
uHvWwqUZZbWa66I,119,225.71566167665878,225.3750264365808,41.37967905169353,41.37967905169353
uHvWwqUZZbWa66I,120,192.4954907334013,149.5521299495431,34.4805927707348,26.15011516492814
uHvWwqUZZbWa66I,121,155.7314966202248,152.127709856024,28.28389468905516,27.797317610355094
uHvWwqUZZbWa66I,122,129.1934966898989,73.67121086106636,18.744503829162568,12.073849863838404
uHvWwqUZZbWa66I,123,108.35692190611735,81.14268414629623,14.477040625177324,10.653815653175116
uHvWwqUZZbWa66I,124,88.23018004186451,31.423768311738968,11.196678615640849,2.235073946416378
uHvWwqUZZbWa66I,125,78.06161794252694,37.68072496261448,11.0073910667561,6.189038830809295
uHvWwqUZZbWa66I,126,68.19736826326698,17.191793950274587,8.351584306452423,3.1582890264689922
uHvWwqUZZbWa66I,127,63.196993614546955,15.091606669127941,6.799633332062513,0.9576093582436442
uHvWwqUZZbWa66I,128,59.56099983025342,12.264027347788215,6.633136419113725,0.9315245896577835
uHvWwqUZZbWa66I,129,55.44208318646997,6.908788474276662,6.347943191882223,1.5503186881542206
uHvWwqUZZbWa66I,130,51.94087897706777,11.233941730111837,5.179519624914974,1.1261865124106407
uHvWwqUZZbWa66I,131,49.3546446794644,6.409244751557708,4.424305195454508,0.6799761019647121
uHvWwqUZZbWa66I,132,46.77151070069522,4.7036373764276505,3.981465118471533,0.5320557653903961
uHvWwqUZZbWa66I,133,45.102544674649835,6.839092642068863,3.6159555637277663,0.25351813435554504
uHvWwqUZZbWa66I,134,42.966291196644306,6.113896258175373,3.5182338249869645,0.3521629050374031
uHvWwqUZZbWa66I,135,41.32905511930585,1.4626829698681831,3.4511545128189027,0.004081746097654104
uHvWwqUZZbWa66I,136,40.365297328680754,5.69980264082551,3.3762808814644814,0.7158893868327141
uHvWwqUZZbWa66I,137,39.083052506670356,5.725453235208988,2.675046518445015,0.182986781001091
uHvWwqUZZbWa66I,138,38.458200031891465,4.644688714295626,2.4529246110469103,0.12845902144908905
uHvWwqUZZbWa66I,139,37.47298668883741,5.028905470855534,2.1963707376271486,0.14788215048611164
uHvWwqUZZbWa66I,140,36.23171008564532,8.165413983166218,2.065903600305319,0.5162756443023682
uHvWwqUZZbWa66I,141,36.070272197946906,4.698802683502436,53.29554346203804,13.440360933542252
uHvWwqUZZbWa66I,142,35.77565952017903,2.597175031900406,47.62487529590726,1.3247300684452057
uHvWwqUZZbWa66I,143,34.823786813765764,1.3350670225918293,45.25131991133094,0.9124681055545807
uHvWwqUZZbWa66I,144,33.58926209062338,3.4202394550666213,43.42880128696561,4.75321788340807
uHvWwqUZZbWa66I,145,32.621893340256065,3.6822703424841166,40.15791454911232,3.6024622470140457
uHvWwqUZZbWa66I,146,31.409056480508298,1.8844311404973269,37.765493100043386,2.2209063041955233
uHvWwqUZZbWa66I,147,30.563230925705284,1.3253072202205658,35.37015192164108,1.5746749117970467
uHvWwqUZZbWa66I,148,29.915166893508285,6.203507187310606,33.52941421372816,6.7174830213189125
uHvWwqUZZbWa66I,149,29.8801373494789,1.160658285021782,30.543994686100632,1.7115947525016963
uHvWwqUZZbWa66I,150,29.06457305047661,2.1598991304636,29.057969289831817,2.252035778015852
uHvWwqUZZbWa66I,151,28.209214435890317,2.089222521521151,27.55763712991029,2.755768597126007
uHvWwqUZZbWa66I,152,27.445377797354013,2.4965570103377104,25.435510973911732,1.868182661011815
uHvWwqUZZbWa66I,153,26.89109736075625,2.028595097362995,23.943831607233733,2.1007207967340946
uHvWwqUZZbWa66I,154,26.74701646482572,1.6713353544473648,22.26931310025975,1.3614805415272713
uHvWwqUZZbWa66I,155,26.628360053058714,2.986643200740218,21.295976802241057,2.147737918421626
uHvWwqUZZbWa66I,156,26.44657660787925,2.3052598610520363,19.987648146692663,2.047401137650013
uHvWwqUZZbWa66I,157,26.420773011865094,3.5951011534780264,18.633916357997805,2.790784191340208
uHvWwqUZZbWa66I,158,26.25144371506758,4.570681534707546,17.35357520962134,3.30449260934256
uHvWwqUZZbWa66I,159,26.37363410112448,4.019282773137093,15.886185872834176,3.1674115508794785
uHvWwqUZZbWa66I,160,26.39718114142306,4.807101331651211,14.438855768647045,2.2483427599072456
uHvWwqUZZbWa66I,161,26.081305246567354,3.143896795809269,13.114944982808083,2.169254764681682
uHvWwqUZZbWa66I,162,25.8978866643738,2.799916193820536,12.330671176081523,2.0653205374255776
uHvWwqUZZbWa66I,163,25.85293860710226,4.043141580186784,11.346672850428149,1.1867455129977316
uHvWwqUZZbWa66I,164,25.69205102021806,4.043379047885537,10.61139705684036,1.934057468548417
uHvWwqUZZbWa66I,165,25.741492160363123,5.172768123447895,9.699624239467084,2.4181255362927914
uHvWwqUZZbWa66I,166,25.9625348567497,4.456568859517574,8.388595682801679,1.2762522734701633
uHvWwqUZZbWa66I,167,25.83057343470864,4.5719000527169555,7.694878084119409,1.3143802471458912
uHvWwqUZZbWa66I,168,25.751407152973115,2.428207472898066,6.977324073435739,0.7413566932082176
uHvWwqUZZbWa66I,169,25.629772579297423,3.709643065929413,6.652936936588958,0.5867144502699375
uHvWwqUZZbWa66I,170,25.867692345753312,4.707728298380971,6.169421888887882,1.0501331267878413
uHvWwqUZZbWa66I,171,25.846129110082984,4.272384956479073,5.371869266964495,0.4574634761083871
uHvWwqUZZbWa66I,172,25.928084218874574,4.002970892004669,4.950095055392012,1.071144568733871
uHvWwqUZZbWa66I,173,25.98695870768279,3.411508470773697,4.528458186192438,0.6821201874408871
uHvWwqUZZbWa66I,174,25.88182723056525,3.985194258391857,4.258002805057913,0.8229518197476864
uHvWwqUZZbWa66I,175,25.635146512358915,4.413292746699881,3.8867157944478095,1.1400578897446394
uHvWwqUZZbWa66I,176,25.5398152298294,4.812020594719797,3.4448084752075374,0.719801158644259
uHvWwqUZZbWa66I,177,25.608089963905513,5.3916877545416355,3.1508160126395524,0.5414190532173961
uHvWwqUZZbWa66I,178,25.571868727274705,3.994875632226467,3.0552728741895407,0.40204847417771816
uHvWwqUZZbWa66I,179,25.691141559102107,3.9222631249576807,2.8413131970446557,0.4120463018771261
uHvWwqUZZbWa66I,180,25.593304811336566,4.303301400505006,2.6105918316170573,0.5013772435486317
uHvWwqUZZbWa66I,181,25.687804053828586,4.437070939689875,2.4063003277406096,0.466929666697979
uHvWwqUZZbWa66I,182,25.766659000248183,5.601892622013111,2.1778618386015296,0.43901169300079346
uHvWwqUZZbWa66I,183,25.88398566795513,4.925708057358861,1.9967938330955803,0.4096047207713127
uHvWwqUZZbWa66I,184,25.923889722209424,5.549828194081783,1.8762024720199406,0.5229700999334455
uHvWwqUZZbWa66I,185,26.023166926112026,5.913313379511237,1.6225267122499645,0.2929180506616831
uHvWwqUZZbWa66I,186,26.069145830348134,4.5342669752426445,1.4580545308999717,0.11031800275668502
uHvWwqUZZbWa66I,187,26.12946396274492,6.870047221425921,1.3827696768566966,0.39054055139422417
uHvWwqUZZbWa66I,188,26.255435917526484,5.5126123037189245,1.2449692087247968,0.27893368154764175
uHvWwqUZZbWa66I,189,26.373277991777286,6.256734270602465,1.1762091545388103,0.23640963435173035
uHvWwqUZZbWa66I,190,26.439522482221946,5.482640579342842,1.0734189162030816,0.33507009129971266
uHvWwqUZZbWa66I,191,26.644744785269722,6.5018151346594095,0.8954701311886311,0.08674124255776405
uHvWwqUZZbWa66I,192,26.684519357746467,7.062842341139913,0.8554294090718031,0.20519344322383404
uHvWwqUZZbWa66I,193,26.686162564670667,4.8627067022025585,0.7936593391932547,0.06504801521077752
uHvWwqUZZbWa66I,194,26.628937121247873,5.947135496884584,0.7539652846753597,0.0761228259652853
uHvWwqUZZbWa66I,195,26.66946934047155,6.486815303331241,0.7296989855822176,0.09150931425392628
uHvWwqUZZbWa66I,196,26.825490203220397,5.774739877786487,0.6691930198576301,0.12684009969234467
uHvWwqUZZbWa66I,197,26.952582609839737,6.589681923389435,0.6334330395329744,0.12067855498753488
uHvWwqUZZbWa66I,198,27.068931981921196,5.599786181934178,0.5940657132305205,0.07397149130702019
uHvWwqUZZbWa66I,199,27.23513204138726,5.285484932363033,0.5340846846811473,0.15839776769280434
uHvWwqUZZbWa66I,200,27.34811765048653,5.596806501969695,0.4721672120504081,0.08147471770644188
uHvWwqUZZbWa66I,201,27.512762689730152,5.801609243964776,0.4548370880074799,0.08224284648895264
uHvWwqUZZbWa66I,202,27.644380507059395,5.49746816791594,0.40631732856854796,0.1307192761451006
uHvWwqUZZbWa66I,203,27.783483132719994,5.2131043784320354,0.36657517263665795,0.045367369428277016
uHvWwqUZZbWa66I,204,27.939172890037298,6.191419463604689,0.33882304979488254,0.09800555557012558
uHvWwqUZZbWa66I,205,27.981277115177363,6.001977746374905,0.32473498536273837,0.0582915460690856
uHvWwqUZZbWa66I,206,27.985269487602636,6.955189627595246,0.3246773951686919,0.14437492657452822
uHvWwqUZZbWa66I,207,28.04185499320738,7.0885812463238835,0.29882086580619216,0.07625026255846024
uHvWwqUZZbWa66I,208,28.137058255961165,6.49990858999081,0.2709539853967726,0.06028146808966994
uHvWwqUZZbWa66I,209,28.27436612220481,5.642768649384379,0.26008683256804943,0.059389010071754456
uHvWwqUZZbWa66I,210,28.310592034365982,5.397924235090613,0.2538427063263953,0.024202432483434677
uHvWwqUZZbWa66I,211,28.38754407549277,6.7775651081465185,0.24685932463034987,0.12267907336354256
uHvWwqUZZbWa66I,212,28.50586514454335,4.828368698246777,0.22029214771464467,0.03279026970267296
uHvWwqUZZbWa66I,213,28.48515951167792,6.417109766043723,0.20331491762772202,0.011424279771745205
uHvWwqUZZbWa66I,214,28.593536652624607,6.187334560789168,0.19763589277863503,0.02947799302637577
uHvWwqUZZbWa66I,215,28.739345139823854,5.855494907125831,0.18607669044286013,0.10300332820042968
uHvWwqUZZbWa66I,216,28.86644982919097,6.248498293571174,0.1740176142193377,0.022716587409377098
uHvWwqUZZbWa66I,217,28.89798101084307,7.085813797079027,0.16776067670434713,0.004781461786478758
uHvWwqUZZbWa66I,218,28.975139449350536,6.04054884146899,0.15897872298955917,0.042793755419552326
uHvWwqUZZbWa66I,219,29.105753128416836,6.574046285822988,0.15293850610032678,0.017458457499742508
uHvWwqUZZbWa66I,220,29.102485101902857,6.250799896195531,0.14806740451604128,0.05167107470333576
uHvWwqUZZbWa66I,221,29.244154521496966,5.540518995374441,0.14164560101926327,0.07186219561845064
uHvWwqUZZbWa66I,222,29.4236236193683,5.865709859644994,0.13436777098104358,0.019267017487436533
uHvWwqUZZbWa66I,223,29.479723556898534,6.413548580836505,0.12986708851531148,0.03552584396675229
uHvWwqUZZbWa66I,224,29.583158319379436,5.989289282821119,0.12753315619193017,0.034178092144429684
uHvWwqUZZbWa66I,225,29.640945900726365,5.804741526517319,0.13257896271534264,0.031157565768808126
uHvWwqUZZbWa66I,226,29.703218968119472,6.577969470527023,0.12749947072006762,0.0359463132917881
uHvWwqUZZbWa66I,227,29.83142768777907,7.133234303444624,0.11899783578701317,0.034570975229144096
uHvWwqUZZbWa66I,228,29.924928900785744,6.080278379376978,0.10736460774205625,0.02644434478133917
uHvWwqUZZbWa66I,229,30.073334492277354,6.84322511125356,0.10036381590180099,0.013092956505715847
uHvWwqUZZbWa66I,230,30.180858398787677,6.754429840482771,0.10624286183156073,0.0181680116802454
uHvWwqUZZbWa66I,231,30.300535805523396,7.1813953295350075,0.10282498155720532,0.028358380310237408
uHvWwqUZZbWa66I,232,30.389639934990555,5.343291180673987,0.09951762878336012,0.009848746471107006
uHvWwqUZZbWa66I,233,30.473944518598728,6.408902704133652,0.09662128682248294,0.022327756509184837
uHvWwqUZZbWa66I,234,30.619020151905715,6.810277906246483,0.09319714899174869,0.016880309209227562
uHvWwqUZZbWa66I,235,30.727438835427165,7.249706566333771,0.09732192824594676,0.012966275215148926
uHvWwqUZZbWa66I,236,30.824916142504662,6.900138397701085,0.09428719081915915,0.022228719433769584
uHvWwqUZZbWa66I,237,30.939866288099438,7.333994803484529,0.09347425913438201,0.017985990270972252
uHvWwqUZZbWa66I,238,31.029434089548886,6.66526168724522,0.08528152108192444,0.02796326857060194
uHvWwqUZZbWa66I,239,31.14939534990117,6.712239609565586,0.0819860901683569,0.026443253736943007
uHvWwqUZZbWa66I,240,31.276417727116495,7.625842277426273,0.07884255447424948,0.037015440640971065
uHvWwqUZZbWa66I,241,31.341434967587702,7.560850315028802,0.07593948536850803,0.021089074201881886
uHvWwqUZZbWa66I,242,31.42299519921653,7.317747971159406,0.0695847390761628,0.023963680490851402
uHvWwqUZZbWa66I,243,31.51644111040514,7.951296592131257,0.06346505061264907,0.011451551225036383
uHvWwqUZZbWa66I,244,31.575673028477468,7.218101477599703,0.06331126899931405,0.018485150765627623
uHvWwqUZZbWa66I,245,31.66649251990748,7.102312938077375,0.0610363080213574,0.022691627498716116
uHvWwqUZZbWa66I,246,31.77420734230691,7.217691688922059,0.05860505342025135,0.015411583737659384
uHvWwqUZZbWa66I,247,31.87674876046367,7.325333579676226,0.06396307579416316,0.01621580822393298
uHvWwqUZZbWa66I,248,31.87926743994467,7.365456837229431,0.06631377746816725,0.016949971322901547
uHvWwqUZZbWa66I,249,31.97510457050521,6.78336914931424,0.06355168693698943,0.019703364465385675
uHvWwqUZZbWa66I,250,32.101956036523916,7.055818138760515,0.05551694636233151,0.004051581025123596
uHvWwqUZZbWa66I,251,32.12073107738979,7.308613035362214,0.04742443026043475,0.0
uHvWwqUZZbWa66I,252,32.13006463585043,5.7764782917220145,0.053004998713731766,0.008126083295792341
uHvWwqUZZbWa66I,253,32.22330322566995,6.579757862105907,0.051428781589493155,0.02866178471595049
uHvWwqUZZbWa66I,254,32.27815960824955,7.174302698113024,0.045671913772821426,0.0
uHvWwqUZZbWa66I,255,32.39714305171219,7.288065508575528,0.04470061929896474,0.004092369228601456
uHvWwqUZZbWa66I,256,32.508208694751374,7.5530309120658785,0.04356355778872967,0.008325058035552502
uHvWwqUZZbWa66I,257,32.61024292069487,7.61958819127176,0.04225215897895396,0.016636217245832086
uHvWwqUZZbWa66I,258,32.70622062362963,6.41969103878364,0.046458077151328325,0.012370421085506678
uHvWwqUZZbWa66I,259,32.8649602792575,7.012321787537076,0.044867133256047964,0.014265129575505853
uHvWwqUZZbWa66I,260,32.98970507964259,7.491205834550783,0.043220350751653314,0.012837145011872053
uHvWwqUZZbWa66I,261,33.00319190538721,8.082361491862684,0.0460631197784096,0.012861914234235883
uHvWwqUZZbWa66I,262,33.08079176925821,8.161684088641778,0.045990133192390203,0.008357787737622857
uHvWwqUZZbWa66I,263,33.152204647951294,6.741987975779921,0.04846667405217886,0.021154863759875298
uHvWwqUZZbWa66I,264,33.29643322824268,6.569460413127672,0.046363278990611434,0.010045530973002315
uHvWwqUZZbWa66I,265,33.35812541784253,8.116687428206205,0.04485717695206404,0.014640287263318896
uHvWwqUZZbWa66I,266,33.43683801824227,7.9203379831742495,0.04278642125427723,0.015038822777569294
uHvWwqUZZbWa66I,267,33.52611907001119,6.583824028726667,0.04534721188247204,0.010342920431867242
uHvWwqUZZbWa66I,268,33.59370481292717,6.712632557260804,0.05377610621508211,0.0076979531440883875
uHvWwqUZZbWa66I,269,33.65649066469632,8.269939664867707,0.05216117773670703,0.014382776338607073
uHvWwqUZZbWa66I,270,33.73004760744516,6.703619069070555,0.05026543396525085,0.013097215094603598
uHvWwqUZZbWa66I,271,33.88473958984832,8.261589844245464,0.04397453763522208,0.013746387558057904
uHvWwqUZZbWa66I,272,33.96284877494327,7.169748302549124,0.04232600296381861,0.004294073674827814
uHvWwqUZZbWa66I,273,34.09294037744985,7.279041024041362,0.04582885792478919,0.009787808172404766
uHvWwqUZZbWa66I,274,34.126702442445094,8.039931853098096,0.04783835797570646,0.01935258461162448
uHvWwqUZZbWa66I,275,34.21572610212024,7.6049882913939655,0.04582923790439963,0.006075428798794746
uHvWwqUZZbWa66I,276,34.32849319867091,7.73972346179653,0.04742533969692886,0.005008454201743007
uHvWwqUZZbWa66I,277,34.34379265375901,7.481833191704936,0.04616352776065469,0.017446522950194776
uHvWwqUZZbWa66I,278,34.37386491766665,7.417326080787461,0.04440340353175998,0.00517600541934371
uHvWwqUZZbWa66I,279,34.40760371234501,7.321320220769849,0.039876977796666324,0.011122555006295443
uHvWwqUZZbWa66I,280,34.53887010371545,8.039684111950919,0.042242286959663033,0.012995428638532758
uHvWwqUZZbWa66I,281,34.63424529985059,7.464741239149589,0.0418705465272069,0.008850809885188937
uHvWwqUZZbWa66I,282,34.75723731453763,7.687839497579262,0.039098215638659894,0.0042492414359003305
uHvWwqUZZbWa66I,283,34.87004439346492,7.820522535999771,0.04032028955407441,0.0018578292801976204
uHvWwqUZZbWa66I,284,34.97618250915548,8.26191580138402,0.0404389223549515,0.005135289742611349
uHvWwqUZZbWa66I,285,35.06126875651535,6.414045724202879,0.04450923891272396,0.001979976426810026
uHvWwqUZZbWa66I,286,35.147844866558444,7.6254663647850975,0.04351579211652279,0.011134036467410624
uHvWwqUZZbWa66I,287,35.26503751867858,8.457151304755826,0.04210042051272467,0.0034290608018636703
uHvWwqUZZbWa66I,288,35.33959233305359,7.184604419613606,0.038306404603645205,0.004622537991963327
uHvWwqUZZbWa66I,289,35.478930526121985,8.540099226636812,0.037719271203968674,0.012189833563752472
uHvWwqUZZbWa66I,290,35.55076230462873,8.085684799123555,0.03491303470218554,0.0066768849501386285
uHvWwqUZZbWa66I,291,35.64445064344909,9.526612479356118,0.03393003676319495,0.019338361045811325
uHvWwqUZZbWa66I,292,35.665819568093866,7.0683956477441825,0.04569822858320549,0.006812097562942654
uHvWwqUZZbWa66I,293,35.63078154614777,7.868723288789624,0.04447145451558754,0.012381670996546745
uHvWwqUZZbWa66I,294,35.64941742061637,7.975857904879376,0.044085366709623486,0.013247142545878887
uHvWwqUZZbWa66I,295,35.66365377994953,8.107394445396494,0.04472071846248582,0.009185868548229337
uHvWwqUZZbWa66I,296,35.7620857534057,8.252130426059011,0.04240777326049283,0.010698397178202868
uHvWwqUZZbWa66I,297,35.85323666824843,7.621700147981755,0.04316558048594743,0.008650133153423667
uHvWwqUZZbWa66I,298,35.97548716625897,7.892528012453113,0.04194948327494785,0.0024572619004175067
uHvWwqUZZbWa66I,299,36.08400764755788,7.210522220528219,0.041074374166782945,0.020739105297252536
uHvWwqUZZbWa66I,300,36.22727695835056,8.619029825669713,0.039315261121373624,0.014172675786539912
uHvWwqUZZbWa66I,301,36.29960200813366,8.398327470349614,0.03791335714049637,0.004874934209510684
uHvWwqUZZbWa66I,302,36.382511034520576,6.828025943192188,0.040305059927050024,0.001472627162002027
uHvWwqUZZbWa66I,303,36.54354862202308,8.14812775613973,0.038822721151518635,0.011758992332033813
uHvWwqUZZbWa66I,304,36.63798178808065,9.006463635538239,0.03410748542228248,0.00526867585722357
uHvWwqUZZbWa66I,305,36.69016715095495,7.300918694934808,0.04321805473591667,0.0
uHvWwqUZZbWa66I,306,36.73756172755384,6.7648381916224025,0.0430804686184274,0.0010333404643461108
uHvWwqUZZbWa66I,307,36.81299174018204,7.730501372367144,0.04229940001096111,0.004557092426693998
uHvWwqUZZbWa66I,308,36.841212907544104,7.890439783601323,0.04615832123090513,0.014641566551290452
uHvWwqUZZbWa66I,309,36.862904734298354,9.61316241932218,0.041126625990727916,0.010737047472503036
uHvWwqUZZbWa66I,310,36.88943590565759,7.556415084574837,0.05000629276037216,0.005877491785213351
uHvWwqUZZbWa66I,311,36.83876680721005,8.320118048155564,0.04883304864051752,0.018173393444158137
uHvWwqUZZbWa66I,312,36.932568446591176,8.83836884709308,0.04708018427481875,0.015640890516806394
uHvWwqUZZbWa66I,313,37.00077412557221,8.888759761233814,0.03997519626864232,0.012886833341326565
uHvWwqUZZbWa66I,314,37.065902532169275,8.282262182445265,0.04069614928448573,0.02139177924254909
uHvWwqUZZbWa66I,315,37.16148851579419,8.419007508317009,0.03891929966630414,0.005752212193328887
uHvWwqUZZbWa66I,316,37.24853178642297,9.415108144225087,0.040066590619971976,0.002508830453734845
uHvWwqUZZbWa66I,317,37.196092590154876,6.344090749160387,0.056799003505147994,0.0
uHvWwqUZZbWa66I,318,37.208193078364275,7.326021846020012,0.052029538492206484,0.012668557115830481
uHvWwqUZZbWa66I,319,37.1735931548792,7.503885434507538,0.05217463365988806,0.00072330521652475
uHvWwqUZZbWa66I,320,37.22304228687426,8.030533736338839,0.04976369463838637,0.0007419645553454757
uHvWwqUZZbWa66I,321,37.337295448902296,8.519837421772536,0.048898639157414436,0.012654431047849357
uHvWwqUZZbWa66I,322,37.42673857748741,7.811493861663621,0.0512094653386157,0.005950983846560121
uHvWwqUZZbWa66I,323,37.46090462355642,7.6400418561534025,0.0492954500077758,0.006604547670576721
uHvWwqUZZbWa66I,324,37.50451327077462,8.442458132863976,0.04995114461053163,0.030640685989055783
uHvWwqUZZbWa66I,325,37.59904706670204,7.0831634277128614,0.055040661129169166,0.01717400795314461
uHvWwqUZZbWa66I,326,37.67067909271282,7.054027853053412,0.054638201370835304,0.0014994331868365407
uHvWwqUZZbWa66I,327,37.744480374851264,6.333485143055441,0.06296519028546754,0.006877149629872292
uHvWwqUZZbWa66I,328,37.675517657451564,7.2574943994986825,0.06408566568279639,0.0005238007288426161
uHvWwqUZZbWa66I,329,37.7442824011232,6.979125134414062,0.0667650858667912,0.027115690289065242
uHvWwqUZZbWa66I,330,37.73776250470837,7.881169153391966,0.05861951124097686,0.027199356583878398
uHvWwqUZZbWa66I,331,37.77833538148843,8.103526802093256,0.059660479571903124,0.031550370244076476
uHvWwqUZZbWa66I,332,37.80870562591008,8.24232972500613,0.05743196062394418,0.005597009265329689
uHvWwqUZZbWa66I,333,37.832368035655236,7.493103060274734,0.06604810499993619,0.0050153624615632
uHvWwqUZZbWa66I,334,37.894225767144235,6.852693995606387,0.06802552034787368,0.006130998197477311
uHvWwqUZZbWa66I,335,37.89834417391103,7.4763619420991745,0.0666239553829655,0.02384508086834103
uHvWwqUZZbWa66I,336,37.87370164663298,8.274330114698387,0.06430207008088473,0.0257222879154142
uHvWwqUZZbWa66I,337,37.90095626503171,7.830956761317793,0.061931509437272325,0.006864706985652447
uHvWwqUZZbWa66I,338,37.95083253327175,7.008032884972636,0.06398548772267532,0.0024325550766661763
uHvWwqUZZbWa66I,339,37.95216115057701,8.057242157112341,0.06716632597090211,0.013412855798378587
uHvWwqUZZbWa66I,340,37.99297170671343,8.354165297962027,0.06656839339120779,0.017143203906016424
uHvWwqUZZbWa66I,341,38.1093181745091,8.209651799348649,0.06463859645009506,0.012989936134545133
uHvWwqUZZbWa66I,342,38.231496620734106,8.351234668079996,0.06573449086863548,0.019428119412623346
uHvWwqUZZbWa66I,343,38.255278992852254,8.144791124635958,0.054556603892706335,0.0180071305076126
uHvWwqUZZbWa66I,344,38.379761991593114,8.367365139420144,0.04937258952122647,0.00932187115540728
uHvWwqUZZbWa66I,345,38.491753585854894,8.811416334981914,0.04878959200868849,0.017408210958819836
uHvWwqUZZbWa66I,346,38.58029851206811,7.919194532078109,0.04849257576279342,0.015540715772658587
uHvWwqUZZbWa66I,347,38.71231411791814,6.9062543965847,0.04697931735427119,0.015571081195957959
uHvWwqUZZbWa66I,348,38.803742409880215,7.691835585836088,0.05136324933846481,0.019174667802872136
uHvWwqUZZbWa66I,349,38.85648015305196,6.629449864660273,0.04960614541778341,0.00755913948523812
uHvWwqUZZbWa66I,350,38.872780478646746,9.201437586161774,0.04843656168668531,0.022111061494797468
uHvWwqUZZbWa66I,351,38.94262613703904,9.1995567757549,0.04845506434503477,0.013428294972982258
uHvWwqUZZbWa66I,352,39.01137416787242,9.970426893924014,0.0473190724151209,0.013031276175752282
uHvWwqUZZbWa66I,353,39.04037351808802,7.771165899575863,0.050910389283671975,0.022767632588511333
uHvWwqUZZbWa66I,354,39.08829650372354,8.523281878886337,0.05405626129504526,0.021922588377492502
uHvWwqUZZbWa66I,355,39.189086614132975,7.973392338564736,0.05469402489688946,0.010192803834797814
uHvWwqUZZbWa66I,356,39.226255282083,8.225287915331137,0.05881142109865323,0.0222333645215258
uHvWwqUZZbWa66I,357,39.341404142891406,8.29461511682166,0.05669730143563356,0.018680745823075995
uHvWwqUZZbWa66I,358,39.45209672017518,8.850384462697548,0.04982123773515923,0.001436621299944818
uHvWwqUZZbWa66I,359,39.53384997096873,7.923793513306009,0.05188759144220967,0.0055768512829672545
uHvWwqUZZbWa66I,360,39.57103272259701,9.299010231094144,0.05657946114661172,0.012308412231504917
uHvWwqUZZbWa66I,361,39.63011787815776,8.180369172885548,0.06192852806998417,0.008395499142352492
uHvWwqUZZbWa66I,362,39.65410031088686,6.276297510310542,0.06429199148988118,0.0019259375985711813
uHvWwqUZZbWa66I,363,39.68402816224625,9.115651924290432,0.06311488405481214,0.019566159404348582
uHvWwqUZZbWa66I,364,39.75423755376323,8.617765722912736,0.06157573541713646,0.0029662998858839273
uHvWwqUZZbWa66I,365,39.84833099385651,8.207662231987342,0.054798262324766256,0.009043682366609573
uHvWwqUZZbWa66I,366,39.961895340227784,9.753365283308085,0.05888960870652227,0.0020889144798275083
uHvWwqUZZbWa66I,367,39.90718754506088,7.413539352703083,0.06424877012614161,0.014475881383987144
uHvWwqUZZbWa66I,368,39.9701666465844,9.12020525898697,0.06391952116973698,0.02924894422176294
uHvWwqUZZbWa66I,369,40.03847366088303,8.33014871380874,0.06778368533559842,0.017401916469680145
uHvWwqUZZbWa66I,370,40.1453206994629,7.326763461518567,0.06676152964064386,0.0005695306463167071
uHvWwqUZZbWa66I,371,40.30140705768281,8.92790098336991,0.058707828509795945,0.02438515051471768
uHvWwqUZZbWa66I,372,40.376513066570624,8.568999155570054,0.05187392129300861,0.013384240985033102
uHvWwqUZZbWa66I,373,40.37869100878379,8.208202731620986,0.05827190090349177,0.009636538627091795
uHvWwqUZZbWa66I,374,40.30963306020931,8.472648556722561,0.06276363095093984,0.021217761081061326
uHvWwqUZZbWa66I,375,40.40978176756107,7.22548843343975,0.06117282534978585,0.02882358990609646
uHvWwqUZZbWa66I,376,40.481306904803205,8.000259570704657,0.04964989724976476,0.0014819930074736476
uHvWwqUZZbWa66I,377,40.51478743083135,8.863617692448315,0.048672512552002445,0.019696372153703123
uHvWwqUZZbWa66I,378,40.595717751817574,8.684629516748828,0.05025210446183337,0.028279064077651128
uHvWwqUZZbWa66I,379,40.68464881445834,7.927680583226902,0.05532525979651837,0.025733035923622083
uHvWwqUZZbWa66I,380,40.6305037368038,5.830112804775126,0.055547524090798106,0.0
uHvWwqUZZbWa66I,381,40.50350899236946,5.573253707647382,0.06323741476080613,0.019653784576803446
uHvWwqUZZbWa66I,382,40.39481286615046,7.8258345274334715,0.06397823665611213,0.008611924946308136
uHvWwqUZZbWa66I,383,40.44869148755242,8.286153780925815,0.06743921252927976,0.002523919625673443
uHvWwqUZZbWa66I,384,40.38972744191051,6.0015889351052465,0.08276890264096437,0.023405397543683648
uHvWwqUZZbWa66I,385,40.26675801987221,7.419199315972946,0.08922997205809224,0.02264041267335415
uHvWwqUZZbWa66I,386,40.25782985726619,8.955250586237526,0.09144103698054096,0.016075936575361993
uHvWwqUZZbWa66I,387,40.26363658286209,8.0538666141656,0.09452658519148827,0.03516582124575507
uHvWwqUZZbWa66I,388,40.40436014252373,10.661205364336638,0.09122895705513656,0.006870980141684413
uHvWwqUZZbWa66I,389,40.412988662053976,5.734228004148463,0.1093861087138066,0.011266414076089859
uHvWwqUZZbWa66I,390,40.30629322560162,6.660788899331237,0.11705548061581794,0.01668602938298136
uHvWwqUZZbWa66I,391,40.248055277521416,8.05223566663335,0.11670178417989518,0.009574808907927945
uHvWwqUZZbWa66I,392,40.303276346134226,8.071391199315258,0.11502897979517002,0.0004763213364640251
uHvWwqUZZbWa66I,393,40.357212112448906,7.303355359807028,0.12066456994944019,0.0
uHvWwqUZZbWa66I,394,40.44924522841757,7.671515434823959,0.103558689908823,0.020256184274330735
uHvWwqUZZbWa66I,395,40.522575685201446,8.146745444297267,0.11209016321663512,0.006103092244302388
uHvWwqUZZbWa66I,396,40.481873651149726,8.53509216259772,0.11549967941391515,0.029398644459433854
uHvWwqUZZbWa66I,397,40.51309849628524,6.691971299205761,0.1172791935823625,0.001995967235416174
uHvWwqUZZbWa66I,398,40.546148307377734,6.683050707571965,0.11509020769153722,0.04164899233728647
uHvWwqUZZbWa66I,399,40.580942004988174,8.134548939538945,0.11178939567616908,0.011627587271505035
uHvWwqUZZbWa66I,400,40.63439821281099,8.492793896350122,0.11221401362126926,0.04010101087624207
uHvWwqUZZbWa66I,401,40.75954392188396,8.653103146963986,0.11760726013744716,0.015895132441073656
uHvWwqUZZbWa66I,402,40.78467473101955,8.309284931610819,0.11751373456354486,0.024946642894065008
uHvWwqUZZbWa66I,403,40.82668542312422,8.920273576681211,0.12003401586116524,0.049662377685308456
uHvWwqUZZbWa66I,404,40.747845150681314,8.990171214314614,0.13165663507970748,0.044388094764144626
uHvWwqUZZbWa66I,405,40.75682919458268,8.620341970141453,0.13833152050574427,0.060667211495456286
uHvWwqUZZbWa66I,406,40.783965874112255,9.04069069038087,0.13456062002296676,0.02716358914040029
uHvWwqUZZbWa66I,407,40.789760138783095,8.267371208203258,0.13186012733422103,0.01990417109846021
uHvWwqUZZbWa66I,408,40.83390397569383,9.269648754743685,0.1286931625836587,0.0032665816725057084
uHvWwqUZZbWa66I,409,40.91763524467751,7.605496488162316,0.13732317318135756,0.04186863949871622
uHvWwqUZZbWa66I,410,40.99268022918841,8.768855167698348,0.13303486199583858,0.009939419192960486
uHvWwqUZZbWa66I,411,41.00934578474153,8.891964007430943,0.13434067341586342,0.002732134445977863
uHvWwqUZZbWa66I,412,41.109652208449916,8.887792430108675,0.1326370337701519,0.03983300413528923
uHvWwqUZZbWa66I,413,41.20836354240237,9.363636874253643,0.1314304540719604,0.026053576191770844
uHvWwqUZZbWa66I,414,41.281560111037834,9.742247404356021,0.1293677622670657,0.018236832693219185
uHvWwqUZZbWa66I,415,41.334171459624486,8.362536151849781,0.13017690986089292,0.0627908675087383
uHvWwqUZZbWa66I,416,41.36417820464885,8.735390350426314,0.11760907248026342,0.014567809856089298
uHvWwqUZZbWa66I,417,41.46561938040395,9.24163981906895,0.12182628092341474,0.02755878586322069
uHvWwqUZZbWa66I,418,41.54022526564768,9.283702595175782,0.1131946287532628,0.009903846439556219
uHvWwqUZZbWa66I,419,41.5212514558134,11.04759550738163,0.11459807395658572,0.019284753096144414
uHvWwqUZZbWa66I,420,41.504267919955964,8.103742122524636,0.1060560403202544,0.06160121766879456
uHvWwqUZZbWa66I,421,41.543064429728474,8.74633282161085,0.11222059840292786,0.024461968685500324
uHvWwqUZZbWa66I,422,41.54997817624462,8.437018760610954,0.10085471577986027,0.028325236737146042
uHvWwqUZZbWa66I,423,41.57258059553533,7.816568844129506,0.10038351851835614,0.0001716394763207063
uHvWwqUZZbWa66I,424,41.6264343497005,7.33965722852372,0.08185369077909854,0.015603126958012581
uHvWwqUZZbWa66I,425,41.614341002768924,7.400090782703046,0.0874838531963178,0.01589108377811499
uHvWwqUZZbWa66I,426,41.6010320245623,7.6583562552441435,0.08845566297532059,0.00011776442261179909
uHvWwqUZZbWa66I,427,41.57653838446822,8.790994452730956,0.09056823469290975,0.018269450636580586
uHvWwqUZZbWa66I,428,41.587077651392974,8.338575458217747,0.09415109274414135,4.188840830465779e-05
uHvWwqUZZbWa66I,429,41.62023523742391,9.315168791705219,0.09346269744128222,0.040989750748849474
uHvWwqUZZbWa66I,430,41.69455738767283,7.523228471425682,0.10884076614456717,0.03530432702973485
uHvWwqUZZbWa66I,431,41.67687268733971,7.564919080457912,0.10934196462767432,0.013398866569332313
uHvWwqUZZbWa66I,432,41.658766959400054,7.6683054521272425,0.11403091362808482,0.02957155797048472
uHvWwqUZZbWa66I,433,41.63708838787352,6.6864861706708325,0.11419105500681326,0.019674687791848555
uHvWwqUZZbWa66I,434,41.57602512450012,9.497825550923153,0.11402098710823338,0.04176168864069041
uHvWwqUZZbWa66I,435,41.55746857748454,8.617767608491704,0.12513609036250273,0.009488983079791069
uHvWwqUZZbWa66I,436,41.49265929635294,7.769146472885041,0.1407353539543692,0.04344076033885358
uHvWwqUZZbWa66I,437,41.471634915553295,7.79247069543635,0.1389220019118511,0.04487965442240238
uHvWwqUZZbWa66I,438,41.4507508822453,8.693539076904017,0.12851453878101893,0.011985334269411396
uHvWwqUZZbWa66I,439,41.386063782019846,7.249825943785254,0.14989004808376194,0.0
uHvWwqUZZbWa66I,440,41.30476156187433,6.092439321828351,0.15850286485510878,0.01086678516730899
uHvWwqUZZbWa66I,441,41.28408193177347,7.877156001108233,0.13816256931750104,0.07366598078078823
uHvWwqUZZbWa66I,442,41.266806518086014,6.091061887418618,0.14698787702945992,0.03130554672679864
uHvWwqUZZbWa66I,443,41.249773131637085,8.326956643592894,0.14265297298697988,0.0457718372636009
uHvWwqUZZbWa66I,444,41.21344550457525,7.115995571519306,0.15291023042664165,7.950494909891859e-05
uHvWwqUZZbWa66I,445,41.14846198645955,7.3982981586186725,0.15365170459699584,0.0474742912047077
uHvWwqUZZbWa66I,446,41.25173368438573,8.826479835261125,0.15100587073538918,0.02353181226499146
uHvWwqUZZbWa66I,447,41.282667715787284,7.711412409564218,0.1508308332777233,0.022343496661051176
uHvWwqUZZbWa66I,448,41.36846542433068,9.162706225647526,0.15057413904287387,0.0443125349629554
uHvWwqUZZbWa66I,449,41.3808435763558,8.839759691967629,0.13041680204696604,0.001071242630132474
uHvWwqUZZbWa66I,450,41.40854863837467,8.27434239710783,0.13637875901986263,0.007484352005121764
uHvWwqUZZbWa66I,451,41.373735428812324,6.7515706405829405,0.1494494147846126,0.01832805946469307
uHvWwqUZZbWa66I,452,41.325905754105406,5.518484700718545,0.15530794005826465,0.028177490923553705
uHvWwqUZZbWa66I,453,41.252139638168046,7.8414487965228545,0.1511445619398728,0.05057419836521149
uHvWwqUZZbWa66I,454,41.33613976259767,6.58732018882074,0.1501393246326188,0.009502505141426809
uHvWwqUZZbWa66I,455,41.30180338975788,8.992893220995029,0.14890959884723998,0.044254879889194854
uHvWwqUZZbWa66I,456,41.41938699951061,8.115974975793506,0.1461523339858104,0.05364225489392993
uHvWwqUZZbWa66I,457,41.578126641369636,8.712360637942766,0.1418945690820692,0.022502412663016003
uHvWwqUZZbWa66I,458,41.704466057981335,9.871738020592602,0.13831026482694142,0.019757059053517878
uHvWwqUZZbWa66I,459,41.770357255201816,7.138854203425581,0.1379547979158815,0.023335198871791363
uHvWwqUZZbWa66I,460,41.79051386244828,9.193256821181421,0.134449393617615,0.03355551510321675
uHvWwqUZZbWa66I,461,41.888867722916984,9.290488338048817,0.09495903388960869,0.05204346669779625
uHvWwqUZZbWa66I,462,41.9800385363269,10.172470399265876,0.09357325857126852,6.116097210906446e-05
uHvWwqUZZbWa66I,463,42.02488143354367,7.464335847158509,0.1180412251760572,0.010071343018353218
uHvWwqUZZbWa66I,464,41.932991827870865,5.968334177936413,0.13575798546662554,0.01587712951004505
uHvWwqUZZbWa66I,465,41.82865010903697,7.467727609178837,0.13499781688551593,0.010323362059352803
uHvWwqUZZbWa66I,466,41.74357612233598,6.454844613733258,0.14114608853196842,0.02220703475177288
uHvWwqUZZbWa66I,467,41.71161350151942,10.412707122400207,0.1381497824058897,0.008887877665983979
uHvWwqUZZbWa66I,468,41.754127128584514,4.978872315101398,0.146496229510376,0.0
uHvWwqUZZbWa66I,469,41.79580564171965,9.016720106112189,0.14384055821392394,0.02998876105993986
uHvWwqUZZbWa66I,470,41.81796723202751,7.513165840167858,0.1475424837171886,0.03766839680793055
uHvWwqUZZbWa66I,471,41.8243863573889,8.83354186626093,0.1438478730069619,0.05550413206219673
uHvWwqUZZbWa66I,472,41.855503471771954,10.048850636565476,0.14479463586940255,0.05644025986111956
uHvWwqUZZbWa66I,473,41.91494364911841,10.586076099132697,0.14710779969391297,0.05004205420118524
uHvWwqUZZbWa66I,474,41.94504703843768,7.603977194653908,0.15484150958945975,0.02850257884711027
uHvWwqUZZbWa66I,475,41.94187915142447,9.554388715932873,0.15649652917636558,0.0
uHvWwqUZZbWa66I,476,41.932109420243705,9.42726662582163,0.1566313094990619,0.04442910045327153
uHvWwqUZZbWa66I,477,41.927977671852204,8.816813607007134,0.15863900045587798,0.040923191078036325
uHvWwqUZZbWa66I,478,41.95367902511816,7.153588060828042,0.16238203449938737,0.05288593754994508
uHvWwqUZZbWa66I,479,41.97188012786182,8.941284049980823,0.1578693555566133,0.04254901222884655
uHvWwqUZZbWa66I,480,42.08166124758418,9.542220128629197,0.1531664144313254,0.03995613868028158
uHvWwqUZZbWa66I,481,42.15912239382487,9.263042036780462,0.1422301881120802,0.0378027105180081
uHvWwqUZZbWa66I,482,42.15835870511819,7.993504236532317,0.15556708060466917,0.033001615200191736
uHvWwqUZZbWa66I,483,42.130576515603934,7.699553590111464,0.16167022403897136,0.00023677560966461897
uHvWwqUZZbWa66I,484,42.02861623915169,9.237743040226633,0.16739273760686046,0.01390201897447696
uHvWwqUZZbWa66I,485,42.122425521331024,8.75631846315082,0.1696109617696493,0.03101183066610247
uHvWwqUZZbWa66I,486,42.14807847371367,8.997383410942348,0.16978211083915085,0.014122967269941
uHvWwqUZZbWa66I,487,42.16113912713445,8.939444333496795,0.17390864579465415,0.00011129342601634562
uHvWwqUZZbWa66I,488,42.17657982328865,8.416977166545621,0.18346874313829176,0.04328094689299178
uHvWwqUZZbWa66I,489,42.2176473754007,10.194415864709299,0.181731892951575,0.07279338158696191
uHvWwqUZZbWa66I,490,42.25936601987132,9.588759484613547,0.18726706172674312,0.04343590938515263
uHvWwqUZZbWa66I,491,42.32931020586966,9.754801805480383,0.1892962977708521,0.02576639047038043
uHvWwqUZZbWa66I,492,42.3889768126528,7.527351976540558,0.1889329629848362,0.02919919693886186
uHvWwqUZZbWa66I,493,42.468119399877196,9.799399270823415,0.188555633478245,0.021120918936503585
uHvWwqUZZbWa66I,494,42.523439362482804,10.254533875000561,0.18559589020514977,0.0180143716497696
uHvWwqUZZbWa66I,495,42.554191144954984,9.829775646694543,0.18875393224334402,0.023378849757136777
uHvWwqUZZbWa66I,496,42.60444140788786,9.995074471580665,0.16816995002955082,0.01647060737013817
uHvWwqUZZbWa66I,497,42.6447573517562,7.785610254918538,0.18181131230630854,0.09551499597728252
uHvWwqUZZbWa66I,498,42.703943503124265,9.163620335073574,0.150262297844165,0.0765577226447931
uHvWwqUZZbWa66I,499,42.784290738371965,9.128985139604993,0.15301796706080495,0.06404526498226915
uHvWwqUZZbWa66I,500,42.77482845123086,6.94599688038852,0.16311895202488813,0.0725204385817051
uHvWwqUZZbWa66I,501,42.784636025631244,8.545048826767015,0.1573528766839445,0.029656143859028816
uHvWwqUZZbWa66I,502,42.806206661051874,9.19087972622583,0.15456421001908893,0.02803785811556736
uHvWwqUZZbWa66I,503,42.88553303259414,9.427647580199846,0.15377812977567373,0.044802162343330565
uHvWwqUZZbWa66I,504,42.95146622778111,9.68236872291618,0.1356200791651645,0.07561623118817806
uHvWwqUZZbWa66I,505,43.003170336196035,7.606255453501944,0.1515301211111364,0.00031709518225397915
uHvWwqUZZbWa66I,506,42.97724733005998,7.901457607098564,0.1548365580256359,0.03621837304672226
uHvWwqUZZbWa66I,507,42.938388856204256,6.893774681465402,0.14906192974740406,0.010731408841820667
uHvWwqUZZbWa66I,508,42.861665775122674,8.34902521366439,0.15454162799869664,0.014195269948686473
uHvWwqUZZbWa66I,509,42.89546158714211,7.324820327211,0.17032768679200672,0.062259226353489794
uHvWwqUZZbWa66I,510,42.89041766286164,10.966009122295873,0.16764904229967215,0.05524094196334772
uHvWwqUZZbWa66I,511,42.88486654850385,8.244707369420212,0.18295549765389296,0.02995011150778737
uHvWwqUZZbWa66I,512,42.83367040688336,6.849003055368485,0.18678916900171316,0.03451495164335938
uHvWwqUZZbWa66I,513,42.76381802139599,7.995964284290494,0.18186175198025012,5.589496504398994e-05
uHvWwqUZZbWa66I,514,42.72971363876081,7.984942814466194,0.1594907465223514,0.0926012434065342
uHvWwqUZZbWa66I,515,42.60753256949306,8.431079390145896,0.1628189528692019,0.010932804019830655
uHvWwqUZZbWa66I,516,42.645961981716255,8.99552788422443,0.15866297902539372,0.08015622062521288
uHvWwqUZZbWa66I,517,42.65576955902566,7.043405568936578,0.16755549312802032,0.017616350203752518
uHvWwqUZZbWa66I,518,42.58280003564573,7.173394070799986,0.17045952957050758,0.03260390043578809
uHvWwqUZZbWa66I,519,42.506163013785454,8.221945527420758,0.16981951609704993,0.017181422539579216
uHvWwqUZZbWa66I,520,42.46981712042043,5.597705540902098,0.18146098513170728,0.026058338495204225
uHvWwqUZZbWa66I,521,42.38569305380838,4.383771401197009,0.1499912062099611,2.9597815228044055e-05
uHvWwqUZZbWa66I,522,42.27643530941714,6.700080793983943,0.14715711222561367,0.014000380411744118
uHvWwqUZZbWa66I,523,42.23696488576002,6.902329090216881,0.14848860108577355,0.03436235664412379
uHvWwqUZZbWa66I,524,42.18956066554233,7.6908181130602316,0.14862219254428055,0.02375473097708891
uHvWwqUZZbWa66I,525,42.19482336753572,7.258089088889392,0.15067274045577506,0.032706310905268765
uHvWwqUZZbWa66I,526,42.13213042541247,6.464186886298194,0.15307037450475036,0.05055279936641455
uHvWwqUZZbWa66I,527,42.11112420052814,8.185427175949371,0.15115019382938044,0.02705454001261387
uHvWwqUZZbWa66I,528,42.09596781140067,5.891913649968046,0.15880807108078443,5.274418799672276e-05
uHvWwqUZZbWa66I,529,42.01572257394582,6.255196750847972,0.16025120838276052,0.03300054374994943
uHvWwqUZZbWa66I,530,42.01073907049863,9.228910604082557,0.13719712271995377,0.016137798520503566
uHvWwqUZZbWa66I,531,42.03875886039009,5.766670353501468,0.15637208257430757,7.325303340621758e-05
uHvWwqUZZbWa66I,532,41.968312019499535,6.328229657076008,0.15796678292736033,0.016617134645457554
uHvWwqUZZbWa66I,533,41.87307176288368,4.718604100399261,0.1605319100754059,0.05116555280983448
uHvWwqUZZbWa66I,534,41.77146593203565,6.849389356568281,0.15962710774601874,0.029962620184960542
uHvWwqUZZbWa66I,535,41.747947874002875,6.741309737146366,0.16196789680907386,0.028097035363316536
uHvWwqUZZbWa66I,536,41.73107572372601,9.008946045798439,0.159297383826015,0.015063530844599882
uHvWwqUZZbWa66I,537,41.78201406133667,7.673659300817235,0.1666323414137878,0.013338881493837107
uHvWwqUZZbWa66I,538,41.807661306655746,7.236088623008982,0.1766580181347308,0.04097049683332443
uHvWwqUZZbWa66I,539,41.76481391485754,7.280254023629823,0.17970035972211917,0.02115883418082376
uHvWwqUZZbWa66I,540,41.720999820479165,5.515030244212539,0.1843554640045113,0.01740224100649357
uHvWwqUZZbWa66I,541,41.676639054043335,7.470313024248753,0.18031628064454708,0.06820217903077719
uHvWwqUZZbWa66I,542,41.717258606346604,6.6800427010748535,0.1781251215352313,0.03880050778388977
uHvWwqUZZbWa66I,543,41.79682611029875,7.624145325999052,0.17407515206014068,0.042392398257106834
uHvWwqUZZbWa66I,544,41.828645823170746,6.713163651878858,0.17401516455447563,0.0
uHvWwqUZZbWa66I,545,41.81549349239617,9.73320570193232,0.17347605248232867,0.024045055747592414
uHvWwqUZZbWa66I,546,41.832438829728744,7.721489029519034,0.17942804576978233,0.010660944290066254
uHvWwqUZZbWa66I,547,41.857825874438504,7.725478826801009,0.18046431511447736,0.04425485446336097
uHvWwqUZZbWa66I,548,41.88255478412634,6.391436156201053,0.18400147375996312,1.9617817088146694e-05
uHvWwqUZZbWa66I,549,41.88354579696602,6.636375111222151,0.18874597077137878,0.0
uHvWwqUZZbWa66I,550,41.783467328614734,5.800575857055719,0.19447324398697674,0.023491511403335608
uHvWwqUZZbWa66I,551,41.817909175123305,7.3127802525232255,0.19037959596880683,0.0719724416230747
uHvWwqUZZbWa66I,552,41.867762072116875,8.874296493564543,0.18466143963451032,0.04538225989381317
uHvWwqUZZbWa66I,553,41.92891935107923,9.086893766485446,0.16005324361321982,0.0005998404958518222
uHvWwqUZZbWa66I,554,41.88725188239914,5.997254550471553,0.1747182388389774,0.0378570267912437
uHvWwqUZZbWa66I,555,41.819559497992714,6.010435654876346,0.18558215509438014,0.04374130442738533
uHvWwqUZZbWa66I,556,41.84392099759839,7.317710868039285,0.18102212894063996,0.05493134414064116
uHvWwqUZZbWa66I,557,41.89392348924275,8.539761487314536,0.17548323226856155,0.008243393280281452
uHvWwqUZZbWa66I,558,42.06218804664104,8.838261388505998,0.1761694225915562,0.03726430195092689
uHvWwqUZZbWa66I,559,42.12171737474387,8.1341385118576,0.15979252684064704,0.010990500479238108
uHvWwqUZZbWa66I,560,42.03439522108101,6.898633559976588,0.1825393325980258,0.00037224783227429725
uHvWwqUZZbWa66I,561,42.010072874804564,8.989502184409503,0.19092145217746292,0.000187174511665944
uHvWwqUZZbWa66I,562,41.97238274479196,5.354961513087801,0.2057654167410874,0.011660399846732616
uHvWwqUZZbWa66I,563,41.84594814014554,4.4224844119708,0.20820882347015868,0.008653973006403248
uHvWwqUZZbWa66I,564,41.770485004366265,8.72317485860549,0.20498665795275883,0.012859005481004715
uHvWwqUZZbWa66I,565,41.754160853795156,5.98925199524092,0.2110486204865083,0.04314470459212316
uHvWwqUZZbWa66I,566,41.693739514925255,6.725865491054719,0.2128678282151668,0.008843838706525275
uHvWwqUZZbWa66I,567,41.77892574186444,7.195330597176508,0.2013527696053643,0.07850966382829938
uHvWwqUZZbWa66I,568,41.83977954663442,8.30017281054188,0.20113418780420034,0.021286360375597724
uHvWwqUZZbWa66I,569,41.84456650677612,6.668835183256306,0.207818940535617,0.01839286769973114
uHvWwqUZZbWa66I,570,41.84012848384464,5.447444338431524,0.20950102103233803,0.04644252771686297
uHvWwqUZZbWa66I,571,41.89759988945298,6.68266819822793,0.20418343327673938,0.0001058025736710988
uHvWwqUZZbWa66I,572,41.98411628389067,7.686399277158216,0.20229325873879134,0.007346153401158517
uHvWwqUZZbWa66I,573,42.01962017339338,6.404305242436749,0.21584315372274432,0.017000580166495638
uHvWwqUZZbWa66I,574,42.02843574782105,7.155052681489906,0.21817453155472322,0.07467036291927798
uHvWwqUZZbWa66I,575,42.00055277389674,6.268200290876848,0.17909864044031565,0.015192362479865551
uHvWwqUZZbWa66I,576,42.017817638491806,6.010090514573676,0.18909421460466547,0.04485409948483721
uHvWwqUZZbWa66I,577,41.95876093283846,5.487632962968746,0.18902188316587853,0.0
uHvWwqUZZbWa66I,578,41.92816933437848,6.428093932217962,0.18734955534182518,0.03759558219462633
uHvWwqUZZbWa66I,579,41.94280298831859,8.326914075792047,0.18534135446043365,0.012708206464594696
uHvWwqUZZbWa66I,580,41.95305405264958,6.491121240313078,0.18817445192144078,0.01176382601261139
uHvWwqUZZbWa66I,581,41.9640309885408,6.628361758986102,0.18601917480100383,0.009218119084835052
uHvWwqUZZbWa66I,582,41.968724481589106,7.856527455455762,0.16177988881190686,0.05571913211224455
uHvWwqUZZbWa66I,583,42.00256527533884,7.311293215566366,0.16536783388801268,0.07560699652822223
uHvWwqUZZbWa66I,584,41.97260114427786,6.603218415126321,0.17240086714809877,0.06115266037886613
uHvWwqUZZbWa66I,585,41.97861664633797,8.666639341246992,0.16767896912278957,0.010068882256746292
uHvWwqUZZbWa66I,586,42.062014019158596,7.975419644955764,0.17019108045678877,5.5317257647402585e-05
uHvWwqUZZbWa66I,587,42.087303338128095,5.824322466054582,0.18075193036656856,0.0694323927473306
uHvWwqUZZbWa66I,588,42.03918500958139,5.312430876527969,0.17810740243749024,0.07463037502020597
uHvWwqUZZbWa66I,589,41.92893735278426,4.911633272966355,0.16633255807209935,0.026942253100060043
uHvWwqUZZbWa66I,590,41.84251467233844,8.318421405432673,0.16257892627618276,0.016623424393401365
uHvWwqUZZbWa66I,591,41.94938617198909,9.849197825857118,0.16118596469596014,3.914378476110869e-05
uHvWwqUZZbWa66I,592,42.06680714808863,7.73621962271136,0.16309731588626164,0.03364170364147867
uHvWwqUZZbWa66I,593,42.19548181493883,7.713725400697513,0.1595954454742241,0.05127008107956499
uHvWwqUZZbWa66I,594,42.322661796576995,8.288673086339259,0.15488094325246493,0.010223558230791241
uHvWwqUZZbWa66I,595,42.41857968000954,9.578999508591778,0.15230481217531633,0.047486456111073494
uHvWwqUZZbWa66I,596,42.53756731071917,8.31258929336127,0.15354643219689024,0.04683121007656155
uHvWwqUZZbWa66I,597,42.62595788547219,8.017285164416535,0.15755336373922546,0.06857160473600743
uHvWwqUZZbWa66I,598,42.636952703187944,7.555027889515259,0.15959422659625488,0.040548549043251114
uHvWwqUZZbWa66I,599,42.670586184214244,9.028517376184027,0.15742135684877212,0.0001547385545563884
uHvWwqUZZbWa66I,600,42.630089774149155,6.893744722564179,0.1678335767533099,0.0
uHvWwqUZZbWa66I,601,42.60589479123428,4.987695729454572,0.16529771946989058,0.07991288602352142
uHvWwqUZZbWa66I,602,42.58818257366352,9.646596264788968,0.1590456518265455,0.050895934144136845
uHvWwqUZZbWa66I,603,42.700258459348106,9.423843178400375,0.16097024045984654,0.04360245634052262
uHvWwqUZZbWa66I,604,42.729695848823894,6.749574629129711,0.17096677556583018,5.991935722704511e-05
uHvWwqUZZbWa66I,605,42.71082131300477,6.914441392189474,0.17111346041610886,0.07091439749319761
uHvWwqUZZbWa66I,606,42.774959366799294,7.518060329495256,0.1693421580453105,0.05122822643170366
uHvWwqUZZbWa66I,607,42.80852200464096,7.748898581505273,0.16681612458114614,0.054073226940090535
uHvWwqUZZbWa66I,608,42.92016415439548,9.716471537497455,0.14416672450579426,0.05792857229062065
uHvWwqUZZbWa66I,609,42.93146418243475,6.02955262767864,0.16477277037529348,0.0037265248538460582
uHvWwqUZZbWa66I,610,42.8552251613371,8.767039929894963,0.16495324485458696,0.026070597896250547
uHvWwqUZZbWa66I,611,42.91510220832538,8.467420508193754,0.1679545302376937,0.00031531418608210515
uHvWwqUZZbWa66I,612,42.9880312408535,6.395423698546438,0.17394494963673424,0.0049774634385357786
uHvWwqUZZbWa66I,613,42.982707958495666,9.146858012183657,0.1715677143756693,0.008431642869254574
uHvWwqUZZbWa66I,614,42.93123508208555,7.194050137291924,0.18064359974459876,0.016398066811234457
uHvWwqUZZbWa66I,615,42.88716769051109,8.056976252915774,0.18221246738175978,0.015553193166851997
uHvWwqUZZbWa66I,616,42.89132872287246,8.210898081233609,0.12215744264949535,0.0
uHvWwqUZZbWa66I,617,42.88751323712984,6.517504719986391,0.1276887571543739,0.049469202756881714
uHvWwqUZZbWa66I,618,42.968098226771076,7.496929907719277,0.1231209493694223,0.029905269469054474
uHvWwqUZZbWa66I,619,42.99945355666591,6.585574465318132,0.1351119021182967,0.014185936190187931
uHvWwqUZZbWa66I,620,42.896128656972564,6.766383092151955,0.15020284753518354,0.017728252194501692
uHvWwqUZZbWa66I,621,42.786725096206396,5.611887122828193,0.15495733446005033,0.030262511121691205
uHvWwqUZZbWa66I,622,42.73788966358575,6.837364035258361,0.15246234555525007,0.04209968050417956
uHvWwqUZZbWa66I,623,42.72051020471076,8.329997374292361,0.15543607950712612,0.006030596327036619
uHvWwqUZZbWa66I,624,42.719519354254885,7.800462586978028,0.1623846332768153,1.5127840015338734e-05
uHvWwqUZZbWa66I,625,42.74438489599231,5.184538792906892,0.17051474048003,4.4260494178161025e-05
uHvWwqUZZbWa66I,626,42.719451194602925,8.355582561634947,0.16899439184498988,0.05244048136000856
uHvWwqUZZbWa66I,627,42.718593441466396,6.4917547378645395,0.17132844222533095,0.010970664210617542
uHvWwqUZZbWa66I,628,42.63025033152155,5.633899740088964,0.18434183475756072,0.0175875551012723
uHvWwqUZZbWa66I,629,42.587350142384366,7.160947404172475,0.1819588171747455,0.02892434709247027
uHvWwqUZZbWa66I,630,42.56054566247701,4.905347881919511,0.18662678918371967,0.0
uHvWwqUZZbWa66I,631,42.467271613269645,6.77487797930371,0.18768847163164537,0.0
uHvWwqUZZbWa66I,632,42.4644413027047,7.456272777096956,0.1885462098066455,0.016350767269614153
uHvWwqUZZbWa66I,633,42.42810460931082,6.419266138589592,0.19441858944492196,2.000328640860971e-05
uHvWwqUZZbWa66I,634,42.35415928221664,7.382237166976211,0.1995433720676374,0.08454272502694948
uHvWwqUZZbWa66I,635,42.32418472131292,6.229069858592084,0.2031649757377636,6.0177459090482444e-05
uHvWwqUZZbWa66I,636,42.262302923576954,7.694406192883434,0.20711344223491324,0.017822976125899004
uHvWwqUZZbWa66I,637,42.2191713526355,6.2247967322400655,0.2124315175879019,0.061971734177859616
uHvWwqUZZbWa66I,638,42.15985689657282,6.646294051923178,0.2093946992590645,0.035328492522239685
uHvWwqUZZbWa66I,639,42.1713904304587,6.533808127951488,0.21021851730392882,0.07413673169867252
uHvWwqUZZbWa66I,640,42.18879442944228,7.65971106549398,0.20863420368550578,0.0
uHvWwqUZZbWa66I,641,42.24013943032014,7.411482864511072,0.20824287022469434,0.09128106195612418
uHvWwqUZZbWa66I,642,42.302522651561844,9.12958268210059,0.20333589238634886,0.035814970688079484
uHvWwqUZZbWa66I,643,42.45768260587863,9.173357891794694,0.20579190186572305,0.06010433892834044
uHvWwqUZZbWa66I,644,42.51618818492784,6.829366720579628,0.2161883223438963,0.03446640830952674
uHvWwqUZZbWa66I,645,42.50920643660652,6.97526312091486,0.21781369025165986,0.059145158156752586
uHvWwqUZZbWa66I,646,42.495550362650306,8.441385818549861,0.21316802500405174,0.018023397287834086
uHvWwqUZZbWa66I,647,42.49918390091523,7.514564043703217,0.2145864259659902,0.000178784559466294
uHvWwqUZZbWa66I,648,42.54813044991499,5.7643480296756024,0.22062985592401674,0.014917905798938591
uHvWwqUZZbWa66I,649,42.50360072372359,7.439171642974543,0.21997001164299945,0.0046746785101277055
uHvWwqUZZbWa66I,650,42.55758238118278,8.50655660527309,0.21849753961396345,0.056276872754096985
uHvWwqUZZbWa66I,651,42.55715720615842,7.720171027687684,0.22221927404916642,0.013991190015076427
uHvWwqUZZbWa66I,652,42.50505508559331,5.797194706341543,0.22737414496032216,0.01302414412930375
uHvWwqUZZbWa66I,653,42.45974558367027,6.153777127219655,0.22771498339398022,0.06831254810094833
uHvWwqUZZbWa66I,654,42.39882498970928,8.43346658715609,0.19607425997901373,4.092100880370708e-06
uHvWwqUZZbWa66I,655,42.406049114847406,4.626871392586622,0.21421926264156355,0.07119032041100581
uHvWwqUZZbWa66I,656,42.33244709163648,5.460197717249798,0.2089268231729875,0.08242125709875836
uHvWwqUZZbWa66I,657,42.31086913780484,7.026499318679271,0.20924137634983708,0.01480182446539402
uHvWwqUZZbWa66I,658,42.21291890341513,5.169447757898524,0.22415061392848656,0.024488631635904312
uHvWwqUZZbWa66I,659,42.119686089474385,4.864569123223191,0.2226672964129648,0.015873927623033524
uHvWwqUZZbWa66I,660,42.04508773812256,7.221341983247839,0.22247162735857273,0.0
uHvWwqUZZbWa66I,661,42.03590553820936,6.219968526652792,0.22300582463958563,0.022440647706389427
uHvWwqUZZbWa66I,662,42.07671659582434,8.324987850384787,0.21892295577981713,0.09769255377932495
uHvWwqUZZbWa66I,663,42.19220435109969,7.243136419472648,0.2171531354306353,0.017146315243735444
uHvWwqUZZbWa66I,664,42.268515132000516,8.115467964619256,0.21908837062846942,4.4926231566932984e-05
uHvWwqUZZbWa66I,665,42.29967056583189,5.521310607900887,0.22689767806127747,0.01906953770594555
uHvWwqUZZbWa66I,666,42.18905691109342,5.288381717524317,0.2261667700884118,0.01786530204117298
uHvWwqUZZbWa66I,667,42.18347150280192,7.725736763236682,0.22243649625488615,7.330779408221133e-05
uHvWwqUZZbWa66I,668,42.327664943157856,8.06975786297562,0.2197092943831649,0.08138373373913055
uHvWwqUZZbWa66I,669,42.45143820500118,8.983533941929636,0.21341278579802747,0.05860502831637859
uHvWwqUZZbWa66I,670,42.52643219826598,9.16463310690665,0.21286818091289206,0.0
uHvWwqUZZbWa66I,671,42.58940445437429,7.79176206834245,0.2169079201448767,0.06706426478922367
uHvWwqUZZbWa66I,672,42.62817195893035,6.788068439684139,0.2230757202858058,0.030211811274284628
uHvWwqUZZbWa66I,673,42.53598996903327,7.788601732052484,0.22634025895672494,0.023939717687881057
uHvWwqUZZbWa66I,674,42.57589256010533,6.443284314265156,0.2038487744162012,0.032122894944222935
uHvWwqUZZbWa66I,675,42.681887662979875,7.222871179541357,0.16273881732149675,0.014122222899004555
uHvWwqUZZbWa66I,676,42.747777038387824,6.991075279971483,0.17406450007956664,0.08307184557497749
uHvWwqUZZbWa66I,677,42.73417489879063,7.216652713937947,0.17391406122601438,0.025723264006956015
uHvWwqUZZbWa66I,678,42.70985582089935,6.10099349113716,0.18320455484740705,1.1976370842603501e-05
uHvWwqUZZbWa66I,679,42.56185922278246,6.1118441180415175,0.1652310270626458,0.020528977271169424
uHvWwqUZZbWa66I,680,42.50703779614389,4.96595922227425,0.17281432320282875,0.00018281692609889433
uHvWwqUZZbWa66I,681,42.42147994142891,6.511743120693154,0.17696100746888987,1.1911472938663792e-05
uHvWwqUZZbWa66I,682,42.352123297257435,5.91206619827426,0.18455161287420196,0.04251013171233353
uHvWwqUZZbWa66I,683,42.314501133312945,4.320927012196989,0.18933456607828703,0.01194774293617229
uHvWwqUZZbWa66I,684,42.26811676127829,5.285810249464703,0.18941475064571023,0.05713740922510624
uHvWwqUZZbWa66I,685,42.1767018043368,3.8801646317951963,0.19358026313830123,0.010149809371796437
uHvWwqUZZbWa66I,686,42.06865398477379,5.107171620540612,0.19098520528291374,1.1377527698641643e-05
uHvWwqUZZbWa66I,687,41.99381755536638,5.95626067116973,0.19036032616781995,0.008338981227097975
uHvWwqUZZbWa66I,688,41.96930570020106,6.587260007407281,0.19321466449355285,0.0
uHvWwqUZZbWa66I,689,42.004311840998184,7.923025686137862,0.1923175009555962,0.03031761136617206
uHvWwqUZZbWa66I,690,42.15195490440652,7.606078879332927,0.19172519108678898,0.010863449424505234
uHvWwqUZZbWa66I,691,42.22169355252083,7.713875853330137,0.19255814596613163,0.05779750645160675
uHvWwqUZZbWa66I,692,42.28404066840449,6.037013858240243,0.19430996604546635,0.035588732052701744
uHvWwqUZZbWa66I,693,42.24830924464328,6.2777122158827865,0.19546014921365895,0.05209781864323304
uHvWwqUZZbWa66I,694,42.291898101181914,7.467191306393943,0.16251781814094102,1.131588487623958e-05
uHvWwqUZZbWa66I,695,42.27571404054697,4.755909329503993,0.17979769031899195,1.0750089131761342e-05
uHvWwqUZZbWa66I,696,42.214807117307885,6.630719321856304,0.1798085317029745,3.903815854755521e-05
uHvWwqUZZbWa66I,697,42.2430840372881,6.343823878104331,0.17767877872074678,0.07228703703731298
uHvWwqUZZbWa66I,698,42.28531326917471,7.609073099570196,0.17649178201554605,0.012238526170676778
uHvWwqUZZbWa66I,699,42.35390315630411,7.691055061164661,0.17613490043254387,0.0381067746102417
uHvWwqUZZbWa66I,700,42.416432418616466,4.359107124516413,0.18308313001784882,0.00016203924315050244
uHvWwqUZZbWa66I,701,42.373675637230406,6.671129396324432,0.18289813171099922,0.041678770760654515
uHvWwqUZZbWa66I,702,42.3983097340643,6.604427207520985,0.16393475139034308,0.05551390208279372
uHvWwqUZZbWa66I,703,42.42595142899859,6.60975332372459,0.16577031633482875,0.07327622080060792
uHvWwqUZZbWa66I,704,42.45301227187167,7.750334239375661,0.1626998303183882,0.00012997700650885236
uHvWwqUZZbWa66I,705,42.42274210163481,6.65702196375878,0.17594261139765877,0.022224001395443338
uHvWwqUZZbWa66I,706,42.44684775314806,5.822798970482836,0.17889029903494702,0.04499316681176424
uHvWwqUZZbWa66I,707,42.42238614893478,6.485208722553125,0.1749215041993466,0.00011881604586960748
uHvWwqUZZbWa66I,708,42.45613707734617,5.269801689594715,0.18068858989431646,0.008160193549883843
uHvWwqUZZbWa66I,709,42.370337762496035,6.000731093738523,0.18436478764715503,0.019811565056443214
uHvWwqUZZbWa66I,710,42.34088440008992,6.910206651471526,0.18295556853195194,0.017497245222330093
uHvWwqUZZbWa66I,711,42.26713400595963,4.847275277024892,0.19202936101487467,3.889081244778936e-05
uHvWwqUZZbWa66I,712,42.20765974728829,8.280866099303239,0.19324318544636299,0.06971291454465245
uHvWwqUZZbWa66I,713,42.249190335383275,6.21331105309082,0.19740524116105007,0.007235282100737095
uHvWwqUZZbWa66I,714,42.30187578166408,8.568570905968272,0.19440292586205032,0.011532219054060988
uHvWwqUZZbWa66I,715,42.41626407653263,6.341867832246862,0.19442008459577664,0.03315818812188809
uHvWwqUZZbWa66I,716,42.54827497170203,9.096685233418555,0.16795296620784939,0.006499129318854102
uHvWwqUZZbWa66I,717,42.54058074127158,5.5144562612513255,0.18323985948654808,3.401749927434139e-05
uHvWwqUZZbWa66I,718,42.44011241142323,4.705195834574624,0.19168027876662563,0.02978087493829662
uHvWwqUZZbWa66I,719,42.383096875525496,5.831295144593241,0.19666512081789733,0.051589820461231284
uHvWwqUZZbWa66I,720,42.362646661145675,9.11351888797526,0.1680773468647203,0.00881709752138704
uHvWwqUZZbWa66I,721,42.35924063336455,3.791642841282737,0.18771184395995988,0.028697048197500408
uHvWwqUZZbWa66I,722,42.259837605620646,6.092665299688633,0.1843163008591091,0.05049370751294191
uHvWwqUZZbWa66I,723,42.22977634983937,5.916998576854894,0.18454705937369908,0.024320579012055532
uHvWwqUZZbWa66I,724,42.29951547738125,8.895779969308933,0.18179496517313964,0.013504534585081274
uHvWwqUZZbWa66I,725,42.30969201051772,4.8580532606106885,0.1726644641871644,0.0323583148419857
uHvWwqUZZbWa66I,726,42.249556296092294,5.701590232976741,0.17577508483373094,0.048482509795576334
uHvWwqUZZbWa66I,727,42.23993298060964,4.702242327541171,0.17806894909790572,0.030182001867615327
uHvWwqUZZbWa66I,728,42.19125884199241,5.727750605128563,0.1895418898338903,0.037758201360702515
uHvWwqUZZbWa66I,729,42.18385178507339,5.938470680361661,0.1872533955745439,0.014601758322669411
uHvWwqUZZbWa66I,730,42.16674949260113,6.124085757319335,0.18969228591913634,0.0
uHvWwqUZZbWa66I,731,42.141173671083266,5.700812868824869,0.189830505824375,0.02785453200340271
uHvWwqUZZbWa66I,732,42.137536229320006,7.0569979548606625,0.18685908389466022,0.05044036384470019
uHvWwqUZZbWa66I,733,42.15683352913021,6.074443899173275,0.19144148124246385,0.027375539221566214
uHvWwqUZZbWa66I,734,42.13437246109652,7.306621535798968,0.19170246225326082,0.07095030322670937
uHvWwqUZZbWa66I,735,42.14105223067958,6.162805081355373,0.19359355278652401,0.041633856787939294
uHvWwqUZZbWa66I,736,42.11404234028333,5.725715181644773,0.19987195927342327,2.4703508188395062e-05
uHvWwqUZZbWa66I,737,42.01964167788765,6.765518210796017,0.20593483779191502,0.012780143879354
uHvWwqUZZbWa66I,738,42.055575537591665,8.26055138510901,0.2031762025807211,0.01516485752290464
uHvWwqUZZbWa66I,739,42.19578931754734,7.102757029565055,0.20271205167432527,0.00011162016471644165
uHvWwqUZZbWa66I,740,42.299763165744366,8.71037218588981,0.20000574415985284,0.04330325174282734
uHvWwqUZZbWa66I,741,42.41099183921028,7.66363137411372,0.19983250067366498,0.07945627626031637
uHvWwqUZZbWa66I,742,42.480687586660906,8.112260385162244,0.20171848197128384,0.023670211187891255
uHvWwqUZZbWa66I,743,42.525836762423864,6.153780581678802,0.21390051262369525,0.04841988533735275
uHvWwqUZZbWa66I,744,42.48687949419315,5.855245405768073,0.22000183544764695,0.09975076220780466
uHvWwqUZZbWa66I,745,42.464099827506345,7.048005426368036,0.21218658844759375,0.0
uHvWwqUZZbWa66I,746,42.47288265622274,5.886821896446008,0.2201882032749154,0.06489316187798977
uHvWwqUZZbWa66I,747,42.44927739655566,7.111929089598561,0.21733325673960735,0.0
uHvWwqUZZbWa66I,748,42.45558736362244,8.500594747140894,0.21835847711747647,0.09729219646578713
uHvWwqUZZbWa66I,749,42.48198780635852,7.049587496250979,0.2210333125683519,0.041512297667395615
uHvWwqUZZbWa66I,750,42.488881370049626,7.861506812796733,0.22070391633542386,0.03370704501867294
uHvWwqUZZbWa66I,751,42.54480401699345,7.78750141873752,0.2231496886253126,7.882498175604269e-05
uHvWwqUZZbWa66I,752,42.60246713259039,7.138079166086754,0.22851385530645985,0.03718056790239643
uHvWwqUZZbWa66I,753,42.60071970498399,5.782587824247628,0.23121138151145715,0.0
uHvWwqUZZbWa66I,754,42.57654069672776,7.615339166237845,0.230628735864002,8.554458327125758e-05
uHvWwqUZZbWa66I,755,42.55212610351538,6.817843865304894,0.2412263763841338,0.02078801509378536
uHvWwqUZZbWa66I,756,42.477332102527214,7.029675005417971,0.2484067744674121,0.048117361074218934
uHvWwqUZZbWa66I,757,42.48330264950653,7.286573491855961,0.24868345191532626,0.019093526674623718
uHvWwqUZZbWa66I,758,42.47613006912712,6.819784414905371,0.2534171591969425,0.034831510113690456
uHvWwqUZZbWa66I,759,42.492010794004955,5.7411722963643115,0.235310536240263,0.003998011536168633
uHvWwqUZZbWa66I,760,42.47154722303213,8.373546049026118,0.2323200637035825,1.9469280232442543e-05
uHvWwqUZZbWa66I,761,42.50080126717421,7.598450651807525,0.24453090965232605,0.07097037089988589
uHvWwqUZZbWa66I,762,42.476892708514924,5.627008549377933,0.2515386121388019,0.028445926973290625
uHvWwqUZZbWa66I,763,42.46131576884312,6.6349597075404745,0.25273571156787966,0.03495039572408132
uHvWwqUZZbWa66I,764,42.39671028540323,5.319628742525936,0.2569168799457202,0.040795624703605426
uHvWwqUZZbWa66I,765,42.39918577706919,7.343384944452623,0.25179107493306674,0.044159795369523636
uHvWwqUZZbWa66I,766,42.39173501661418,3.9135823157538425,0.23929947158649156,0.02554598867391178
uHvWwqUZZbWa66I,767,42.28538576209604,7.093604598196919,0.24385973371522596,0.04433397557659191
uHvWwqUZZbWa66I,768,42.29446208323182,7.858057122435525,0.24892335407241717,0.0454612672328949
uHvWwqUZZbWa66I,769,42.35476557673783,5.567604710438474,0.21901493867653699,0.03932005912065506
uHvWwqUZZbWa66I,770,42.34746350254545,8.027312631588757,0.21474042021452533,0.026118056296581926
uHvWwqUZZbWa66I,771,42.39833273573481,8.037917392286658,0.22266989814727367,1.757102472765837e-05
uHvWwqUZZbWa66I,772,42.44658251626362,4.375368165792679,0.23400588974436687,0.030126588607345184
uHvWwqUZZbWa66I,773,42.40595386005427,5.726337600211991,0.22938525371137075,0.04159376211464405
uHvWwqUZZbWa66I,774,42.390651097740374,5.106611479372077,0.22441123818850883,0.0
uHvWwqUZZbWa66I,775,42.407494169911644,7.753102897275994,0.2215394044462755,0.035576889968069736
uHvWwqUZZbWa66I,776,42.473125753021634,6.339484209905663,0.22676754703888946,0.03381694736890495
uHvWwqUZZbWa66I,777,42.51730660195412,6.4206987394153145,0.22800584564117798,0.0032003202941268682
uHvWwqUZZbWa66I,778,42.466980706280594,5.963147822067697,0.23503068958541462,0.05116636705770361
uHvWwqUZZbWa66I,779,42.350703928850805,6.7620887254961985,0.24512482123986956,0.1277163065969944
uHvWwqUZZbWa66I,780,42.37720488330723,7.885785781983941,0.23920950728074786,0.02298618239001371
uHvWwqUZZbWa66I,781,42.43693679405723,6.0173529157546,0.20406746118874253,0.10797648644074798
uHvWwqUZZbWa66I,782,42.40792948582103,4.327481932212322,0.20224778190765846,0.048102250208103214
uHvWwqUZZbWa66I,783,42.37454126895031,6.583040498800983,0.19724417664235716,0.029976231200635084
uHvWwqUZZbWa66I,784,42.411055744484315,5.430791651120671,0.2102348748062468,0.08733156405833142
uHvWwqUZZbWa66I,785,42.41455603651826,7.390028518728286,0.20298170698356444,0.01849487727486121
uHvWwqUZZbWa66I,786,42.41109290979455,6.304752530363885,0.20726510517420138,0.00887056101419148
uHvWwqUZZbWa66I,787,42.371251922647815,5.554799078682976,0.21442477900120593,2.4375607608817518e-05
uHvWwqUZZbWa66I,788,42.369892768570054,5.698776586848908,0.191517718052296,4.9679398216539994e-05
uHvWwqUZZbWa66I,789,42.36227953853529,6.06563053032005,0.19657454315131417,0.04356149156456013
uHvWwqUZZbWa66I,790,42.427230548129785,7.357583886422162,0.19205079953599125,0.058165909722447395
uHvWwqUZZbWa66I,791,42.42685464963358,6.73379079645747,0.20238940328772514,0.0030376572385648615
uHvWwqUZZbWa66I,792,42.366968258067885,6.690836125490023,0.20833792747043844,0.08662035036832094
uHvWwqUZZbWa66I,793,42.400157457470556,5.482493672934652,0.20758414641056788,6.7752225731965154e-06
uHvWwqUZZbWa66I,794,42.31305463766887,2.4332565888689714,0.21596602048578006,0.01989245330742051
uHvWwqUZZbWa66I,795,42.20093261792326,7.223502427064432,0.21208925843495763,0.10419687927333143
uHvWwqUZZbWa66I,796,42.214916849968205,5.6095909708951694,0.19117466583122678,0.03235232438305502
uHvWwqUZZbWa66I,797,42.21859018094631,6.799557090193048,0.1886907423405546,0.0
uHvWwqUZZbWa66I,798,42.253399121673255,5.983878581542257,0.19408000409839588,6.548175429088587e-05
uHvWwqUZZbWa66I,799,42.23800049070343,7.27286981870202,0.20232583449887898,1.724998833196878e-05
uHvWwqUZZbWa66I,800,42.15880048037505,3.917404048925164,0.22088733778832648,1.337416051683249e-05
uHvWwqUZZbWa66I,801,42.06799604703042,7.577788236132619,0.21863683658261834,0.03030896928248694
uHvWwqUZZbWa66I,802,42.067969767032395,3.9894031910971535,0.2267509813370907,0.027389965428028518
uHvWwqUZZbWa66I,803,41.97620823425888,6.171039373933752,0.22638684937066955,8.193583198590204e-06
uHvWwqUZZbWa66I,804,42.049056550085936,8.857649486227729,0.22342280245686652,0.06734985643970504
uHvWwqUZZbWa66I,805,42.07631826097389,4.752765255041595,0.23289290377681482,0.08198829511729855
uHvWwqUZZbWa66I,806,42.036018546885686,4.86898719781675,0.2313507507748227,0.03134491480886936
uHvWwqUZZbWa66I,807,42.08201403399502,7.561079728673434,0.22684439795159506,0.07199127972126007
uHvWwqUZZbWa66I,808,42.17382721430633,6.058435524983906,0.2271626657999377,0.009479883356107166
uHvWwqUZZbWa66I,809,42.24797780959824,6.368887597225694,0.22929044284001066,1.8111026747646974e-05
uHvWwqUZZbWa66I,810,42.21552308174395,5.454298212973839,0.23039360832626699,0.03962298905116768
uHvWwqUZZbWa66I,811,42.229358047978025,5.875248854128586,0.19499234050999803,0.11440646275877953
uHvWwqUZZbWa66I,812,42.22268364846951,6.966516301593003,0.19367091647836787,0.03116205334663391
uHvWwqUZZbWa66I,813,42.251962329945286,5.059871974325688,0.21139522210251016,0.07498113965175435
uHvWwqUZZbWa66I,814,42.195468926405596,4.2019205320593755,0.2126288206618483,0.0
uHvWwqUZZbWa66I,815,42.18401326671281,5.392542117433635,0.20967158464009117,0.014836999375802407
uHvWwqUZZbWa66I,816,42.115080788866635,6.085816125928602,0.21109635126185822,0.017203418537974358
uHvWwqUZZbWa66I,817,42.10345690102962,6.639668218699441,0.21166833652512196,0.04414261645990791
uHvWwqUZZbWa66I,818,42.06443364619686,4.161644587093178,0.2149096795059222,0.03895014611782699
uHvWwqUZZbWa66I,819,41.969593223402114,6.955867239190411,0.2134456828899829,5.518460966413841e-06
uHvWwqUZZbWa66I,820,42.00851197145077,6.375940877854191,0.21655227881967676,0.020299129415434436
uHvWwqUZZbWa66I,821,41.9849585377837,5.542727167565317,0.2230725830783058,0.07542545348405838
uHvWwqUZZbWa66I,822,41.91325606107185,6.68778619936802,0.2220912913222719,0.02611756546593824
uHvWwqUZZbWa66I,823,41.876083157674046,5.664698804592547,0.23492254540951762,0.11831362685552449
uHvWwqUZZbWa66I,824,41.8901762187744,5.722894497761558,0.22700772445523398,0.051079641951218946
uHvWwqUZZbWa66I,825,41.8114662548915,3.6397846697091154,0.23500435848245615,0.0
uHvWwqUZZbWa66I,826,41.74861435139522,4.558089790731174,0.2330453528788894,0.10948634074611618
uHvWwqUZZbWa66I,827,41.733081781481786,6.456806071567371,0.2269127089198264,0.10520410723984241
uHvWwqUZZbWa66I,828,41.80411845121485,7.239962338333498,0.22318017665702428,0.0
uHvWwqUZZbWa66I,829,41.834242296938044,6.262911283406993,0.22923891359414483,0.020179003477096558
uHvWwqUZZbWa66I,830,41.82153378215702,5.045408419877276,0.22853461556542243,0.03126271386190638
uHvWwqUZZbWa66I,831,41.779682831866396,5.166047532325592,0.22991841067005225,0.021858733147382736
uHvWwqUZZbWa66I,832,41.82338323956802,5.898777854050422,0.2260405888259811,0.053170401424267766
uHvWwqUZZbWa66I,833,41.83036695762249,5.603732529830637,0.22070857282142242,0.04776947463324177
uHvWwqUZZbWa66I,834,41.85202610473816,4.8565142067845954,0.2202379014916005,0.04042844131640777
uHvWwqUZZbWa66I,835,41.91097237302647,7.7613519113083385,0.1885524345984777,4.9804111768025905e-06
uHvWwqUZZbWa66I,836,41.91460583527558,5.246856547911079,0.20069472064415095,0.019123760983347893
uHvWwqUZZbWa66I,837,41.86229607106978,5.215977032072175,0.20414771434070644,0.042841677786782384
uHvWwqUZZbWa66I,838,41.81312889952217,4.8815820076137015,0.20354332452325252,0.0
uHvWwqUZZbWa66I,839,41.782216159132645,5.989480241887577,0.2028230054179403,0.019856163307849783
uHvWwqUZZbWa66I,840,41.787381943696005,4.263069555612674,0.205730627767025,0.0
uHvWwqUZZbWa66I,841,41.78868262959314,3.5028405760185706,0.20397520438871197,0.07494344748556614
uHvWwqUZZbWa66I,842,41.73941657243505,6.401776177869053,0.19785750507014654,0.02390427391276262
uHvWwqUZZbWa66I,843,41.8181687436154,6.851576039894908,0.19457693144818222,0.03153317391479504
uHvWwqUZZbWa66I,844,41.87247729996835,6.572925418333398,0.17898493434790907,0.041682895544909115
uHvWwqUZZbWa66I,845,41.93884288363898,5.53395082242605,0.18598379985019164,0.04109457810591266
uHvWwqUZZbWa66I,846,41.96535662473531,5.671926398030962,0.18332314104304714,0.02715991145123553
uHvWwqUZZbWa66I,847,41.98484323194499,5.639216058213265,0.12994715935042223,0.0
uHvWwqUZZbWa66I,848,41.915841956305215,5.811173701186718,0.14249080899594446,0.0016550374809867208
uHvWwqUZZbWa66I,849,41.92972461521528,5.2090829136113825,0.14105647905330443,4.0805090065987315e-05
uHvWwqUZZbWa66I,850,41.9735339578133,6.83126093732632,0.13897355834365044,0.015187026087915001
uHvWwqUZZbWa66I,851,42.026063960283096,6.355978819289703,0.13992803731821368,0.020381673088195384
uHvWwqUZZbWa66I,852,42.010594229666964,4.8727289688577,0.15013199460486248,4.757143869937863e-06
uHvWwqUZZbWa66I,853,41.8891939439674,4.1130295740013025,0.1583852903738716,0.056927817452105955
uHvWwqUZZbWa66I,854,41.808889206148834,3.0759297536624217,0.16142171465639876,1.3166013559384737e-05
uHvWwqUZZbWa66I,855,41.69342551270451,3.597450811748786,0.1654626765366629,0.014514218981275917
uHvWwqUZZbWa66I,856,41.646352495022384,3.90074642728905,0.16683639985058107,0.011115073386463337
uHvWwqUZZbWa66I,857,41.58680262913107,4.015470652911745,0.1644677732792843,0.008807587210867496
uHvWwqUZZbWa66I,858,41.524097159749445,4.297173106102491,0.1635444323133015,0.02779749222099781
uHvWwqUZZbWa66I,859,41.44978382141187,5.6990052581804775,0.16184790344641442,0.014113183391600614
uHvWwqUZZbWa66I,860,41.48775699413898,6.359545140285263,0.1590368694096469,0.03328277263790369
uHvWwqUZZbWa66I,861,41.491786249062784,6.303970269611909,0.16106769046109548,0.028246751454844343
uHvWwqUZZbWa66I,862,41.49771401739133,4.576104839662605,0.17121799355072653,8.007603355508763e-06
uHvWwqUZZbWa66I,863,41.4991900401738,5.49446504755997,0.171132811733969,0.0
uHvWwqUZZbWa66I,864,41.45553679478695,3.527485412208989,0.17415968996238007,0.0
uHvWwqUZZbWa66I,865,41.42098973218168,4.6279953442845,0.17200202219419225,0.0
uHvWwqUZZbWa66I,866,41.4237440850639,4.4708486005838495,0.17382934216175272,0.0592020339922783
uHvWwqUZZbWa66I,867,41.34498954443376,4.302351009995164,0.13982953635922968,7.607223778904881e-06
uHvWwqUZZbWa66I,868,41.36686839944518,3.6957021857415384,0.14886713378064087,0.017661739140748978
uHvWwqUZZbWa66I,869,41.32959984754915,4.418275346051814,0.15054990084308884,0.02341998554766178
uHvWwqUZZbWa66I,870,41.25830196579453,3.247983685141662,0.1550182153091555,0.00511040398851037
uHvWwqUZZbWa66I,871,41.157534078311514,4.161472053413249,0.16067726305618635,0.05191307379163845
uHvWwqUZZbWa66I,872,41.10462650688041,4.949397369907729,0.16092927046747718,0.0
uHvWwqUZZbWa66I,873,41.10411591060469,4.397958986511043,0.16175314251495365,0.021329580773453927
uHvWwqUZZbWa66I,874,41.04129898572941,4.24264517834672,0.16294849019868707,0.019502557814121246
uHvWwqUZZbWa66I,875,40.987964550195414,5.8009042178418895,0.16269111105611955,3.030955576832639e-05
uHvWwqUZZbWa66I,876,41.03836517853264,4.921465927327517,0.16870547794042068,0.016300320625305176
uHvWwqUZZbWa66I,877,41.04111986937491,4.639855854203233,0.16691101724518376,0.04369470862093294
uHvWwqUZZbWa66I,878,41.05800200859662,4.3494220906441114,0.16716681019909174,1.3844981367583387e-05
uHvWwqUZZbWa66I,879,40.999450699196444,4.467360047535294,0.1714352021446075,0.0655029087974981
uHvWwqUZZbWa66I,880,40.93664581062953,1.8767117453082847,0.17617120054421775,0.011356762610375881
uHvWwqUZZbWa66I,881,40.8249508255993,4.172871845674081,0.17482071296183221,0.023087507513082528
uHvWwqUZZbWa66I,882,40.78316222012526,4.750750910145143,0.17624035626033674,0.02627197466790676
uHvWwqUZZbWa66I,883,40.803805401814856,5.559926190949227,0.17338610088302175,0.002953927032649517
uHvWwqUZZbWa66I,884,40.87366263800786,5.438062967869882,0.17542568754254262,0.012029649660462383
uHvWwqUZZbWa66I,885,40.94769885132254,6.772951435988944,0.1772795302221084,0.0481074668518886
uHvWwqUZZbWa66I,886,40.953153072312276,4.312100461560021,0.18599521948760867,0.08738634228711817
uHvWwqUZZbWa66I,887,40.98988582801918,5.221836272991823,0.17974115207323393,0.04964131861925125
uHvWwqUZZbWa66I,888,41.07103812387665,7.691966622779319,0.17698655205310843,0.009157395515103417
uHvWwqUZZbWa66I,889,41.11699428007775,5.2677843122824015,0.18560517483581407,2.9425966999951925e-05
uHvWwqUZZbWa66I,890,41.100937418316576,5.601878447567287,0.18861045495486906,0.0579983759530478
uHvWwqUZZbWa66I,891,41.06828244550776,5.51563171118643,0.19457464662082202,0.0021436987151446374
uHvWwqUZZbWa66I,892,41.13004226655683,4.368817387369745,0.19494451438595206,0.05564935319125652
uHvWwqUZZbWa66I,893,41.157641223633235,6.205031541498386,0.191500895149602,0.048055185475504913
uHvWwqUZZbWa66I,894,41.18358783197927,5.561972887632692,0.19272953903350754,2.9829845061613014e-05
uHvWwqUZZbWa66I,895,41.24023937451729,6.892262950173517,0.1933139375664723,0.018371974539377334
uHvWwqUZZbWa66I,896,41.31898647812149,6.472324033387736,0.19486720252780287,0.0
uHvWwqUZZbWa66I,897,41.325796106376615,5.040371178464937,0.2016025635925871,0.034413256670404735
uHvWwqUZZbWa66I,898,41.31298628539655,6.641487780372387,0.19929163381982562,2.6172540401603328e-05
uHvWwqUZZbWa66I,899,41.310552429986544,4.323434109518317,0.21707271670845785,0.0015621496531821322
uHvWwqUZZbWa66I,900,41.242835587759764,4.6297030589764745,0.21713045272178988,0.0
uHvWwqUZZbWa66I,901,41.25186704011974,6.577291055789374,0.222563544964828,0.06129205413162708
uHvWwqUZZbWa66I,902,41.34389850302516,6.059128348540781,0.21842093530710827,0.07574182562257192
uHvWwqUZZbWa66I,903,41.45900214559528,7.041969961207087,0.2129761136155821,0.020286141098267763
uHvWwqUZZbWa66I,904,41.522241368081396,5.067873187295845,0.21607318421104083,0.08988476526769773
uHvWwqUZZbWa66I,905,41.59157199609025,5.873117357841693,0.20924001158402916,0.0
uHvWwqUZZbWa66I,906,41.70973140530067,6.179464344804501,0.21023734024913665,0.029338464548345655
uHvWwqUZZbWa66I,907,41.720100693996656,6.729221925031197,0.21167467908946946,0.012862009037462485
uHvWwqUZZbWa66I,908,41.70220859000604,5.2895687188838565,0.21698099325215026,0.057740010579436785
uHvWwqUZZbWa66I,909,41.665556335439604,6.241121283952225,0.22034773303096244,0.06490020159480991
uHvWwqUZZbWa66I,910,41.67221339570035,4.810205863817771,0.22565086442602933,0.07127928948943918
uHvWwqUZZbWa66I,911,41.65966777912469,6.7318451933474535,0.17738145048758724,0.0
uHvWwqUZZbWa66I,912,41.73192158666804,6.296317058435889,0.17180621694103593,0.0009660653049650136
uHvWwqUZZbWa66I,913,41.643597848452906,2.575056629827486,0.19419493153043277,0.0
uHvWwqUZZbWa66I,914,41.56227746845942,4.430603100838617,0.19485481513481773,0.038662154227495193
uHvWwqUZZbWa66I,915,41.48228256679405,3.7591293710320315,0.19578177161099575,0.018506542482441546
uHvWwqUZZbWa66I,916,41.43819978190978,3.8541691237624036,0.19439581941958295,0.014248271254473366
uHvWwqUZZbWa66I,917,41.391610200667365,4.2483874117524465,0.193104460261452,0.02206989732655984
uHvWwqUZZbWa66I,918,41.41746486385315,6.666429215872995,0.18947381830594168,5.886324743187288e-06
uHvWwqUZZbWa66I,919,41.41288660773122,3.7993086802089238,0.1950162296398048,5.59200816496741e-06
uHvWwqUZZbWa66I,920,41.370514519169284,4.697389515985606,0.19254526225131485,0.028074581176042557
uHvWwqUZZbWa66I,921,41.37533467519366,4.635688729462345,0.19327481827212978,2.1269652052069432e-05
uHvWwqUZZbWa66I,922,41.383652341883554,4.23522618100651,0.1909166801480069,0.01068302895873785
uHvWwqUZZbWa66I,923,41.41238891775489,5.106327726440213,0.14753577363364911,3.4259037420270033e-06
uHvWwqUZZbWa66I,924,41.397950780913064,3.815905846135138,0.15803418280313508,0.014154383912682533
uHvWwqUZZbWa66I,925,41.35839836907003,3.9379382847052966,0.16649876681378828,0.009239628660793642
uHvWwqUZZbWa66I,926,41.31469466318261,4.999463006578935,0.16980614246404002,0.05764383911855475
uHvWwqUZZbWa66I,927,41.3097870462055,4.575490954556315,0.16746788415457559,2.9819559586030664e-06
uHvWwqUZZbWa66I,928,41.326275376903595,5.64114428386074,0.16521424403276797,0.00797788462000426
uHvWwqUZZbWa66I,929,41.289670519015544,4.544000554856893,0.17053412886502883,0.0659500842448324
uHvWwqUZZbWa66I,930,41.30810476172633,4.620499031376312,0.16501968213174223,0.00046748165323151625
uHvWwqUZZbWa66I,931,41.322888672164254,5.1060585534424945,0.16286804204878536,0.006861385509182583
uHvWwqUZZbWa66I,932,41.31356231377663,4.35424619816456,0.16310528446217631,0.0004115439369343221
uHvWwqUZZbWa66I,933,41.34198751120215,5.992321303396011,0.16107665687911776,0.0
uHvWwqUZZbWa66I,934,41.378663375012096,5.105605748239668,0.16240817275127029,0.033652979880571365
uHvWwqUZZbWa66I,935,41.368223410259546,4.622822832005582,0.16186403659401094,0.037294621113233006
uHvWwqUZZbWa66I,936,41.38212898163363,4.902075372873753,0.1581129163608921,0.02966314982586482
uHvWwqUZZbWa66I,937,41.3822699854897,4.745154198220632,0.15815066746415596,1.024366383717279e-06
uHvWwqUZZbWa66I,938,41.39044728031406,4.906815119897942,0.15793837851219905,0.01141609291153145
uHvWwqUZZbWa66I,939,41.480724257164454,5.244831250654443,0.15561356822945527,0.010806447085769832
uHvWwqUZZbWa66I,940,41.55267557578536,6.771528670880315,0.13762211372227284,3.2546086004003882e-06
uHvWwqUZZbWa66I,941,41.54692434584156,5.720452216552829,0.14574687092022032,0.049574645123357186
uHvWwqUZZbWa66I,942,41.59241387683409,5.538296229150319,0.14850473269962094,0.00028155819745734334
uHvWwqUZZbWa66I,943,41.6457508006319,5.584599202762547,0.15308869935597613,0.00025879943859763443
uHvWwqUZZbWa66I,944,41.69556248992757,6.487986402997876,0.1532989745745681,0.0
uHvWwqUZZbWa66I,945,41.69904311503848,5.7054069801060905,0.1581629525015842,0.0010909397656178044
uHvWwqUZZbWa66I,946,41.7405376423481,5.879796039943358,0.16423820067200268,0.010578612447716296
uHvWwqUZZbWa66I,947,41.772241908783656,4.772939761328189,0.12979853181229828,0.04779708589148868
uHvWwqUZZbWa66I,948,41.76826140375695,4.650249224162025,0.13125450988638931,0.04061259484126367
uHvWwqUZZbWa66I,949,41.77102868821967,4.892626998184824,0.13072205574007967,0.00516908336430788
uHvWwqUZZbWa66I,950,41.762265937164926,3.2624627253808285,0.14068841255084408,0.00868111473027966
uHvWwqUZZbWa66I,951,41.655576728028706,6.005754639134551,0.10517178638929181,0.00018284156249137595
uHvWwqUZZbWa66I,952,41.685465372873324,4.511739798316739,0.11807335172761668,0.00807459931820631
uHvWwqUZZbWa66I,953,41.69884779458428,5.946112219636234,0.11573666546883032,0.006585482180526014
uHvWwqUZZbWa66I,954,41.730952912461845,3.741085473523526,0.11311974205204933,0.002726455684751272
uHvWwqUZZbWa66I,955,41.69213268002707,4.55333219556087,0.11195048349804892,0.0010191909968852997
uHvWwqUZZbWa66I,956,41.704771016340175,5.199934236598892,0.1150328797423299,0.01768623563430083
uHvWwqUZZbWa66I,957,41.68546683350317,4.013805336024234,0.12400467640867419,0.010058599524199963
uHvWwqUZZbWa66I,958,41.63584158851566,3.406114764879021,0.1289106426065132,0.018677497823262
uHvWwqUZZbWa66I,959,41.61855822906048,4.484780223361668,0.12605737564808805,0.018225601903168354
uHvWwqUZZbWa66I,960,41.63922073070037,3.346200270976283,0.12551279148539152,2.9372843073360855e-06
uHvWwqUZZbWa66I,961,41.62701607659429,7.239380899322612,0.12370446053847672,0.010180444344371153
uHvWwqUZZbWa66I,962,41.601948168464915,4.176712888898692,0.13660538637924446,0.007564023535223896
uHvWwqUZZbWa66I,963,41.548537693901054,4.715274459370903,0.13519442739840315,0.006980159499335059
uHvWwqUZZbWa66I,964,41.55998203804997,4.785204585172096,0.13629030476619164,0.02927989541331044
uHvWwqUZZbWa66I,965,41.568041657103905,5.314452979566084,0.13831566436607545,0.014631515368819237
uHvWwqUZZbWa66I,966,41.54974594289021,3.7087838577046313,0.14493870867050873,0.03797420114278793
uHvWwqUZZbWa66I,967,41.521836786340046,5.692967171724831,0.1412877528364902,0.036444862862481386
uHvWwqUZZbWa66I,968,41.48641711725408,5.7844124075627406,0.14909536732653805,0.04683822952210903
uHvWwqUZZbWa66I,969,41.53645606471595,5.7812926772112405,0.14473114165508605,0.0
uHvWwqUZZbWa66I,970,41.58508063277772,7.547625083603634,0.143363989386728,0.05871327839804508
uHvWwqUZZbWa66I,971,41.63388102821831,4.517364195752904,0.1530516825746986,0.07803464558969608
uHvWwqUZZbWa66I,972,41.56114718942625,4.79371817800984,0.1582515916930447,0.022248425600594146
uHvWwqUZZbWa66I,973,41.47647019091663,4.47815754495754,0.1668279091727527,4.156712293479359e-06
uHvWwqUZZbWa66I,974,41.40937103347328,5.700892379898505,0.16881100394624582,0.06490553794577636
uHvWwqUZZbWa66I,975,41.372862681810645,3.840025519682513,0.17944853355811574,0.01610575243830681
uHvWwqUZZbWa66I,976,41.33945623573304,4.267046498205218,0.18190278564225082,0.0
uHvWwqUZZbWa66I,977,41.286355021809456,5.672237627200957,0.18327034260300934,0.035887379170844724
uHvWwqUZZbWa66I,978,41.344584085798076,5.345680721220106,0.18528749469055583,0.02534851449308917
uHvWwqUZZbWa66I,979,41.32746741085525,3.9242095530998995,0.19593449548642639,0.07424001395702362
uHvWwqUZZbWa66I,980,41.2914176338782,5.3023549818030915,0.15483489249322702,0.012357904131022224
uHvWwqUZZbWa66I,981,41.36805411399477,5.877802981830158,0.15455643656366647,0.00770956965266123
uHvWwqUZZbWa66I,982,41.41424798928378,5.224371786900974,0.16144437758941876,0.026975753216902376
uHvWwqUZZbWa66I,983,41.401510092844404,4.170251506587078,0.16613641628339337,0.03423386954818852
uHvWwqUZZbWa66I,984,41.35153903410159,3.926334239177322,0.16720326779147854,0.010040007531642914
uHvWwqUZZbWa66I,985,41.315422096074,6.7575511978957365,0.16448840370765083,0.04324758678762919
uHvWwqUZZbWa66I,986,41.319336392178315,2.486993306851872,0.1765507103444861,0.007293656813999405
uHvWwqUZZbWa66I,987,41.26510690116624,5.509954126728189,0.17361462568726438,0.010249888530324824
uHvWwqUZZbWa66I,988,41.24292450688876,4.425335686484459,0.1772750101041538,7.519020073232241e-06
uHvWwqUZZbWa66I,989,41.1848404750968,4.003930167931685,0.18454222269895126,0.0
uHvWwqUZZbWa66I,990,41.149299383502985,6.417336606618683,0.18220311739162298,6.456062919824035e-07
uHvWwqUZZbWa66I,991,41.26450171574046,5.399785189251247,0.18466874116757026,0.06873551193257299
uHvWwqUZZbWa66I,992,41.33713886781023,5.721980628322022,0.18275200752424325,0.03278748587831615
uHvWwqUZZbWa66I,993,41.39196129967424,6.237084813543561,0.1828513577839317,0.0008310675464713313
uHvWwqUZZbWa66I,994,41.41939159668393,7.502915400394841,0.189110239353397,0.0008369893580493226
uHvWwqUZZbWa66I,995,41.47195896997598,5.13913574501251,0.19509932850957057,0.04233162862169593
uHvWwqUZZbWa66I,996,41.54960680341612,5.084825082821226,0.19541608214518646,0.006880187429487705
uHvWwqUZZbWa66I,997,41.53858599977668,5.2694564321573125,0.1978506855276123,0.044302891939878464
uHvWwqUZZbWa66I,998,41.51860475845235,5.716622602254574,0.19508607651101784,0.024015920669398838
uHvWwqUZZbWa66I,999,41.56652555027751,6.77388904933332,0.19855773432692558,0.042656765968160926
uHvWwqUZZbWa66I,1000,41.56023296822179,5.9386054661736125,0.20798429744610303,0.030269623268395662
uHvWwqUZZbWa66I,1001,41.59440859395347,4.667100883828532,0.20534157506773454,0.0007740320024822722
uHvWwqUZZbWa66I,1002,41.78091507653848,6.424862332998316,0.1634788440541115,4.601216005539754e-06
uHvWwqUZZbWa66I,1003,41.876739037532836,6.555399134926461,0.16397252222316183,0.02561330236494541
uHvWwqUZZbWa66I,1004,41.963353544005024,7.266645090828206,0.16211402343299142,0.06689436058428555
uHvWwqUZZbWa66I,1005,42.011830362310086,4.96373655987486,0.17594091488928143,0.027207492683146484
uHvWwqUZZbWa66I,1006,41.99298019386264,4.731442891785036,0.15897656532740712,5.38467793376185e-06
uHvWwqUZZbWa66I,1007,41.89657118083573,4.182669473984106,0.1783731946594571,0.0007117189816199243
uHvWwqUZZbWa66I,1008,41.91999445233204,6.4524465423346555,0.17566928346752775,0.05200205089795418
uHvWwqUZZbWa66I,1009,41.92062653329776,5.298448600998654,0.18076298989524275,0.013580032786421725
uHvWwqUZZbWa66I,1010,41.88802837881712,5.319707900890606,0.18320641770776547,0.012616020627319813
uHvWwqUZZbWa66I,1011,41.85507427285274,5.051447587746225,0.1861756805836876,0.005301070935047392
uHvWwqUZZbWa66I,1012,41.83621188228671,3.892944333784726,0.19145818044171392,0.01797315583917225
uHvWwqUZZbWa66I,1013,41.78592627906182,5.6485692482492595,0.19000767796126183,1.312431618316623e-05
uHvWwqUZZbWa66I,1014,41.74008495142329,4.8610658739185055,0.19357438782810732,0.023909685687385718
uHvWwqUZZbWa66I,1015,41.73415533862448,4.302639727626342,0.19022390814677692,3.0791709946242918e-06
uHvWwqUZZbWa66I,1016,41.756662113260525,6.60720479817337,0.1876928455116058,0.0
uHvWwqUZZbWa66I,1017,41.75443502609961,4.544590627141169,0.19788561031907648,0.018000392188241676
uHvWwqUZZbWa66I,1018,41.67421336009066,3.7576353523620583,0.2002965028638073,0.0468633770942688
uHvWwqUZZbWa66I,1019,41.63545906738874,4.771807708723998,0.19691791282696158,9.623469850339461e-06
uHvWwqUZZbWa66I,1020,41.6380310982543,3.3768241338848384,0.20280076895562615,0.013835525434160445
uHvWwqUZZbWa66I,1021,41.62070584233929,4.292688928798498,0.19967969208857994,0.005007092478592767
uHvWwqUZZbWa66I,1022,41.64952676877765,4.215495698916584,0.1974560560610712,0.025338364963545246
uHvWwqUZZbWa66I,1023,41.682468966434314,5.462026630320452,0.19615141759533117,0.0047557786178913375
uHvWwqUZZbWa66I,1024,41.74333607509452,5.946154403261062,0.19362197926395197,4.186139221928897e-06
uHvWwqUZZbWa66I,1025,41.77863799406832,5.5360779511847795,0.19142178772582952,0.021638555121398895
uHvWwqUZZbWa66I,1026,41.833139424645694,6.1712215997984,0.1981453108652147,0.0006423245649784803
uHvWwqUZZbWa66I,1027,41.76463139759862,4.054713681797807,0.20900260211382715,0.0
uHvWwqUZZbWa66I,1028,41.71234662108195,5.020053906671137,0.21031759034175934,0.03357178061139621
uHvWwqUZZbWa66I,1029,41.70377686689817,4.958727271462635,0.21300930863932876,0.0
uHvWwqUZZbWa66I,1030,41.698576061948,6.1858144508018995,0.21235471050064803,0.01821022154763341
uHvWwqUZZbWa66I,1031,41.72231147619759,6.530513857866406,0.2145260418596706,1.0604044661022272e-05
uHvWwqUZZbWa66I,1032,41.72749091068451,4.948228021249861,0.22069939906126024,0.030883225114848756
uHvWwqUZZbWa66I,1033,41.72051643804318,5.301579127146397,0.21904664802835327,0.12500890623778105
uHvWwqUZZbWa66I,1034,41.78625700733184,6.0421822591903265,0.2120223597353572,0.0006102079059928656
uHvWwqUZZbWa66I,1035,41.8137345152596,6.066520841214697,0.2114811544111319,0.017974015325307846
uHvWwqUZZbWa66I,1036,41.838811727014075,4.663154742571351,0.21388922460076287,8.685181455803104e-06
uHvWwqUZZbWa66I,1037,41.84292092385007,6.067242377199481,0.19080320133119244,0.01662227195288324
uHvWwqUZZbWa66I,1038,41.86733523516528,4.501618896459377,0.20179856780467276,0.05933929979801178
uHvWwqUZZbWa66I,1039,41.78891967568671,4.995367218793035,0.20470672765330278,0.05582639868481465
uHvWwqUZZbWa66I,1040,41.86794999347358,6.630575783773111,0.1996469675387118,0.08390830399048355
uHvWwqUZZbWa66I,1041,41.86406801957428,3.0275614392103307,0.20264108505787704,0.0
uHvWwqUZZbWa66I,1042,41.76923083480988,6.486450392438655,0.18982893221553354,0.06266917660065019
uHvWwqUZZbWa66I,1043,41.77518755255033,4.715597700449052,0.20434561689845054,0.07715745981030864
uHvWwqUZZbWa66I,1044,41.778475806137344,4.198391696114186,0.1993747532604857,3.6413990756045678e-06
uHvWwqUZZbWa66I,1045,41.71806157096858,4.433703387764886,0.19854255509278573,2.0484090441641456e-06
uHvWwqUZZbWa66I,1046,41.647901522759355,5.041774836431159,0.19931118763122413,0.08402364792800654
uHvWwqUZZbWa66I,1047,41.639276878604676,4.835298891756736,0.19693060080180658,7.355808406828146e-07
uHvWwqUZZbWa66I,1048,41.641237533510434,4.663359327254511,0.16196881984296851,0.0005813677493051728
uHvWwqUZZbWa66I,1049,41.65204614831521,5.97243255450303,0.1040634621897425,0.0005589573789279711
uHvWwqUZZbWa66I,1050,41.68764193606444,5.60226708508435,0.10552146285778008,0.06855964868657338
uHvWwqUZZbWa66I,1051,41.740377484342844,4.873480384944287,0.1114604085231008,0.009934568729136117
uHvWwqUZZbWa66I,1052,41.73823827976594,5.532777218868887,0.11268250500239674,0.013063319560842501
uHvWwqUZZbWa66I,1053,41.70347289163283,1.8549625164378085,0.13281359209855736,0.0
uHvWwqUZZbWa66I,1054,41.58292324196327,4.358081077775751,0.08188534244669654,0.009731755591928959
uHvWwqUZZbWa66I,1055,41.52232983823751,2.600607819132847,0.08775253534332705,0.0038518274312764333
uHvWwqUZZbWa66I,1056,41.37131754574571,2.1748910882213295,0.09576496655921574,0.019123997539281845
uHvWwqUZZbWa66I,1057,41.246430368631906,3.752908965936058,0.0953320663072077,0.018643707036972046
uHvWwqUZZbWa66I,1058,41.227288053317494,3.0520306983687533,0.09779291369062548,0.0005005417092434072
uHvWwqUZZbWa66I,1059,41.15444950997326,4.248945381923477,0.10077676181407469,0.02541319193551317
uHvWwqUZZbWa66I,1060,41.11457473795841,1.9514088523148985,0.10743876239934025,7.074134373397101e-06
uHvWwqUZZbWa66I,1061,41.010673934933635,3.14381252656176,0.10658095055322292,0.0
uHvWwqUZZbWa66I,1062,40.9414061011004,3.428444401841034,0.10664399323940188,1.3890337413613452e-06
uHvWwqUZZbWa66I,1063,40.86038977486638,3.7953378376059845,0.11151453619123686,0.0
uHvWwqUZZbWa66I,1064,40.763412445196224,0.0,0.12222260026015874,0.0
uHvWwqUZZbWa66I,1065,40.588490557182155,2.7087988048365332,0.11998656222823456,0.0
uHvWwqUZZbWa66I,1066,40.555125582289435,2.6927391692279343,0.1186025814698155,0.0
uHvWwqUZZbWa66I,1067,40.524480621579784,3.740261284732611,0.11652828811253357,0.0036546774208545685
uHvWwqUZZbWa66I,1068,40.533299762759626,4.081628827061195,0.11443194995882777,2.8274137093831087e-06
uHvWwqUZZbWa66I,1069,40.52521730565458,2.2237919500780663,0.12012440219740483,0.011590166998189488
uHvWwqUZZbWa66I,1070,40.52018671626492,3.7454313678022118,0.11757315438350702,0.0
uHvWwqUZZbWa66I,1071,40.53082776139151,3.950658933966224,0.11593104486379957,0.015307859623590048
uHvWwqUZZbWa66I,1072,40.53129099945751,2.9589606293956336,0.11870909540979824,0.010045700706541538
uHvWwqUZZbWa66I,1073,40.49141926556791,4.606145919677942,0.11668004530687881,0.04140991634437796
uHvWwqUZZbWa66I,1074,40.55086517133128,3.8232138673645295,0.11625668832604674,3.868567006293233e-06
uHvWwqUZZbWa66I,1075,40.557867661883904,4.06496772353853,0.1144906753185353,1.981664894401547e-06
uHvWwqUZZbWa66I,1076,40.55285591919625,4.303676588868711,0.11800861523991557,1.6599036598563544e-06
uHvWwqUZZbWa66I,1077,40.53597916640234,2.8778133039386375,0.1217031501063559,0.030877086513328322
uHvWwqUZZbWa66I,1078,40.50046333388042,2.724711975045011,0.11981636173541688,0.04401715751737356
uHvWwqUZZbWa66I,1079,40.474267613858785,2.3785705275081455,0.12024312850545016,0.027164528146386147
uHvWwqUZZbWa66I,1080,40.46697730761713,4.1480346400646795,0.11717343740306774,0.07458872466258981
uHvWwqUZZbWa66I,1081,40.552748295130016,5.760955856542864,0.11198804687947472,0.00044999048304816824
uHvWwqUZZbWa66I,1082,40.55614630816302,4.943854594123593,0.12133040585254662,0.0508360169367279
uHvWwqUZZbWa66I,1083,40.59874168926477,4.199454183919329,0.12117467498242718,1.3608180324808927e-06
uHvWwqUZZbWa66I,1084,40.586965384392315,4.086859919151593,0.125357146363541,0.02393033764269603
uHvWwqUZZbWa66I,1085,40.580890990031904,3.4662161147525694,0.12449143059168932,7.41922957558927e-06
uHvWwqUZZbWa66I,1086,40.605918069688656,6.027576814855024,0.12277156112523357,0.016031533896921246
uHvWwqUZZbWa66I,1087,40.68294357514209,4.01040846448268,0.1299489724102898,2.4209937237174017e-06
uHvWwqUZZbWa66I,1088,40.67769128943441,4.048431565113333,0.1342752728495782,0.0
uHvWwqUZZbWa66I,1089,40.67072721758599,4.769695369504689,0.13959824558392597,0.0004271001214419812
uHvWwqUZZbWa66I,1090,40.717881507258326,3.6759273223142372,0.14255652971618815,0.04985139196082855
uHvWwqUZZbWa66I,1091,40.72829881889915,5.275189476979449,0.13955364995840114,1.3124383713147836e-06
uHvWwqUZZbWa66I,1092,40.74898434760429,2.06285063700534,0.1494597260696935,0.00040624673135880585
uHvWwqUZZbWa66I,1093,40.74890906502027,3.99744842451366,0.14749350098324499,0.01646608149010831
uHvWwqUZZbWa66I,1094,40.74398124199911,4.169691290347146,0.15205388017722044,0.003469516260054206
uHvWwqUZZbWa66I,1095,40.73064341231316,4.399130783576666,0.1546448169463588,4.136642019147985e-06
uHvWwqUZZbWa66I,1096,40.79602775403767,4.007318740921164,0.15513838284260828,1.1667312946883612e-06
uHvWwqUZZbWa66I,1097,40.789589039123555,4.592230946112068,0.15689125999830367,3.1484603368880926e-07
uHvWwqUZZbWa66I,1098,40.84414762853096,5.531554148534042,0.1550075662076722,0.003296408431765485
uHvWwqUZZbWa66I,1099,40.94037333542367,5.17846014419456,0.15581141543222543,0.022435884261568617
uHvWwqUZZbWa66I,1100,40.96134161666585,4.814167072189548,0.15883338427528315,6.384406333381776e-06
uHvWwqUZZbWa66I,1101,40.99932880069316,5.006393318599965,0.15888193226402336,0.022566282650529956
uHvWwqUZZbWa66I,1102,41.0265569273201,5.226596011979609,0.15997424568570295,0.0
uHvWwqUZZbWa66I,1103,41.13167293891952,5.6720430728789495,0.15819451844026844,0.032071062526938476
uHvWwqUZZbWa66I,1104,41.211858838613935,5.989124877490212,0.1587684064649011,0.03813004425012423
uHvWwqUZZbWa66I,1105,41.27363901940966,5.731883396835002,0.15977268370241404,0.024555820043502763
uHvWwqUZZbWa66I,1106,41.34583190631301,5.226681352090964,0.14201505386674285,2.564440535479662e-07
uHvWwqUZZbWa66I,1107,41.350933428087814,3.945982070856065,0.14868051714591957,1.0529749943088973e-06
uHvWwqUZZbWa66I,1108,41.32941244386833,5.573689130269713,0.1477757413599079,0.055247238460992776
uHvWwqUZZbWa66I,1109,41.40747498485651,6.556526659857127,0.1449888379658546,0.00036535324761644006
uHvWwqUZZbWa66I,1110,41.43412574584007,5.7626540154388834,0.15077276979781118,2.5916522758961946e-06
uHvWwqUZZbWa66I,1111,41.49829109840635,6.237200564941077,0.15274678628742322,0.03294365050072656
uHvWwqUZZbWa66I,1112,41.53663717249599,5.258086469674481,0.15230567613232893,0.05566543976010507
uHvWwqUZZbWa66I,1113,41.53193071358435,6.115875522315491,0.15397828968892213,0.015903581556699464
uHvWwqUZZbWa66I,1114,41.57400693290895,6.972589224868969,0.1528817966497229,0.0003303304293922338
uHvWwqUZZbWa66I,1115,41.661332643787794,5.907038139858855,0.1528912267116027,0.0
uHvWwqUZZbWa66I,1116,41.70849770792315,5.80617790189558,0.15423003482246145,0.04326338274529462
uHvWwqUZZbWa66I,1117,41.759005064352685,6.087617529574345,0.1505452604564823,1.0461533292982494e-06
uHvWwqUZZbWa66I,1118,41.79380778121085,5.538376146510245,0.15209889088882278,1.938740012974449e-06
uHvWwqUZZbWa66I,1119,41.76450531056448,5.278496724598199,0.1567815808855073,1.084643486137793e-06
uHvWwqUZZbWa66I,1120,41.74829208844553,4.932098609639297,0.15800115057683684,9.70447132431218e-07
uHvWwqUZZbWa66I,1121,41.74949031869803,6.130121853307557,0.1581112903092503,0.00031971237774541805
uHvWwqUZZbWa66I,1122,41.78087524815536,5.186271397633618,0.16024626682650478,0.059094944177843445
uHvWwqUZZbWa66I,1123,41.85793710015813,6.177696273493758,0.1557072256897527,0.0384878528830086
uHvWwqUZZbWa66I,1124,41.88397262983305,6.252352254929065,0.15729197355005908,1.8041529301626724e-06
uHvWwqUZZbWa66I,1125,41.90487862045556,5.8217286841435225,0.1594879605705728,0.03165991231799126
uHvWwqUZZbWa66I,1126,41.94597474986038,6.854475461089052,0.15659664862710088,0.03966650392686688
uHvWwqUZZbWa66I,1127,41.934146293458355,4.488844718815017,0.1624720553565595,1.984315218805932e-07
uHvWwqUZZbWa66I,1128,41.94936357277771,4.665778706645824,0.13196456387692024,0.04346736942136431
uHvWwqUZZbWa66I,1129,41.95614774417328,6.413434844421317,0.12956856229806135,0.04327648334299283
uHvWwqUZZbWa66I,1130,41.96594622928052,4.754766155969492,0.137163091366574,0.014106876764572007
uHvWwqUZZbWa66I,1131,41.96745927882699,5.2744295293642836,0.13687406636336164,0.005712787706670497
uHvWwqUZZbWa66I,1132,41.94341919147843,5.0398074224681295,0.1078146451518478,7.307113548904454e-06
uHvWwqUZZbWa66I,1133,41.931522934006864,3.812749313960694,0.11706544058546342,0.056297280825674534
uHvWwqUZZbWa66I,1134,41.8913757668067,4.8152964451974185,0.11320965166299857,0.006723294486619125
uHvWwqUZZbWa66I,1135,41.89308158638684,4.802609507633747,0.11345876333700744,0.006171531528650576
uHvWwqUZZbWa66I,1136,41.89572302370388,6.303185078752904,0.11396594246664904,6.059519307655137e-06
uHvWwqUZZbWa66I,1137,41.91362478064511,3.175535419969492,0.08752980407399491,0.01252216100692749
uHvWwqUZZbWa66I,1138,41.90658656356308,4.816730714124333,0.08563861621291835,0.006748690269887447
uHvWwqUZZbWa66I,1139,41.90941899528579,3.252488532303232,0.09565255311679266,0.006179951235878889
uHvWwqUZZbWa66I,1140,41.900716905401254,4.132479021379709,0.09375316034993375,0.015910786635345175
uHvWwqUZZbWa66I,1141,41.84985829289164,3.646616471390189,0.09499735666264542,5.251085212876205e-06
uHvWwqUZZbWa66I,1142,41.73506226412134,2.9630326548026886,0.10159786635949786,0.01043332285814813
uHvWwqUZZbWa66I,1143,41.657743908517375,3.8442611680386563,0.08219446314558354,0.0
uHvWwqUZZbWa66I,1144,41.62953095650522,2.2493238639183346,0.08891080807330809,0.026015930332505377
uHvWwqUZZbWa66I,1145,41.592504678845046,4.274127754681558,0.08609599897954467,1.0290743830410065e-06
uHvWwqUZZbWa66I,1146,41.547220754291345,3.9211000241775764,0.0898530146930625,0.0
uHvWwqUZZbWa66I,1147,41.5208513385939,3.3063177822031093,0.09084122780268444,0.0
uHvWwqUZZbWa66I,1148,41.52643348425892,5.211167155412568,0.089368778953542,0.0
uHvWwqUZZbWa66I,1149,41.527937329614076,3.223899962384394,0.0652200762608004,0.000282703316770494
uHvWwqUZZbWa66I,1150,41.44832211173599,2.989672455842083,0.07426800441675141,0.008109504356980324
uHvWwqUZZbWa66I,1151,41.38315496363276,3.950384694558693,0.07249857263036574,0.02057911863440154
uHvWwqUZZbWa66I,1152,41.36257956087576,4.113551601950775,0.07430977614819767,1.0297492565314315e-06
uHvWwqUZZbWa66I,1153,41.42476812089498,4.103429944130227,0.07285170132246321,0.02458040666485317
uHvWwqUZZbWa66I,1154,41.48674807927688,5.1213621130989395,0.06920595738995416,5.51744108179264e-07
uHvWwqUZZbWa66I,1155,41.49714533983894,3.69283569529739,0.07160552554773858,0.0
uHvWwqUZZbWa66I,1156,41.48831031714897,4.892246945643819,0.0702670903873468,0.0
uHvWwqUZZbWa66I,1157,41.51047249288902,3.2903637333791664,0.07361192563706709,0.0024209637194871902
uHvWwqUZZbWa66I,1158,41.52205779617055,3.7047893823458935,0.07358275574040363,0.013989017077051358
uHvWwqUZZbWa66I,1159,41.51387778367235,5.162186986138124,0.07205818011192378,0.01577671687118709
uHvWwqUZZbWa66I,1160,41.52374546323553,5.822472562158001,0.07128778232464583,0.00896511971950531
uHvWwqUZZbWa66I,1161,41.499879700978795,2.301285593530338,0.08672511009484651,3.9747854430061125e-07
uHvWwqUZZbWa66I,1162,41.381383036360035,2.303237119364894,0.08938380618485553,9.287396665058623e-07
uHvWwqUZZbWa66I,1163,41.266926106439655,3.6628278340472207,0.0919349804102012,5.241569169811555e-07
uHvWwqUZZbWa66I,1164,41.268461396140424,4.546169307457944,0.09235719734709846,0.038342724725339394
uHvWwqUZZbWa66I,1165,41.31644259631935,4.869319082040597,0.08930571792802766,8.495047723044991e-07
uHvWwqUZZbWa66I,1166,41.34725466864253,4.761110603251836,0.08889120101633807,0.018081714739366817
uHvWwqUZZbWa66I,1167,41.38250611568909,4.32105919154003,0.09218851356081359,0.05081533174961805
uHvWwqUZZbWa66I,1168,41.34882776086314,2.768313217740621,0.09327614842595722,0.0
uHvWwqUZZbWa66I,1169,41.303491800644046,4.4456210780872425,0.09240884597295462,0.011582094244658947
uHvWwqUZZbWa66I,1170,41.356567238960274,4.0319974411928765,0.09171771113540217,0.00197265105043698
uHvWwqUZZbWa66I,1171,41.42930954969059,4.688104196527936,0.09080592171977742,0.01718616031575948
uHvWwqUZZbWa66I,1172,41.468272927570936,5.005485263191758,0.09012716585340286,0.008564244373701513
uHvWwqUZZbWa66I,1173,41.49043247179402,4.611361640040286,0.09398679917285335,0.01577270921836771
uHvWwqUZZbWa66I,1174,41.531400753819256,4.8885550701313605,0.09184475713914253,0.001607674034005413
uHvWwqUZZbWa66I,1175,41.55764795392538,4.77038852548344,0.09143238216711325,0.01878476464176515
uHvWwqUZZbWa66I,1176,41.588976645186406,5.403376165056358,0.09229216791092654,8.921915934934077e-07
uHvWwqUZZbWa66I,1177,41.58786185486714,4.950322380199168,0.09398222030357317,8.147720222950738e-07
uHvWwqUZZbWa66I,1178,41.60863760592578,4.389838401441921,0.09342892970794026,0.004747234748364804
uHvWwqUZZbWa66I,1179,41.6567058948,5.439748552249263,0.09195939611073811,0.011660229414701462
uHvWwqUZZbWa66I,1180,41.6515763229921,5.399246037037642,0.0786533084494323,0.004496420733630657
uHvWwqUZZbWa66I,1181,41.64779754503408,3.9323729007621075,0.08795450645568792,0.02283865088361381
uHvWwqUZZbWa66I,1182,41.62671509017606,2.627430872719742,0.09224652263741007,0.014986427500844002
uHvWwqUZZbWa66I,1183,41.581858229334685,5.745718641650409,0.0900873136297804,0.024233848438598216
uHvWwqUZZbWa66I,1184,41.65362637177609,4.351437719835417,0.09480644153295259,0.019297968596220016
uHvWwqUZZbWa66I,1185,41.70274650258191,5.333363355765414,0.09241269038146527,0.0235219167446985
uHvWwqUZZbWa66I,1186,41.79210260060811,4.991786482146697,0.09314739397531469,0.0
uHvWwqUZZbWa66I,1187,41.80629659542529,5.167014525517516,0.09740680562585169,0.03228365156658697
uHvWwqUZZbWa66I,1188,41.81117786048099,3.3698892133160996,0.10496973926125008,1.4141618009944068e-06
uHvWwqUZZbWa66I,1189,41.81538611780339,4.015894009243198,0.10341773540362453,3.595743876871893e-06
uHvWwqUZZbWa66I,1190,41.78838595750934,4.47599720527603,0.10298858167290348,0.027937496080994606
uHvWwqUZZbWa66I,1191,41.73942905219453,4.144847673682223,0.10127451239408458,0.0002558904261320549
uHvWwqUZZbWa66I,1192,41.70803564773706,4.102024728642391,0.10807128893996776,1.3857213332357787e-07
uHvWwqUZZbWa66I,1193,41.67974954453604,3.9122600125876943,0.09343516861488865,0.05619014739167483
uHvWwqUZZbWa66I,1194,41.661879059244995,2.0709590911690157,0.09743703364020462,0.008127303126826746
uHvWwqUZZbWa66I,1195,41.64696400693725,2.982179579122885,0.08373803314216133,0.0
uHvWwqUZZbWa66I,1196,41.588942513195946,3.8733977808975055,0.08868633351695365,3.5849457162839826e-06
uHvWwqUZZbWa66I,1197,41.57871659260843,4.32694096953378,0.07104627101821137,0.0013769646175205708
uHvWwqUZZbWa66I,1198,41.63647582111582,4.884773085605843,0.07308183107576127,0.013100454583764076
uHvWwqUZZbWa66I,1199,41.66537920713597,4.080527071050483,0.07826788975469157,0.004213639060992591
uHvWwqUZZbWa66I,1200,41.64356909535911,5.157250758962505,0.07865726696081055,0.0
uHvWwqUZZbWa66I,1201,41.65863425468626,4.802943253210742,0.08476410950424196,0.035538603273948866
uHvWwqUZZbWa66I,1202,41.69049770070467,2.254182054432931,0.0936745758053732,0.0
uHvWwqUZZbWa66I,1203,41.66891869127801,3.7001432059780655,0.09206195015797647,0.0012477681062250667
uHvWwqUZZbWa66I,1204,41.57739640082775,3.129492529124718,0.10190417001586383,0.0
uHvWwqUZZbWa66I,1205,41.51666736534378,2.7344849733449337,0.10102061571080156,6.263706495701626e-07
uHvWwqUZZbWa66I,1206,41.47785885129355,4.041546988329742,0.09938404589819783,0.030990246683359146
uHvWwqUZZbWa66I,1207,41.4657806029802,3.06827109532378,0.09763082014364244,0.0011805671965703368
uHvWwqUZZbWa66I,1208,41.412766191215724,5.238377040013802,0.0966599981420515,0.029527753009460866
uHvWwqUZZbWa66I,1209,41.43323047659601,4.7597901602418915,0.09669458985660384,0.003788755888308515
uHvWwqUZZbWa66I,1210,41.38632873340623,3.722445411302033,0.11064903077527077,0.0
uHvWwqUZZbWa66I,1211,41.30165083656232,2.0392456614595176,0.11997204643045478,0.0
uHvWwqUZZbWa66I,1212,41.21307512963983,3.727603584699864,0.11854150547144826,0.0046588861684426774
uHvWwqUZZbWa66I,1213,41.22354605637281,4.276533543424421,0.12069479395233174,0.012691260227313705
uHvWwqUZZbWa66I,1214,41.20669640886035,2.6051189152185543,0.12020661035943903,0.015179420970412139
uHvWwqUZZbWa66I,1215,41.18353838699022,2.989778537522966,0.11772379920898146,0.004421998397447169
uHvWwqUZZbWa66I,1216,41.232863475541194,3.83933600917112,0.11584781465926852,1.4899638571819196e-06
uHvWwqUZZbWa66I,1217,41.23975821653039,2.4983489769032303,0.11885850941530407,6.636369107582141e-07
uHvWwqUZZbWa66I,1218,41.22374777256596,4.4250497727239235,0.11725156376564883,0.004431566955531707
uHvWwqUZZbWa66I,1219,41.20304600657187,4.272419924497854,0.12326011245477275,0.02386721782386303
uHvWwqUZZbWa66I,1220,41.27995366581399,4.426963872779197,0.12288622690522288,0.004925094820890763
uHvWwqUZZbWa66I,1221,41.25751311585964,3.7597394900617473,0.12977207088854215,0.0
uHvWwqUZZbWa66I,1222,41.26847734631815,4.292913759899307,0.1280830850542074,0.06053302623331547
uHvWwqUZZbWa66I,1223,41.34282493087892,5.49577425249106,0.12343500404934815,2.6432022011135814e-06
uHvWwqUZZbWa66I,1224,41.355469637255965,3.405486411045331,0.1287882737956778,0.0
uHvWwqUZZbWa66I,1225,41.2911315139811,3.354523870878211,0.12966466652868291,0.01815834848719078
uHvWwqUZZbWa66I,1226,41.32110399817293,5.490491520736384,0.11782162239170191,7.962781864989665e-07
uHvWwqUZZbWa66I,1227,41.33437014997074,3.831152593896718,0.1291861274141155,0.01945580483864262
uHvWwqUZZbWa66I,1228,41.33909170285031,3.836207137340807,0.12961350401990757,0.016149533878802913
uHvWwqUZZbWa66I,1229,41.34370929322259,4.391353850724045,0.12738868108149148,2.9462132147273223e-06
uHvWwqUZZbWa66I,1230,41.32071239149312,3.092646384028967,0.13335497278645647,0.021690543740987778
uHvWwqUZZbWa66I,1231,41.362788062852445,4.970290122361803,0.13065313724447236,0.017287473785643215
uHvWwqUZZbWa66I,1232,41.40111324205154,5.238420779850973,0.12983954947613796,0.0
uHvWwqUZZbWa66I,1233,41.42455829273367,5.150716181096067,0.13037409923460785,0.0
uHvWwqUZZbWa66I,1234,41.45097391524163,4.418600725596491,0.135588902095229,0.0009169305808427453
uHvWwqUZZbWa66I,1235,41.51263731597865,5.090879045250858,0.1339888027510412,0.0430895430768814
uHvWwqUZZbWa66I,1236,41.53938302710199,5.3576100609909645,0.13275877253431645,0.0
uHvWwqUZZbWa66I,1237,41.55154055061078,3.671424263841004,0.14020143014221276,0.014961499720811844
uHvWwqUZZbWa66I,1238,41.556805930636784,5.414935981886741,0.13787846688501304,0.028625408187508583
uHvWwqUZZbWa66I,1239,41.56534225775041,4.648443943955044,0.14100663646428302,0.01231786977572824
uHvWwqUZZbWa66I,1240,41.61103178374568,4.8535234308803865,0.09097736269200851,0.0030629665222363656
uHvWwqUZZbWa66I,1241,41.64534285362864,4.275487747837182,0.09542301129358322,1.2026506297502237e-06
uHvWwqUZZbWa66I,1242,41.61747627553068,3.597299330112719,0.11228889426868705,0.04071692377328873
uHvWwqUZZbWa66I,1243,41.62408279912022,3.868706402781413,0.1096880716874864,0.017431316897273064
uHvWwqUZZbWa66I,1244,41.6176601601865,2.8241868658407157,0.11602361552351681,0.0008257311045554161
uHvWwqUZZbWa66I,1245,41.5739829177861,2.9841224229159877,0.11429117390778742,6.485735752903565e-07
uHvWwqUZZbWa66I,1246,41.52440760049289,4.479345258233252,0.11272547352515971,0.013261840969789773
uHvWwqUZZbWa66I,1247,41.492085980027625,3.0849445151129373,0.11881233892975729,0.03713920581702723
uHvWwqUZZbWa66I,1248,41.43981852341777,3.6966426281962868,0.11856079304115497,0.0
uHvWwqUZZbWa66I,1249,41.44888699412023,3.841479899833814,0.11737229350475786,0.01158062842966956
uHvWwqUZZbWa66I,1250,41.45095753114718,3.731304544696753,0.11654887655893731,0.02659575454890728
uHvWwqUZZbWa66I,1251,41.45877106188131,4.957160940982362,0.11416074856580849,1.502059689073576e-06
uHvWwqUZZbWa66I,1252,41.49551671379403,3.5781528275642813,0.1143035763847422,0.02467997845866421
uHvWwqUZZbWa66I,1253,41.509828564839964,4.558154023960839,0.11467154695468906,0.014558514580130577
uHvWwqUZZbWa66I,1254,41.56541154127521,5.006327670093242,0.11249107037155426,0.02072725933601305
uHvWwqUZZbWa66I,1255,41.597246283571366,4.067385105385711,0.09915836591192573,2.3160801561061817e-06
uHvWwqUZZbWa66I,1256,41.58474196870495,3.6828362163339534,0.10068436240246825,0.01323638072187805
uHvWwqUZZbWa66I,1257,41.59183063798807,3.418228211079054,0.10481411453108791,5.712335777730004e-07
uHvWwqUZZbWa66I,1258,41.522500472225346,3.432809350232219,0.10888993246521039,0.0
uHvWwqUZZbWa66I,1259,41.5443778450942,4.000528112377069,0.08505293877296793,0.03300624813550712
uHvWwqUZZbWa66I,1260,41.53812874697245,3.044230571975504,0.0848022085739828,5.282672077555617e-07
uHvWwqUZZbWa66I,1261,41.489943510740076,3.502610620495034,0.08564207904819199,0.009663295797622595
uHvWwqUZZbWa66I,1262,41.51067804642308,3.8430129485768703,0.08508168816796768,4.6768877837166656e-07
uHvWwqUZZbWa66I,1263,41.51455788033523,4.557074003297874,0.0882737712015782,0.014600633643567562
uHvWwqUZZbWa66I,1264,41.48289351193401,2.1028112327683175,0.10093007791541453,4.4426823819776473e-07
uHvWwqUZZbWa66I,1265,41.39409459893878,4.823239038904944,0.09943877023192016,0.010002103634178638
uHvWwqUZZbWa66I,1266,41.35262072558706,1.55570779980917,0.11394451902727809,3.303495930140343e-07
uHvWwqUZZbWa66I,1267,41.29453587637707,3.1226052462624807,0.0778221722043142,0.01904202252626419
uHvWwqUZZbWa66I,1268,41.25131811450123,3.5258418807810585,0.08760520145454365,0.0026207663066770692
uHvWwqUZZbWa66I,1269,41.18942199220882,0.9030994301585906,0.09251277464573349,0.0260133258998394
uHvWwqUZZbWa66I,1270,41.08008718781102,1.7267051526331443,0.08952999260653627,7.487884801093969e-08
uHvWwqUZZbWa66I,1271,41.02413928515497,3.5663725909583945,0.08791515676283268,4.767611585521081e-07
uHvWwqUZZbWa66I,1272,40.96899251425336,0.8387734148500385,0.07662431230549771,0.016931939870119095
uHvWwqUZZbWa66I,1273,40.8712988691079,2.1433387491460962,0.07436142771690868,0.01036137153826644
uHvWwqUZZbWa66I,1274,40.80260706535316,1.4526170879906886,0.08485671212723389,0.0
uHvWwqUZZbWa66I,1275,40.68091239118368,0.0,0.09002993049428198,0.0
uHvWwqUZZbWa66I,1276,40.54581119616634,0.6472274149373334,0.08828664060858671,4.2189043369944557e-07
uHvWwqUZZbWa66I,1277,40.47375258950453,2.4920840254226277,0.08661305955438081,0.021173337066670683
uHvWwqUZZbWa66I,1278,40.40303901417363,0.7623546536402728,0.09154978384897561,0.0
uHvWwqUZZbWa66I,1279,40.33065634570298,2.6665749854405476,0.08987228468667752,0.0
uHvWwqUZZbWa66I,1280,40.25643330383568,1.1723997598037386,0.09846223803621967,0.002487256492003098
uHvWwqUZZbWa66I,1281,40.16855466985848,1.0213114781101922,0.09948188251676982,2.9814049185006297e-07
uHvWwqUZZbWa66I,1282,40.091400953482975,0.6007116465316358,0.09777259073275957,0.0007068368722684681
uHvWwqUZZbWa66I,1283,40.03832060653926,1.2958697846306677,0.09609634390973554,0.013480272144079208
uHvWwqUZZbWa66I,1284,39.95340418174632,1.721820312563409,0.09804088723005577,0.0
uHvWwqUZZbWa66I,1285,39.939995142307936,2.553678453271459,0.09645407415034413,6.387010245134661e-07
uHvWwqUZZbWa66I,1286,39.976085977422855,3.5614116672635987,0.09493070208716858,0.015917502343654633
uHvWwqUZZbWa66I,1287,40.05123910394039,4.8055559005224495,0.09267241777178015,0.0
uHvWwqUZZbWa66I,1288,40.06205608729286,1.1815784893660748,0.1073738102667221,0.0023624395619776806
uHvWwqUZZbWa66I,1289,39.982028129076554,1.3355049447463898,0.1072901513386455,0.0
uHvWwqUZZbWa66I,1290,39.89714190593966,1.8440914240329676,0.1101223235382065,5.135095761943376e-07
uHvWwqUZZbWa66I,1291,39.87955066126304,3.204057093843801,0.10850909814598708,0.04456541942556669
uHvWwqUZZbWa66I,1292,39.88497669487241,1.9387334370280769,0.1129919800023913,0.035246307495981455
uHvWwqUZZbWa66I,1293,39.86304370820879,1.9873504091020777,0.1132091767613872,2.260858309455216e-07
uHvWwqUZZbWa66I,1294,39.83967976301095,2.0666872707339365,0.11208834946698687,0.0006714947521686554
uHvWwqUZZbWa66I,1295,39.81330876673533,2.3009939548106217,0.11153753281151069,0.0
uHvWwqUZZbWa66I,1296,39.77614395261739,2.1209092835592855,0.11601811121947492,0.0
uHvWwqUZZbWa66I,1297,39.748867997279234,2.701046193165439,0.11797740180317362,2.8323347578407265e-07
uHvWwqUZZbWa66I,1298,39.693434390977785,0.0,0.12670130854674255,0.0
uHvWwqUZZbWa66I,1299,39.59386830000935,1.8643384111589967,0.12500385720061047,0.01465783232815454
uHvWwqUZZbWa66I,1300,39.585067957528935,1.9151844558773519,0.12264140699035408,4.604399919116986e-07
uHvWwqUZZbWa66I,1301,39.57434867890217,2.2411862004610157,0.12107701186637598,0.0
uHvWwqUZZbWa66I,1302,39.54792778220414,2.519087574538389,0.12148672930136684,3.80590023496552e-07
uHvWwqUZZbWa66I,1303,39.59818615898391,2.711214018219014,0.12001100170910206,4.302769411879126e-07
uHvWwqUZZbWa66I,1304,39.63778971965107,1.7064037777164174,0.120671429865709,0.013428115368739668
uHvWwqUZZbWa66I,1305,39.636627264042204,2.0543475350291374,0.12120569474127763,2.6907179062618525e-07
uHvWwqUZZbWa66I,1306,39.61870127694158,1.8114754725899047,0.12379711126125414,0.0
uHvWwqUZZbWa66I,1307,39.61352731274087,2.269314899793244,0.12239454295327334,0.03513416647911072
uHvWwqUZZbWa66I,1308,39.58604530098523,0.8345439726965651,0.12659278492922965,0.0
uHvWwqUZZbWa66I,1309,39.540862514334776,1.8556588957710574,0.12517037031206257,0.0451246538432315
uHvWwqUZZbWa66I,1310,39.53676217058364,1.8048501470250073,0.1218661048116445,7.113490596566407e-08
uHvWwqUZZbWa66I,1311,39.535654987001294,3.1268245507740176,0.12054956130906902,0.008054420048352995
uHvWwqUZZbWa66I,1312,39.55888366764054,2.308069981704989,0.12220633109662771,0.0
uHvWwqUZZbWa66I,1313,39.53186730155903,2.4007381597231188,0.12438263660617821,0.037381033951334075
uHvWwqUZZbWa66I,1314,39.50068196758639,0.8980951917455968,0.12675274813903314,0.0
uHvWwqUZZbWa66I,1315,39.45507488434214,2.0249295988633094,0.1254230755557657,0.011616414412856102
uHvWwqUZZbWa66I,1316,39.4451539898314,2.063954870802945,0.09531243580084237,0.027442886085715656
uHvWwqUZZbWa66I,1317,39.43362891890058,1.628146187125708,0.09599858339541356,0.0
uHvWwqUZZbWa66I,1318,39.444227378189396,2.0023268109152923,0.0950216728116402,0.0
uHvWwqUZZbWa66I,1319,39.436436497068996,3.380074002491483,0.09408384005752168,0.009927490245559056
uHvWwqUZZbWa66I,1320,39.45006531521648,1.1093129052044333,0.10375908781415433,0.0
uHvWwqUZZbWa66I,1321,39.39592688188776,1.255859644687007,0.10379823572401392,0.0
uHvWwqUZZbWa66I,1322,39.33640798828236,2.287233547929077,0.10652693333338448,0.0021310478157658963
uHvWwqUZZbWa66I,1323,39.31718939238203,0.0,0.10953569037829425,0.0
uHvWwqUZZbWa66I,1324,39.23252677217101,1.8083659942748227,0.1083202052193144,0.03921745903616625
uHvWwqUZZbWa66I,1325,39.24083244592043,1.984949756551032,0.1051924677815066,2.5561820393704693e-07
uHvWwqUZZbWa66I,1326,39.24035990725861,3.2087875609093146,0.10407226393175506,0.018847947008907795
uHvWwqUZZbWa66I,1327,39.26874449370719,1.3163921886421122,0.10641336394513701,2.428373022667074e-07
uHvWwqUZZbWa66I,1328,39.21019586048199,1.1200913823857945,0.11026416575703024,0.0
uHvWwqUZZbWa66I,1329,39.163171466500515,0.0,0.11079899124845838,0.0
uHvWwqUZZbWa66I,1330,39.0837924057292,2.329680177216005,0.10966146547272615,0.012139373776960838
uHvWwqUZZbWa66I,1331,39.16110445429884,2.4717941301784663,0.10796247077257703,0.0
uHvWwqUZZbWa66I,1332,39.229559048576235,2.3502281546097947,0.10691412914516718,2.306954343112011e-07
uHvWwqUZZbWa66I,1333,39.302410230019646,2.9592809711352857,0.10590770866554067,0.0
uHvWwqUZZbWa66I,1334,39.343194091362776,1.8042009418131784,0.10627292355255236,6.419925568934559e-08
uHvWwqUZZbWa66I,1335,39.35018217428002,2.3276027144421505,0.10532174033987474,0.0
uHvWwqUZZbWa66I,1336,39.42111215184242,2.262689824887275,0.10440861505072974,0.0
uHvWwqUZZbWa66I,1337,39.49379539977714,2.783058947281802,0.10353201093612086,0.00060602359008044
uHvWwqUZZbWa66I,1338,39.539027513599095,3.046213399435146,0.10266017123497306,0.010210969112307566
uHvWwqUZZbWa66I,1339,39.569726489830046,1.5672522050463158,0.10572427702893705,1.5982983541107387e-06
uHvWwqUZZbWa66I,1340,39.583053206259265,2.6472899929301406,0.10487072379262585,0.007439596508447721
uHvWwqUZZbWa66I,1341,39.63271034436474,3.5542693909139595,0.1036794096485174,0.009089364670217037
uHvWwqUZZbWa66I,1342,39.63573767538338,2.1956188442589166,0.10877325611789601,0.051688503473997116
uHvWwqUZZbWa66I,1343,39.61546789301198,1.5856251401555141,0.10917963616148185,5.7939825381936316e-08
uHvWwqUZZbWa66I,1344,39.62611736332485,2.757763866438154,0.10827802500162775,0.030754879117012024
uHvWwqUZZbWa66I,1345,39.66856269917287,2.383869419727489,0.10649996978571963,0.03936926648020744
uHvWwqUZZbWa66I,1346,39.72848943890847,2.7283877876877796,0.10430973098891982,0.0
uHvWwqUZZbWa66I,1347,39.77002543250899,2.8181256517214024,0.10398185992366749,1.938403357826246e-07
uHvWwqUZZbWa66I,1348,39.80595623555101,2.090081358057546,0.10652903330514008,1.841483197040361e-07
uHvWwqUZZbWa66I,1349,39.787215846398595,2.7857703391555333,0.1057060745246936,0.02811337076127529
uHvWwqUZZbWa66I,1350,39.82426039343139,1.7749495876472565,0.10557653657624044,0.0
uHvWwqUZZbWa66I,1351,39.82079273936213,3.9294258947298886,0.04273523246350308,6.630840410082328e-07
uHvWwqUZZbWa66I,1352,39.80019004892958,0.0,0.06768139368373483,0.0
uHvWwqUZZbWa66I,1353,39.705023875166006,0.0,0.06667900165013663,0.0
uHvWwqUZZbWa66I,1354,39.613664396511666,0.0,0.0657167080592913,0.0
uHvWwqUZZbWa66I,1355,39.525959267918296,0.9582198129334074,0.06479290370214841,0.0
uHvWwqUZZbWa66I,1356,39.48385133102036,2.6198585525118574,0.06390605259495175,0.009327552746981382
uHvWwqUZZbWa66I,1357,39.45042940070451,0.0,0.07280023526343626,0.0
uHvWwqUZZbWa66I,1358,39.36809755144239,0.0,0.07180136665608217,0.0
uHvWwqUZZbWa66I,1359,39.28905887766339,0.8814466811429611,0.07084245260208633,0.0
uHvWwqUZZbWa66I,1360,39.25910947895821,1.5935731179786217,0.0699218959996486,0.0
uHvWwqUZZbWa66I,1361,39.284988907525786,3.288917492660403,0.06903816261127105,0.03699937369674444
uHvWwqUZZbWa66I,1362,39.315878705195956,1.233075544165331,0.07175993292825211,0.0
uHvWwqUZZbWa66I,1363,39.26774721822747,0.652187124707325,0.07438217943735737,0.0
uHvWwqUZZbWa66I,1364,39.25011919273268,1.034119815111353,0.0734449948853424,0.0
uHvWwqUZZbWa66I,1365,39.21479538538645,1.5464712400187182,0.0725872845124016,0.0
uHvWwqUZZbWa66I,1366,39.24519866288554,2.2025508513408454,0.07172282915212946,0.0019228942198310506
uHvWwqUZZbWa66I,1367,39.24248885933096,0.6942713019157054,0.07577135262999235,0.03420460969209671
uHvWwqUZZbWa66I,1368,39.224896363216914,1.9992878107702836,0.07317600038796712,0.0
uHvWwqUZZbWa66I,1369,39.233368195006534,1.8576865055897542,0.07563273655653546,0.031578417867422104
uHvWwqUZZbWa66I,1370,39.24858264148523,1.6219116965210105,0.07317931100640607,0.021233193903981373
uHvWwqUZZbWa66I,1371,39.275261826470825,1.9206573695687439,0.07127812410356427,0.006245332304388285
uHvWwqUZZbWa66I,1372,39.28669286966354,2.020974137728924,0.07015991209635075,0.0
uHvWwqUZZbWa66I,1373,39.29280944072336,1.6871601260475018,0.06987417883780012,0.014309470344045394
uHvWwqUZZbWa66I,1374,39.31533002251608,2.151734599947872,0.0684072709141148,0.02801157720386982
uHvWwqUZZbWa66I,1375,39.31434680546219,2.0055916755803764,0.07009324812889162,0.0
uHvWwqUZZbWa66I,1376,39.32040659244562,2.7827250993318557,0.07057430499306605,0.007011444645868892
uHvWwqUZZbWa66I,1377,39.377356137940566,2.787860601088312,0.06947185609252671,0.007414515091909379
uHvWwqUZZbWa66I,1378,39.432205535843806,3.103427660552825,0.06987473247973952,0.0
uHvWwqUZZbWa66I,1379,39.46950677189959,3.046631829123328,0.07006314136472014,0.007112070918083191
uHvWwqUZZbWa66I,1380,39.50794898636478,2.041991934891371,0.07299106133074673,0.00583379901945591
uHvWwqUZZbWa66I,1381,39.50499217443006,2.27621504332501,0.07487824799382992,0.011464928276836872
uHvWwqUZZbWa66I,1382,39.490358481603366,1.6984976294070293,0.07840102557434392,0.0
uHvWwqUZZbWa66I,1383,39.504643692986505,2.0644099273605434,0.07757373440872328,0.0
uHvWwqUZZbWa66I,1384,39.50066474100093,1.0680166525044115,0.08460692672837666,0.0
uHvWwqUZZbWa66I,1385,39.456535854094895,1.112933252313269,0.08370534163270094,3.384656963589805e-07
uHvWwqUZZbWa66I,1386,39.41179031750697,1.8304395527150064,0.08325403838590972,0.0
uHvWwqUZZbWa66I,1387,39.422733426215686,2.8097376530286056,0.08241577298075953,0.0
uHvWwqUZZbWa66I,1388,39.474612991418994,2.9799860298855947,0.08236434627939815,0.0
uHvWwqUZZbWa66I,1389,39.51628540123532,1.5150683665792712,0.08229056236472587,1.7754043710738188e-06
uHvWwqUZZbWa66I,1390,39.5395768574533,3.2364669440610214,0.08152331199047325,5.2290694441126107e-08
uHvWwqUZZbWa66I,1391,39.56683655880998,2.5131093393849824,0.08203236296094474,8.65050253651134e-07
uHvWwqUZZbWa66I,1392,39.62870101268241,2.841056399002696,0.08130316328310982,0.0
uHvWwqUZZbWa66I,1393,39.67266710290339,1.548463028214428,0.08374108277772052,1.9779250237661472e-07
uHvWwqUZZbWa66I,1394,39.689822150683696,2.1683685980601695,0.0735408119824541,0.001826944399255126
uHvWwqUZZbWa66I,1395,39.67619894052386,1.9674997516573285,0.07904024884065564,0.0017351781716570258
uHvWwqUZZbWa66I,1396,39.672827196230955,2.5110613918640183,0.07822937805623553,0.0
uHvWwqUZZbWa66I,1397,39.642477222105285,1.7337502185357607,0.08434770857859064,0.0
uHvWwqUZZbWa66I,1398,39.65118482722504,1.7749751515802927,0.08355923912891683,0.00584865413432567
uHvWwqUZZbWa66I,1399,39.65801526956987,2.055384645727031,0.08250987304136004,0.005199634935706854
uHvWwqUZZbWa66I,1400,39.65100211200205,0.7403724861114824,0.08617314330989245,0.0
uHvWwqUZZbWa66I,1401,39.61990930972614,1.1738906459404461,0.08539288952228219,4.182567749921873e-07
uHvWwqUZZbWa66I,1402,39.5689035874443,1.6678560258965263,0.08553065021730788,0.0069411250597966045
uHvWwqUZZbWa66I,1403,39.584892011431734,2.5629169590433776,0.08444874767032218,0.0
uHvWwqUZZbWa66I,1404,39.64615215569755,3.3216812080595446,0.08374329177475204,0.0016484141815453768
uHvWwqUZZbWa66I,1405,39.66789787738189,2.1276310444036426,0.08511123839572576,0.03433932435513043
uHvWwqUZZbWa66I,1406,39.657832838528336,3.0788111901815682,0.0839275896730527,9.067892250413934e-07
uHvWwqUZZbWa66I,1407,39.69035620931304,2.0652468046639,0.08534831557101086,0.006583107635378838
uHvWwqUZZbWa66I,1408,39.682099183708246,2.6580645901169646,0.08432689417291783,0.020445747300982475
uHvWwqUZZbWa66I,1409,39.73440105477094,3.1667274790477222,0.08283038173003376,5.21319293511624e-07
uHvWwqUZZbWa66I,1410,39.759861612441554,2.364553010376767,0.08891539629389911,0.0
uHvWwqUZZbWa66I,1411,39.734079043155916,1.0312787028237835,0.09313768001574374,0.0
uHvWwqUZZbWa66I,1412,39.68526230888402,2.9570037838440157,0.09234365825373914,0.0
uHvWwqUZZbWa66I,1413,39.72204954542234,2.956059148724421,0.0949802190746567,0.008314615464769304
uHvWwqUZZbWa66I,1414,39.75749839343244,2.65345816937338,0.09377229299686007,0.006411517180438864
uHvWwqUZZbWa66I,1415,39.806747255709396,1.76268179745216,0.09518533350476588,0.0
uHvWwqUZZbWa66I,1416,39.809258094651895,3.0162835229715483,0.09441090642048522,0.022675583130535415
uHvWwqUZZbWa66I,1417,39.83946310543284,3.0620177258328454,0.09304426618931672,0.0
uHvWwqUZZbWa66I,1418,39.866140544590436,2.843959295729519,0.09413579510601977,0.0614017250184844
uHvWwqUZZbWa66I,1419,39.902529760088484,2.2859579081786023,0.09347674993423283,0.0005757223698310554
uHvWwqUZZbWa66I,1420,39.875675603960175,1.6321383340003877,0.059125536331855244,0.005362202413380146
uHvWwqUZZbWa66I,1421,39.8820146814479,2.5062217176063086,0.058333655331203715,2.901920197473373e-07
uHvWwqUZZbWa66I,1422,39.93513174517851,2.6288587651533817,0.05783082279034346,0.0
uHvWwqUZZbWa66I,1423,39.98097987552886,3.214048777541848,0.05734811573875476,0.0014876876957714558
uHvWwqUZZbWa66I,1424,39.996476717710024,2.1067409660709018,0.06069784531953104,1.695823357295012e-07
uHvWwqUZZbWa66I,1425,39.976291106019275,2.9947581154598772,0.06642338427888461,0.0
uHvWwqUZZbWa66I,1426,40.002298545519686,3.4116255789654133,0.06816520406103876,1.3703411241294816e-06
uHvWwqUZZbWa66I,1427,40.00643284602426,2.805984463536788,0.07186797281922708,0.0014133024960756302
uHvWwqUZZbWa66I,1428,40.039860492490554,2.942986725579601,0.07146020882958481,1.661938568986443e-07
uHvWwqUZZbWa66I,1429,40.06548903713536,2.086391555854732,0.07385367567147938,0.00018755115161184222
uHvWwqUZZbWa66I,1430,40.043036126386305,2.5312801879777,0.07396258470794947,0.0
uHvWwqUZZbWa66I,1431,40.08906416470466,3.6046221108142618,0.0731854624925532,0.0005469362367875874
uHvWwqUZZbWa66I,1432,40.080521416267565,0.8104448512713134,0.07993222055913662,0.025800643488764763
uHvWwqUZZbWa66I,1433,40.03082004923379,2.1878395588128114,0.0777923019365474,0.022683486342430115
uHvWwqUZZbWa66I,1434,40.00461603960337,1.8904274258786131,0.07933409796047641,0.0060891383327543736
uHvWwqUZZbWa66I,1435,39.99395517937568,2.1257777716382407,0.07978754949241562,0.0005195894045755267
uHvWwqUZZbWa66I,1436,39.972172315650134,2.8396979333886065,0.08074463908508989,0.026554281927502643
uHvWwqUZZbWa66I,1437,40.005313225350726,3.396792755213937,0.07857809352581313,0.0013426359510049224
uHvWwqUZZbWa66I,1438,40.00959442756231,2.289432815273635,0.08413566378300885,0.03278770607232673
uHvWwqUZZbWa66I,1439,40.06827864479223,2.481876605503796,0.0817367132545499,2.7568242444431235e-07
uHvWwqUZZbWa66I,1440,40.11641459414146,2.5658947295794867,0.08088254523656957,2.7969673510597204e-07
uHvWwqUZZbWa66I,1441,40.159460394913694,3.0299855509774014,0.08006254212089203,0.024578914580644096
uHvWwqUZZbWa66I,1442,40.17844801066221,2.581612353651394,0.07934713517993686,0.00621844949756678
uHvWwqUZZbWa66I,1443,40.21903486319647,2.9134598992195606,0.05177807180859162,0.0
uHvWwqUZZbWa66I,1444,40.2422426457932,1.6623008068005447,0.058447469274476305,0.0
uHvWwqUZZbWa66I,1445,40.237253126769104,2.2460291415738993,0.03559222271845641,0.0
uHvWwqUZZbWa66I,1446,40.203952081769756,1.6896958582605066,0.040494300440819586,0.0
uHvWwqUZZbWa66I,1447,40.19930771360234,2.942549056007863,0.04002648954456589,0.0
uHvWwqUZZbWa66I,1448,40.222827165664825,2.9064546804405857,0.04003552151089451,0.0
uHvWwqUZZbWa66I,1449,40.24732534316128,1.8594228531126191,0.046554598740208064,0.0
uHvWwqUZZbWa66I,1450,40.23338234510523,0.8279893290022073,0.04781959824438076,0.0
uHvWwqUZZbWa66I,1451,40.18184995010681,2.3364132752365094,0.047089132612448736,0.0
uHvWwqUZZbWa66I,1452,40.23730157540642,2.5126234322187884,0.04638788617855738,0.007425142917782068
uHvWwqUZZbWa66I,1453,40.28305185734409,2.9425682961916664,0.04636237399360965,0.013949453365057707
uHvWwqUZZbWa66I,1454,40.30644967170683,1.7359027835937013,0.04825885350987136,2.6189829327449843e-07
uHvWwqUZZbWa66I,1455,40.29935964973565,1.978035053046085,0.04756310694505572,0.005220361058093204
uHvWwqUZZbWa66I,1456,40.280974789114495,2.8105176570845742,0.04663418408582487,0.0
uHvWwqUZZbWa66I,1457,40.31174520504037,2.930371341692762,0.047918003873029136,0.0
uHvWwqUZZbWa66I,1458,40.33567095126777,1.9809163119812183,0.05030767038095263,2.71181789912589e-07
uHvWwqUZZbWa66I,1459,40.31625175281947,2.3585007796090167,0.049629848168301294,0.0012755023781210184
uHvWwqUZZbWa66I,1460,40.36876819709396,3.232458059642795,0.04986902286491812,0.011018153420280896
uHvWwqUZZbWa66I,1461,40.37676922792234,3.0670174958687095,0.05122861984609273,0.011592221429808092
uHvWwqUZZbWa66I,1462,40.39225732324651,3.248663328491034,0.05095591222906393,0.0004936099285259843
uHvWwqUZZbWa66I,1463,40.397909567536615,1.0106415733437188,0.05666835389252611,4.7192351360081375e-08
uHvWwqUZZbWa66I,1464,40.334739451656404,2.7278801889309534,0.055928763130697945,0.0
uHvWwqUZZbWa66I,1465,40.368212930047164,2.72747579169544,0.05521875574534718,1.5304806311178254e-07
uHvWwqUZZbWa66I,1466,40.40091194893303,2.251531344354362,0.05624264459713757,0.0
uHvWwqUZZbWa66I,1467,40.36664525582246,1.701360261640275,0.05864573111414373,0.0
uHvWwqUZZbWa66I,1468,40.36075468562349,2.548142846120527,0.05793356306041986,0.001390042902059463
uHvWwqUZZbWa66I,1469,40.403357952164995,2.899652501534945,0.05718037930445874,2.5242607648578996e-07
uHvWwqUZZbWa66I,1470,40.42758525801516,2.1765451548883448,0.06160762414278409,0.0
uHvWwqUZZbWa66I,1471,40.39719957264687,2.724488319836155,0.06165234858109514,3.852004226700956e-07
uHvWwqUZZbWa66I,1472,40.43027911007802,2.81063262364529,0.0609470898416653,0.0
uHvWwqUZZbWa66I,1473,40.45827914204553,2.794162581671003,0.04933959144546307,1.3102621068128428e-06
uHvWwqUZZbWa66I,1474,40.4863615662929,2.9574062313529907,0.048794790236161845,2.363632205515387e-07
uHvWwqUZZbWa66I,1475,40.50557016481373,3.3115173517260104,0.04850920138901316,0.0
uHvWwqUZZbWa66I,1476,40.50638993696858,1.9025389905148131,0.05219627859091602,0.0
uHvWwqUZZbWa66I,1477,40.48700285409378,3.4201568800815494,0.05163573357762985,0.005898704286664724
uHvWwqUZZbWa66I,1478,40.48270528774659,1.0329790015707658,0.06159297866300406,1.116151338464988e-06
uHvWwqUZZbWa66I,1479,40.41709824392009,2.107774035988541,0.06083683514255611,2.2454506165558996e-07
uHvWwqUZZbWa66I,1480,40.39030972435145,1.5672713507329945,0.06130647778248388,0.0
uHvWwqUZZbWa66I,1481,40.39140233968552,2.6381923298340553,0.060588413176294154,0.005603362340480089
uHvWwqUZZbWa66I,1482,40.42977061005191,2.0401451935845216,0.0639946355039065,1.3184943732369447e-06
uHvWwqUZZbWa66I,1483,40.40723019007387,2.5539145869088316,0.06629979178873668,0.0
uHvWwqUZZbWa66I,1484,40.44982263854248,2.2088852309209415,0.06871140176994572,0.0
uHvWwqUZZbWa66I,1485,40.41885506651041,2.9015524482350576,0.06846051185024749,0.00047019439310247435
uHvWwqUZZbWa66I,1486,40.444075008314144,2.9009424407325923,0.06886103098941021,0.0
uHvWwqUZZbWa66I,1487,40.468513447338324,1.6313441930394674,0.07077261667427592,0.022573046386241913
uHvWwqUZZbWa66I,1488,40.46565250713812,2.943522360918905,0.05039048801836543,9.569603207637556e-07
uHvWwqUZZbWa66I,1489,40.488034271362636,2.503157214780231,0.04987864104623441,0.0053225550800561905
uHvWwqUZZbWa66I,1490,40.531652157674756,3.256326095183084,0.028536073412382734,0.00044561158810552115
uHvWwqUZZbWa66I,1491,40.53686051281167,0.9867257577238888,0.03866599539675519,0.0
uHvWwqUZZbWa66I,1492,40.47482783458665,2.9814030810848635,0.03814157603689239,0.0
uHvWwqUZZbWa66I,1493,40.49556922727308,0.9681122210383819,0.046838062279007886,0.0011511399643495679
uHvWwqUZZbWa66I,1494,40.43618265259144,2.8985421340845203,0.04602820663627938,0.0
uHvWwqUZZbWa66I,1495,40.4627138648851,2.294302506813551,0.04590522595596269,1.381258840638111e-07
uHvWwqUZZbWa66I,1496,40.518598704532536,2.7052107877856884,0.0452012467510059,7.075820747104444e-07
uHvWwqUZZbWa66I,1497,40.55311406865107,2.817570339688018,0.044672963344936534,0.005056426640351219
uHvWwqUZZbWa66I,1498,40.58122048074492,3.164697119202401,0.04446231055285921,0.004958886276781982
uHvWwqUZZbWa66I,1499,40.59121108137933,3.6453125511610835,0.04563671914161205,2.1642375713781803e-07
uHvWwqUZZbWa66I,1500,40.576442006694776,0.8864080617771606,0.05400810233160769,0.0
uHvWwqUZZbWa66I,1501,40.51891828099605,1.7638489443036178,0.053224904284178365,0.007581040263175964
uHvWwqUZZbWa66I,1502,40.510050579981396,2.4141676881024523,0.052093981121032584,0.00016926492389757186
uHvWwqUZZbWa66I,1503,40.55949393747045,2.885200676548493,0.05136372099124742,0.004963710423908196
uHvWwqUZZbWa66I,1504,40.584579573322515,2.865898896633098,0.05042260931415399,0.0
uHvWwqUZZbWa66I,1505,40.60985656381729,2.3764272345227937,0.05414143437130292,1.1605936833802843e-07
uHvWwqUZZbWa66I,1506,40.568864209220465,1.7724722263718604,0.05788770482403294,0.019117593416012824
uHvWwqUZZbWa66I,1507,40.55895646179556,2.7145617414146272,0.056164609747874294,0.0
uHvWwqUZZbWa66I,1508,40.59279556487536,3.341354222447137,0.055428083534287964,0.009817856505378586
uHvWwqUZZbWa66I,1509,40.59451240726207,2.775314765745634,0.05714436267258094,0.00042320883949287236
uHvWwqUZZbWa66I,1510,40.6237797905367,2.8322643970203103,0.05738974905793981,0.041468792023984236
uHvWwqUZZbWa66I,1511,40.64947838337875,2.1156774669188962,0.06218342323602144,0.013972342014312744
uHvWwqUZZbWa66I,1512,40.62031381984386,1.1349196805581983,0.06523458686471884,0.017577223479747772
uHvWwqUZZbWa66I,1513,40.55112244346978,3.471014219968538,0.0643930875584573,0.005204152796068229
uHvWwqUZZbWa66I,1514,40.54762412343345,3.11782069596552,0.06814200520504698,0.0
uHvWwqUZZbWa66I,1515,40.56098335952501,2.0168822385286944,0.06962360205118046,0.0
uHvWwqUZZbWa66I,1516,40.53861955950745,2.7965342565881315,0.0696605126931189,0.0010389036033302546
uHvWwqUZZbWa66I,1517,40.568133892326244,3.0564175692776416,0.0687149723152487,0.0049443268809028496
uHvWwqUZZbWa66I,1518,40.58388043136719,3.0174026837528345,0.06901539817960156,4.952533458890684e-07
uHvWwqUZZbWa66I,1519,40.600835029470744,2.610460716032094,0.06883860187301138,5.752342531195609e-07
uHvWwqUZZbWa66I,1520,40.63742367075608,1.7174417555805803,0.0708253654223725,0.0
uHvWwqUZZbWa66I,1521,40.62797898734627,2.6785988097378777,0.06998188379601089,0.004563587504009092
uHvWwqUZZbWa66I,1522,40.6614191902282,2.7791941945902465,0.06894396123525581,0.0
uHvWwqUZZbWa66I,1523,40.68913488524737,3.067893037527483,0.0697134134271451,0.019224490970373154
uHvWwqUZZbWa66I,1524,40.70174858745105,3.3250604825491337,0.0692243214608439,0.01924554444849491
uHvWwqUZZbWa66I,1525,40.70086353280948,2.5106508534632894,0.07840455341202102,0.008892604149878025
uHvWwqUZZbWa66I,1526,40.65008431690404,1.8450841465723897,0.08291570301216922,0.0001378673332510516
uHvWwqUZZbWa66I,1527,40.63359330037002,2.5285389723916296,0.08191306656508601,0.0009869583882391453
uHvWwqUZZbWa66I,1528,40.67389895605879,3.125269563821803,0.08090780728080205,4.259109687154705e-08
uHvWwqUZZbWa66I,1529,40.68369879016336,2.927522520768491,0.08237006913771694,0.022055442968849093
uHvWwqUZZbWa66I,1530,40.70274349160945,3.0367394546029542,0.08034401919361045,0.0
uHvWwqUZZbWa66I,1531,40.71571052721404,3.3437973076098615,0.07945766878913929,0.0
uHvWwqUZZbWa66I,1532,40.71273241894036,3.553061017080438,0.08230564763437798,0.02254822846522586
uHvWwqUZZbWa66I,1533,40.69872275225137,2.5147895516475955,0.06627709893988509,1.8289335912413662e-07
uHvWwqUZZbWa66I,1534,40.646080831131684,1.9517912143469403,0.08386790034000313,0.0
uHvWwqUZZbWa66I,1535,40.62266498429986,2.024257630835109,0.0848446584177438,0.0
uHvWwqUZZbWa66I,1536,40.59665881892252,1.731841815648579,0.08367185647238529,0.02951639839005793
uHvWwqUZZbWa66I,1537,40.58626525319116,1.9372279039753266,0.08107014709511873,0.0
uHvWwqUZZbWa66I,1538,40.56655444169539,1.4151045870083863,0.07998929323056814,0.0
uHvWwqUZZbWa66I,1539,40.573863697761084,2.754939582936885,0.05195574053922769,0.004117225296795368
uHvWwqUZZbWa66I,1540,40.515058689755335,0.0,0.07012472452024099,0.0
uHvWwqUZZbWa66I,1541,40.41484298278107,1.0229565123713655,0.06896662443304535,0.00391177174628865
uHvWwqUZZbWa66I,1542,40.35748798185347,1.0904875774008929,0.06765926356180785,0.0
uHvWwqUZZbWa66I,1543,40.299004850807194,1.0808424716764233,0.06659195741391954,0.0
uHvWwqUZZbWa66I,1544,40.2431621986338,0.9207338921906398,0.06556734681814191,0.0
uHvWwqUZZbWa66I,1545,40.19739704786008,0.8413628094115779,0.06458371930509088,0.0004020483756903559
uHvWwqUZZbWa66I,1546,40.15758960319317,1.7592719675384956,0.03860543531934013,0.0
uHvWwqUZZbWa66I,1547,40.16379625187366,1.6215212635634089,0.046068084459847114,0.0
uHvWwqUZZbWa66I,1548,40.1771236215354,1.8599081587483397,0.04516873017288958,0.0
uHvWwqUZZbWa66I,1549,40.17875562451306,3.2655103913028825,0.04430535060689067,0.00038226962075782467
uHvWwqUZZbWa66I,1550,40.20032222943544,2.129481207570308,0.048694585221454645,0.0
uHvWwqUZZbWa66I,1551,40.18729675171991,1.271254912663153,0.04911584686917081,0.0
uHvWwqUZZbWa66I,1552,40.127444604322335,0.8679962652513495,0.052562237023010994,4.033869345221319e-07
uHvWwqUZZbWa66I,1553,40.0896069645257,1.165918686562236,0.051643890885600285,9.950640134093192e-08
uHvWwqUZZbWa66I,1554,40.03865069335504,0.0,0.053254424134038914,0.0
uHvWwqUZZbWa66I,1555,39.95769676331608,1.6307506027592353,0.052363791042708385,9.453108162915669e-08
uHvWwqUZZbWa66I,1556,39.97844353299715,2.575786745583059,0.051893815100804375,0.004710765487402568
uHvWwqUZZbWa66I,1557,40.0418470147016,1.2540972731458169,0.05318021481792101,0.0003628486592788249
uHvWwqUZZbWa66I,1558,40.07964727092315,1.9165667653840046,0.05232575543043794,0.0
uHvWwqUZZbWa66I,1559,40.084303982818255,1.2236463957560773,0.053804167386196866,1.2465859811072733e-07
uHvWwqUZZbWa66I,1560,40.12358722075692,3.3796641730133388,0.05299285672186471,0.014338243044491605
uHvWwqUZZbWa66I,1561,40.145050930394405,0.9956487629888215,0.05609690367572995,0.0
uHvWwqUZZbWa66I,1562,40.10409756580384,3.276321927494166,0.05526742983938249,0.0
uHvWwqUZZbWa66I,1563,40.130757376102565,2.00169947537006,0.060447169862250405,0.01596570946276188
uHvWwqUZZbWa66I,1564,40.12952926653156,1.6062331952421118,0.0596042786944011,2.2087925799496588e-07
uHvWwqUZZbWa66I,1565,40.14812017557483,2.797087794404632,0.0587537256676498,1.7627847626044968e-07
uHvWwqUZZbWa66I,1566,40.19721230963074,1.8549654799003292,0.06020259587214838,0.0
uHvWwqUZZbWa66I,1567,40.20185261698822,3.0845626893601548,0.0608398302935953,0.00433017556139248
uHvWwqUZZbWa66I,1568,40.23511757939656,1.8093965671002934,0.06400317281579504,0.0037156860558198446
uHvWwqUZZbWa66I,1569,40.24064103822212,2.188939870692252,0.06295831334532309,0.0
uHvWwqUZZbWa66I,1570,40.22734768666015,2.195695506079687,0.06422400004916895,0.0
uHvWwqUZZbWa66I,1571,40.213870372296185,2.6361023886028363,0.06474126545467485,3.65165426785552e-08
uHvWwqUZZbWa66I,1572,40.268520412980365,2.946157181990884,0.06393517320687181,0.0
uHvWwqUZZbWa66I,1573,40.30620951220669,2.8093156014112974,0.06417469633454687,0.008589077855120308
uHvWwqUZZbWa66I,1574,40.34934080720495,3.2153294924962665,0.06389814195294719,0.0008910220650335532
uHvWwqUZZbWa66I,1575,40.37082762250486,3.073197598992863,0.06484925222328997,0.03793227043829006
uHvWwqUZZbWa66I,1576,40.398130787240746,2.134938627517272,0.06867424585374948,1.590913285554052e-07
uHvWwqUZZbWa66I,1577,40.38110837565836,0.8738164993380906,0.07051499720073906,0.01350275706499815
uHvWwqUZZbWa66I,1578,40.33755318836859,2.970573434505866,0.06898085955872801,1.1250438802790086e-07
uHvWwqUZZbWa66I,1579,40.371154615161345,2.8962931641463,0.06845244199377021,0.0
uHvWwqUZZbWa66I,1580,40.40718493845907,1.575144084942167,0.07433473707516214,0.0
uHvWwqUZZbWa66I,1581,40.41803886151604,1.8926186040564517,0.07345095316287598,3.0745715662305884e-07
uHvWwqUZZbWa66I,1582,40.41343461543363,2.1627052279333157,0.07580188025457346,0.0
uHvWwqUZZbWa66I,1583,40.395724977246914,2.1238448689412053,0.07909005616528475,0.00390796247928904
uHvWwqUZZbWa66I,1584,40.38034140615525,2.087230306216952,0.07798419257546385,0.01939991790165152
uHvWwqUZZbWa66I,1585,40.367156121199855,2.910259662861563,0.07685441343810595,5.242696516916112e-07
uHvWwqUZZbWa66I,1586,40.4031723931904,2.6929783129959373,0.07897870351649061,0.003712456440553069
uHvWwqUZZbWa66I,1587,40.448791508105955,3.0520552637239007,0.07792246217928067,1.5680818421515141e-07
uHvWwqUZZbWa66I,1588,40.475246039295826,3.5356850870994663,0.07815609406902269,0.03221179048902911
uHvWwqUZZbWa66I,1589,40.47635684978917,1.002149750477372,0.08292377425235031,0.0
uHvWwqUZZbWa66I,1590,40.42302857273074,3.0037664109295292,0.06812712654348729,0.0
uHvWwqUZZbWa66I,1591,40.45174831380899,2.297573589589774,0.06892604950692771,3.8321761053339287e-07
uHvWwqUZZbWa66I,1592,40.514621414080864,2.9836515999510027,0.06820896714444302,0.0
uHvWwqUZZbWa66I,1593,40.54208045036481,1.55557554410359,0.07301200371685468,1.0153521401434773e-07
uHvWwqUZZbWa66I,1594,40.54987769389302,2.800892512262635,0.0722535251115417,2.5507031153892967e-07
uHvWwqUZZbWa66I,1595,40.58598605895125,2.7970933891596133,0.07152538155179045,0.0
uHvWwqUZZbWa66I,1596,40.62123816944697,3.1347363251223896,0.07134423884536645,0.026752503588795662
uHvWwqUZZbWa66I,1597,40.63860390807301,1.7109230795622636,0.07351855970892629,1.4357992483837734e-07
uHvWwqUZZbWa66I,1598,40.636196240981604,3.2014611749018513,0.07279098075006729,2.7748006914407597e-07
uHvWwqUZZbWa66I,1599,40.64993619525765,2.5466206116677768,0.08151238369218206,0.007876269519329071
uHvWwqUZZbWa66I,1600,40.60546549188487,1.6367998010288147,0.08731987820400988,1.415193935372372e-07
uHvWwqUZZbWa66I,1601,40.60717147384699,2.8507246858172266,0.08632968244745243,0.0013154593453776897
uHvWwqUZZbWa66I,1602,40.63883948316064,2.7773001089657328,0.08531332387253698,0.04524681176917511
uHvWwqUZZbWa66I,1603,40.673210422259245,3.975722406823337,0.08348445778198865,0.03907332196831703
uHvWwqUZZbWa66I,1604,40.64673082774763,0.8662174315283835,0.09463998696253029,0.0
uHvWwqUZZbWa66I,1605,40.59483430103913,1.8503787286911404,0.09352694961659935,2.636060685290431e-07
uHvWwqUZZbWa66I,1606,40.58607302995651,2.613227471760183,0.06777303090529685,1.2772125046467409e-07
uHvWwqUZZbWa66I,1607,40.62981910148059,2.5413374809132847,0.06701405133612681,0.0
uHvWwqUZZbWa66I,1608,40.67618331288426,3.6457963730024403,0.06638933479230147,0.00011232511307568416
uHvWwqUZZbWa66I,1609,40.666387414401555,2.0942875140680144,0.08357285667011816,0.0
uHvWwqUZZbWa66I,1610,40.64326709606141,2.2146052760056136,0.08496823190512437,0.0033504620660096407
uHvWwqUZZbWa66I,1611,40.6148671544008,1.9960067950520681,0.046964630771300975,0.01709158250787368
uHvWwqUZZbWa66I,1612,40.5981040357006,1.8936619527466974,0.0462154345671042,0.0
uHvWwqUZZbWa66I,1613,40.58713654197362,2.2229046852373813,0.045486775002475,7.794501470925752e-07
uHvWwqUZZbWa66I,1614,40.56035827753334,0.5990693666453808,0.0526043890627097,0.0
uHvWwqUZZbWa66I,1615,40.525397202693,2.0786297482200666,0.05190136065948714,3.93799668430006e-07
uHvWwqUZZbWa66I,1616,40.508658311076886,1.6147753646587262,0.052182822041819676,0.0
uHvWwqUZZbWa66I,1617,40.51562452276215,1.6327964537927073,0.051517908014963254,7.687334200312534e-07
uHvWwqUZZbWa66I,1618,40.522181392204345,1.5636810247720518,0.05087955133019939,0.0
uHvWwqUZZbWa66I,1619,40.5326661920796,2.0610499776873894,0.05026676622181192,0.0
uHvWwqUZZbWa66I,1620,40.51873589480425,2.338058151867699,0.04991605551875189,0.0042514441372958345
uHvWwqUZZbWa66I,1621,40.49139023268941,2.410902815716156,0.053756306837742684,0.0
uHvWwqUZZbWa66I,1622,40.460819993217115,1.1049265273031779,0.05788903725842154,0.0
uHvWwqUZZbWa66I,1623,40.40594967881759,0.9778336336751181,0.05714781182395434,0.0
uHvWwqUZZbWa66I,1624,40.35941891014056,1.7971185555168177,0.05624923036011076,7.0345373615055e-07
uHvWwqUZZbWa66I,1625,40.36382941852435,3.0586141252189805,0.05554367270237215,0.0
uHvWwqUZZbWa66I,1626,40.39539448559887,2.1543886406984143,0.05657187913461037,0.0
uHvWwqUZZbWa66I,1627,40.38079112991417,1.9805750197560883,0.05660883517852433,0.0031829294748604298
uHvWwqUZZbWa66I,1628,40.37515362853728,1.656817980499909,0.0556367516416163,0.0030238792034538164
uHvWwqUZZbWa66I,1629,40.3859684039181,3.7580055706965254,0.05470513949220113,9.163552761037863e-08
uHvWwqUZZbWa66I,1630,40.38197763889676,1.2776801244924627,0.06612976788625424,1.3640092788591573e-07
uHvWwqUZZbWa66I,1631,40.32064666986972,1.0301520466171041,0.06931213081618814,0.0
uHvWwqUZZbWa66I,1632,40.273589997257346,2.251252671287375,0.06834069035751789,0.0
uHvWwqUZZbWa66I,1633,40.25730036404971,1.7354888544371079,0.0714703134893444,6.682810749225609e-07
uHvWwqUZZbWa66I,1634,40.266947902876524,1.786474665304695,0.07050278167226232,6.348670353872876e-07
uHvWwqUZZbWa66I,1635,40.27418927422232,1.936380116765804,0.06957395356677587,0.00010667911556083709
uHvWwqUZZbWa66I,1636,40.274072802921324,1.9079661712386269,0.0700235553240578,0.0
uHvWwqUZZbWa66I,1637,40.275508893217676,1.5695011322684422,0.06914363686611757,6.271385188938439e-08
uHvWwqUZZbWa66I,1638,40.293994958508534,1.923980996194416,0.06829891065107141,0.0
uHvWwqUZZbWa66I,1639,40.29487849294523,1.4520216175878922,0.06748797781737004,0.0
uHvWwqUZZbWa66I,1640,40.31947660618016,2.048117549389872,0.06670948318177317,0.002872590208426118
uHvWwqUZZbWa66I,1641,40.31438208971508,2.0291388961789494,0.05401794393518422,0.0
uHvWwqUZZbWa66I,1642,40.31034404984439,1.7862396904601496,0.05352325495304022,0.0035299322441204595
uHvWwqUZZbWa66I,1643,40.31855415911724,1.714638796914528,0.05287185701809527,0.017117378201930933
uHvWwqUZZbWa66I,1644,40.33044343921125,1.8830452477254482,0.0576485313924362,0.0
uHvWwqUZZbWa66I,1645,40.33400762137768,3.3592183209455015,0.056993125936235955,0.00032747091609053314
uHvWwqUZZbWa66I,1646,40.353854434055904,1.9339341470698628,0.03683172311702343,0.0
uHvWwqUZZbWa66I,1647,40.35345307323513,2.0379120735179868,0.036334221773534736,0.0
uHvWwqUZZbWa66I,1648,40.34800108222413,0.9013081377006529,0.04580415604704591,0.0
uHvWwqUZZbWa66I,1649,40.30952158718833,0.9244856137240731,0.04504049435326429,0.00010134516196558252
uHvWwqUZZbWa66I,1650,40.27161968601854,1.0338342348354672,0.04430231208079327,0.0
uHvWwqUZZbWa66I,1651,40.229917464247364,0.8836246747328005,0.043678569729484806,0.0
uHvWwqUZZbWa66I,1652,40.19732621365608,1.8534933946567662,0.04300150822945703,2.3790448722138535e-07
uHvWwqUZZbWa66I,1653,40.20777788637986,2.5819789196817737,0.04235151583202956,0.0
uHvWwqUZZbWa66I,1654,40.27168025145886,3.118469051095841,0.04172753599346457,0.0
uHvWwqUZZbWa66I,1655,40.30703802810541,0.6674548634800885,0.045495051526136976,0.0
uHvWwqUZZbWa66I,1656,40.283295315712905,2.156310756145558,0.04484236343637882,0.01247462470333005
uHvWwqUZZbWa66I,1657,40.27672454288796,1.1650792401899253,0.04825174863870352,0.0
uHvWwqUZZbWa66I,1658,40.22966558696572,1.048532959838667,0.049610709161042266,0.0
uHvWwqUZZbWa66I,1659,40.18998614121455,1.0586793463369304,0.049422415992721014,0.0
uHvWwqUZZbWa66I,1660,40.151289497095036,2.9312838105653327,0.04890054915520459,0.003836894941018798
uHvWwqUZZbWa66I,1661,40.200393100905785,0.9181574716385512,0.05158275100718157,0.0
uHvWwqUZZbWa66I,1662,40.168326290307846,1.6160720359926017,0.05089582144598381,0.0
uHvWwqUZZbWa66I,1663,40.192810136114645,3.234240335779532,0.05023636916036622,0.025475218128022448
uHvWwqUZZbWa66I,1664,40.22617413949149,1.9566812058650953,0.05401573799961312,0.0
uHvWwqUZZbWa66I,1665,40.23161303508704,1.8319364982467619,0.05330689884201689,0.013342523947358131
uHvWwqUZZbWa66I,1666,40.243158198510685,1.9267670575909506,0.05299006942139073,0.0
uHvWwqUZZbWa66I,1667,40.24983609312409,2.376361198084396,0.05390797419884308,0.0
uHvWwqUZZbWa66I,1668,40.233913784583876,1.4159808193544756,0.059812703444073634,0.002728956751525402
uHvWwqUZZbWa66I,1669,40.26589459293034,2.142773981422579,0.058913255617405014,0.0
uHvWwqUZZbWa66I,1670,40.26142453041818,1.0433479348860146,0.06330914007910593,0.0033533102832734585
uHvWwqUZZbWa66I,1671,40.221819025030115,1.7793565727243958,0.06234712064676984,0.0008038837113417685
uHvWwqUZZbWa66I,1672,40.23691067213308,1.5417189163219973,0.06154434718835233,0.0
uHvWwqUZZbWa66I,1673,40.26372175798865,2.840721714199219,0.06081227060119687,0.0
uHvWwqUZZbWa66I,1674,40.22542679431608,0.0,0.07259228393147765,0.0
uHvWwqUZZbWa66I,1675,40.14901837874895,0.6671162650942506,0.07169568478773414,0.0
uHvWwqUZZbWa66I,1676,40.13231038562991,2.6882482573867037,0.07083494971218585,0.02325487327155429
uHvWwqUZZbWa66I,1677,40.195879934369586,2.978630924479262,0.06884590201520524,0.00259269782463889
uHvWwqUZZbWa66I,1678,40.243011095917595,2.105958229003818,0.04998773335262996,0.0036450247280299664
uHvWwqUZZbWa66I,1679,40.24193337803602,2.3619711110333697,0.05131694603495163,0.0
uHvWwqUZZbWa66I,1680,40.22788619359919,0.0,0.06284566711418194,0.0
uHvWwqUZZbWa66I,1681,40.151775442231084,2.0971319103516635,0.06195421585596961,0.0
uHvWwqUZZbWa66I,1682,40.153852611455974,1.4078495478167952,0.06335855530358714,0.0
uHvWwqUZZbWa66I,1683,40.19011655220076,1.7136325279150242,0.062496814632488906,0.02722710371017456
uHvWwqUZZbWa66I,1684,40.210824995703135,3.516664703127475,0.06030818795569104,0.0
uHvWwqUZZbWa66I,1685,40.231126229764854,2.120582783945906,0.07070077605329317,0.0
uHvWwqUZZbWa66I,1686,40.22938631804378,1.009780760757394,0.07348746036894482,0.003185669781029077
uHvWwqUZZbWa66I,1687,40.193014813639095,1.4673160153745357,0.07233870878686233,2.0232217678994857e-07
uHvWwqUZZbWa66I,1688,40.22520189337759,1.8109388566876987,0.07138880971495709,0.0
uHvWwqUZZbWa66I,1689,40.23998575339836,2.1232162268731827,0.07047691639189324,0.0
uHvWwqUZZbWa66I,1690,40.238942372189584,1.4493149990764778,0.07018544595365128,0.0010747869091574103
uHvWwqUZZbWa66I,1691,40.271389536337736,1.98667560819365,0.0692809248054651,0.0024629067743902056
uHvWwqUZZbWa66I,1692,40.27677210743941,2.2084722452571164,0.04021300796271632,9.633747948001314e-05
uHvWwqUZZbWa66I,1693,40.270876070619636,1.0311043280457852,0.04526204935929101,0.0
uHvWwqUZZbWa66I,1694,40.2336674052554,2.248899550714839,0.045555526157397,0.0
uHvWwqUZZbWa66I,1695,40.2269951725051,1.057425676307048,0.0502437441605359,0.0
uHvWwqUZZbWa66I,1696,40.18966560698948,1.9250038843941581,0.0551845167642675,0.0
uHvWwqUZZbWa66I,1697,40.200335537425076,1.789327169023295,0.05433111375851851,0.016162421874469146
uHvWwqUZZbWa66I,1698,40.21751249776378,0.7215497512470392,0.05361128633331802,0.006881380453705788
uHvWwqUZZbWa66I,1699,40.19781261085825,2.1119074400014597,0.05246458656575825,0.0
uHvWwqUZZbWa66I,1700,40.19993968693018,1.3632721627404862,0.05592276283961084,0.0
uHvWwqUZZbWa66I,1701,40.14918973084684,1.972625451098338,0.061044372035677696,0.0
uHvWwqUZZbWa66I,1702,40.15927541660358,1.2671229096035859,0.06067146302622106,0.0
uHvWwqUZZbWa66I,1703,40.114287593599784,0.0,0.06328250036996153,0.0
uHvWwqUZZbWa66I,1704,40.04392124825381,2.1816584601197064,0.06239375879478004,0.0
uHvWwqUZZbWa66I,1705,40.04728656986842,2.1494064538652538,0.06376046908509281,0.0
uHvWwqUZZbWa66I,1706,40.05176662309324,1.05773317696935,0.06561757752161768,0.0
uHvWwqUZZbWa66I,1707,40.020352268857295,1.167930104274319,0.0647451124382421,0.0
uHvWwqUZZbWa66I,1708,39.984569201387984,1.9121906256325474,0.06558815494600978,0.0034627735149115324
uHvWwqUZZbWa66I,1709,40.002668574027524,2.0338002524033527,0.06572665355589535,0.0
uHvWwqUZZbWa66I,1710,40.014139133974396,1.3614170439259397,0.06729456956919577,1.0950500950457354e-07
uHvWwqUZZbWa66I,1711,39.96870235190315,0.9952103523178266,0.07160812522798565,0.0
uHvWwqUZZbWa66I,1712,39.94267059918181,1.672525570851576,0.070719314502103,0.002339737955480814
uHvWwqUZZbWa66I,1713,39.9738239297121,2.7512028743128667,0.06974907312124756,1.1694673673900979e-07
uHvWwqUZZbWa66I,1714,40.040452234678895,1.5159110771822384,0.07253639280515856,0.002222751034423709
uHvWwqUZZbWa66I,1715,40.07667751224744,2.8274560246529745,0.07157478175777143,0.0
uHvWwqUZZbWa66I,1716,40.136844753655055,3.2910530232904875,0.07121060017216152,0.0007255877597174276
uHvWwqUZZbWa66I,1717,40.17177054606748,2.4200675922377,0.07509100719076756,1.7990754486163496e-07
uHvWwqUZZbWa66I,1718,40.15826650815782,0.6548135019979782,0.07967693113562646,0.0
uHvWwqUZZbWa66I,1719,40.14272517976818,3.1267923524783328,0.07877028674659314,6.284624056718258e-07
uHvWwqUZZbWa66I,1720,40.184896866673085,0.7565382019454319,0.05455682485174762,0.0
uHvWwqUZZbWa66I,1721,40.163640955040506,1.9561155788358064,0.05401593877744304,1.1109940345477298e-07
uHvWwqUZZbWa66I,1722,40.173743157267864,2.6510969764052277,0.05349667990892826,0.0
uHvWwqUZZbWa66I,1723,40.23878012718717,1.8689441017908166,0.06467281809389291,0.011674621142446995
uHvWwqUZZbWa66I,1724,40.25102100573281,1.6621966821909382,0.06320087487190662,0.0
uHvWwqUZZbWa66I,1725,40.27337172279556,2.6134666769156354,0.062348191312846524,0.0396977502387017
uHvWwqUZZbWa66I,1726,40.33794049176046,1.9170793248284212,0.06258653771444855,0.0
uHvWwqUZZbWa66I,1727,40.345519010502045,2.14764483400927,0.0637271955268055,0.0
uHvWwqUZZbWa66I,1728,40.34143184420728,2.84181450363792,0.06562081460222302,0.0
uHvWwqUZZbWa66I,1729,40.39250448832095,1.417542913774355,0.06764313593819438,0.0002809362921709635
uHvWwqUZZbWa66I,1730,40.423064178699775,2.7876614643259927,0.06675568271320387,0.021534070372581482
uHvWwqUZZbWa66I,1731,40.475060421320364,1.7828863018477819,0.06817688934397026,9.146400407189503e-05
uHvWwqUZZbWa66I,1732,40.485640292465206,3.259055643251372,0.06730807021385132,0.0031133564097487465
uHvWwqUZZbWa66I,1733,40.51242265225622,1.1360870404915886,0.07261663031039589,0.0
uHvWwqUZZbWa66I,1734,40.46376417961133,2.4329964963457087,0.07241371095387095,0.0
uHvWwqUZZbWa66I,1735,40.44193431665448,2.097446680040889,0.07748692117838019,1.6236656108503666e-07
uHvWwqUZZbWa66I,1736,40.43688910325554,1.8412871536355624,0.08144815020749618,9.882826645934983e-08
uHvWwqUZZbWa66I,1737,40.444658904540205,1.6665437588770828,0.08044382935336003,8.260003228954815e-05
uHvWwqUZZbWa66I,1738,40.46117232308026,2.5461456909933986,0.0794755569739678,0.0
uHvWwqUZZbWa66I,1739,40.43371215219665,2.0111422327638593,0.0851719207210877,3.202532354862342e-07
uHvWwqUZZbWa66I,1740,40.43300826656272,2.508622998095575,0.08575546677705859,0.0002667271182872355
uHvWwqUZZbWa66I,1741,40.49743614882118,3.3364290424628393,0.08474783832456012,1.542482266359002e-07
uHvWwqUZZbWa66I,1742,40.51887946631933,1.7794431641510755,0.08951275164403683,0.031241819262504578
uHvWwqUZZbWa66I,1743,40.52664132506692,3.311226530896306,0.08693264259167677,2.0397335731558996e-07
uHvWwqUZZbWa66I,1744,40.54794481957293,2.2859624524518267,0.0908660025063881,0.0
uHvWwqUZZbWa66I,1745,40.52903681200138,1.8329567857260827,0.09883517890311566,0.002006133004179844
uHvWwqUZZbWa66I,1746,40.53296354575065,3.131619668527435,0.06808763161557607,9.388685384692508e-08
uHvWwqUZZbWa66I,1747,40.56213411026897,3.10676065579662,0.07167049261949643,0.0019057310419157147
uHvWwqUZZbWa66I,1748,40.59111762177673,1.471645193963468,0.07900015972297325,3.285611853698356e-07
uHvWwqUZZbWa66I,1749,40.61048395370017,1.6896829507388134,0.07792150970337985,0.0
uHvWwqUZZbWa66I,1750,40.61923050706474,4.4760920955471875,0.07688602056143878,0.04068989606051332
uHvWwqUZZbWa66I,1751,40.57892739071343,0.0,0.09774852606657447,0.0
uHvWwqUZZbWa66I,1752,40.491088889043965,1.3090461723277258,0.09636948692801894,0.0
uHvWwqUZZbWa66I,1753,40.43131148696028,1.1489224946528793,0.09868794928494395,1.840859624735458e-07
uHvWwqUZZbWa66I,1754,40.38131334927738,1.6386222683710798,0.09818161911237411,1.6955033999010993e-07
uHvWwqUZZbWa66I,1755,40.39853226557085,2.2790224885093266,0.09688462101512663,2.965264798149292e-07
uHvWwqUZZbWa66I,1756,40.383765175852716,0.8210316292193056,0.09888889805104917,7.847003504224404e-05
uHvWwqUZZbWa66I,1757,40.35193028535747,2.242522530749966,0.09763190051388371,0.04522773835626026
uHvWwqUZZbWa66I,1758,40.340652207359824,0.8747854230072107,0.09629979340774675,0.0028750435449182987
uHvWwqUZZbWa66I,1759,40.307727004958565,1.9628676441334392,0.09496330383648832,0.0
uHvWwqUZZbWa66I,1760,40.311965190236606,2.3309701267210983,0.09431799508115013,0.0
uHvWwqUZZbWa66I,1761,40.29770291057562,2.175605247923272,0.0959701939248081,0.0006892298115417361
uHvWwqUZZbWa66I,1762,40.29111744278467,2.2076906889251404,0.09536424775091668,1.610728244116899e-07
uHvWwqUZZbWa66I,1763,40.282840028968025,1.2114300966275096,0.1028891500802036,0.0
uHvWwqUZZbWa66I,1764,40.23429121664262,0.7236466549341003,0.10322448488038738,8.684964996064082e-07
uHvWwqUZZbWa66I,1765,40.21165068893535,0.8372401753755412,0.1020570854189149,0.0018105766510814192
uHvWwqUZZbWa66I,1766,40.18478883622274,2.0120207359912,0.056733441958011,0.0
uHvWwqUZZbWa66I,1767,40.19058800084585,0.8976809733389359,0.062494825525016395,0.0
uHvWwqUZZbWa66I,1768,40.16184812977073,2.0392121217497277,0.0617815805131503,0.0
uHvWwqUZZbWa66I,1769,40.167385863451926,3.003701074687683,0.061096864705712406,7.463572543642272e-05
uHvWwqUZZbWa66I,1770,40.214399209342815,2.127830526780542,0.061487738946555126,0.0
uHvWwqUZZbWa66I,1771,40.213318231976615,0.8085839674590716,0.06339487058120774,0.006504366921516791
uHvWwqUZZbWa66I,1772,40.18798709655508,2.1718156691030117,0.05622132248710443,8.473288914956356e-08
uHvWwqUZZbWa66I,1773,40.18589046591026,0.8012062237185091,0.06370785814331015,0.0
uHvWwqUZZbWa66I,1774,40.16206461217283,2.4440674227243733,0.06280311644629677,1.661375819139721e-07
uHvWwqUZZbWa66I,1775,40.14744618838952,2.1633650356390604,0.06856049307294398,0.016290413215756416
uHvWwqUZZbWa66I,1776,40.14655962568398,1.5385302154573992,0.07086651482291728,4.6100442574470435e-08
uHvWwqUZZbWa66I,1777,40.086623393430926,0.0,0.07845279333319866,0.0
uHvWwqUZZbWa66I,1778,40.0149342440661,0.0,0.07735390254434549,0.0
uHvWwqUZZbWa66I,1779,39.94611251117996,1.0383962668266804,0.07629896738704645,0.0
uHvWwqUZZbWa66I,1780,39.91812383893071,0.86651557443804,0.07528623045560323,1.5783069784447434e-07
uHvWwqUZZbWa66I,1781,39.899771946583684,0.9621633793221918,0.07431399257669113,8.049624256045718e-08
uHvWwqUZZbWa66I,1782,39.877638800921574,2.0911572004572463,0.0733806505952117,0.04161308053504342
uHvWwqUZZbWa66I,1783,39.89001690769524,1.8446547009763492,0.07214348257203085,0.0
uHvWwqUZZbWa66I,1784,39.91404274789156,0.9407073420387633,0.07160948828477842,0.0
uHvWwqUZZbWa66I,1785,39.892615645309775,1.9111673341121787,0.07074769545961601,0.003289678622945047
uHvWwqUZZbWa66I,1786,39.9136410887462,1.8959766134216522,0.06975588874458793,0.0
uHvWwqUZZbWa66I,1787,39.934762787293096,0.7203084670519502,0.06922598762005094,0.0
uHvWwqUZZbWa66I,1788,39.92403099896626,1.475074255539198,0.02968350724815849,8.596659739623647e-08
uHvWwqUZZbWa66I,1789,39.966549673027544,1.6273703492488494,0.02931147683417379,8.166826859223875e-08
uHvWwqUZZbWa66I,1790,40.000802558544706,2.3844549730142717,0.028954328238526728,0.0
uHvWwqUZZbWa66I,1791,39.996576477974486,0.0,0.04252725300894156,0.0
uHvWwqUZZbWa66I,1792,39.93097317145748,1.1538668703260555,0.041771583459834005,0.0
uHvWwqUZZbWa66I,1793,39.90030071831188,0.0,0.043254702552715685,0.0
uHvWwqUZZbWa66I,1794,39.83824072911284,1.9423589383576143,0.04251901452944651,0.011696559073147483
uHvWwqUZZbWa66I,1795,39.861545235237884,0.8805835203629613,0.042449589801808685,2.817001529820118e-07
uHvWwqUZZbWa66I,1796,39.84712157461678,2.046160141140092,0.041749847920787175,0.012324572540819645
uHvWwqUZZbWa66I,1797,39.86523485142868,0.9788951653535491,0.04389908803458198,0.0
uHvWwqUZZbWa66I,1798,39.84589451269311,1.0167386465310528,0.043193111064088185,0.0002533907536417246
uHvWwqUZZbWa66I,1799,39.825477910952586,1.0910092847857413,0.04250270505034237,0.0
uHvWwqUZZbWa66I,1800,39.80213089294385,2.103680273402915,0.04285942394816189,1.9732080858148038e-08
uHvWwqUZZbWa66I,1801,39.81890219128239,1.05680609427327,0.04737840405323723,0.014696629717946053
uHvWwqUZZbWa66I,1802,39.79713905036327,0.9739843324495041,0.04666631946929911,0.0
uHvWwqUZZbWa66I,1803,39.7802738496009,1.1405758757014155,0.04597309137352923,0.0
uHvWwqUZZbWa66I,1804,39.755805731443374,1.2216972082750885,0.04728066268035391,0.0
uHvWwqUZZbWa66I,1805,39.72797904826869,1.266535829223585,0.05005863307633618,7.134606892122974e-05
uHvWwqUZZbWa66I,1806,39.69858019009773,0.8690576193785091,0.053619532495591926,0.0
uHvWwqUZZbWa66I,1807,39.68969809459979,2.0440546121512853,0.05286354070887356,7.758485764952638e-08
uHvWwqUZZbWa66I,1808,39.71268335071265,0.7819854777729915,0.05244041835753066,0.0
uHvWwqUZZbWa66I,1809,39.70776451028392,2.048607992892812,0.05173831475762469,7.856601058620072e-08
uHvWwqUZZbWa66I,1810,39.73014731538079,2.0844701927808273,0.05608687572233251,0.0
uHvWwqUZZbWa66I,1811,39.749744473632504,1.1218329179752118,0.05605472367308906,1.9934176265223869e-07
uHvWwqUZZbWa66I,1812,39.726520750940594,0.0,0.05696168219528985,0.0
uHvWwqUZZbWa66I,1813,39.67007391833589,3.096816238965687,0.05624213399223876,1.8745478058690423e-08
uHvWwqUZZbWa66I,1814,39.73104420229883,2.2737314833346716,0.06101175447189,0.0
uHvWwqUZZbWa66I,1815,39.74053613039261,1.3349036167719532,0.06538598195844081,0.024477798491716385
uHvWwqUZZbWa66I,1816,39.70604241163157,0.0,0.06951846790694383,0.0
uHvWwqUZZbWa66I,1817,39.6490038473966,0.0,0.06862040844940331,0.0
uHvWwqUZZbWa66I,1818,39.5942467352251,2.0918451462102894,0.06775827010356572,0.0
uHvWwqUZZbWa66I,1819,39.617087634343804,1.0997479593416415,0.06842107934140351,0.0
uHvWwqUZZbWa66I,1820,39.59843613338613,1.0244315335894498,0.06887333237760451,0.0
uHvWwqUZZbWa66I,1821,39.58409701016022,2.4637333137162614,0.06806249314182189,7.647143007716295e-08
uHvWwqUZZbWa66I,1822,39.58831753656567,0.0,0.07468791252612839,0.0
uHvWwqUZZbWa66I,1823,39.53462839853317,0.0,0.07380902154981861,0.0
uHvWwqUZZbWa66I,1824,39.48308681212664,0.9748139593421001,0.07296528520673284,0.0
uHvWwqUZZbWa66I,1825,39.47486623103076,0.9824795120320005,0.072155298131106,0.0
uHvWwqUZZbWa66I,1826,39.46664151738223,1.1348400762758502,0.07137771083652744,0.0
uHvWwqUZZbWa66I,1827,39.45116287119758,0.0,0.07255432421952257,0.0
uHvWwqUZZbWa66I,1828,39.40277563523573,1.7689841308010728,0.07180351151764164,0.014267020660525986
uHvWwqUZZbWa66I,1829,39.44787474683953,0.8689322024400781,0.07132365130062901,5.443191071208275e-07
uHvWwqUZZbWa66I,1830,39.44663449857778,1.6738581781109474,0.07061470972278805,1.1935433974485932e-07
uHvWwqUZZbWa66I,1831,39.49545960791794,1.7185290058305327,0.06993414630292527,2.5423437932659e-07
uHvWwqUZZbWa66I,1832,39.54075057971487,2.0551043515096694,0.06928079776659324,0.0
uHvWwqUZZbWa66I,1833,39.567963997754035,1.873247536846975,0.06865359857871844,3.952536786755445e-08
uHvWwqUZZbWa66I,1834,39.60307151431125,2.589064827183819,0.0680514816568003,0.0
uHvWwqUZZbWa66I,1835,39.60123739313126,0.844774869559842,0.0767126810178862,0.0006547683151438832
uHvWwqUZZbWa66I,1836,39.59551305103996,0.9072845676161592,0.07596078088048408,0.0
uHvWwqUZZbWa66I,1837,39.587202599808265,1.0916643913904238,0.07527038679930875,0.0
uHvWwqUZZbWa66I,1838,39.57019099801481,0.9392699622301279,0.07523552180740545,0.0
uHvWwqUZZbWa66I,1839,39.56129634533998,1.43542360194175,0.07458809056791971,0.0
uHvWwqUZZbWa66I,1840,39.61807109491484,2.1344903018250534,0.0739665603405566,0.0
uHvWwqUZZbWa66I,1841,39.63875079784343,0.6885318157517304,0.07481798940810869,1.4244220380987827e-07
uHvWwqUZZbWa66I,1842,39.64063218458186,1.1191538843537927,0.05232175045438758,0.0
uHvWwqUZZbWa66I,1843,39.62153020316579,1.1749512703142955,0.058771722733757414,0.0
uHvWwqUZZbWa66I,1844,39.60016411705307,0.7206836892379442,0.06099475665741316,0.0027312913443893194
uHvWwqUZZbWa66I,1845,39.602016147389136,1.8589000646971954,0.060249774733341255,0.0
uHvWwqUZZbWa66I,1846,39.637441849073994,1.7368475757316446,0.05966569205538086,0.0
uHvWwqUZZbWa66I,1847,39.67783545109749,2.467055012440767,0.059104973001188554,0.0
uHvWwqUZZbWa66I,1848,39.680629135335195,1.2380999710040612,0.06670704206243805,0.00024072121595963836
uHvWwqUZZbWa66I,1849,39.65382474304049,0.7871520156420502,0.06981783537975694,0.0006220298819243908
uHvWwqUZZbWa66I,1850,39.650163805471195,0.7905233371370741,0.06908443939955156,0.0
uHvWwqUZZbWa66I,1851,39.646906376375156,0.9849660657473578,0.0684102372926585,0.0
uHvWwqUZZbWa66I,1852,39.63447607262053,1.8051932481856738,0.06776300349355857,0.0
uHvWwqUZZbWa66I,1853,39.67156172379457,1.726076113102522,0.06714165953071038,0.0
uHvWwqUZZbWa66I,1854,39.71150937296967,1.420843112327475,0.06823073883623998,1.1338661920490267e-07
uHvWwqUZZbWa66I,1855,39.765668583177174,2.6415771056972517,0.06762813579616811,0.0
uHvWwqUZZbWa66I,1856,39.84778308081367,3.187831792318889,0.0670496415193167,7.26478575074907e-08
uHvWwqUZZbWa66I,1857,39.90001707153091,1.7742011603439778,0.07476141954142967,0.0
uHvWwqUZZbWa66I,1858,39.93046762627786,1.7216346666060076,0.07408130912412325,0.0
uHvWwqUZZbWa66I,1859,39.96278002052644,1.6558106633679017,0.07342840543318907,0.0
uHvWwqUZZbWa66I,1860,39.997647920337826,1.761366419820149,0.07280161183629552,0.0
uHvWwqUZZbWa66I,1861,40.026531721482385,1.528406717140399,0.0721998973593525,1.4365317468900685e-07
uHvWwqUZZbWa66I,1862,40.066385248450146,2.9934259719548493,0.07162223828111358,0.0031251530162990093
uHvWwqUZZbWa66I,1863,40.122337055940264,2.1839226849951956,0.07488961869005628,0.02364025758471655
uHvWwqUZZbWa66I,1864,40.126538992926,2.7004357887794015,0.07498020353353319,0.001720188628217656
uHvWwqUZZbWa66I,1865,40.19437940087096,3.225527487482921,0.06413056661931016,1.0311379128324916e-07
uHvWwqUZZbWa66I,1866,40.23385068903741,1.1033556671204678,0.07351745715373603,6.228646043382469e-08
uHvWwqUZZbWa66I,1867,40.19740076793852,2.0442929350163013,0.07335060154657036,0.0
uHvWwqUZZbWa66I,1868,40.20515518846554,3.347847955548758,0.07463504997651249,0.0
uHvWwqUZZbWa66I,1869,40.237333014228284,1.9273076195286762,0.07848272816847235,0.0
uHvWwqUZZbWa66I,1870,40.24855516831718,2.0466205528754244,0.07778290630887419,6.736053137501585e-08
uHvWwqUZZbWa66I,1871,40.2535081104715,1.0860759131192026,0.08105489898447438,0.0
uHvWwqUZZbWa66I,1872,40.21619691051359,1.729696214195485,0.08040601674441739,0.002594726625829935
uHvWwqUZZbWa66I,1873,40.23802505424851,1.8036798413308475,0.08134026343908651,0.0
uHvWwqUZZbWa66I,1874,40.25582147381641,2.6488521717745925,0.0806489846014653,0.0
uHvWwqUZZbWa66I,1875,40.32104006002368,2.1963336064874284,0.08168783674922331,0.0005911699454088648
uHvWwqUZZbWa66I,1876,40.3169781285597,1.754758019488122,0.08218970672514381,0.0005613819812424481
uHvWwqUZZbWa66I,1877,40.33476482825853,2.822379345118179,0.08149967219268994,2.2944652755541028e-07
uHvWwqUZZbWa66I,1878,40.38894941061659,2.0260051900907285,0.08306786544366496,0.0
uHvWwqUZZbWa66I,1879,40.39114053559989,3.318722002338234,0.08241861719383614,1.0233142688775843e-07
uHvWwqUZZbWa66I,1880,40.41855625776175,1.8308098266999195,0.08782718224766306,0.0024649903643876314
uHvWwqUZZbWa66I,1881,40.428633477786505,3.411262193625248,0.08699835335219852,0.00053334858001719
uHvWwqUZZbWa66I,1882,40.449623394706535,0.9188299379967475,0.09057190142178762,5.917213385941977e-08
uHvWwqUZZbWa66I,1883,40.41357272308285,3.357006614180392,0.08984559165220851,0.03222984277209484
uHvWwqUZZbWa66I,1884,40.4372176591189,1.7675092164255375,0.09793639979393731,0.011702420888468623
uHvWwqUZZbWa66I,1885,40.448677643229686,1.4981201108746518,0.05736212041297506,0.04033539107409467
uHvWwqUZZbWa66I,1886,40.473613558980716,2.2534716501723437,0.054740389419308144,9.235411368990754e-08
uHvWwqUZZbWa66I,1887,40.46078840800645,0.921525182873836,0.06266284047004689,0.0
uHvWwqUZZbWa66I,1888,40.42456652641111,1.1537694610643143,0.06184400024202574,0.002968951462598568
uHvWwqUZZbWa66I,1889,40.37833832838733,1.263161822598704,0.06269507422613785,0.0
uHvWwqUZZbWa66I,1890,40.32818199488243,0.0,0.0656458668926625,0.0
uHvWwqUZZbWa66I,1891,40.252663740691744,0.9829927184000553,0.06482449952083513,0.0
uHvWwqUZZbWa66I,1892,40.22101649063639,2.173024010205154,0.06403598269018218,1.2855409181611321e-07
uHvWwqUZZbWa66I,1893,40.221167729751826,2.1811016058757104,0.06600041729741335,1.5601444047774748e-07
uHvWwqUZZbWa66I,1894,40.22056293678499,1.9483459256236983,0.06939088653561853,0.0
uHvWwqUZZbWa66I,1895,40.23125788828908,1.1076925680348495,0.07617568325040125,0.0
uHvWwqUZZbWa66I,1896,40.193661058717666,1.337332179137178,0.07603942237583183,0.0
uHvWwqUZZbWa66I,1897,40.145870733093275,0.0,0.08007755975959086,0.0
uHvWwqUZZbWa66I,1898,40.07618396451677,0.8662979986429491,0.07912803075996422,0.0
uHvWwqUZZbWa66I,1899,40.055969739460366,1.3652055366499098,0.07821648761418842,0.0
uHvWwqUZZbWa66I,1900,40.01188610210171,0.0,0.0827771090695002,0.0
uHvWwqUZZbWa66I,1901,39.9470957228457,0.971545689677555,0.08184039320585512,6.387272878782824e-05
uHvWwqUZZbWa66I,1902,39.926319630093886,1.8911979080160393,0.08093795453496355,5.17103160291299e-07
uHvWwqUZZbWa66I,1903,39.9504488619212,1.567731124428974,0.08007465132644498,0.0
uHvWwqUZZbWa66I,1904,39.99000394610614,3.0915598373816806,0.07924590555152022,0.0033271138738619754
uHvWwqUZZbWa66I,1905,40.042649840945344,2.4537606944470554,0.08307217261969768,0.02503625489771366
uHvWwqUZZbWa66I,1906,40.03489676573572,0.9856200287098886,0.08774685594469034,0.0
uHvWwqUZZbWa66I,1907,40.00995338917916,1.2440805048024686,0.08681146349042379,0.0
uHvWwqUZZbWa66I,1908,39.97311340972864,0.0,0.08917715042113983,0.0
uHvWwqUZZbWa66I,1909,39.909462971166604,2.3716725365293314,0.08825707263529026,0.0
uHvWwqUZZbWa66I,1910,39.90977481120116,0.7843790896381506,0.09373602750926935,0.0
uHvWwqUZZbWa66I,1911,39.89869558693387,0.6414398169102924,0.09277497618674957,0.0
uHvWwqUZZbWa66I,1912,39.895637690110746,1.6983254058553712,0.09185237172275507,8.773640303161301e-08
uHvWwqUZZbWa66I,1913,39.93057503033886,1.8831696823515358,0.0909666628036696,0.001780914913979359
uHvWwqUZZbWa66I,1914,39.955475909403006,1.3053083598939565,0.09294297207508251,0.03395053371787071
uHvWwqUZZbWa66I,1915,39.91850755381286,0.6488520494604018,0.09529360231373474,0.0
uHvWwqUZZbWa66I,1916,39.915230079598885,1.8496458089949925,0.06300482374046013,3.219365751760961e-08
uHvWwqUZZbWa66I,1917,39.942746353323784,1.8746998696153696,0.06253701228229147,0.0026794280856847763
uHvWwqUZZbWa66I,1918,39.968209991287765,2.0041882166571128,0.0641108955121581,4.912479880658793e-07
uHvWwqUZZbWa66I,1919,39.9864312084799,2.523653843383727,0.06364139123988366,0.01151706650853157
uHvWwqUZZbWa66I,1920,40.067942024584426,1.4256261418455551,0.06556663127784645,0.0
uHvWwqUZZbWa66I,1921,40.11204635483594,1.6379752609054776,0.06508148206566489,0.0
uHvWwqUZZbWa66I,1922,40.14491787719251,2.197492645848456,0.06461574068461573,6.651931983014947e-08
uHvWwqUZZbWa66I,1923,40.149222725917326,1.538076016592811,0.06721300975473099,0.0
uHvWwqUZZbWa66I,1924,40.185931134489095,1.7730696712418421,0.06672965799511843,0.0
uHvWwqUZZbWa66I,1925,40.21034551097728,1.228942836204638,0.026187101090862086,0.0
uHvWwqUZZbWa66I,1926,40.171443410367175,0.7312682355465085,0.03686518752069645,0.0
uHvWwqUZZbWa66I,1927,40.158523244715894,0.956169853479679,0.03607078147174292,0.0
uHvWwqUZZbWa66I,1928,40.135412297926905,1.668799116652508,0.03530815308035784,0.0
uHvWwqUZZbWa66I,1929,40.07768201609542,0.0,0.04590673343331986,0.0
uHvWwqUZZbWa66I,1930,40.01436326899966,0.0,0.04500245832891636,0.0
uHvWwqUZZbWa66I,1931,39.953577312318885,0.0,0.044134356724633506,0.0
uHvWwqUZZbWa66I,1932,39.89522278835466,0.0,0.04330097855122261,0.0
uHvWwqUZZbWa66I,1933,39.8392023189499,0.0,0.04250093427540236,0.0
uHvWwqUZZbWa66I,1934,39.78542278116038,0.0,0.041732893037213614,0.0
uHvWwqUZZbWa66I,1935,39.73379436755022,0.8962038210183891,0.04099557147414856,1.5268309283555936e-08
uHvWwqUZZbWa66I,1936,39.72942097718669,0.8145193837021907,0.040287744133605585,2.1797420401981071e-07
uHvWwqUZZbWa66I,1937,39.729514317943085,1.2784356198196747,0.039608219795352895,0.0
uHvWwqUZZbWa66I,1938,39.70677904384024,0.0,0.04327211311874457,0.0
uHvWwqUZZbWa66I,1939,39.65831810952909,0.0,0.0425691401292152,0.0
uHvWwqUZZbWa66I,1940,39.61179557693936,1.1488207989423245,0.04189428563085862,0.00021725089754909277
uHvWwqUZZbWa66I,1941,39.59969291208995,0.0,0.04328238647985749,0.0
uHvWwqUZZbWa66I,1942,39.55521780556751,1.2068277544292414,0.04262405224699073,0.0022246537264436483
uHvWwqUZZbWa66I,1943,39.542180314117786,0.0,0.04503875235650234,0.0
uHvWwqUZZbWa66I,1944,39.49959195257884,0.0,0.0443758900332778,0.0
uHvWwqUZZbWa66I,1945,39.458707273395476,1.2412452656618598,0.04373954339507513,0.0
uHvWwqUZZbWa66I,1946,39.44739561215874,0.0,0.04690880152020149,0.0
uHvWwqUZZbWa66I,1947,39.40811615497705,0.0,0.04625514112967544,0.0
uHvWwqUZZbWa66I,1948,39.370407936767606,0.0,0.045627628551754285,0.0
uHvWwqUZZbWa66I,1949,39.33420812492159,0.8441166350123694,0.045025216048541594,0.0
uHvWwqUZZbWa66I,1950,39.34725038780289,1.8396184750838813,0.04444689779165678,0.0
uHvWwqUZZbWa66I,1951,39.40030767796304,0.783009021274097,0.04552921383264952,0.0
uHvWwqUZZbWa66I,1952,39.41439388241139,0.9386716409008358,0.044967126199933816,0.0
uHvWwqUZZbWa66I,1953,39.42056745604164,0.8738154894465424,0.04442752302247577,0.0
uHvWwqUZZbWa66I,1954,39.42985957004642,1.158573968808355,0.04390950184870057,0.0
uHvWwqUZZbWa66I,1955,39.42479451638492,0.0,0.045363488240125704,0.0
uHvWwqUZZbWa66I,1956,39.38754351609232,1.083554939830833,0.04485139214057021,0.0
uHvWwqUZZbWa66I,1957,39.387604860507665,0.8954188555474047,0.044984169868710566,0.0
uHvWwqUZZbWa66I,1958,39.3969033778349,1.390237276196359,0.04450112311724119,0.0
uHvWwqUZZbWa66I,1959,39.38129832291595,0.0,0.05013960283804231,0.0
uHvWwqUZZbWa66I,1960,39.34504875236742,0.0,0.04958594088065915,0.0
uHvWwqUZZbWa66I,1961,39.31024918214969,0.6306349273081651,0.04905442484277778,0.0
uHvWwqUZZbWa66I,1962,39.33530992419385,0.9974986862330297,0.04854417183059745,1.1602006821931354e-07
uHvWwqUZZbWa66I,1963,39.341763727185324,1.1560491424015709,0.048054322485972634,0.0
uHvWwqUZZbWa66I,1964,39.34003681176098,1.410394183194967,0.04936986218874573,0.0
uHvWwqUZZbWa66I,1965,39.32534971117873,0.0,0.05528663459901928,0.0
uHvWwqUZZbWa66I,1966,39.29094898730416,0.0,0.0547089976045978,0.0
uHvWwqUZZbWa66I,1967,39.2579243176793,0.6846171198710067,0.054154466723252526,0.005123851355165243
uHvWwqUZZbWa66I,1968,39.281989671670246,0.8812196454888124,0.05336592288424491,0.0
uHvWwqUZZbWa66I,1969,39.29589313070531,1.1054615763305833,0.019338423271824112,0.0
uHvWwqUZZbWa66I,1970,39.29826594130388,0.0,0.030129197870541802,0.0
uHvWwqUZZbWa66I,1971,39.265605876085075,0.0,0.029631356594313374,0.0
uHvWwqUZZbWa66I,1972,39.23425236703149,0.9291759448660741,0.029153428391714087,5.200884309886078e-07
uHvWwqUZZbWa66I,1973,39.2476940732012,1.2088734441731503,0.028694591443178652,1.4504893286471088e-08
uHvWwqUZZbWa66I,1974,39.24675492982065,0.0,0.0316154031794591,0.0
uHvWwqUZZbWa66I,1975,39.215879269341585,0.0,0.031132806256793266,0.0
uHvWwqUZZbWa66I,1976,39.18623866366839,0.0,0.03066951425411535,0.0
uHvWwqUZZbWa66I,1977,39.15778363908326,0.0,0.03022475370802713,0.0
uHvWwqUZZbWa66I,1978,39.13046684900915,0.9915615796554675,0.02979778421708179,0.0
uHvWwqUZZbWa66I,1979,39.14466465141503,1.0948406550286336,0.029387892388187176,0.0025455198281818525
uHvWwqUZZbWa66I,1980,39.15314744740054,0.0,0.030260918227718925,0.0
uHvWwqUZZbWa66I,1981,39.12584335684106,0.0,0.029858382915841197,0.0
uHvWwqUZZbWa66I,1982,39.09963133885786,1.3560865279299321,0.029471949705617284,0.0
uHvWwqUZZbWa66I,1983,39.09666352140367,0.0,0.0351727083639668,0.0
uHvWwqUZZbWa66I,1984,39.07090658674598,0.0,0.03470863079069719,0.0
uHvWwqUZZbWa66I,1985,39.04617986994445,0.0,0.03426311447633967,0.0
uHvWwqUZZbWa66I,1986,39.02244230712414,0.0,0.03383542041643128,0.0
uHvWwqUZZbWa66I,1987,38.99965413546771,0.0,0.03342483242391214,0.0
uHvWwqUZZbWa66I,1988,38.97777754886657,0.0,0.03303066900348828,0.0
uHvWwqUZZbWa66I,1989,38.956776023643314,0.0,0.03265227194293008,0.0
uHvWwqUZZbWa66I,1990,38.93661450667888,0.0,0.03228901027119324,0.0
uHvWwqUZZbWa66I,1991,38.91725948339909,0.0,0.03194028002558813,0.0
uHvWwqUZZbWa66I,1992,38.89867868906468,0.0,0.031605497499691104,0.0
uHvWwqUZZbWa66I,1993,38.88084113298565,0.0,0.03128410809090898,0.0
uHvWwqUZZbWa66I,1994,38.86371704077929,0.0,0.030975572796301698,0.0
uHvWwqUZZbWa66I,1995,38.847277954953015,0.0,0.030679379621283864,0.0
uHvWwqUZZbWa66I,1996,38.83149643501848,1.3664726799220261,0.03039503356790707,8.334958323530373e-08
uHvWwqUZZbWa66I,1997,38.83802253337886,0.0,0.03646002156562478,0.0
uHvWwqUZZbWa66I,1998,38.82187816458132,0.0,0.03608529438167185,0.0
uHvWwqUZZbWa66I,1999,38.806379729456566,0.0,0.03572555427342028,0.0
uHvWwqUZZbWa66I,2000,38.79150110813167,0.0,0.035380206824236815,0.0
uHvWwqUZZbWa66I,2001,38.77721771741595,0.0,0.03504866972468168,0.0
uHvWwqUZZbWa66I,2002,38.763505694962404,0.0,0.03473039605557293,0.0
uHvWwqUZZbWa66I,2003,38.75034206318047,0.0,0.03442485426455111,0.0
uHvWwqUZZbWa66I,2004,38.73770499745693,0.0,0.0341315328226921,0.0
uHvWwqUZZbWa66I,2005,38.7255734703907,0.0,0.033849943949797456,0.0
uHvWwqUZZbWa66I,2006,38.7139270822921,0.0,0.03357961965627343,0.0
uHvWwqUZZbWa66I,2007,38.70274667026784,0.0,0.03332010918199391,0.0
uHvWwqUZZbWa66I,2008,38.69201343836572,0.0,0.03307097759931654,0.0
uHvWwqUZZbWa66I,2009,38.68170950705495,0.0,0.03283181209951014,0.0
uHvWwqUZZbWa66I,2010,38.67181776793983,0.0,0.03260221174820632,0.0
uHvWwqUZZbWa66I,2011,38.662321694701276,0.0,0.03238179656579465,0.0
uHvWwqUZZbWa66I,2012,38.65320541760262,0.0,0.032170197515704935,0.0
uHvWwqUZZbWa66I,2013,38.6444538799518,0.0,0.03196706255800397,0.0
uHvWwqUZZbWa66I,2014,38.636052329599224,0.0,0.03177205362259716,0.0
uHvWwqUZZbWa66I,2015,38.627986841409765,0.0,0.03158484474658341,0.0
uHvWwqUZZbWa66I,2016,38.620243985711895,0.0,0.03140512323840827,0.0
uHvWwqUZZbWa66I,2017,38.61281089721557,0.0,0.0312325922390011,0.0
uHvWwqUZZbWa66I,2018,38.60567504776951,0.0,0.03106696117571861,0.0
uHvWwqUZZbWa66I,2019,38.59882474182483,0.0,0.03090795530840129,0.0
uHvWwqUZZbWa66I,2020,38.59224835647579,0.0,0.030755310839929884,0.0
uHvWwqUZZbWa66I,2021,38.58593501760002,0.0,0.030608771423765724,0.0
uHvWwqUZZbWa66I,2022,38.579874208703,0.0,0.030468093751886194,0.0
uHvWwqUZZbWa66I,2023,38.574055908753834,0.0,0.03033304243251056,0.0
uHvWwqUZZbWa66I,2024,38.568470314651094,0.0,0.030203394181051557,0.0
uHvWwqUZZbWa66I,2025,38.56310814017739,0.0,0.030078931068026726,0.0
uHvWwqUZZbWa66I,2026,38.55796041669633,0.0,0.029959447038316434,0.0
uHvWwqUZZbWa66I,2027,38.55301862353768,0.0,0.02984474278888971,0.0
uHvWwqUZZbWa66I,2028,38.54827456133749,0.0,0.029734625768804257,0.0
uHvWwqUZZbWa66I,2029,38.54372020209517,0.0,0.029628913438835447,0.0
uHvWwqUZZbWa66I,2030,38.53934798160877,0.0,0.02952743117600054,0.0
uHvWwqUZZbWa66I,2031,38.53515072124388,0.0,0.029430005987131302,0.0
uHvWwqUZZbWa66I,2032,38.53112131314661,0.0,0.029336478848898118,0.0
uHvWwqUZZbWa66I,2033,38.52725309090998,0.0,0.029246693066277807,0.0
uHvWwqUZZbWa66I,2034,38.52353958556738,0.0,0.029160498696335857,0.0
uHvWwqUZZbWa66I,2035,38.5199746373513,0.0,0.02907775115124256,0.0
uHvWwqUZZbWa66I,2036,38.516552291385196,0.0,0.028998314923563306,0.0
uHvWwqUZZbWa66I,2037,38.51326685170021,0.0,0.028922055204355424,0.0
uHvWwqUZZbWa66I,2038,38.510112747124694,0.0,0.028848846265071337,0.0
uHvWwqUZZbWa66I,2039,38.50708487028565,0.0,0.0287785651711312,0.0
uHvWwqUZZbWa66I,2040,38.50417815292563,0.0,0.028711095972874467,0.0
uHvWwqUZZbWa66I,2041,38.50138762364473,0.0,0.028646324816116397,0.0
uHvWwqUZZbWa66I,2042,38.49870875621524,0.0,0.028584145530083482,0.0
uHvWwqUZZbWa66I,2043,38.496137035585306,0.0,0.028524452642494147,0.0
uHvWwqUZZbWa66I,2044,38.49366817580845,0.0,0.028467147665986126,0.0
uHvWwqUZZbWa66I,2045,38.49129808465328,0.0,0.028412134674334233,0.0
uHvWwqUZZbWa66I,2046,38.48902277233388,0.0,0.028359322397926157,0.0
uHvWwqUZZbWa66I,2047,38.486838461405895,0.0,0.028308622361117308,0.0
uHvWwqUZZbWa66I,2048,38.484741626813374,0.0,0.028259950744875972,0.0
uHvWwqUZZbWa66I,2049,38.48272851532634,0.0,0.028213225592815583,0.0
uHvWwqUZZbWa66I,2050,38.480796056374274,0.0,0.02816836913950116,0.0
uHvWwqUZZbWa66I,2051,38.47894086180564,0.0,0.028125308508941238,0.0
uHvWwqUZZbWa66I,2052,38.477159781887494,0.0,0.028083968962499206,0.0
uHvWwqUZZbWa66I,2053,38.475450056179724,0.0,0.028044282979288404,0.0
uHvWwqUZZbWa66I,2054,38.47380867464777,0.0,0.028006184435406034,0.0
uHvWwqUZZbWa66I,2055,38.472232971846424,0.0,0.02796961046657831,0.0
uHvWwqUZZbWa66I,2056,38.47072024321493,0.0,0.02793449867419273,0.0
uHvWwqUZZbWa66I,2057,38.46926809711691,0.0,0.02790079248040289,0.0
uHvWwqUZZbWa66I,2058,38.46787398731645,0.0,0.02786843391037852,0.0
uHvWwqUZZbWa66I,2059,38.46653565442499,0.0,0.02783736964590222,0.0
uHvWwqUZZbWa66I,2060,38.465250851161144,0.0,0.027807547300079172,0.0
uHvWwqUZZbWa66I,2061,38.464017441070936,0.0,0.027778918676966136,0.0
uHvWwqUZZbWa66I,2062,38.46283336500015,0.0,0.02775143511495859,0.0
uHvWwqUZZbWa66I,2063,38.4616966597208,0.0,0.02772505051358909,0.0
uHvWwqUZZbWa66I,2064,38.46060547190096,0.0,0.027699722264849846,0.0
uHvWwqUZZbWa66I,2065,38.45955788487878,0.0,0.027675405898087924,0.0
uHvWwqUZZbWa66I,2066,38.45855218129542,0.0,0.02765206322907776,0.0
uHvWwqUZZbWa66I,2067,38.457586701534055,0.0,0.027629653745287364,0.0
uHvWwqUZZbWa66I,2068,38.45665989401128,0.0,0.027608139960983102,0.0
uHvWwqUZZbWa66I,2069,38.45577008607175,0.0,0.02758748834855229,0.0
uHvWwqUZZbWa66I,2070,38.454915942198895,0.0,0.027567662120753234,0.0
uHvWwqUZZbWa66I,2071,38.454095894045494,0.0,0.02754862821563453,0.0
uHvWwqUZZbWa66I,2072,38.45330870481517,0.0,0.02753035613238186,0.0
uHvWwqUZZbWa66I,2073,38.452552970073484,0.0,0.027512814904519622,0.0
uHvWwqUZZbWa66I,2074,38.451827505178116,0.0,0.027495975428217356,0.0
uHvWwqUZZbWa66I,2075,38.45113103421714,0.0,0.027479809763797824,0.0
uHvWwqUZZbWa66I,2076,38.450462434015535,0.0,0.027464290437245076,0.0
uHvWwqUZZbWa66I,2077,38.44982058512356,0.0,0.02744939183718831,0.0
uHvWwqUZZbWa66I,2078,38.44920437554207,0.0,0.027435088817918007,0.0
uHvWwqUZZbWa66I,2079,38.448612793854736,0.0,0.02742135879486174,0.0
uHvWwqUZZbWa66I,2080,38.44804489942577,0.0,0.02740817685514063,0.0
uHvWwqUZZbWa66I,2081,38.44749974789407,0.0,0.027395523673811262,0.0
uHvWwqUZZbWa66I,2082,38.446976383722685,0.0,0.02738337503648669,0.0
uHvWwqUZZbWa66I,2083,38.44647398921039,0.0,0.027371714179360573,0.0
uHvWwqUZZbWa66I,2084,38.445991592056416,0.0,0.027360517819368546,0.0
uHvWwqUZZbWa66I,2085,38.445528581313155,0.0,0.027349770589688127,0.0
uHvWwqUZZbWa66I,2086,38.44508403497126,0.0,0.02733945293254525,0.0
uHvWwqUZZbWa66I,2087,38.44465733090725,0.0,0.027329547152810996,0.0
uHvWwqUZZbWa66I,2088,38.44424761230435,0.0,0.02732003881498546,0.0
uHvWwqUZZbWa66I,2089,38.44385442281451,0.0,0.027310910456770365,0.0
uHvWwqUZZbWa66I,2090,38.443476790136955,0.0,0.027302147409835165,0.0
uHvWwqUZZbWa66I,2091,38.44311441997375,0.0,0.027293734773018663,0.0
uHvWwqUZZbWa66I,2092,38.4427665076622,0.0,0.027285658110820954,0.0
uHvWwqUZZbWa66I,2093,38.442432391963266,0.0,0.027277905083217924,0.0
uHvWwqUZZbWa66I,2094,38.442111726424955,0.0,0.027270461254709666,0.0
uHvWwqUZZbWa66I,2095,38.441803928039334,0.0,0.02726331568225593,0.0
uHvWwqUZZbWa66I,2096,38.44150839144673,0.0,0.027256456491493886,0.0
uHvWwqUZZbWa66I,2097,38.441224671474956,0.0,0.027249871575230067,0.0
uHvWwqUZZbWa66I,2098,38.44095228197362,0.0,0.027243549524762933,0.0
uHvWwqUZZbWa66I,2099,38.4406908131608,0.0,0.027237480794036095,0.0
uHvWwqUZZbWa66I,2100,38.44043982172694,0.0,0.027231654207178657,0.0
uHvWwqUZZbWa66I,2101,38.440198843873404,0.0,0.027226061847948735,0.0
uHvWwqUZZbWa66I,2102,38.43996754246142,0.0,0.02722069230764479,0.0
uHvWwqUZZbWa66I,2103,38.43974545741763,0.0,0.027215537670024936,0.0
uHvWwqUZZbWa66I,2104,38.439532268367074,0.0,0.02721058932035536,0.0
uHvWwqUZZbWa66I,2105,38.439327625132464,0.0,0.027205838643902247,0.0
uHvWwqUZZbWa66I,2106,38.43913115891006,0.0,0.027201278422915642,0.0
uHvWwqUZZbWa66I,2107,38.43894254746225,0.0,0.02719690004266173,0.0
uHvWwqUZZbWa66I,2108,38.43876146110084,0.0,0.027192696518221204,0.0
uHvWwqUZZbWa66I,2109,38.438587618566416,0.0,0.0271886627273199,0.0
uHvWwqUZZbWa66I,2110,38.438420736736916,0.0,0.02718478912390143,0.0
uHvWwqUZZbWa66I,2111,38.43826056788053,0.0,0.02718107012003035,0.0
uHvWwqUZZbWa66I,2112,38.43810678975966,0.0,0.027177501059093778,0.0
uHvWwqUZZbWa66I,2113,38.437959089449905,0.0,0.027174073326357906,0.0
uHvWwqUZZbWa66I,2114,38.43781738685753,0.0,0.027170783895024364,0.0
uHvWwqUZZbWa66I,2115,38.43768132435467,0.0,0.02716762624583513,0.0
uHvWwqUZZbWa66I,2116,38.43755068773713,0.0,0.02716459316104025,0.0
uHvWwqUZZbWa66I,2117,38.43742531868007,0.0,0.02716168347648651,0.0
uHvWwqUZZbWa66I,2118,38.437304939649366,0.0,0.027158889043101375,0.0
uHvWwqUZZbWa66I,2119,38.43718938300695,0.0,0.027156205902763908,0.0
uHvWwqUZZbWa66I,2120,38.43707838053193,0.0,0.027153631261506384,0.0
uHvWwqUZZbWa66I,2121,38.43697187634494,0.0,0.02715115929856271,0.0
uHvWwqUZZbWa66I,2122,38.436869641340635,0.0,0.027148786055811946,0.0
uHvWwqUZZbWa66I,2123,38.43677143710043,0.0,0.027146507109471862,0.0
uHvWwqUZZbWa66I,2124,38.436677231959365,0.0,0.027144319898405378,0.0
uHvWwqUZZbWa66I,2125,38.4365867893615,0.0,0.02714222046449155,0.0
uHvWwqUZZbWa66I,2126,38.436499978921674,0.0,0.027140204616778796,0.0
uHvWwqUZZbWa66I,2127,38.436416603199504,0.0,0.027138269794130032,0.0
uHvWwqUZZbWa66I,2128,38.43633656161215,0.0,0.027136412038424318,0.0
uHvWwqUZZbWa66I,2129,38.43625969583478,0.0,0.027134628322863286,0.0
uHvWwqUZZbWa66I,2130,38.43618596488919,0.0,0.027132916551971142,0.0
uHvWwqUZZbWa66I,2131,38.43611513780739,0.0,0.02713127300045759,0.0
uHvWwqUZZbWa66I,2132,38.43604716802325,0.0,0.02712969534001619,0.0
uHvWwqUZZbWa66I,2133,38.435981895349286,0.0,0.027128179845356648,0.0
uHvWwqUZZbWa66I,2134,38.435919224790595,0.0,0.02712672651647896,0.0
uHvWwqUZZbWa66I,2135,38.4358590911546,0.0,0.027125330463939612,0.0
uHvWwqUZZbWa66I,2136,38.43580137336936,0.0,0.027123990057924097,0.0
uHvWwqUZZbWa66I,2137,38.43574594477501,0.0,0.027122703435787265,0.0
uHvWwqUZZbWa66I,2138,38.43569272155251,0.0,0.027121467803561394,0.0
uHvWwqUZZbWa66I,2139,38.43564164782252,0.0,0.027120282462754552,0.0
uHvWwqUZZbWa66I,2140,38.435592587611936,0.0,0.027119144619399016,0.0
uHvWwqUZZbWa66I,2141,38.43554549621727,0.0,0.02711805147952706,0.0
uHvWwqUZZbWa66I,2142,38.435500341973565,0.0,0.02711700327596933,0.0
uHvWwqUZZbWa66I,2143,38.43545694047894,0.0,0.027115995584943597,0.0
uHvWwqUZZbWa66I,2144,38.435415327123664,0.0,0.027115028872111147,0.0
uHvWwqUZZbWa66I,2145,38.435375337994955,0.0,0.027114100809165542,0.0
uHvWwqUZZbWa66I,2146,38.43533699171927,0.0,0.027113209999122923,0.0
uHvWwqUZZbWa66I,2147,38.43530009644415,0.0,0.02711235411367685,0.0
uHvWwqUZZbWa66I,2148,38.43526475834038,0.0,0.027111534084149902,0.0
uHvWwqUZZbWa66I,2149,38.435230789280794,0.0,0.027110745486759846,0.0
uHvWwqUZZbWa66I,2150,38.43519818740275,0.0,0.02710998925282926,0.0
uHvWwqUZZbWa66I,2151,38.435166893101595,0.0,0.02710926235555977,0.0
uHvWwqUZZbWa66I,2152,38.435136811382435,0.0,0.027108564329290097,0.0
uHvWwqUZZbWa66I,2153,38.435107962734364,0.0,0.027107895639681523,0.0
uHvWwqUZZbWa66I,2154,38.435080257750414,0.0,0.027107252328613107,0.0
uHvWwqUZZbWa66I,2155,38.43505370388117,0.0,0.027106635560238068,0.0
uHvWwqUZZbWa66I,2156,38.435028111136816,0.0,0.027106043471911256,0.0
uHvWwqUZZbWa66I,2157,38.43500366391923,0.0,0.027105474433818166,0.0
uHvWwqUZZbWa66I,2158,38.43498016851332,0.0,0.02710492867878944,0.0
uHvWwqUZZbWa66I,2159,38.43495753364947,0.0,0.027104405042671864,0.0
uHvWwqUZZbWa66I,2160,38.4349358636358,0.0,0.027103901197158997,0.0
uHvWwqUZZbWa66I,2161,38.43491510259297,0.0,0.027103418772065346,0.0
uHvWwqUZZbWa66I,2162,38.434895103372,0.0,0.027102954740592544,0.0
uHvWwqUZZbWa66I,2163,38.43487593116548,0.0,0.027102510034063165,0.0
uHvWwqUZZbWa66I,2164,38.434857546857856,0.0,0.027102082324170773,0.0
uHvWwqUZZbWa66I,2165,38.434839890844486,0.0,0.027101672076576655,0.0
uHvWwqUZZbWa66I,2166,38.43482293704834,0.0,0.027101278359958236,0.0
uHvWwqUZZbWa66I,2167,38.434806625864766,0.0,0.027100900941484873,0.0
uHvWwqUZZbWa66I,2168,38.43479098895874,0.0,0.02710053749285013,0.0
uHvWwqUZZbWa66I,2169,38.43477594623651,0.0,0.027100189411037867,0.0
uHvWwqUZZbWa66I,2170,38.43476151259925,0.0,0.02709985436774165,0.0
uHvWwqUZZbWa66I,2171,38.4347477476516,0.0,0.02709953329428405,0.0
uHvWwqUZZbWa66I,2172,38.43473442973878,0.0,0.02709922549217314,0.0
uHvWwqUZZbWa66I,2173,38.43472166689422,0.0,0.027098929331594412,0.0
uHvWwqUZZbWa66I,2174,38.43470947774436,0.0,0.0270986455110398,0.0
uHvWwqUZZbWa66I,2175,38.434697700239084,0.0,0.027098372633525436,0.0
uHvWwqUZZbWa66I,2176,38.434686425647996,1.2603358891547032,0.027098110233390038,0.0
uHvWwqUZZbWa66I,2177,38.461658791894806,0.0,0.03160781348957986,0.0
uHvWwqUZZbWa66I,2178,38.46004839546491,0.0,0.031527394483753746,0.0
uHvWwqUZZbWa66I,2179,38.458502431656015,0.0,0.03145019343025357,0.0
uHvWwqUZZbWa66I,2180,38.45701833001782,0.0,0.031376079711088245,0.0
uHvWwqUZZbWa66I,2181,38.45559352755059,0.0,0.03130493109016985,0.0
uHvWwqUZZbWa66I,2182,38.45422576300312,0.0,0.031236628125378196,0.0
uHvWwqUZZbWa66I,2183,38.452912648464334,0.0,0.031171057195359175,0.0
uHvWwqUZZbWa66I,2184,38.451652183453334,0.0,0.031108109102540915,0.0
uHvWwqUZZbWa66I,2185,38.45044197633375,0.0,0.03104767953879506,0.0
uHvWwqUZZbWa66I,2186,38.44928027621914,0.0,0.030989666989960973,0.0
uHvWwqUZZbWa66I,2187,38.44816500067223,0.0,0.03093397413282961,0.0
uHvWwqUZZbWa66I,2188,38.44709438949336,0.0,0.030880509232127373,0.0
uHvWwqUZZbWa66I,2189,38.446066596801174,0.0,0.030829183346548383,0.0
uHvWwqUZZbWa66I,2190,38.445079877297175,0.0,0.030779910095923846,0.0
uHvWwqUZZbWa66I,2191,38.444132629106534,0.0,0.03073260845518977,0.0
uHvWwqUZZbWa66I,2192,38.443223283882034,0.0,0.030687197632112806,0.0
uHvWwqUZZbWa66I,2193,38.44235032356788,0.0,0.03064360451787085,0.0
uHvWwqUZZbWa66I,2194,38.4415122394215,0.0,0.030601753908165996,0.0
uHvWwqUZZbWa66I,2195,38.440707733179224,0.0,0.030561578747772877,0.0
uHvWwqUZZbWa66I,2196,38.43993538178016,0.0,0.03052300942032904,0.0
uHvWwqUZZbWa66I,2197,38.439193838531864,0.0,0.030485983527221983,0.0
uHvWwqUZZbWa66I,2198,38.438482093880666,0.0,0.030450438669839208,0.0
uHvWwqUZZbWa66I,2199,38.4377988085847,0.0,0.030416315010705297,0.0
uHvWwqUZZbWa66I,2200,38.437142807314885,0.0,0.030383556670465772,0.0
uHvWwqUZZbWa66I,2201,38.436513052577865,0.0,0.03035210916675002,0.0
uHvWwqUZZbWa66I,2202,38.435908434237135,0.0,0.03032191918134064,0.0
uHvWwqUZZbWa66I,2203,38.4353280861627,0.0,0.030292936422818606,0.0
uHvWwqUZZbWa66I,2204,38.43477094292153,0.0,0.030265113393732612,0.0
uHvWwqUZZbWa66I,2205,38.4342360378008,0.0,0.030238402829461997,0.0
uHvWwqUZZbWa66I,2206,38.433722588489545,0.0,0.030212760492184465,0.0
uHvWwqUZZbWa66I,2207,38.433229564944995,0.0,0.03018814517087609,0.0
uHvWwqUZZbWa66I,2208,38.43275637298335,0.0,0.03016451332620651,0.0
uHvWwqUZZbWa66I,2209,38.432302064518225,0.0,0.030141827006780808,0.0
uHvWwqUZZbWa66I,2210,38.431865952233565,0.0,0.030120048028373425,0.0
uHvWwqUZZbWa66I,2211,38.43144724450518,0.0,0.03009914123355717,0.0
uHvWwqUZZbWa66I,2212,38.43104530803372,0.0,0.030079069835090344,0.0
uHvWwqUZZbWa66I,2213,38.430659526283634,0.0,0.03005980077102155,0.0
uHvWwqUZZbWa66I,2214,38.43028906665255,0.0,0.030041303307705824,0.0
uHvWwqUZZbWa66I,2215,38.429933485830915,0.0,0.0300235450816837,0.0
uHvWwqUZZbWa66I,2216,38.42959209277738,0.0,0.03000649768761665,0.0
uHvWwqUZZbWa66I,2217,38.429264352912796,0.0,0.029990131556012933,0.0
uHvWwqUZZbWa66I,2218,38.428949793125284,0.0,0.0299744208426711,0.0
uHvWwqUZZbWa66I,2219,38.428647696296466,0.0,0.029959338073575204,0.0
uHvWwqUZZbWa66I,2220,38.428357738326085,0.0,0.029944859267168944,0.0
uHvWwqUZZbWa66I,2221,38.42807941629995,0.0,0.029930959277742808,0.0
uHvWwqUZZbWa66I,2222,38.42781216769923,0.0,0.02991761552072436,0.0
uHvWwqUZZbWa66I,2223,38.42755566283573,0.0,0.029904804480218594,0.0
uHvWwqUZZbWa66I,2224,38.427309357817066,0.0,0.02989250729694337,0.0
uHvWwqUZZbWa66I,2225,38.427072958345306,0.0,0.029880700455003684,0.0
uHvWwqUZZbWa66I,2226,38.426846036012066,0.0,0.02986936742342383,0.0
uHvWwqUZZbWa66I,2227,38.42662812515606,0.0,0.029858486548953955,0.0
uHvWwqUZZbWa66I,2228,38.42641897990812,0.0,0.029848041999110286,0.0
uHvWwqUZZbWa66I,2229,38.42621814578284,0.0,0.029838013983288114,0.0
uHvWwqUZZbWa66I,2230,38.426025365735185,0.0,0.02982838783315689,0.0
uHvWwqUZZbWa66I,2231,38.42584036409367,0.0,0.029819146784910266,0.0
uHvWwqUZZbWa66I,2232,38.4256626826476,0.0,0.029810274540403192,0.0
uHvWwqUZZbWa66I,2233,38.425492153758896,0.0,0.029801758293950265,0.0
uHvWwqUZZbWa66I,2234,38.425328386272085,0.0,0.029793582213067715,0.0
uHvWwqUZZbWa66I,2235,38.425171246076715,0.0,0.029785733724900787,0.0
uHvWwqUZZbWa66I,2236,38.425020342017305,0.0,0.029778198393949573,0.0
uHvWwqUZZbWa66I,2237,38.42487545057644,0.0,0.029770964811512535,0.0
uHvWwqUZZbWa66I,2238,38.42473641342927,0.0,0.029764019939073627,0.0
uHvWwqUZZbWa66I,2239,38.424602902750266,0.0,0.02975735353208453,0.0
uHvWwqUZZbWa66I,2240,38.42447474158813,0.0,0.029750953716182416,0.0
uHvWwqUZZbWa66I,2241,38.424351708288086,0.0,0.029744810479649608,0.0
uHvWwqUZZbWa66I,2242,38.42423357933272,0.0,0.029738911715292637,0.0
uHvWwqUZZbWa66I,2243,38.4241202336501,0.0,0.02973324950686962,0.0
uHvWwqUZZbWa66I,2244,38.42401136204113,0.0,0.029727813842662876,0.0
uHvWwqUZZbWa66I,2245,38.423906863922966,0.0,0.02972259540944666,0.0
uHvWwqUZZbWa66I,2246,38.42380656420697,0.0,0.029717586290979092,0.0
uHvWwqUZZbWa66I,2247,38.42371024496366,0.0,0.02971277647554249,0.0
uHvWwqUZZbWa66I,2248,38.42361778325845,0.0,0.02970815990954012,0.0
uHvWwqUZZbWa66I,2249,38.42352904311825,0.0,0.029703728443899458,0.0
uHvWwqUZZbWa66I,2250,38.423443845729125,0.0,0.02969947323105604,0.0
uHvWwqUZZbWa66I,2251,38.42336204580475,0.0,0.029695388217413132,0.0
uHvWwqUZZbWa66I,2252,38.42328349805881,0.0,0.029691467349374,0.0
uHvWwqUZZbWa66I,2253,38.42320813916136,0.0,0.02968770271069676,0.0
uHvWwqUZZbWa66I,2254,38.42313572324325,0.0,0.029684089411937897,0.0
uHvWwqUZZbWa66I,2255,38.423066272656214,0.0,0.02968062000251681,0.0
uHvWwqUZZbWa66I,2256,38.42299958250929,0.0,0.0296772891273287,0.0
uHvWwqUZZbWa66I,2257,38.42293553359319,0.0,0.0296740916640994,0.0
uHvWwqUZZbWa66I,2258,38.42287410728146,0.0,0.02967102225772411,0.0
uHvWwqUZZbWa66I,2259,38.422815085644615,0.0,0.029668076018759315,0.0
uHvWwqUZZbWa66I,2260,38.42275844260563,0.0,0.029665247359269564,0.0
uHvWwqUZZbWa66I,2261,38.4227040421914,0.0,0.029662532088303273,0.0
uHvWwqUZZbWa66I,2262,38.422651828522575,0.0,0.029659924850755637,0.0
uHvWwqUZZbWa66I,2263,38.42260173081864,0.0,0.02965742145567507,0.0
uHvWwqUZZbWa66I,2264,38.422553611243856,0.0,0.02965501910909385,0.0
uHvWwqUZZbWa66I,2265,38.4225074399959,0.0,0.029652712688737815,0.0
uHvWwqUZZbWa66I,2266,38.422463112766636,0.0,0.02965049800365538,0.0
uHvWwqUZZbWa66I,2267,38.422420551324976,0.0,0.029648373191201394,0.0
uHvWwqUZZbWa66I,2268,38.42237965881337,0.0,0.029646332430609768,0.0
uHvWwqUZZbWa66I,2269,38.42234046130885,0.0,0.029644373393574064,0.0
uHvWwqUZZbWa66I,2270,38.42230279862393,0.0,0.029642492354803984,0.0
uHvWwqUZZbWa66I,2271,38.422266633505714,0.0,0.029640686985993092,0.0
uHvWwqUZZbWa66I,2272,38.422231936151874,0.0,0.029638954493173664,0.0
uHvWwqUZZbWa66I,2273,38.42219863950719,0.0,0.029637290685394113,0.0
uHvWwqUZZbWa66I,2274,38.42216663181294,0.0,0.029635692768686717,0.0
uHvWwqUZZbWa66I,2275,38.422135954047334,0.0,0.029634159578898256,0.0
uHvWwqUZZbWa66I,2276,38.42210643112172,0.0,0.029632687623569076,0.0
uHvWwqUZZbWa66I,2277,38.42207813381661,0.0,0.02963127457439274,0.0
uHvWwqUZZbWa66I,2278,38.422050972725046,0.0,0.029629917404570882,0.0
uHvWwqUZZbWa66I,2279,38.42202491059412,0.0,0.02962861471711964,0.0
uHvWwqUZZbWa66I,2280,38.42199983939041,0.0,0.02962736464939386,0.0
uHvWwqUZZbWa66I,2281,38.421975811267984,0.0,0.02962616394176454,0.0
uHvWwqUZZbWa66I,2282,38.42195275917162,0.0,0.029625011662909095,0.0
uHvWwqUZZbWa66I,2283,38.42193056016673,0.0,0.029623905950182383,0.0
uHvWwqUZZbWa66I,2284,38.42190927385796,0.0,0.029622844009616678,0.0
uHvWwqUZZbWa66I,2285,38.421888870443,0.0,0.029621824909889405,0.0
uHvWwqUZZbWa66I,2286,38.42186929031719,0.0,0.029620845391371553,0.0
uHvWwqUZZbWa66I,2287,38.421850492502344,0.0,0.029619905686893766,0.0
uHvWwqUZZbWa66I,2288,38.42183243974556,0.0,0.029619003933810895,0.0
uHvWwqUZZbWa66I,2289,38.42181507989277,0.0,0.029618138502308433,0.0
uHvWwqUZZbWa66I,2290,38.421798442746294,0.0,0.0296173068312493,0.0
uHvWwqUZZbWa66I,2291,38.42178243517388,0.0,0.029616509386294787,0.0
uHvWwqUZZbWa66I,2292,38.421767127956045,0.0,0.029615742674985235,0.0
uHvWwqUZZbWa66I,2293,38.421752386982334,0.0,0.029615007861473863,0.0
uHvWwqUZZbWa66I,2294,38.42173827558268,0.0,0.02961430168613166,0.0
uHvWwqUZZbWa66I,2295,38.421724696899545,0.0,0.029613623450466697,0.0
uHvWwqUZZbWa66I,2296,38.4217116583835,0.0,0.02961297292164833,0.0
uHvWwqUZZbWa66I,2297,38.42169917493571,0.0,0.029612347771370118,0.0
uHvWwqUZZbWa66I,2298,38.42168717950095,0.0,0.02961174893095464,0.0
uHvWwqUZZbWa66I,2299,38.421675657178056,0.0,0.029611173140772884,0.0
uHvWwqUZZbWa66I,2300,38.42166458189,0.0,0.029610620866486137,0.0
uHvWwqUZZbWa66I,2301,38.42165394246091,0.0,0.029610089779787963,0.0
uHvWwqUZZbWa66I,2302,38.42164371281375,0.0,0.029609580346339648,0.0
uHvWwqUZZbWa66I,2303,38.42163391157497,0.0,0.029609091401987975,0.0
uHvWwqUZZbWa66I,2304,38.42162454246987,0.0,0.0296086227139023,0.0
uHvWwqUZZbWa66I,2305,38.4216155086409,0.0,0.029608171953776186,0.0
uHvWwqUZZbWa66I,2306,38.42160684734095,0.0,0.02960773888877899,0.0
uHvWwqUZZbWa66I,2307,38.42159852876772,0.0,0.029607324217402642,0.0
uHvWwqUZZbWa66I,2308,38.4215905491959,0.0,0.029606925611340706,0.0
uHvWwqUZZbWa66I,2309,38.421582886273754,0.0,0.02960654283776254,0.0
uHvWwqUZZbWa66I,2310,38.421575532550705,0.0,0.029606174732514923,0.0
uHvWwqUZZbWa66I,2311,38.42156848057617,0.0,0.029605822692581718,0.0
uHvWwqUZZbWa66I,2312,38.42156171544899,0.0,0.02960548322550327,0.0
uHvWwqUZZbWa66I,2313,38.421555207366836,0.0,0.029605157961094086,0.0
uHvWwqUZZbWa66I,2314,38.421548952604425,0.0,0.02960484596803159,0.0
uHvWwqUZZbWa66I,2315,38.42154292135943,0.0,0.02960454701348514,0.0
uHvWwqUZZbWa66I,2316,38.4215371732365,0.0,0.029604259234809582,0.0
uHvWwqUZZbWa66I,2317,38.42153166353215,0.0,0.029603983330496852,0.0
uHvWwqUZZbWa66I,2318,38.421526347542894,0.0,0.029603717903563087,0.0
uHvWwqUZZbWa66I,2319,38.421521258796346,0.0,0.029603463652500217,0.0
uHvWwqUZZbWa66I,2320,38.421516371215475,0.0,0.029603219645985668,0.0
uHvWwqUZZbWa66I,2321,38.42151166244854,0.0,0.029602984952696865,0.0
uHvWwqUZZbWa66I,2322,38.421507143671406,0.0,0.029602759339803164,0.0
uHvWwqUZZbWa66I,2323,38.42150279625763,0.0,0.029602543272965853,0.0
uHvWwqUZZbWa66I,2324,38.421498646284235,0.0,0.02960233651935429,0.0
uHvWwqUZZbWa66I,2325,38.421494663948906,0.0,0.02960213721632332,0.0
uHvWwqUZZbWa66I,2326,38.42149085297693,0.0,0.029601946295195525,0.0
uHvWwqUZZbWa66I,2327,38.421487172390115,0.0,0.029601762824648326,0.0
uHvWwqUZZbWa66I,2328,38.42148363708962,0.0,0.02960158657185108,0.0
uHvWwqUZZbWa66I,2329,38.42148024707545,0.0,0.0296014170711425,0.0
uHvWwqUZZbWa66I,2330,38.42147698372115,0.0,0.029601255021014516,0.0
uHvWwqUZZbWa66I,2331,38.4214738544773,0.0,0.02960109855882198,0.0
uHvWwqUZZbWa66I,2332,38.42147086306919,0.0,0.029600949547210043,0.0
uHvWwqUZZbWa66I,2333,38.42146799459566,0.0,0.029600805192210977,0.0
uHvWwqUZZbWa66I,2334,38.42146523788084,0.0,0.029600667356469934,0.0
uHvWwqUZZbWa66I,2335,38.421462585474146,0.0,0.02960053510866434,0.0
uHvWwqUZZbWa66I,2336,38.42146004855145,0.0,0.029600408215963547,0.0
uHvWwqUZZbWa66I,2337,38.421457601035726,0.0,0.029600286212706273,0.0
uHvWwqUZZbWa66I,2338,38.42145524665226,0.0,0.02960016886606187,0.0
uHvWwqUZZbWa66I,2339,38.42145299285163,0.0,0.029600056176030343,0.0
uHvWwqUZZbWa66I,2340,38.42145082473267,0.0,0.029599948142611687,0.0
uHvWwqUZZbWa66I,2341,38.42144874602069,0.0,0.029599844765805905,0.0
uHvWwqUZZbWa66I,2342,38.42144676044096,0.0,0.02959974511429042,0.0
uHvWwqUZZbWa66I,2343,38.421444838191164,0.0,0.02959965011938781,0.0
uHvWwqUZZbWa66I,2344,38.42144300534834,0.0,0.029599557918452923,0.0
uHvWwqUZZbWa66I,2345,38.421441250736606,0.0,0.02959947037413091,0.0
uHvWwqUZZbWa66I,2346,38.42143954455365,0.0,0.02959938562377662,0.0
uHvWwqUZZbWa66I,2347,38.42143792777766,0.0,0.029599304365881984,0.0
uHvWwqUZZbWa66I,2348,38.421436374331606,0.0,0.029599226134785717,0.0
uHvWwqUZZbWa66I,2349,38.421434880490196,0.0,0.029599151628979747,0.0
uHvWwqUZZbWa66I,2350,38.42143344997872,0.0,0.029599079917141502,0.0
uHvWwqUZZbWa66I,2351,38.42143207162131,0.0,0.02959901099927098,0.0
uHvWwqUZZbWa66I,2352,38.421430745417965,0.0,0.029598944875368183,0.0
uHvWwqUZZbWa66I,2353,38.42142947881926,0.0,0.02959888154543311,0.0
uHvWwqUZZbWa66I,2354,38.421428245748174,0.0,0.029598820078143184,0.0
uHvWwqUZZbWa66I,2355,38.42142706483115,0.0,0.029598762336143558,0.0
uHvWwqUZZbWa66I,2356,38.42142593606819,0.0,0.029598705525466507,0.0
uHvWwqUZZbWa66I,2357,38.42142486318458,0.0,0.02959865150875718,0.0
uHvWwqUZZbWa66I,2358,38.42142382382859,0.0,0.029598600286015575,0.0
uHvWwqUZZbWa66I,2359,38.42142282917608,0.0,0.029598549994596546,0.0
uHvWwqUZZbWa66I,2360,38.421421875501764,0.0,0.02959850249714524,0.0
uHvWwqUZZbWa66I,2361,38.42142096653093,0.0,0.029598456862339084,0.0
uHvWwqUZZbWa66I,2362,38.42142009108771,0.0,0.029598413090178077,0.0
uHvWwqUZZbWa66I,2363,38.42141923799623,0.0,0.029598370249339645,0.0
uHvWwqUZZbWa66I,2364,38.42141842588295,0.0,0.029598330202468937,0.0
uHvWwqUZZbWa66I,2365,38.421417651022566,0.0,0.029598291086920803,0.0
uHvWwqUZZbWa66I,2366,38.421416902239216,0.0,0.029598253834017818,0.0
uHvWwqUZZbWa66I,2367,38.42141618698348,0.0,0.029598218443759983,0.0
uHvWwqUZZbWa66I,2368,38.42141549407948,0.0,0.029598183984824722,0.0
uHvWwqUZZbWa66I,2369,38.4214148347031,0.0,0.029598150457212036,0.0
uHvWwqUZZbWa66I,2370,38.42141419022788,0.0,0.0295981187922445,0.0
uHvWwqUZZbWa66I,2371,38.42141357928027,0.0,0.029598087825768893,0.0
uHvWwqUZZbWa66I,2372,38.42141299813498,0.0,0.029598058489107792,0.0
uHvWwqUZZbWa66I,2373,38.42141243561615,0.0,0.029598030549430554,0.0
uHvWwqUZZbWa66I,2374,38.421411895449054,0.0,0.02959800354107589,0.0
uHvWwqUZZbWa66I,2375,38.42141138135899,0.0,0.0295979774640438,0.0
uHvWwqUZZbWa66I,2376,38.4214108784448,0.0,0.029597952318334286,0.0
uHvWwqUZZbWa66I,2377,38.421410397882354,0.0,0.02959792903526992,0.0
uHvWwqUZZbWa66I,2378,38.42140994339694,0.0,0.029597905752205556,0.0
uHvWwqUZZbWa66I,2379,38.42140950381268,0.0,0.02959788433178634,0.0
uHvWwqUZZbWa66I,2380,38.42140908285488,0.0,0.029597862911367123,0.0
uHvWwqUZZbWa66I,2381,38.42140868052353,0.0,0.02959784242227048,0.0
uHvWwqUZZbWa66I,2382,38.421408293093336,0.0,0.029597822864496415,0.0
uHvWwqUZZbWa66I,2383,38.421407916839016,0.0,0.029597804238044922,0.0
uHvWwqUZZbWa66I,2384,38.42140756293644,0.0,0.029597786542916005,0.0
uHvWwqUZZbWa66I,2385,38.42140722020973,0.0,0.02959776977910966,0.0
uHvWwqUZZbWa66I,2386,38.421406892384184,0.0,0.02959775301530332,0.0
uHvWwqUZZbWa66I,2387,38.42140657573451,0.0,0.02959773718281955,0.0
uHvWwqUZZbWa66I,2388,38.42140626653541,0.0,0.029597722281658356,0.0
uHvWwqUZZbWa66I,2389,38.42140597596277,0.0,0.029597707380497162,0.0
uHvWwqUZZbWa66I,2390,38.42140569284071,0.0,0.029597693410658543,0.0
uHvWwqUZZbWa66I,2391,38.421405417169225,0.0,0.0295976803721425,0.0
uHvWwqUZZbWa66I,2392,38.421405160124195,0.0,0.029597667333626454,0.0
uHvWwqUZZbWa66I,2393,38.421404910529745,0.0,0.02959765429511041,0.0
uHvWwqUZZbWa66I,2394,38.421404672111166,0.0,0.029597643119239514,0.0
uHvWwqUZZbWa66I,2395,38.42140444486846,0.0,0.029597631012046044,0.0
uHvWwqUZZbWa66I,2396,38.42140422135104,0.0,0.02959761983617515,0.0
uHvWwqUZZbWa66I,2397,38.42140401273478,0.0,0.029597609591626828,0.0
uHvWwqUZZbWa66I,2398,38.42140381156911,0.0,0.029597599347078507,0.0
uHvWwqUZZbWa66I,2399,38.42140361785401,0.0,0.02959759003385276,0.0
uHvWwqUZZbWa66I,2400,38.421403431589496,0.0,0.029597580720627015,0.0
uHvWwqUZZbWa66I,2401,38.42140324905027,0.0,0.02959757140740127,0.0
uHvWwqUZZbWa66I,2402,38.42140307768692,0.0,0.029597563025498097,0.0
uHvWwqUZZbWa66I,2403,38.421402913774145,0.0,0.029597554643594925,0.0
uHvWwqUZZbWa66I,2404,38.42140275358666,0.0,0.02959754719301433,0.0
uHvWwqUZZbWa66I,2405,38.42140260457505,0.0,0.02959753974243373,0.0
uHvWwqUZZbWa66I,2406,38.42140245928873,0.0,0.029597532291853135,0.0
uHvWwqUZZbWa66I,2407,38.4214023177277,0.0,0.029597524841272538,0.0
uHvWwqUZZbWa66I,2408,38.421402183617246,0.0,0.029597518322014515,0.0
uHvWwqUZZbWa66I,2409,38.421402049506796,0.0,0.029597511802756493,0.0
uHvWwqUZZbWa66I,2410,38.421401926572216,0.0,0.02959750528349847,0.0
uHvWwqUZZbWa66I,2411,38.421401807362926,0.0,0.029597499695563023,0.0
uHvWwqUZZbWa66I,2412,38.42140169560422,0.0,0.029597494107627575,0.0
uHvWwqUZZbWa66I,2413,38.42140158384551,0.0,0.029597488519692128,0.0
uHvWwqUZZbWa66I,2414,38.42140147953738,0.0,0.02959748293175668,0.0
uHvWwqUZZbWa66I,2415,38.42140137895454,0.0,0.029597478275143807,0.0
uHvWwqUZZbWa66I,2416,38.421401282096994,0.0,0.029597473618530934,0.0
uHvWwqUZZbWa66I,2417,38.42140118896474,0.0,0.02959746896191806,0.0
uHvWwqUZZbWa66I,2418,38.42140110328306,0.0,0.029597464305305188,0.0
uHvWwqUZZbWa66I,2419,38.42140101760138,0.0,0.029597459648692315,0.0
uHvWwqUZZbWa66I,2420,38.421400935644996,0.0,0.029597455923402016,0.0
uHvWwqUZZbWa66I,2421,38.42140085368861,0.0,0.029597452198111718,0.0
uHvWwqUZZbWa66I,2422,38.421400779182804,0.0,0.02959744847282142,0.0
uHvWwqUZZbWa66I,2423,38.42140070840229,0.0,0.02959744474753112,0.0
uHvWwqUZZbWa66I,2424,38.42140063762177,0.0,0.029597441022240822,0.0
uHvWwqUZZbWa66I,2425,38.42140057056655,0.0,0.029597437296950524,0.0
uHvWwqUZZbWa66I,2426,38.42140050723661,0.0,0.0295974345029828,0.0
uHvWwqUZZbWa66I,2427,38.42140044390668,0.0,0.0295974307776925,0.0
uHvWwqUZZbWa66I,2428,38.42140038430203,0.0,0.029597427983724778,0.0
uHvWwqUZZbWa66I,2429,38.42140032469739,0.0,0.029597425189757054,0.0
uHvWwqUZZbWa66I,2430,38.42140027254332,0.0,0.02959742239578933,0.0
uHvWwqUZZbWa66I,2431,38.42140021666397,0.0,0.029597419601821606,0.0
uHvWwqUZZbWa66I,2432,38.421400168235195,0.0,0.029597417739176457,0.0
uHvWwqUZZbWa66I,2433,38.42140011980642,0.0,0.029597414945208733,0.0
uHvWwqUZZbWa66I,2434,38.42140007510294,0.0,0.029597413082563584,0.0
uHvWwqUZZbWa66I,2435,38.421400030399454,0.0,0.02959741028859586,0.0
uHvWwqUZZbWa66I,2436,38.42139998569597,0.0,0.02959740842595071,0.0
uHvWwqUZZbWa66I,2437,38.42139994471778,0.0,0.02959740656330556,0.0
uHvWwqUZZbWa66I,2438,38.421399907464874,0.0,0.029597404700660412,0.0
uHvWwqUZZbWa66I,2439,38.42139987021197,0.0,0.029597402838015263,0.0
uHvWwqUZZbWa66I,2440,38.42139983295907,0.0,0.029597400975370114,0.0
uHvWwqUZZbWa66I,2441,38.421399799431455,0.0,0.029597399112724965,0.0
uHvWwqUZZbWa66I,2442,38.42139976590384,0.0,0.029597397250079815,0.0
uHvWwqUZZbWa66I,2443,38.42139973237623,0.0,0.029597395387434666,0.0
uHvWwqUZZbWa66I,2444,38.42139969884862,0.0,0.02959739445611209,0.0
uHvWwqUZZbWa66I,2445,38.421399669046295,0.0,0.029597392593466942,0.0
uHvWwqUZZbWa66I,2446,38.42139963924397,0.0,0.029597390730821793,0.0
uHvWwqUZZbWa66I,2447,38.42139961316694,0.0,0.02959738979949922,0.0
uHvWwqUZZbWa66I,2448,38.42139958708991,0.0,0.029597388868176644,0.0
uHvWwqUZZbWa66I,2449,38.421399561012876,0.0,0.029597387005531495,0.0
uHvWwqUZZbWa66I,2450,38.421399538661134,0.0,0.02959738607420892,0.0
uHvWwqUZZbWa66I,2451,38.4213995125841,0.0,0.029597385142886345,0.0
uHvWwqUZZbWa66I,2452,38.42139949023236,0.0,0.029597383280241196,0.0
uHvWwqUZZbWa66I,2453,38.42139946788062,0.0,0.02959738234891862,0.0
uHvWwqUZZbWa66I,2454,38.42139944552888,0.0,0.029597381417596047,0.0
uHvWwqUZZbWa66I,2455,38.421399426902425,0.0,0.029597380486273472,0.0
uHvWwqUZZbWa66I,2456,38.421399408275974,0.0,0.029597379554950898,0.0
uHvWwqUZZbWa66I,2457,38.42139938964952,0.0,0.029597378623628323,0.0
uHvWwqUZZbWa66I,2458,38.42139937102307,0.0,0.02959737769230575,0.0
uHvWwqUZZbWa66I,2459,38.42139935612191,0.0,0.029597376760983174,0.0
uHvWwqUZZbWa66I,2460,38.42139934122075,0.0,0.0295973758296606,0.0
uHvWwqUZZbWa66I,2461,38.4213993225943,0.0,0.0295973758296606,0.0
uHvWwqUZZbWa66I,2462,38.421399307693136,0.0,0.029597374898338025,0.0
uHvWwqUZZbWa66I,2463,38.421399296517265,0.0,0.02959737396701545,0.0
uHvWwqUZZbWa66I,2464,38.421399281616104,0.0,0.029597373035692875,0.0
uHvWwqUZZbWa66I,2465,38.42139927044023,0.0,0.029597373035692875,0.0
uHvWwqUZZbWa66I,2466,38.42139925553907,0.0,0.0295973721043703,0.0
uHvWwqUZZbWa66I,2467,38.4213992443632,0.0,0.029597371173047726,0.0
uHvWwqUZZbWa66I,2468,38.42139923318733,0.0,0.029597371173047726,0.0
uHvWwqUZZbWa66I,2469,38.42139922201146,0.0,0.02959737024172515,0.0
uHvWwqUZZbWa66I,2470,38.42139921083559,0.0,0.029597369310402577,0.0
uHvWwqUZZbWa66I,2471,38.42139919965972,0.0,0.029597369310402577,0.0
uHvWwqUZZbWa66I,2472,38.42139919220914,0.0,0.029597368379080002,0.0
uHvWwqUZZbWa66I,2473,38.421399181033266,0.0,0.029597368379080002,0.0
uHvWwqUZZbWa66I,2474,38.421399173582685,0.0,0.029597367447757428,0.0
uHvWwqUZZbWa66I,2475,38.421399162406814,0.0,0.029597367447757428,0.0
uHvWwqUZZbWa66I,2476,38.421399154956234,0.0,0.029597366516434853,0.0
uHvWwqUZZbWa66I,2477,38.42139914750565,0.0,0.029597366516434853,0.0
uHvWwqUZZbWa66I,2478,38.42139914005507,0.0,0.029597366516434853,0.0
uHvWwqUZZbWa66I,2479,38.42139913260449,0.0,0.02959736558511228,0.0
uHvWwqUZZbWa66I,2480,38.42139912515391,0.0,0.02959736558511228,0.0
uHvWwqUZZbWa66I,2481,38.42139911770333,0.0,0.029597364653789704,0.0
uHvWwqUZZbWa66I,2482,38.42139911025275,0.0,0.029597364653789704,0.0
uHvWwqUZZbWa66I,2483,38.42139910652746,0.0,0.029597364653789704,0.0
uHvWwqUZZbWa66I,2484,38.42139909907688,0.0,0.02959736372246713,0.0
uHvWwqUZZbWa66I,2485,38.42139909535159,0.0,0.02959736372246713,0.0
uHvWwqUZZbWa66I,2486,38.42139908790101,0.0,0.02959736372246713,0.0
uHvWwqUZZbWa66I,2487,38.42139908417572,0.0,0.02959736372246713,0.0
uHvWwqUZZbWa66I,2488,38.42139907672514,0.0,0.029597362791144555,0.0
uHvWwqUZZbWa66I,2489,38.42139907299985,0.0,0.029597362791144555,0.0
uHvWwqUZZbWa66I,2490,38.42139906927456,0.0,0.029597362791144555,0.0
uHvWwqUZZbWa66I,2491,38.421399061823976,0.0,0.029597362791144555,0.0
uHvWwqUZZbWa66I,2492,38.421399058098686,0.0,0.02959736185982198,0.0
uHvWwqUZZbWa66I,2493,38.421399054373396,0.0,0.02959736185982198,0.0
uHvWwqUZZbWa66I,2494,38.421399050648105,0.0,0.02959736185982198,0.0
uHvWwqUZZbWa66I,2495,38.421399046922815,0.0,0.02959736185982198,0.0
uHvWwqUZZbWa66I,2496,38.421399043197525,0.0,0.029597360928499405,0.0
uHvWwqUZZbWa66I,2497,38.421399039472234,0.0,0.029597360928499405,0.0
uHvWwqUZZbWa66I,2498,38.421399035746944,0.0,0.029597360928499405,0.0
uHvWwqUZZbWa66I,2499,38.421399032021654,0.0,0.029597360928499405,0.0
uHvWwqUZZbWa66I,2500,38.421399032021654,0.0,0.029597360928499405,0.0
uHvWwqUZZbWa66I,2501,38.421399028296364,0.0,0.029597360928499405,0.0
uHvWwqUZZbWa66I,2502,38.42139902457107,0.0,0.02959735999717683,0.0
uHvWwqUZZbWa66I,2503,38.42139902084578,0.0,0.02959735999717683,0.0
uHvWwqUZZbWa66I,2504,38.42139901712049,0.0,0.02959735999717683,0.0
uHvWwqUZZbWa66I,2505,38.42139901712049,0.0,0.02959735999717683,0.0
uHvWwqUZZbWa66I,2506,38.4213990133952,0.0,0.02959735999717683,0.0
uHvWwqUZZbWa66I,2507,38.4213990133952,0.0,0.02959735999717683,0.0
uHvWwqUZZbWa66I,2508,38.42139900966991,0.0,0.02959735999717683,0.0
uHvWwqUZZbWa66I,2509,38.42139900594462,0.0,0.029597359065854256,0.0
uHvWwqUZZbWa66I,2510,38.42139900594462,0.0,0.029597359065854256,0.0
uHvWwqUZZbWa66I,2511,38.42139900221933,0.0,0.029597359065854256,0.0
uHvWwqUZZbWa66I,2512,38.42139900221933,0.0,0.029597359065854256,0.0
uHvWwqUZZbWa66I,2513,38.42139899849404,0.0,0.029597359065854256,0.0
uHvWwqUZZbWa66I,2514,38.42139899849404,0.0,0.029597359065854256,0.0
uHvWwqUZZbWa66I,2515,38.42139899476875,0.0,0.029597359065854256,0.0
uHvWwqUZZbWa66I,2516,38.42139899476875,0.0,0.029597359065854256,0.0
uHvWwqUZZbWa66I,2517,38.42139899104346,0.0,0.029597359065854256,0.0
uHvWwqUZZbWa66I,2518,38.42139899104346,0.0,0.029597359065854256,0.0
uHvWwqUZZbWa66I,2519,38.42139899104346,0.0,0.029597359065854256,0.0
uHvWwqUZZbWa66I,2520,38.42139898731817,0.0,0.02959735813453168,0.0
uHvWwqUZZbWa66I,2521,38.42139898731817,0.0,0.02959735813453168,0.0
uHvWwqUZZbWa66I,2522,38.42139898731817,0.0,0.02959735813453168,0.0
uHvWwqUZZbWa66I,2523,38.42139898359288,0.0,0.02959735813453168,0.0
uHvWwqUZZbWa66I,2524,38.42139898359288,0.0,0.02959735813453168,0.0
uHvWwqUZZbWa66I,2525,38.42139898359288,0.0,0.02959735813453168,0.0
uHvWwqUZZbWa66I,2526,38.42139897986759,0.0,0.02959735813453168,0.0
uHvWwqUZZbWa66I,2527,38.42139897986759,0.0,0.02959735813453168,0.0
uHvWwqUZZbWa66I,2528,38.42139897986759,0.0,0.02959735813453168,0.0
uHvWwqUZZbWa66I,2529,38.42139897986759,0.0,0.02959735813453168,0.0
uHvWwqUZZbWa66I,2530,38.4213989761423,0.0,0.02959735813453168,0.0
uHvWwqUZZbWa66I,2531,38.4213989761423,0.0,0.02959735813453168,0.0
uHvWwqUZZbWa66I,2532,38.4213989761423,0.0,0.02959735813453168,0.0
uHvWwqUZZbWa66I,2533,38.4213989761423,0.0,0.02959735813453168,0.0
uHvWwqUZZbWa66I,2534,38.42139897241701,0.0,0.02959735813453168,0.0
uHvWwqUZZbWa66I,2535,38.42139897241701,0.0,0.02959735813453168,0.0
uHvWwqUZZbWa66I,2536,38.42139897241701,0.0,0.02959735813453168,0.0
uHvWwqUZZbWa66I,2537,38.42139897241701,0.0,0.02959735813453168,0.0
uHvWwqUZZbWa66I,2538,38.42139897241701,0.0,0.02959735813453168,0.0
uHvWwqUZZbWa66I,2539,38.42139896869172,0.0,0.029597357203209107,0.0
uHvWwqUZZbWa66I,2540,38.42139896869172,0.0,0.029597357203209107,0.0
uHvWwqUZZbWa66I,2541,38.42139896869172,0.0,0.029597357203209107,0.0
uHvWwqUZZbWa66I,2542,38.42139896869172,0.0,0.029597357203209107,0.0
uHvWwqUZZbWa66I,2543,38.42139896869172,0.0,0.029597357203209107,0.0
uHvWwqUZZbWa66I,2544,38.42139896869172,0.0,0.029597357203209107,0.0
uHvWwqUZZbWa66I,2545,38.42139896869172,0.0,0.029597357203209107,0.0
uHvWwqUZZbWa66I,2546,38.42139896496643,0.0,0.029597357203209107,0.0
uHvWwqUZZbWa66I,2547,38.42139896496643,0.0,0.029597357203209107,0.0
uHvWwqUZZbWa66I,2548,38.42139896496643,0.0,0.029597357203209107,0.0
uHvWwqUZZbWa66I,2549,38.42139896496643,0.0,0.029597357203209107,0.0
uHvWwqUZZbWa66I,2550,38.42139896496643,0.0,0.029597357203209107,0.0
uHvWwqUZZbWa66I,2551,38.42139896496643,0.0,0.029597357203209107,0.0
uHvWwqUZZbWa66I,2552,38.42139896496643,0.0,0.029597357203209107,0.0
uHvWwqUZZbWa66I,2553,38.42139896496643,0.0,0.029597357203209107,0.0
uHvWwqUZZbWa66I,2554,38.42139896496643,0.0,0.029597357203209107,0.0
uHvWwqUZZbWa66I,2555,38.42139896496643,0.0,0.029597357203209107,0.0
uHvWwqUZZbWa66I,2556,38.42139896124114,0.0,0.029597357203209107,0.0
uHvWwqUZZbWa66I,2557,38.42139896124114,0.0,0.029597357203209107,0.0
uHvWwqUZZbWa66I,2558,38.42139896124114,0.0,0.029597357203209107,0.0
uHvWwqUZZbWa66I,2559,38.42139896124114,0.0,0.029597357203209107,0.0
uHvWwqUZZbWa66I,2560,38.42139896124114,0.0,0.029597357203209107,0.0
uHvWwqUZZbWa66I,2561,38.42139896124114,0.0,0.029597357203209107,0.0
uHvWwqUZZbWa66I,2562,38.42139896124114,0.0,0.029597357203209107,0.0
uHvWwqUZZbWa66I,2563,38.42139896124114,0.0,0.029597357203209107,0.0
uHvWwqUZZbWa66I,2564,38.42139896124114,0.0,0.029597357203209107,0.0
uHvWwqUZZbWa66I,2565,38.42139896124114,0.0,0.029597357203209107,0.0
uHvWwqUZZbWa66I,2566,38.42139896124114,0.0,0.029597357203209107,0.0
uHvWwqUZZbWa66I,2567,38.42139896124114,0.0,0.029597357203209107,0.0
uHvWwqUZZbWa66I,2568,38.42139896124114,0.0,0.029597357203209107,0.0
uHvWwqUZZbWa66I,2569,38.42139896124114,0.0,0.029597357203209107,0.0
uHvWwqUZZbWa66I,2570,38.42139896124114,0.0,0.029597357203209107,0.0
uHvWwqUZZbWa66I,2571,38.42139895751585,0.0,0.029597357203209107,0.0
uHvWwqUZZbWa66I,2572,38.42139895751585,0.0,0.029597357203209107,0.0
uHvWwqUZZbWa66I,2573,38.42139895751585,0.0,0.029597357203209107,0.0
uHvWwqUZZbWa66I,2574,38.42139895751585,0.0,0.029597357203209107,0.0
uHvWwqUZZbWa66I,2575,38.42139895751585,0.0,0.029597357203209107,0.0
uHvWwqUZZbWa66I,2576,38.42139895751585,0.0,0.029597357203209107,0.0
uHvWwqUZZbWa66I,2577,38.42139895751585,0.0,0.029597357203209107,0.0
uHvWwqUZZbWa66I,2578,38.42139895751585,0.0,0.029597357203209107,0.0
uHvWwqUZZbWa66I,2579,38.42139895751585,0.0,0.029597357203209107,0.0
uHvWwqUZZbWa66I,2580,38.42139895751585,0.0,0.029597357203209107,0.0
uHvWwqUZZbWa66I,2581,38.42139895751585,0.0,0.029597357203209107,0.0
uHvWwqUZZbWa66I,2582,38.42139895751585,0.0,0.029597357203209107,0.0
uHvWwqUZZbWa66I,2583,38.42139895751585,0.0,0.029597357203209107,0.0
uHvWwqUZZbWa66I,2584,38.42139895751585,0.0,0.029597357203209107,0.0
uHvWwqUZZbWa66I,2585,38.42139895751585,0.0,0.029597357203209107,0.0
uHvWwqUZZbWa66I,2586,38.42139895751585,0.0,0.029597357203209107,0.0
uHvWwqUZZbWa66I,2587,38.42139895751585,0.0,0.029597357203209107,0.0
uHvWwqUZZbWa66I,2588,38.42139895751585,0.0,0.029597357203209107,0.0
uHvWwqUZZbWa66I,2589,38.42139895751585,0.0,0.029597357203209107,0.0
uHvWwqUZZbWa66I,2590,38.42139895751585,0.0,0.029597357203209107,0.0
uHvWwqUZZbWa66I,2591,38.42139895751585,0.0,0.029597357203209107,0.0
uHvWwqUZZbWa66I,2592,38.42139895751585,0.0,0.029597357203209107,0.0
uHvWwqUZZbWa66I,2593,38.42139895751585,0.0,0.029597357203209107,0.0
uHvWwqUZZbWa66I,2594,38.42139895751585,0.0,0.029597357203209107,0.0
uHvWwqUZZbWa66I,2595,38.42139895751585,0.0,0.029597357203209107,0.0
uHvWwqUZZbWa66I,2596,38.42139895751585,0.0,0.029597357203209107,0.0
uHvWwqUZZbWa66I,2597,38.42139895751585,0.0,0.029597357203209107,0.0
uHvWwqUZZbWa66I,2598,38.42139895751585,0.0,0.029597357203209107,0.0
uHvWwqUZZbWa66I,2599,38.42139895751585,0.0,0.029597357203209107,0.0
uHvWwqUZZbWa66I,2600,38.42139895751585,0.0,0.029597357203209107,0.0
uHvWwqUZZbWa66I,2601,38.42139895751585,0.0,0.029597357203209107,0.0
uHvWwqUZZbWa66I,2602,38.42139895751585,0.0,0.029597357203209107,0.0
uHvWwqUZZbWa66I,2603,38.42139895751585,0.0,0.029597357203209107,0.0
uHvWwqUZZbWa66I,2604,38.42139895751585,0.0,0.029597357203209107,0.0
uHvWwqUZZbWa66I,2605,38.42139895751585,0.0,0.029597357203209107,0.0
uHvWwqUZZbWa66I,2606,38.42139895751585,0.0,0.029597357203209107,0.0
uHvWwqUZZbWa66I,2607,38.42139895751585,0.0,0.029597357203209107,0.0
uHvWwqUZZbWa66I,2608,38.42139895751585,0.0,0.029597357203209107,0.0
uHvWwqUZZbWa66I,2609,38.42139895751585,0.0,0.029597357203209107,0.0
uHvWwqUZZbWa66I,2610,38.42139895751585,0.0,0.029597357203209107,0.0
uHvWwqUZZbWa66I,2611,38.42139895751585,0.0,0.029597357203209107,0.0
uHvWwqUZZbWa66I,2612,38.42139895751585,0.0,0.029597357203209107,0.0
uHvWwqUZZbWa66I,2613,38.42139895751585,0.0,0.029597357203209107,0.0
uHvWwqUZZbWa66I,2614,38.42139895751585,0.0,0.029597357203209107,0.0
uHvWwqUZZbWa66I,2615,38.42139895751585,0.0,0.029597357203209107,0.0
uHvWwqUZZbWa66I,2616,38.42139895751585,0.0,0.029597357203209107,0.0
uHvWwqUZZbWa66I,2617,38.42139895751585,0.0,0.029597357203209107,0.0
uHvWwqUZZbWa66I,2618,38.42139895751585,0.0,0.029597357203209107,0.0
uHvWwqUZZbWa66I,2619,38.42139895751585,0.0,0.029597357203209107,0.0
uHvWwqUZZbWa66I,2620,38.42139895751585,0.0,0.029597357203209107,0.0
uHvWwqUZZbWa66I,2621,38.42139895751585,0.0,0.029597357203209107,0.0
uHvWwqUZZbWa66I,2622,38.42139895751585,0.0,0.029597357203209107,0.0
uHvWwqUZZbWa66I,2623,38.42139895751585,0.0,0.029597357203209107,0.0
uHvWwqUZZbWa66I,2624,38.42139895751585,0.0,0.029597357203209107,0.0
uHvWwqUZZbWa66I,2625,38.42139895379056,0.0,0.029597357203209107,0.0
uHvWwqUZZbWa66I,2626,38.42139895379056,0.0,0.029597357203209107,0.0
uHvWwqUZZbWa66I,2627,38.42139895379056,0.0,0.029597357203209107,0.0
uHvWwqUZZbWa66I,2628,38.42139895379056,0.0,0.029597357203209107,0.0
uHvWwqUZZbWa66I,2629,38.42139895379056,0.0,0.029597357203209107,0.0
uHvWwqUZZbWa66I,2630,38.42139895379056,0.0,0.029597357203209107,0.0
uHvWwqUZZbWa66I,2631,38.42139895379056,0.0,0.029597357203209107,0.0
uHvWwqUZZbWa66I,2632,38.42139895379056,0.0,0.029597357203209107,0.0
uHvWwqUZZbWa66I,2633,38.42139895379056,0.0,0.029597357203209107,0.0
uHvWwqUZZbWa66I,2634,38.42139895379056,0.0,0.029597357203209107,0.0
uHvWwqUZZbWa66I,2635,38.42139895379056,0.0,0.029597357203209107,0.0
uHvWwqUZZbWa66I,2636,38.42139895379056,0.0,0.029597357203209107,0.0
uHvWwqUZZbWa66I,2637,38.42139895379056,0.0,0.029597357203209107,0.0
uHvWwqUZZbWa66I,2638,38.42139895379056,0.0,0.029597357203209107,0.0
uHvWwqUZZbWa66I,2639,38.42139895379056,0.0,0.029597357203209107,0.0
uHvWwqUZZbWa66I,2640,38.42139895379056,0.0,0.029597357203209107,0.0
uHvWwqUZZbWa66I,2641,38.42139895379056,0.0,0.029597357203209107,0.0
uHvWwqUZZbWa66I,2642,38.42139895379056,0.0,0.029597357203209107,0.0
uHvWwqUZZbWa66I,2643,38.42139895379056,0.0,0.029597357203209107,0.0
uHvWwqUZZbWa66I,2644,38.42139895379056,0.0,0.029597357203209107,0.0
uHvWwqUZZbWa66I,2645,38.42139895379056,0.0,0.029597357203209107,0.0
uHvWwqUZZbWa66I,2646,38.42139895379056,0.0,0.029597357203209107,0.0
uHvWwqUZZbWa66I,2647,38.42139895379056,0.0,0.029597357203209107,0.0
uHvWwqUZZbWa66I,2648,38.42139895379056,0.0,0.029597357203209107,0.0
uHvWwqUZZbWa66I,2649,38.42139895379056,0.0,0.029597357203209107,0.0
uHvWwqUZZbWa66I,2650,38.42139895379056,0.0,0.029597357203209107,0.0
uHvWwqUZZbWa66I,2651,38.42139895379056,0.0,0.029597357203209107,0.0
uHvWwqUZZbWa66I,2652,38.42139895379056,0.0,0.029597357203209107,0.0
uHvWwqUZZbWa66I,2653,38.42139895379056,0.0,0.029597357203209107,0.0
uHvWwqUZZbWa66I,2654,38.42139895379056,0.0,0.029597357203209107,0.0
uHvWwqUZZbWa66I,2655,38.42139895379056,0.0,0.029597357203209107,0.0
uHvWwqUZZbWa66I,2656,38.42139895379056,0.0,0.029597357203209107,0.0
uHvWwqUZZbWa66I,2657,38.42139895379056,0.0,0.029597357203209107,0.0
uHvWwqUZZbWa66I,2658,38.42139895379056,0.0,0.029597357203209107,0.0
uHvWwqUZZbWa66I,2659,38.42139895379056,0.0,0.029597357203209107,0.0
uHvWwqUZZbWa66I,2660,38.42139895379056,0.0,0.029597357203209107,0.0
uHvWwqUZZbWa66I,2661,38.42139895379056,0.0,0.029597357203209107,0.0
uHvWwqUZZbWa66I,2662,38.42139895379056,0.0,0.029597357203209107,0.0
uHvWwqUZZbWa66I,2663,38.42139895379056,0.0,0.029597357203209107,0.0
uHvWwqUZZbWa66I,2664,38.42139895379056,0.0,0.029597357203209107,0.0
uHvWwqUZZbWa66I,2665,38.42139895379056,0.0,0.029597357203209107,0.0
uHvWwqUZZbWa66I,2666,38.42139895379056,0.0,0.029597357203209107,0.0
uHvWwqUZZbWa66I,2667,38.42139895379056,0.0,0.029597357203209107,0.0
uHvWwqUZZbWa66I,2668,38.42139895379056,0.0,0.029597357203209107,0.0
uHvWwqUZZbWa66I,2669,38.42139895379056,0.0,0.029597357203209107,0.0
uHvWwqUZZbWa66I,2670,38.42139895379056,0.0,0.029597357203209107,0.0
uHvWwqUZZbWa66I,2671,38.42139895379056,0.0,0.029597357203209107,0.0
uHvWwqUZZbWa66I,2672,38.42139895379056,0.0,0.029597357203209107,0.0
uHvWwqUZZbWa66I,2673,38.42139895379056,0.0,0.029597357203209107,0.0
uHvWwqUZZbWa66I,2674,38.42139895379056,0.0,0.029597357203209107,0.0
uHvWwqUZZbWa66I,2675,38.42139895379056,0.0,0.029597357203209107,0.0
uHvWwqUZZbWa66I,2676,38.42139895379056,0.0,0.029597357203209107,0.0
uHvWwqUZZbWa66I,2677,38.42139895379056,0.0,0.029597357203209107,0.0
uHvWwqUZZbWa66I,2678,38.42139895379056,0.0,0.029597357203209107,0.0
uHvWwqUZZbWa66I,2679,38.42139895379056,0.0,0.029597357203209107,0.0
uHvWwqUZZbWa66I,2680,38.42139895379056,0.0,0.029597357203209107,0.0
uHvWwqUZZbWa66I,2681,38.42139895379056,0.0,0.029597357203209107,0.0
uHvWwqUZZbWa66I,2682,38.42139895379056,0.0,0.029597357203209107,0.0
uHvWwqUZZbWa66I,2683,38.42139895379056,0.0,0.029597357203209107,0.0
uHvWwqUZZbWa66I,2684,38.42139895379056,0.0,0.029597357203209107,0.0
uHvWwqUZZbWa66I,2685,38.42139895379056,0.0,0.029597357203209107,0.0
uHvWwqUZZbWa66I,2686,38.42139895379056,0.0,0.029597357203209107,0.0
uHvWwqUZZbWa66I,2687,38.42139895379056,0.0,0.029597357203209107,0.0
uHvWwqUZZbWa66I,2688,38.42139895379056,0.0,0.029597357203209107,0.0
uHvWwqUZZbWa66I,2689,38.42139895379056,0.0,0.029597357203209107,0.0
uHvWwqUZZbWa66I,2690,38.42139895379056,0.0,0.029597357203209107,0.0
uHvWwqUZZbWa66I,2691,38.42139895379056,0.0,0.029597357203209107,0.0
uHvWwqUZZbWa66I,2692,38.42139895379056,0.0,0.029597357203209107,0.0
uHvWwqUZZbWa66I,2693,38.42139895379056,0.0,0.029597357203209107,0.0
uHvWwqUZZbWa66I,2694,38.42139895379056,0.0,0.029597357203209107,0.0
uHvWwqUZZbWa66I,2695,38.42139895379056,0.0,0.029597357203209107,0.0
uHvWwqUZZbWa66I,2696,38.42139895379056,0.0,0.029597357203209107,0.0
uHvWwqUZZbWa66I,2697,38.42139895379056,0.0,0.029597357203209107,0.0
uHvWwqUZZbWa66I,2698,38.42139895379056,0.0,0.029597357203209107,0.0
uHvWwqUZZbWa66I,2699,38.42139895379056,0.0,0.029597357203209107,0.0
uHvWwqUZZbWa66I,2700,38.42139895379056,0.0,0.029597357203209107,0.0
uHvWwqUZZbWa66I,2701,38.42139895379056,0.0,0.029597357203209107,0.0
uHvWwqUZZbWa66I,2702,38.42139895379056,0.0,0.029597357203209107,0.0
uHvWwqUZZbWa66I,2703,38.42139895379056,0.0,0.029597357203209107,0.0
uHvWwqUZZbWa66I,2704,38.42139895379056,0.0,0.029597357203209107,0.0
uHvWwqUZZbWa66I,2705,38.42139895379056,0.0,0.029597357203209107,0.0
uHvWwqUZZbWa66I,2706,38.42139895379056,0.0,0.029597357203209107,0.0
uHvWwqUZZbWa66I,2707,38.42139895379056,0.0,0.029597357203209107,0.0
uHvWwqUZZbWa66I,2708,38.42139895379056,0.0,0.029597357203209107,0.0
uHvWwqUZZbWa66I,2709,38.42139895379056,0.0,0.029597357203209107,0.0
uHvWwqUZZbWa66I,2710,38.42139895379056,0.0,0.029597357203209107,0.0
uHvWwqUZZbWa66I,2711,38.42139895379056,0.0,0.029597357203209107,0.0
uHvWwqUZZbWa66I,2712,38.42139895379056,0.0,0.029597357203209107,0.0
uHvWwqUZZbWa66I,2713,38.42139895379056,0.0,0.029597357203209107,0.0
uHvWwqUZZbWa66I,2714,38.42139895379056,0.0,0.029597357203209107,0.0
uHvWwqUZZbWa66I,2715,38.42139895379056,0.0,0.029597357203209107,0.0
uHvWwqUZZbWa66I,2716,38.42139895379056,0.0,0.029597357203209107,0.0
uHvWwqUZZbWa66I,2717,38.42139895379056,0.0,0.029597357203209107,0.0
uHvWwqUZZbWa66I,2718,38.42139895379056,0.0,0.029597357203209107,0.0
uHvWwqUZZbWa66I,2719,38.42139895379056,0.0,0.029597357203209107,0.0
uHvWwqUZZbWa66I,2720,38.42139895379056,0.0,0.029597357203209107,0.0
uHvWwqUZZbWa66I,2721,38.42139895379056,0.0,0.029597357203209107,0.0
uHvWwqUZZbWa66I,2722,38.42139895379056,0.0,0.029597357203209107,0.0
uHvWwqUZZbWa66I,2723,38.42139895379056,0.0,0.029597357203209107,0.0
uHvWwqUZZbWa66I,2724,38.42139895379056,0.0,0.029597357203209107,0.0
uHvWwqUZZbWa66I,2725,38.42139895379056,0.0,0.029597357203209107,0.0
uHvWwqUZZbWa66I,2726,38.42139895379056,0.0,0.029597357203209107,0.0
uHvWwqUZZbWa66I,2727,38.42139895379056,0.0,0.029597357203209107,0.0
uHvWwqUZZbWa66I,2728,38.42139895379056,0.0,0.029597357203209107,0.0
uHvWwqUZZbWa66I,2729,38.42139895379056,0.0,0.029597357203209107,0.0
uHvWwqUZZbWa66I,2730,38.42139895379056,0.0,0.029597357203209107,0.0
uHvWwqUZZbWa66I,2731,38.42139895379056,0.0,0.029597357203209107,0.0
uHvWwqUZZbWa66I,2732,38.42139895379056,0.0,0.029597357203209107,0.0
uHvWwqUZZbWa66I,2733,38.42139895379056,0.0,0.029597357203209107,0.0
uHvWwqUZZbWa66I,2734,38.42139895379056,0.0,0.029597357203209107,0.0
uHvWwqUZZbWa66I,2735,38.42139895379056,0.0,0.029597357203209107,0.0
uHvWwqUZZbWa66I,2736,38.42139895379056,0.0,0.029597357203209107,0.0
uHvWwqUZZbWa66I,2737,38.42139895379056,0.0,0.029597357203209107,0.0
uHvWwqUZZbWa66I,2738,38.42139895379056,0.0,0.029597357203209107,0.0
uHvWwqUZZbWa66I,2739,38.42139895379056,0.0,0.029597357203209107,0.0
uHvWwqUZZbWa66I,2740,38.42139895379056,0.0,0.029597357203209107,0.0
uHvWwqUZZbWa66I,2741,38.42139895379056,0.0,0.029597357203209107,0.0
uHvWwqUZZbWa66I,2742,38.42139895379056,0.0,0.029597357203209107,0.0
uHvWwqUZZbWa66I,2743,38.42139895379056,0.0,0.029597357203209107,0.0
uHvWwqUZZbWa66I,2744,38.42139895379056,0.0,0.029597357203209107,0.0
uHvWwqUZZbWa66I,2745,38.42139895379056,0.0,0.029597357203209107,0.0
uHvWwqUZZbWa66I,2746,38.42139895379056,0.0,0.029597357203209107,0.0
uHvWwqUZZbWa66I,2747,38.42139895379056,0.0,0.029597357203209107,0.0
uHvWwqUZZbWa66I,2748,38.42139895379056,0.0,0.029597357203209107,0.0
uHvWwqUZZbWa66I,2749,38.42139895379056,0.0,0.029597357203209107,0.0
uHvWwqUZZbWa66I,2750,38.42139895379056,0.0,0.029597357203209107,0.0
uHvWwqUZZbWa66I,2751,38.42139895379056,0.0,0.029597357203209107,0.0
uHvWwqUZZbWa66I,2752,38.42139895379056,0.0,0.029597357203209107,0.0
uHvWwqUZZbWa66I,2753,38.42139895379056,0.0,0.029597357203209107,0.0
uHvWwqUZZbWa66I,2754,38.42139895379056,0.0,0.029597357203209107,0.0
uHvWwqUZZbWa66I,2755,38.42139895379056,0.0,0.029597357203209107,0.0
uHvWwqUZZbWa66I,2756,38.42139895379056,0.0,0.029597357203209107,0.0
uHvWwqUZZbWa66I,2757,38.42139895379056,0.0,0.029597357203209107,0.0
uHvWwqUZZbWa66I,2758,38.42139895379056,0.0,0.029597357203209107,0.0
uHvWwqUZZbWa66I,2759,38.42139895379056,0.0,0.029597357203209107,0.0
uHvWwqUZZbWa66I,2760,38.42139895379056,0.0,0.029597357203209107,0.0
uHvWwqUZZbWa66I,2761,38.42139895379056,0.0,0.029597357203209107,0.0
uHvWwqUZZbWa66I,2762,38.42139895379056,0.0,0.029597357203209107,0.0
uHvWwqUZZbWa66I,2763,38.42139895379056,0.0,0.029597357203209107,0.0
uHvWwqUZZbWa66I,2764,38.42139895379056,0.0,0.029597357203209107,0.0
uHvWwqUZZbWa66I,2765,38.42139895379056,0.0,0.029597357203209107,0.0
uHvWwqUZZbWa66I,2766,38.42139895379056,0.0,0.029597357203209107,0.0
uHvWwqUZZbWa66I,2767,38.42139895379056,0.0,0.029597357203209107,0.0
uHvWwqUZZbWa66I,2768,38.42139895379056,0.0,0.029597357203209107,0.0
uHvWwqUZZbWa66I,2769,38.42139895379056,0.0,0.029597357203209107,0.0
uHvWwqUZZbWa66I,2770,38.42139895379056,0.0,0.029597357203209107,0.0
uHvWwqUZZbWa66I,2771,38.42139895379056,0.0,0.029597357203209107,0.0
uHvWwqUZZbWa66I,2772,38.42139895379056,0.0,0.029597357203209107,0.0
uHvWwqUZZbWa66I,2773,38.42139895379056,0.0,0.029597357203209107,0.0
uHvWwqUZZbWa66I,2774,38.42139895379056,0.0,0.029597357203209107,0.0
uHvWwqUZZbWa66I,2775,38.42139895379056,0.0,0.029597357203209107,0.0
uHvWwqUZZbWa66I,2776,38.42139895379056,0.0,0.029597357203209107,0.0
uHvWwqUZZbWa66I,2777,38.42139895379056,0.0,0.029597357203209107,0.0
uHvWwqUZZbWa66I,2778,38.42139895379056,0.0,0.029597357203209107,0.0
uHvWwqUZZbWa66I,2779,38.42139895379056,0.0,0.029597357203209107,0.0
uHvWwqUZZbWa66I,2780,38.42139895379056,0.0,0.029597357203209107,0.0
uHvWwqUZZbWa66I,2781,38.42139895379056,0.0,0.029597357203209107,0.0
uHvWwqUZZbWa66I,2782,38.42139895379056,0.0,0.029597357203209107,0.0
uHvWwqUZZbWa66I,2783,38.42139895379056,0.0,0.029597357203209107,0.0
uHvWwqUZZbWa66I,2784,38.42139895379056,0.0,0.029597357203209107,0.0
uHvWwqUZZbWa66I,2785,38.42139895379056,0.0,0.029597357203209107,0.0
uHvWwqUZZbWa66I,2786,38.42139895379056,0.0,0.029597357203209107,0.0
uHvWwqUZZbWa66I,2787,38.42139895379056,0.0,0.029597357203209107,0.0
uHvWwqUZZbWa66I,2788,38.42139895379056,0.0,0.029597357203209107,0.0
uHvWwqUZZbWa66I,2789,38.42139895379056,0.0,0.029597357203209107,0.0
uHvWwqUZZbWa66I,2790,38.42139895379056,0.0,0.029597357203209107,0.0
uHvWwqUZZbWa66I,2791,38.42139895379056,0.0,0.029597357203209107,0.0
uHvWwqUZZbWa66I,2792,38.42139895379056,0.0,0.029597357203209107,0.0
uHvWwqUZZbWa66I,2793,38.42139895379056,0.0,0.029597357203209107,0.0
uHvWwqUZZbWa66I,2794,38.42139895379056,0.0,0.029597357203209107,0.0
uHvWwqUZZbWa66I,2795,38.42139895379056,0.0,0.029597357203209107,0.0
uHvWwqUZZbWa66I,2796,38.42139895379056,0.0,0.029597357203209107,0.0
uHvWwqUZZbWa66I,2797,38.42139895379056,0.0,0.029597357203209107,0.0
uHvWwqUZZbWa66I,2798,38.42139895379056,0.0,0.029597357203209107,0.0
uHvWwqUZZbWa66I,2799,38.42139895379056,0.0,0.029597357203209107,0.0
uHvWwqUZZbWa66I,2800,38.42139895379056,0.0,0.029597357203209107,0.0
uHvWwqUZZbWa66I,2801,38.42139895379056,0.0,0.029597357203209107,0.0
uHvWwqUZZbWa66I,2802,38.42139895379056,0.0,0.029597357203209107,0.0
uHvWwqUZZbWa66I,2803,38.42139895379056,0.0,0.029597357203209107,0.0
uHvWwqUZZbWa66I,2804,38.42139895379056,0.0,0.029597357203209107,0.0
uHvWwqUZZbWa66I,2805,38.42139895379056,0.0,0.029597357203209107,0.0
uHvWwqUZZbWa66I,2806,38.42139895379056,0.0,0.029597357203209107,0.0
uHvWwqUZZbWa66I,2807,38.42139895379056,0.0,0.029597357203209107,0.0
uHvWwqUZZbWa66I,2808,38.42139895379056,0.0,0.029597357203209107,0.0
uHvWwqUZZbWa66I,2809,38.42139895379056,0.0,0.029597357203209107,0.0
uHvWwqUZZbWa66I,2810,38.42139895379056,0.0,0.029597357203209107,0.0
uHvWwqUZZbWa66I,2811,38.42139895379056,0.0,0.029597357203209107,0.0
uHvWwqUZZbWa66I,2812,38.42139895379056,0.0,0.029597357203209107,0.0
uHvWwqUZZbWa66I,2813,38.42139895379056,0.0,0.029597357203209107,0.0
uHvWwqUZZbWa66I,2814,38.42139895379056,0.0,0.029597357203209107,0.0
uHvWwqUZZbWa66I,2815,38.42139895379056,0.0,0.029597357203209107,0.0
uHvWwqUZZbWa66I,2816,38.42139895379056,0.0,0.029597357203209107,0.0
uHvWwqUZZbWa66I,2817,38.42139895379056,0.0,0.029597357203209107,0.0
uHvWwqUZZbWa66I,2818,38.42139895379056,0.0,0.029597357203209107,0.0
uHvWwqUZZbWa66I,2819,38.42139895379056,0.0,0.029597357203209107,0.0
uHvWwqUZZbWa66I,2820,38.42139895379056,0.0,0.029597357203209107,0.0
uHvWwqUZZbWa66I,2821,38.42139895379056,0.0,0.029597357203209107,0.0
uHvWwqUZZbWa66I,2822,38.42139895379056,0.0,0.029597357203209107,0.0
uHvWwqUZZbWa66I,2823,38.42139895379056,0.0,0.029597357203209107,0.0
uHvWwqUZZbWa66I,2824,38.42139895379056,0.0,0.029597357203209107,0.0
uHvWwqUZZbWa66I,2825,38.42139895379056,0.0,0.029597357203209107,0.0
uHvWwqUZZbWa66I,2826,38.42139895379056,0.0,0.029597357203209107,0.0
uHvWwqUZZbWa66I,2827,38.42139895379056,0.0,0.029597357203209107,0.0
uHvWwqUZZbWa66I,2828,38.42139895379056,0.0,0.029597357203209107,0.0
uHvWwqUZZbWa66I,2829,38.42139895379056,0.0,0.029597357203209107,0.0
uHvWwqUZZbWa66I,2830,38.42139895379056,0.0,0.029597357203209107,0.0
uHvWwqUZZbWa66I,2831,38.42139895379056,0.0,0.029597357203209107,0.0
uHvWwqUZZbWa66I,2832,38.42139895379056,0.0,0.029597357203209107,0.0
uHvWwqUZZbWa66I,2833,38.42139895379056,0.0,0.029597357203209107,0.0
uHvWwqUZZbWa66I,2834,38.42139895379056,0.0,0.029597357203209107,0.0
uHvWwqUZZbWa66I,2835,38.42139895379056,0.0,0.029597357203209107,0.0
uHvWwqUZZbWa66I,2836,38.42139895379056,0.0,0.029597357203209107,0.0
uHvWwqUZZbWa66I,2837,38.42139895379056,0.0,0.029597357203209107,0.0
uHvWwqUZZbWa66I,2838,38.42139895379056,0.0,0.029597357203209107,0.0
uHvWwqUZZbWa66I,2839,38.42139895379056,0.0,0.029597357203209107,0.0
uHvWwqUZZbWa66I,2840,38.42139895379056,0.0,0.029597357203209107,0.0
uHvWwqUZZbWa66I,2841,38.42139895379056,0.0,0.029597357203209107,0.0
uHvWwqUZZbWa66I,2842,38.42139895379056,0.0,0.029597357203209107,0.0
uHvWwqUZZbWa66I,2843,38.42139895379056,0.0,0.029597357203209107,0.0
uHvWwqUZZbWa66I,2844,38.42139895379056,0.0,0.029597357203209107,0.0
uHvWwqUZZbWa66I,2845,38.42139895379056,0.0,0.029597357203209107,0.0
uHvWwqUZZbWa66I,2846,38.42139895379056,0.0,0.029597357203209107,0.0
uHvWwqUZZbWa66I,2847,38.42139895379056,0.0,0.029597357203209107,0.0
uHvWwqUZZbWa66I,2848,38.42139895379056,0.0,0.029597357203209107,0.0
uHvWwqUZZbWa66I,2849,38.42139895379056,0.0,0.029597357203209107,0.0
uHvWwqUZZbWa66I,2850,38.42139895379056,0.0,0.029597357203209107,0.0
uHvWwqUZZbWa66I,2851,38.42139895379056,0.0,0.029597357203209107,0.0
uHvWwqUZZbWa66I,2852,38.42139895379056,0.0,0.029597357203209107,0.0
uHvWwqUZZbWa66I,2853,38.42139895379056,0.0,0.029597357203209107,0.0
uHvWwqUZZbWa66I,2854,38.42139895379056,0.0,0.029597357203209107,0.0
uHvWwqUZZbWa66I,2855,38.42139895379056,0.0,0.029597357203209107,0.0
uHvWwqUZZbWa66I,2856,38.42139895379056,0.0,0.029597357203209107,0.0
uHvWwqUZZbWa66I,2857,38.42139895379056,0.0,0.029597357203209107,0.0
uHvWwqUZZbWa66I,2858,38.42139895379056,0.0,0.029597357203209107,0.0
uHvWwqUZZbWa66I,2859,38.42139895379056,0.0,0.029597357203209107,0.0
uHvWwqUZZbWa66I,2860,38.42139895379056,0.0,0.029597357203209107,0.0
uHvWwqUZZbWa66I,2861,38.42139895379056,0.0,0.029597357203209107,0.0
uHvWwqUZZbWa66I,2862,38.42139895379056,0.0,0.029597357203209107,0.0
uHvWwqUZZbWa66I,2863,38.42139895379056,0.0,0.029597357203209107,0.0
uHvWwqUZZbWa66I,2864,38.42139895379056,0.0,0.029597357203209107,0.0
uHvWwqUZZbWa66I,2865,38.42139895379056,0.0,0.029597357203209107,0.0
uHvWwqUZZbWa66I,2866,38.42139895379056,0.0,0.029597357203209107,0.0
uHvWwqUZZbWa66I,2867,38.42139895379056,0.0,0.029597357203209107,0.0
uHvWwqUZZbWa66I,2868,38.42139895379056,0.0,0.029597357203209107,0.0
uHvWwqUZZbWa66I,2869,38.42139895379056,0.0,0.029597357203209107,0.0
uHvWwqUZZbWa66I,2870,38.42139895379056,0.0,0.029597357203209107,0.0
uHvWwqUZZbWa66I,2871,38.42139895379056,0.0,0.029597357203209107,0.0
uHvWwqUZZbWa66I,2872,38.42139895379056,0.0,0.029597357203209107,0.0
uHvWwqUZZbWa66I,2873,38.42139895379056,0.0,0.029597357203209107,0.0
uHvWwqUZZbWa66I,2874,38.42139895379056,0.0,0.029597357203209107,0.0
uHvWwqUZZbWa66I,2875,38.42139895379056,0.0,0.029597357203209107,0.0
uHvWwqUZZbWa66I,2876,38.42139895379056,0.0,0.029597357203209107,0.0
uHvWwqUZZbWa66I,2877,38.42139895379056,0.0,0.029597357203209107,0.0
uHvWwqUZZbWa66I,2878,38.42139895379056,0.0,0.029597357203209107,0.0
uHvWwqUZZbWa66I,2879,38.42139895379056,0.0,0.029597357203209107,0.0
uHvWwqUZZbWa66I,2880,38.42139895379056,0.0,0.029597357203209107,0.0
uHvWwqUZZbWa66I,2881,38.42139895379056,0.0,0.029597357203209107,0.0
uHvWwqUZZbWa66I,2882,38.42139895379056,0.0,0.029597357203209107,0.0
uHvWwqUZZbWa66I,2883,38.42139895379056,0.0,0.029597357203209107,0.0
uHvWwqUZZbWa66I,2884,38.42139895379056,0.0,0.029597357203209107,0.0
uHvWwqUZZbWa66I,2885,38.42139895379056,0.0,0.029597357203209107,0.0
uHvWwqUZZbWa66I,2886,38.42139895379056,0.0,0.029597357203209107,0.0
uHvWwqUZZbWa66I,2887,38.42139895379056,0.0,0.029597357203209107,0.0
uHvWwqUZZbWa66I,2888,38.42139895379056,0.0,0.029597357203209107,0.0
uHvWwqUZZbWa66I,2889,38.42139895379056,0.0,0.029597357203209107,0.0
uHvWwqUZZbWa66I,2890,38.42139895379056,0.0,0.029597357203209107,0.0
uHvWwqUZZbWa66I,2891,38.42139895379056,0.0,0.029597357203209107,0.0
uHvWwqUZZbWa66I,2892,38.42139895379056,0.0,0.029597357203209107,0.0
uHvWwqUZZbWa66I,2893,38.42139895379056,0.0,0.029597357203209107,0.0
uHvWwqUZZbWa66I,2894,38.42139895379056,0.0,0.029597357203209107,0.0
uHvWwqUZZbWa66I,2895,38.42139895379056,0.0,0.029597357203209107,0.0
uHvWwqUZZbWa66I,2896,38.42139895379056,0.0,0.029597357203209107,0.0
uHvWwqUZZbWa66I,2897,38.42139895379056,0.0,0.029597357203209107,0.0
uHvWwqUZZbWa66I,2898,38.42139895379056,0.0,0.029597357203209107,0.0
uHvWwqUZZbWa66I,2899,38.42139895379056,0.0,0.029597357203209107,0.0
uHvWwqUZZbWa66I,2900,38.42139895379056,0.0,0.029597357203209107,0.0
uHvWwqUZZbWa66I,2901,38.42139895379056,0.0,0.029597357203209107,0.0
uHvWwqUZZbWa66I,2902,38.42139895379056,0.0,0.029597357203209107,0.0
uHvWwqUZZbWa66I,2903,38.42139895379056,0.0,0.029597357203209107,0.0
uHvWwqUZZbWa66I,2904,38.42139895379056,0.0,0.029597357203209107,0.0
uHvWwqUZZbWa66I,2905,38.42139895379056,0.0,0.029597357203209107,0.0
uHvWwqUZZbWa66I,2906,38.42139895379056,0.0,0.029597357203209107,0.0
uHvWwqUZZbWa66I,2907,38.42139895379056,0.0,0.029597357203209107,0.0
uHvWwqUZZbWa66I,2908,38.42139895379056,0.0,0.029597357203209107,0.0
uHvWwqUZZbWa66I,2909,38.42139895379056,0.0,0.029597357203209107,0.0
uHvWwqUZZbWa66I,2910,38.42139895379056,0.0,0.029597357203209107,0.0
uHvWwqUZZbWa66I,2911,38.42139895379056,0.0,0.029597357203209107,0.0
uHvWwqUZZbWa66I,2912,38.42139895379056,0.0,0.029597357203209107,0.0
uHvWwqUZZbWa66I,2913,38.42139895379056,0.0,0.029597357203209107,0.0
uHvWwqUZZbWa66I,2914,38.42139895379056,0.0,0.029597357203209107,0.0
uHvWwqUZZbWa66I,2915,38.42139895379056,0.0,0.029597357203209107,0.0
uHvWwqUZZbWa66I,2916,38.42139895379056,0.0,0.029597357203209107,0.0
uHvWwqUZZbWa66I,2917,38.42139895379056,0.0,0.029597357203209107,0.0
uHvWwqUZZbWa66I,2918,38.42139895379056,0.0,0.029597357203209107,0.0
uHvWwqUZZbWa66I,2919,38.42139895379056,0.0,0.029597357203209107,0.0
uHvWwqUZZbWa66I,2920,38.42139895379056,0.0,0.029597357203209107,0.0
uHvWwqUZZbWa66I,2921,38.42139895379056,0.0,0.029597357203209107,0.0
uHvWwqUZZbWa66I,2922,38.42139895379056,0.0,0.029597357203209107,0.0
uHvWwqUZZbWa66I,2923,38.42139895379056,0.0,0.029597357203209107,0.0
uHvWwqUZZbWa66I,2924,38.42139895379056,0.0,0.029597357203209107,0.0
uHvWwqUZZbWa66I,2925,38.42139895379056,0.0,0.029597357203209107,0.0
uHvWwqUZZbWa66I,2926,38.42139895379056,0.0,0.029597357203209107,0.0
uHvWwqUZZbWa66I,2927,38.42139895379056,0.0,0.029597357203209107,0.0
uHvWwqUZZbWa66I,2928,38.42139895379056,0.0,0.029597357203209107,0.0
uHvWwqUZZbWa66I,2929,38.42139895379056,0.0,0.029597357203209107,0.0
uHvWwqUZZbWa66I,2930,38.42139895379056,0.0,0.029597357203209107,0.0
uHvWwqUZZbWa66I,2931,38.42139895379056,0.0,0.029597357203209107,0.0
uHvWwqUZZbWa66I,2932,38.42139895379056,0.0,0.029597357203209107,0.0
uHvWwqUZZbWa66I,2933,38.42139895379056,0.0,0.029597357203209107,0.0
uHvWwqUZZbWa66I,2934,38.42139895379056,0.0,0.029597357203209107,0.0
uHvWwqUZZbWa66I,2935,38.42139895379056,0.0,0.029597357203209107,0.0
uHvWwqUZZbWa66I,2936,38.42139895379056,0.0,0.029597357203209107,0.0
uHvWwqUZZbWa66I,2937,38.42139895379056,0.0,0.029597357203209107,0.0
uHvWwqUZZbWa66I,2938,38.42139895379056,0.0,0.029597357203209107,0.0
uHvWwqUZZbWa66I,2939,38.42139895379056,0.0,0.029597357203209107,0.0
uHvWwqUZZbWa66I,2940,38.42139895379056,0.0,0.029597357203209107,0.0
uHvWwqUZZbWa66I,2941,38.42139895379056,0.0,0.029597357203209107,0.0
uHvWwqUZZbWa66I,2942,38.42139895379056,0.0,0.029597357203209107,0.0
uHvWwqUZZbWa66I,2943,38.42139895379056,0.0,0.029597357203209107,0.0
uHvWwqUZZbWa66I,2944,38.42139895379056,0.0,0.029597357203209107,0.0
uHvWwqUZZbWa66I,2945,38.42139895379056,0.0,0.029597357203209107,0.0
uHvWwqUZZbWa66I,2946,38.42139895379056,0.0,0.029597357203209107,0.0
uHvWwqUZZbWa66I,2947,38.42139895379056,0.0,0.029597357203209107,0.0
uHvWwqUZZbWa66I,2948,38.42139895379056,0.0,0.029597357203209107,0.0
uHvWwqUZZbWa66I,2949,38.42139895379056,0.0,0.029597357203209107,0.0
uHvWwqUZZbWa66I,2950,38.42139895379056,0.0,0.029597357203209107,0.0
uHvWwqUZZbWa66I,2951,38.42139895379056,0.0,0.029597357203209107,0.0
uHvWwqUZZbWa66I,2952,38.42139895379056,0.0,0.029597357203209107,0.0
uHvWwqUZZbWa66I,2953,38.42139895379056,0.0,0.029597357203209107,0.0
uHvWwqUZZbWa66I,2954,38.42139895379056,0.0,0.029597357203209107,0.0
uHvWwqUZZbWa66I,2955,38.42139895379056,0.0,0.029597357203209107,0.0
uHvWwqUZZbWa66I,2956,38.42139895379056,0.0,0.029597357203209107,0.0
uHvWwqUZZbWa66I,2957,38.42139895379056,0.0,0.029597357203209107,0.0
uHvWwqUZZbWa66I,2958,38.42139895379056,0.0,0.029597357203209107,0.0
uHvWwqUZZbWa66I,2959,38.42139895379056,0.0,0.029597357203209107,0.0
uHvWwqUZZbWa66I,2960,38.42139895379056,0.0,0.029597357203209107,0.0
uHvWwqUZZbWa66I,2961,38.42139895379056,0.0,0.029597357203209107,0.0
uHvWwqUZZbWa66I,2962,38.42139895379056,0.0,0.029597357203209107,0.0
uHvWwqUZZbWa66I,2963,38.42139895379056,0.0,0.029597357203209107,0.0
uHvWwqUZZbWa66I,2964,38.42139895379056,0.0,0.029597357203209107,0.0
uHvWwqUZZbWa66I,2965,38.42139895379056,0.0,0.029597357203209107,0.0
uHvWwqUZZbWa66I,2966,38.42139895379056,0.0,0.029597357203209107,0.0
uHvWwqUZZbWa66I,2967,38.42139895379056,0.0,0.029597357203209107,0.0
uHvWwqUZZbWa66I,2968,38.42139895379056,0.0,0.029597357203209107,0.0
uHvWwqUZZbWa66I,2969,38.42139895379056,0.0,0.029597357203209107,0.0
uHvWwqUZZbWa66I,2970,38.42139895379056,0.0,0.029597357203209107,0.0
uHvWwqUZZbWa66I,2971,38.42139895379056,0.0,0.029597357203209107,0.0
uHvWwqUZZbWa66I,2972,38.42139895379056,0.0,0.029597357203209107,0.0
uHvWwqUZZbWa66I,2973,38.42139895379056,0.0,0.029597357203209107,0.0
uHvWwqUZZbWa66I,2974,38.42139895379056,0.0,0.029597357203209107,0.0
uHvWwqUZZbWa66I,2975,38.42139895379056,0.0,0.029597357203209107,0.0
uHvWwqUZZbWa66I,2976,38.42139895379056,0.0,0.029597357203209107,0.0
uHvWwqUZZbWa66I,2977,38.42139895379056,0.0,0.029597357203209107,0.0
uHvWwqUZZbWa66I,2978,38.42139895379056,0.0,0.029597357203209107,0.0
uHvWwqUZZbWa66I,2979,38.42139895379056,0.0,0.029597357203209107,0.0
uHvWwqUZZbWa66I,2980,38.42139895379056,0.0,0.029597357203209107,0.0
uHvWwqUZZbWa66I,2981,38.42139895379056,0.0,0.029597357203209107,0.0
uHvWwqUZZbWa66I,2982,38.42139895379056,0.0,0.029597357203209107,0.0
uHvWwqUZZbWa66I,2983,38.42139895379056,0.0,0.029597357203209107,0.0
uHvWwqUZZbWa66I,2984,38.42139895379056,0.0,0.029597357203209107,0.0
uHvWwqUZZbWa66I,2985,38.42139895379056,0.0,0.029597357203209107,0.0
uHvWwqUZZbWa66I,2986,38.42139895379056,0.0,0.029597357203209107,0.0
uHvWwqUZZbWa66I,2987,38.42139895379056,0.0,0.029597357203209107,0.0
uHvWwqUZZbWa66I,2988,38.42139895379056,0.0,0.029597357203209107,0.0
uHvWwqUZZbWa66I,2989,38.42139895379056,0.0,0.029597357203209107,0.0
uHvWwqUZZbWa66I,2990,38.42139895379056,0.0,0.029597357203209107,0.0
uHvWwqUZZbWa66I,2991,38.42139895379056,0.0,0.029597357203209107,0.0
uHvWwqUZZbWa66I,2992,38.42139895379056,0.0,0.029597357203209107,0.0
uHvWwqUZZbWa66I,2993,38.42139895379056,0.0,0.029597357203209107,0.0
uHvWwqUZZbWa66I,2994,38.42139895379056,0.0,0.029597357203209107,0.0
uHvWwqUZZbWa66I,2995,38.42139895379056,0.0,0.029597357203209107,0.0
uHvWwqUZZbWa66I,2996,38.42139895379056,0.0,0.029597357203209107,0.0
uHvWwqUZZbWa66I,2997,38.42139895379056,0.0,0.029597357203209107,0.0
uHvWwqUZZbWa66I,2998,38.42139895379056,0.0,0.029597357203209107,0.0
uHvWwqUZZbWa66I,2999,38.42139895379056,0.0,0.029597357203209107,0.0
uHvWwqUZZbWa66I,3000,38.42139895379056,0.0,0.029597357203209107,0.0
