run_id,step_no,qty,amount,buy_amount
uHvWwqUZZbWa66I,1,134.13513565063477,340.60544270977095,340.60543993115425
uHvWwqUZZbWa66I,2,389.00162267684937,1007.8963551711823,1007.8963516950607
uHvWwqUZZbWa66I,3,891.025553226471,2328.503518778479,2328.5034925937653
uHvWwqUZZbWa66I,4,808.7751340866089,2130.8843350335756,3399.4988915920258
uHvWwqUZZbWa66I,5,802.8824374675751,2152.9034495660358,4569.850524663925
uHvWwqUZZbWa66I,6,775.2607469558716,2107.4943439024237,5983.8494074344635
uHvWwqUZZbWa66I,7,506.6180344223976,1384.2947086680754,6522.919506877661
uHvWwqUZZbWa66I,8,886.4126400947571,2407.963667334007,2407.9636631011963
uHvWwqUZZbWa66I,9,738.9322459697723,2054.689338746747,2054.6893067359924
uHvWwqUZZbWa66I,10,867.871556520462,2430.429376810659,2430.429389476776
uHvWwqUZZbWa66I,11,862.2150217294693,2448.3704184757244,3749.500429213047
uHvWwqUZZbWa66I,12,516.0549833923578,1488.3487079704803,3372.1077864170074
uHvWwqUZZbWa66I,13,827.8632637858391,2360.9086475254703,4319.938403129578
uHvWwqUZZbWa66I,14,656.0178015232086,1903.5311429077178,3483.1734964847565
uHvWwqUZZbWa66I,15,543.5043532848358,1569.086275034603,3702.8557603359222
uHvWwqUZZbWa66I,16,389.8218592405319,1106.1911103058621,3312.341409921646
uHvWwqUZZbWa66I,17,391.04481506347656,1110.8857931848843,3085.428532600403
uHvWwqUZZbWa66I,18,216.56803658604622,606.8497122863196,2574.0121455192566
uHvWwqUZZbWa66I,19,268.1291289329529,753.5373967721565,2537.931135416031
uHvWwqUZZbWa66I,20,209.86506962776184,583.2400036693513,2264.258941888809
uHvWwqUZZbWa66I,21,213.7580583691597,571.5340126330673,2138.2557202279568
uHvWwqUZZbWa66I,22,101.24717473983765,264.1936738768226,740.2898049354553
uHvWwqUZZbWa66I,23,93.76188039779663,237.03579306073408,471.29477524757385
uHvWwqUZZbWa66I,24,94.08359724283218,239.34381405177595,409.937287196517
uHvWwqUZZbWa66I,25,55.92702332139015,136.7858929444078,310.0422503352165
uHvWwqUZZbWa66I,26,76.67263716459274,184.3113527475291,312.3240370750427
uHvWwqUZZbWa66I,27,72.00066292285919,172.58106262407145,300.59374380111694
uHvWwqUZZbWa66I,28,74.36855870485306,176.38486413491057,319.10005980730057
uHvWwqUZZbWa66I,29,102.68923914432526,241.26970588964565,383.98490166664124
uHvWwqUZZbWa66I,30,67.33047127723694,150.88093457031715,288.19907546043396
uHvWwqUZZbWa66I,31,42.35024070739746,92.85253604259623,210.4260654449463
uHvWwqUZZbWa66I,32,95.1595596075058,207.29153970598634,275.9349789619446
uHvWwqUZZbWa66I,33,69.1695966720581,146.0245537820192,184.5238904953003
uHvWwqUZZbWa66I,34,19.047319769859314,39.32435697082707,51.2927041053772
uHvWwqUZZbWa66I,35,51.76196873188019,105.48433486140885,114.78979682922363
uHvWwqUZZbWa66I,36,54.845332412747666,109.06975353823087,109.069753408432
uHvWwqUZZbWa66I,37,49.18520551919937,95.11340058492466,95.11340093612671
uHvWwqUZZbWa66I,38,23.10863184928894,45.78743792057574,45.787437915802
uHvWwqUZZbWa66I,39,43.20350968837738,81.53017039178845,81.53016948699951
uHvWwqUZZbWa66I,40,34.13930654525757,62.84495197086406,62.84495306015015
uHvWwqUZZbWa66I,41,37.682999178767204,67.08250739771483,67.08250665664673
uHvWwqUZZbWa66I,42,13.12567949295044,22.596161195186653,22.59616184234619
uHvWwqUZZbWa66I,43,20.82424020767212,35.53110047294467,35.531099796295166
uHvWwqUZZbWa66I,44,63.98666289448738,105.21147156054232,105.21147227287292
uHvWwqUZZbWa66I,45,30.2851482629776,48.31548500339534,75.05686068534851
uHvWwqUZZbWa66I,46,14.562477111816406,22.55988785288156,49.30126512050629
uHvWwqUZZbWa66I,47,31.64677381515503,47.72367264767152,47.72367310523987
uHvWwqUZZbWa66I,48,29.836687088012695,43.79053006503595,43.79053068161011
uHvWwqUZZbWa66I,49,24.004788026213646,34.86886902176934,34.86886841058731
uHvWwqUZZbWa66I,50,19.23445236682892,26.939704796521966,26.93970489501953
uHvWwqUZZbWa66I,51,45.67259591817856,63.68478450747232,63.684784293174744
uHvWwqUZZbWa66I,52,29.684489220380783,39.75373134598893,39.753731191158295
uHvWwqUZZbWa66I,53,27.60322868824005,36.0223935610515,36.02239429950714
uHvWwqUZZbWa66I,54,24.523088574409485,30.678381220065646,30.67838144302368
uHvWwqUZZbWa66I,55,14.72338056564331,18.853334135026046,18.853333353996277
uHvWwqUZZbWa66I,56,1.4775236248970032,1.808630844249599,1.8086308538913727
uHvWwqUZZbWa66I,57,36.7321051210165,44.081500428724496,44.08150005340576
uHvWwqUZZbWa66I,58,14.078756744042039,16.396162328327485,16.396163266152143
uHvWwqUZZbWa66I,59,27.895615935325623,31.288120779967826,31.288121342658997
uHvWwqUZZbWa66I,60,17.758193492889404,19.715336663655933,19.715336322784424
uHvWwqUZZbWa66I,61,3.606977701187134,3.9381170813182393,3.938117027282715
uHvWwqUZZbWa66I,62,3.566296339035034,3.8553137591347877,3.855314016342163
uHvWwqUZZbWa66I,63,7.944371432065964,8.219628002208006,8.219628259539604
uHvWwqUZZbWa66I,64,17.431744039058685,17.563978970328662,17.563978016376495
uHvWwqUZZbWa66I,65,6.6987223625183105,6.464887377447695,6.4648871421813965
uHvWwqUZZbWa66I,66,0.0,0.0,0.0
uHvWwqUZZbWa66I,67,0.0,0.0,0.0
uHvWwqUZZbWa66I,68,11.503528833389282,10.182431889665054,10.182431697845459
uHvWwqUZZbWa66I,69,6.674317449331284,5.665904634341288,5.6659048199653625
uHvWwqUZZbWa66I,70,9.504586219787598,8.04333217220514,8.043331861495972
uHvWwqUZZbWa66I,71,0.0,0.0,0.0
uHvWwqUZZbWa66I,72,3.1367440223693848,2.549724200306173,2.5497241020202637
uHvWwqUZZbWa66I,73,0.0,0.0,0.0
uHvWwqUZZbWa66I,74,0.0,0.0,0.0
uHvWwqUZZbWa66I,75,0.0,0.0,0.0
uHvWwqUZZbWa66I,76,5.847822904586792,4.351955608545708,4.351955890655518
uHvWwqUZZbWa66I,77,9.119053840637207,6.540044969732776,6.540044784545898
uHvWwqUZZbWa66I,78,0.0,0.0,0.0
uHvWwqUZZbWa66I,79,10.956363081932068,7.162258692144924,7.162259072065353
uHvWwqUZZbWa66I,80,9.723790168762207,6.148396297517905,6.148396134376526
uHvWwqUZZbWa66I,81,11.26515245437622,7.121434125710863,7.121433734893799
uHvWwqUZZbWa66I,82,0.0,0.0,0.0
uHvWwqUZZbWa66I,83,0.0,0.0,0.0
uHvWwqUZZbWa66I,84,0.0,0.0,0.0
uHvWwqUZZbWa66I,85,0.0,0.0,0.0
uHvWwqUZZbWa66I,86,0.0,0.0,0.0
uHvWwqUZZbWa66I,87,0.0,0.0,0.0
uHvWwqUZZbWa66I,88,3.9682564735412598,2.137480532132429,2.1374804973602295
uHvWwqUZZbWa66I,89,5.4201178550720215,2.7946155674400472,2.7946157455444336
uHvWwqUZZbWa66I,90,0.0,0.0,0.0
uHvWwqUZZbWa66I,91,0.0,0.0,0.0
uHvWwqUZZbWa66I,92,0.0,0.0,0.0
uHvWwqUZZbWa66I,93,0.0,0.0,0.0
uHvWwqUZZbWa66I,94,0.0,0.0,0.0
uHvWwqUZZbWa66I,95,0.0,0.0,0.0
uHvWwqUZZbWa66I,96,0.0,0.0,0.0
uHvWwqUZZbWa66I,97,0.0,0.0,0.0
uHvWwqUZZbWa66I,98,0.0,0.0,0.0
uHvWwqUZZbWa66I,99,0.0,0.0,0.0
uHvWwqUZZbWa66I,100,0.0,0.0,0.0
uHvWwqUZZbWa66I,101,0.0,0.0,0.0
uHvWwqUZZbWa66I,102,0.0,0.0,0.0
uHvWwqUZZbWa66I,103,0.0,0.0,0.0
uHvWwqUZZbWa66I,104,0.0,0.0,0.0
uHvWwqUZZbWa66I,105,0.0,0.0,0.0
uHvWwqUZZbWa66I,106,0.0,0.0,0.0
uHvWwqUZZbWa66I,107,0.0,0.0,0.0
uHvWwqUZZbWa66I,108,0.0,0.0,0.0
uHvWwqUZZbWa66I,109,0.0,0.0,0.0
uHvWwqUZZbWa66I,110,0.0,0.0,0.0
uHvWwqUZZbWa66I,111,0.0,0.0,0.0
uHvWwqUZZbWa66I,112,0.0,0.0,0.0
uHvWwqUZZbWa66I,113,0.0,0.0,0.0
uHvWwqUZZbWa66I,114,0.0,0.0,0.0
uHvWwqUZZbWa66I,115,0.0,0.0,0.0
uHvWwqUZZbWa66I,116,0.0,0.0,0.0
uHvWwqUZZbWa66I,117,0.0,0.0,0.0
uHvWwqUZZbWa66I,118,0.0,0.0,0.0
uHvWwqUZZbWa66I,119,0.0,0.0,0.0
uHvWwqUZZbWa66I,120,0.0,0.0,0.0
uHvWwqUZZbWa66I,121,0.0,0.0,0.0
uHvWwqUZZbWa66I,122,0.0,0.0,0.0
uHvWwqUZZbWa66I,123,0.0,0.0,0.0
uHvWwqUZZbWa66I,124,0.0,0.0,0.0
uHvWwqUZZbWa66I,125,0.0,0.0,0.0
uHvWwqUZZbWa66I,126,0.0,0.0,0.0
uHvWwqUZZbWa66I,127,0.0,0.0,0.0
uHvWwqUZZbWa66I,128,0.0,0.0,0.0
uHvWwqUZZbWa66I,129,0.0,0.0,0.0
uHvWwqUZZbWa66I,130,0.0,0.0,0.0
uHvWwqUZZbWa66I,131,0.0,0.0,0.0
uHvWwqUZZbWa66I,132,0.0,0.0,0.0
uHvWwqUZZbWa66I,133,0.0,0.0,0.0
uHvWwqUZZbWa66I,134,0.0,0.0,0.0
uHvWwqUZZbWa66I,135,0.0,0.0,0.0
uHvWwqUZZbWa66I,136,0.0,0.0,0.0
uHvWwqUZZbWa66I,137,0.0,0.0,0.0
uHvWwqUZZbWa66I,138,0.0,0.0,0.0
uHvWwqUZZbWa66I,139,0.0,0.0,0.0
uHvWwqUZZbWa66I,140,0.0,0.0,0.0
uHvWwqUZZbWa66I,141,0.0,0.0,0.0
uHvWwqUZZbWa66I,142,0.0,0.0,0.0
uHvWwqUZZbWa66I,143,0.0,0.0,0.0
uHvWwqUZZbWa66I,144,0.0,0.0,0.0
uHvWwqUZZbWa66I,145,0.0,0.0,0.0
uHvWwqUZZbWa66I,146,0.0,0.0,0.0
uHvWwqUZZbWa66I,147,0.0,0.0,0.0
uHvWwqUZZbWa66I,148,0.0,0.0,0.0
uHvWwqUZZbWa66I,149,0.0,0.0,0.0
uHvWwqUZZbWa66I,150,0.0,0.0,0.0
uHvWwqUZZbWa66I,151,0.0,0.0,0.0
uHvWwqUZZbWa66I,152,0.0,0.0,0.0
uHvWwqUZZbWa66I,153,0.0,0.0,0.0
uHvWwqUZZbWa66I,154,0.0,0.0,0.0
uHvWwqUZZbWa66I,155,0.0,0.0,0.0
uHvWwqUZZbWa66I,156,0.0,0.0,0.0
uHvWwqUZZbWa66I,157,0.0,0.0,0.0
uHvWwqUZZbWa66I,158,0.0,0.0,0.0
uHvWwqUZZbWa66I,159,0.0,0.0,0.0
uHvWwqUZZbWa66I,160,0.0,0.0,0.0
uHvWwqUZZbWa66I,161,0.0,0.0,0.0
uHvWwqUZZbWa66I,162,0.0,0.0,0.0
uHvWwqUZZbWa66I,163,0.0,0.0,0.0
uHvWwqUZZbWa66I,164,0.0,0.0,0.0
uHvWwqUZZbWa66I,165,0.0,0.0,0.0
uHvWwqUZZbWa66I,166,0.0,0.0,0.0
uHvWwqUZZbWa66I,167,0.0,0.0,0.0
uHvWwqUZZbWa66I,168,0.0,0.0,0.0
uHvWwqUZZbWa66I,169,0.0,0.0,0.0
uHvWwqUZZbWa66I,170,0.0,0.0,0.0
uHvWwqUZZbWa66I,171,0.0,0.0,0.0
uHvWwqUZZbWa66I,172,0.0,0.0,0.0
uHvWwqUZZbWa66I,173,0.0,0.0,0.0
uHvWwqUZZbWa66I,174,0.0,0.0,0.0
uHvWwqUZZbWa66I,175,0.0,0.0,0.0
uHvWwqUZZbWa66I,176,0.0,0.0,0.0
uHvWwqUZZbWa66I,177,0.0,0.0,0.0
uHvWwqUZZbWa66I,178,0.0,0.0,0.0
uHvWwqUZZbWa66I,179,0.0,0.0,0.0
uHvWwqUZZbWa66I,180,0.0,0.0,0.0
uHvWwqUZZbWa66I,181,0.0,0.0,0.0
uHvWwqUZZbWa66I,182,0.0,0.0,0.0
uHvWwqUZZbWa66I,183,0.0,0.0,0.0
uHvWwqUZZbWa66I,184,0.0,0.0,0.0
uHvWwqUZZbWa66I,185,0.0,0.0,0.0
uHvWwqUZZbWa66I,186,0.0,0.0,0.0
uHvWwqUZZbWa66I,187,0.0,0.0,0.0
uHvWwqUZZbWa66I,188,0.0,0.0,0.0
uHvWwqUZZbWa66I,189,0.0,0.0,0.0
uHvWwqUZZbWa66I,190,0.0,0.0,0.0
uHvWwqUZZbWa66I,191,0.0,0.0,0.0
uHvWwqUZZbWa66I,192,0.0,0.0,0.0
uHvWwqUZZbWa66I,193,0.0,0.0,0.0
uHvWwqUZZbWa66I,194,0.0,0.0,0.0
uHvWwqUZZbWa66I,195,0.0,0.0,0.0
uHvWwqUZZbWa66I,196,0.0,0.0,0.0
uHvWwqUZZbWa66I,197,0.0,0.0,0.0
uHvWwqUZZbWa66I,198,0.0,0.0,0.0
uHvWwqUZZbWa66I,199,0.0,0.0,0.0
uHvWwqUZZbWa66I,200,0.0,0.0,0.0
uHvWwqUZZbWa66I,201,0.0,0.0,0.0
uHvWwqUZZbWa66I,202,0.0,0.0,0.0
uHvWwqUZZbWa66I,203,0.0,0.0,0.0
uHvWwqUZZbWa66I,204,0.0,0.0,0.0
uHvWwqUZZbWa66I,205,0.0,0.0,0.0
uHvWwqUZZbWa66I,206,0.0,0.0,0.0
uHvWwqUZZbWa66I,207,0.0,0.0,0.0
uHvWwqUZZbWa66I,208,0.0,0.0,0.0
uHvWwqUZZbWa66I,209,0.0,0.0,0.0
uHvWwqUZZbWa66I,210,0.0,0.0,0.0
uHvWwqUZZbWa66I,211,0.0,0.0,0.0
uHvWwqUZZbWa66I,212,0.0,0.0,0.0
uHvWwqUZZbWa66I,213,0.0,0.0,0.0
uHvWwqUZZbWa66I,214,0.0,0.0,0.0
uHvWwqUZZbWa66I,215,0.0,0.0,0.0
uHvWwqUZZbWa66I,216,0.0,0.0,0.0
uHvWwqUZZbWa66I,217,0.0,0.0,0.0
uHvWwqUZZbWa66I,218,0.0,0.0,0.0
uHvWwqUZZbWa66I,219,0.0,0.0,0.0
uHvWwqUZZbWa66I,220,0.0,0.0,0.0
uHvWwqUZZbWa66I,221,0.0,0.0,0.0
uHvWwqUZZbWa66I,222,0.0,0.0,0.0
uHvWwqUZZbWa66I,223,0.0,0.0,0.0
uHvWwqUZZbWa66I,224,0.0,0.0,0.0
uHvWwqUZZbWa66I,225,0.0,0.0,0.0
uHvWwqUZZbWa66I,226,0.0,0.0,0.0
uHvWwqUZZbWa66I,227,0.0,0.0,0.0
uHvWwqUZZbWa66I,228,0.0,0.0,0.0
uHvWwqUZZbWa66I,229,0.0,0.0,0.0
uHvWwqUZZbWa66I,230,0.0,0.0,0.0
uHvWwqUZZbWa66I,231,0.0,0.0,0.0
uHvWwqUZZbWa66I,232,0.0,0.0,0.0
uHvWwqUZZbWa66I,233,0.0,0.0,0.0
uHvWwqUZZbWa66I,234,0.0,0.0,0.0
uHvWwqUZZbWa66I,235,0.0,0.0,0.0
uHvWwqUZZbWa66I,236,0.0,0.0,0.0
uHvWwqUZZbWa66I,237,0.0,0.0,0.0
uHvWwqUZZbWa66I,238,0.0,0.0,0.0
uHvWwqUZZbWa66I,239,0.0,0.0,0.0
uHvWwqUZZbWa66I,240,0.0,0.0,0.0
uHvWwqUZZbWa66I,241,0.0,0.0,0.0
uHvWwqUZZbWa66I,242,0.0,0.0,0.0
uHvWwqUZZbWa66I,243,0.0,0.0,0.0
uHvWwqUZZbWa66I,244,0.0,0.0,0.0
uHvWwqUZZbWa66I,245,0.0,0.0,0.0
uHvWwqUZZbWa66I,246,0.0,0.0,0.0
uHvWwqUZZbWa66I,247,0.0,0.0,0.0
uHvWwqUZZbWa66I,248,0.0,0.0,0.0
uHvWwqUZZbWa66I,249,0.0,0.0,0.0
uHvWwqUZZbWa66I,250,0.0,0.0,0.0
uHvWwqUZZbWa66I,251,0.0,0.0,0.0
uHvWwqUZZbWa66I,252,0.0,0.0,0.0
uHvWwqUZZbWa66I,253,0.0,0.0,0.0
uHvWwqUZZbWa66I,254,0.0,0.0,0.0
uHvWwqUZZbWa66I,255,0.0,0.0,0.0
uHvWwqUZZbWa66I,256,0.0,0.0,0.0
uHvWwqUZZbWa66I,257,0.0,0.0,0.0
uHvWwqUZZbWa66I,258,0.0,0.0,0.0
uHvWwqUZZbWa66I,259,0.0,0.0,0.0
uHvWwqUZZbWa66I,260,0.0,0.0,0.0
uHvWwqUZZbWa66I,261,0.0,0.0,0.0
uHvWwqUZZbWa66I,262,0.0,0.0,0.0
uHvWwqUZZbWa66I,263,0.0,0.0,0.0
uHvWwqUZZbWa66I,264,0.0,0.0,0.0
uHvWwqUZZbWa66I,265,0.0,0.0,0.0
uHvWwqUZZbWa66I,266,0.0,0.0,0.0
uHvWwqUZZbWa66I,267,0.0,0.0,0.0
uHvWwqUZZbWa66I,268,0.0,0.0,0.0
uHvWwqUZZbWa66I,269,0.0,0.0,0.0
uHvWwqUZZbWa66I,270,0.0,0.0,0.0
uHvWwqUZZbWa66I,271,0.0,0.0,0.0
uHvWwqUZZbWa66I,272,0.0,0.0,0.0
uHvWwqUZZbWa66I,273,0.0,0.0,0.0
uHvWwqUZZbWa66I,274,0.0,0.0,0.0
uHvWwqUZZbWa66I,275,0.0,0.0,0.0
uHvWwqUZZbWa66I,276,0.0,0.0,0.0
uHvWwqUZZbWa66I,277,0.0,0.0,0.0
uHvWwqUZZbWa66I,278,0.0,0.0,0.0
uHvWwqUZZbWa66I,279,0.0,0.0,0.0
uHvWwqUZZbWa66I,280,0.0,0.0,0.0
uHvWwqUZZbWa66I,281,0.0,0.0,0.0
uHvWwqUZZbWa66I,282,0.0,0.0,0.0
uHvWwqUZZbWa66I,283,0.0,0.0,0.0
uHvWwqUZZbWa66I,284,0.0,0.0,0.0
uHvWwqUZZbWa66I,285,0.0,0.0,0.0
uHvWwqUZZbWa66I,286,0.0,0.0,0.0
uHvWwqUZZbWa66I,287,0.0,0.0,0.0
uHvWwqUZZbWa66I,288,0.0,0.0,0.0
uHvWwqUZZbWa66I,289,0.0,0.0,0.0
uHvWwqUZZbWa66I,290,0.0,0.0,0.0
uHvWwqUZZbWa66I,291,0.0,0.0,0.0
uHvWwqUZZbWa66I,292,0.0,0.0,0.0
uHvWwqUZZbWa66I,293,0.0,0.0,0.0
uHvWwqUZZbWa66I,294,0.0,0.0,0.0
uHvWwqUZZbWa66I,295,0.0,0.0,0.0
uHvWwqUZZbWa66I,296,0.0,0.0,0.0
uHvWwqUZZbWa66I,297,0.0,0.0,0.0
uHvWwqUZZbWa66I,298,0.0,0.0,0.0
uHvWwqUZZbWa66I,299,0.0,0.0,0.0
uHvWwqUZZbWa66I,300,0.0,0.0,0.0
uHvWwqUZZbWa66I,301,0.0,0.0,0.0
uHvWwqUZZbWa66I,302,0.0,0.0,0.0
uHvWwqUZZbWa66I,303,0.0,0.0,0.0
uHvWwqUZZbWa66I,304,0.0,0.0,0.0
uHvWwqUZZbWa66I,305,0.0,0.0,0.0
uHvWwqUZZbWa66I,306,0.0,0.0,0.0
uHvWwqUZZbWa66I,307,0.0,0.0,0.0
uHvWwqUZZbWa66I,308,0.0,0.0,0.0
uHvWwqUZZbWa66I,309,0.0,0.0,0.0
uHvWwqUZZbWa66I,310,0.0,0.0,0.0
uHvWwqUZZbWa66I,311,0.0,0.0,0.0
uHvWwqUZZbWa66I,312,0.0,0.0,0.0
uHvWwqUZZbWa66I,313,0.0,0.0,0.0
uHvWwqUZZbWa66I,314,0.0,0.0,0.0
uHvWwqUZZbWa66I,315,0.0,0.0,0.0
uHvWwqUZZbWa66I,316,0.0,0.0,0.0
uHvWwqUZZbWa66I,317,0.0,0.0,0.0
uHvWwqUZZbWa66I,318,0.0,0.0,0.0
uHvWwqUZZbWa66I,319,0.0,0.0,0.0
uHvWwqUZZbWa66I,320,0.0,0.0,0.0
uHvWwqUZZbWa66I,321,0.0,0.0,0.0
uHvWwqUZZbWa66I,322,0.0,0.0,0.0
uHvWwqUZZbWa66I,323,0.0,0.0,0.0
uHvWwqUZZbWa66I,324,0.0,0.0,0.0
uHvWwqUZZbWa66I,325,0.0,0.0,0.0
uHvWwqUZZbWa66I,326,0.0,0.0,0.0
uHvWwqUZZbWa66I,327,0.0,0.0,0.0
uHvWwqUZZbWa66I,328,0.0,0.0,0.0
uHvWwqUZZbWa66I,329,0.0,0.0,0.0
uHvWwqUZZbWa66I,330,0.0,0.0,0.0
uHvWwqUZZbWa66I,331,0.0,0.0,0.0
uHvWwqUZZbWa66I,332,0.0,0.0,0.0
uHvWwqUZZbWa66I,333,0.0,0.0,0.0
uHvWwqUZZbWa66I,334,0.0,0.0,0.0
uHvWwqUZZbWa66I,335,0.0,0.0,0.0
uHvWwqUZZbWa66I,336,0.0,0.0,0.0
uHvWwqUZZbWa66I,337,0.0,0.0,0.0
uHvWwqUZZbWa66I,338,0.0,0.0,0.0
uHvWwqUZZbWa66I,339,0.0,0.0,0.0
uHvWwqUZZbWa66I,340,0.0,0.0,0.0
uHvWwqUZZbWa66I,341,0.0,0.0,0.0
uHvWwqUZZbWa66I,342,0.0,0.0,0.0
uHvWwqUZZbWa66I,343,0.0,0.0,0.0
uHvWwqUZZbWa66I,344,0.0,0.0,0.0
uHvWwqUZZbWa66I,345,0.0,0.0,0.0
uHvWwqUZZbWa66I,346,0.0,0.0,0.0
uHvWwqUZZbWa66I,347,0.0,0.0,0.0
uHvWwqUZZbWa66I,348,0.0,0.0,0.0
uHvWwqUZZbWa66I,349,0.0,0.0,0.0
uHvWwqUZZbWa66I,350,0.0,0.0,0.0
uHvWwqUZZbWa66I,351,0.0,0.0,0.0
uHvWwqUZZbWa66I,352,0.0,0.0,0.0
uHvWwqUZZbWa66I,353,0.0,0.0,0.0
uHvWwqUZZbWa66I,354,0.0,0.0,0.0
uHvWwqUZZbWa66I,355,0.0,0.0,0.0
uHvWwqUZZbWa66I,356,0.0,0.0,0.0
uHvWwqUZZbWa66I,357,0.0,0.0,0.0
uHvWwqUZZbWa66I,358,0.0,0.0,0.0
uHvWwqUZZbWa66I,359,0.0,0.0,0.0
uHvWwqUZZbWa66I,360,0.0,0.0,0.0
uHvWwqUZZbWa66I,361,0.0,0.0,0.0
uHvWwqUZZbWa66I,362,0.0,0.0,0.0
uHvWwqUZZbWa66I,363,0.0,0.0,0.0
uHvWwqUZZbWa66I,364,0.0,0.0,0.0
uHvWwqUZZbWa66I,365,0.0,0.0,0.0
uHvWwqUZZbWa66I,366,0.0,0.0,0.0
uHvWwqUZZbWa66I,367,0.0,0.0,0.0
uHvWwqUZZbWa66I,368,0.0,0.0,0.0
uHvWwqUZZbWa66I,369,0.0,0.0,0.0
uHvWwqUZZbWa66I,370,0.0,0.0,0.0
uHvWwqUZZbWa66I,371,0.0,0.0,0.0
uHvWwqUZZbWa66I,372,0.0,0.0,0.0
uHvWwqUZZbWa66I,373,0.0,0.0,0.0
uHvWwqUZZbWa66I,374,0.0,0.0,0.0
uHvWwqUZZbWa66I,375,0.0,0.0,0.0
uHvWwqUZZbWa66I,376,0.0,0.0,0.0
uHvWwqUZZbWa66I,377,0.0,0.0,0.0
uHvWwqUZZbWa66I,378,0.0,0.0,0.0
uHvWwqUZZbWa66I,379,0.0,0.0,0.0
uHvWwqUZZbWa66I,380,0.0,0.0,0.0
uHvWwqUZZbWa66I,381,0.0,0.0,0.0
uHvWwqUZZbWa66I,382,0.0,0.0,0.0
uHvWwqUZZbWa66I,383,0.0,0.0,0.0
uHvWwqUZZbWa66I,384,0.0,0.0,0.0
uHvWwqUZZbWa66I,385,0.0,0.0,0.0
uHvWwqUZZbWa66I,386,0.0,0.0,0.0
uHvWwqUZZbWa66I,387,0.0,0.0,0.0
uHvWwqUZZbWa66I,388,0.0,0.0,0.0
uHvWwqUZZbWa66I,389,0.0,0.0,0.0
uHvWwqUZZbWa66I,390,0.0,0.0,0.0
uHvWwqUZZbWa66I,391,0.0,0.0,0.0
uHvWwqUZZbWa66I,392,0.0,0.0,0.0
uHvWwqUZZbWa66I,393,0.0,0.0,0.0
uHvWwqUZZbWa66I,394,0.0,0.0,0.0
uHvWwqUZZbWa66I,395,0.0,0.0,0.0
uHvWwqUZZbWa66I,396,0.0,0.0,0.0
uHvWwqUZZbWa66I,397,0.0,0.0,0.0
uHvWwqUZZbWa66I,398,0.0,0.0,0.0
uHvWwqUZZbWa66I,399,0.0,0.0,0.0
uHvWwqUZZbWa66I,400,0.0,0.0,0.0
uHvWwqUZZbWa66I,401,0.0,0.0,0.0
uHvWwqUZZbWa66I,402,0.0,0.0,0.0
uHvWwqUZZbWa66I,403,0.0,0.0,0.0
uHvWwqUZZbWa66I,404,0.0,0.0,0.0
uHvWwqUZZbWa66I,405,0.0,0.0,0.0
uHvWwqUZZbWa66I,406,0.0,0.0,0.0
uHvWwqUZZbWa66I,407,0.0,0.0,0.0
uHvWwqUZZbWa66I,408,0.0,0.0,0.0
uHvWwqUZZbWa66I,409,0.0,0.0,0.0
uHvWwqUZZbWa66I,410,0.0,0.0,0.0
uHvWwqUZZbWa66I,411,0.0,0.0,0.0
uHvWwqUZZbWa66I,412,0.0,0.0,0.0
uHvWwqUZZbWa66I,413,0.0,0.0,0.0
uHvWwqUZZbWa66I,414,0.0,0.0,0.0
uHvWwqUZZbWa66I,415,0.0,0.0,0.0
uHvWwqUZZbWa66I,416,0.0,0.0,0.0
uHvWwqUZZbWa66I,417,0.0,0.0,0.0
uHvWwqUZZbWa66I,418,0.0,0.0,0.0
uHvWwqUZZbWa66I,419,0.0,0.0,0.0
uHvWwqUZZbWa66I,420,0.0,0.0,0.0
uHvWwqUZZbWa66I,421,0.0,0.0,0.0
uHvWwqUZZbWa66I,422,0.0,0.0,0.0
uHvWwqUZZbWa66I,423,0.0,0.0,0.0
uHvWwqUZZbWa66I,424,0.0,0.0,0.0
uHvWwqUZZbWa66I,425,0.0,0.0,0.0
uHvWwqUZZbWa66I,426,0.0,0.0,0.0
uHvWwqUZZbWa66I,427,0.0,0.0,0.0
uHvWwqUZZbWa66I,428,0.0,0.0,0.0
uHvWwqUZZbWa66I,429,0.0,0.0,0.0
uHvWwqUZZbWa66I,430,0.0,0.0,0.0
uHvWwqUZZbWa66I,431,0.0,0.0,0.0
uHvWwqUZZbWa66I,432,0.0,0.0,0.0
uHvWwqUZZbWa66I,433,0.0,0.0,0.0
uHvWwqUZZbWa66I,434,0.0,0.0,0.0
uHvWwqUZZbWa66I,435,0.0,0.0,0.0
uHvWwqUZZbWa66I,436,0.0,0.0,0.0
uHvWwqUZZbWa66I,437,0.0,0.0,0.0
uHvWwqUZZbWa66I,438,0.0,0.0,0.0
uHvWwqUZZbWa66I,439,0.0,0.0,0.0
uHvWwqUZZbWa66I,440,0.0,0.0,0.0
uHvWwqUZZbWa66I,441,0.0,0.0,0.0
uHvWwqUZZbWa66I,442,0.0,0.0,0.0
uHvWwqUZZbWa66I,443,0.0,0.0,0.0
uHvWwqUZZbWa66I,444,0.0,0.0,0.0
uHvWwqUZZbWa66I,445,0.0,0.0,0.0
uHvWwqUZZbWa66I,446,0.0,0.0,0.0
uHvWwqUZZbWa66I,447,0.0,0.0,0.0
uHvWwqUZZbWa66I,448,0.0,0.0,0.0
uHvWwqUZZbWa66I,449,0.0,0.0,0.0
uHvWwqUZZbWa66I,450,0.0,0.0,0.0
uHvWwqUZZbWa66I,451,0.0,0.0,0.0
uHvWwqUZZbWa66I,452,0.0,0.0,0.0
uHvWwqUZZbWa66I,453,0.0,0.0,0.0
uHvWwqUZZbWa66I,454,0.0,0.0,0.0
uHvWwqUZZbWa66I,455,0.0,0.0,0.0
uHvWwqUZZbWa66I,456,0.0,0.0,0.0
uHvWwqUZZbWa66I,457,0.0,0.0,0.0
uHvWwqUZZbWa66I,458,0.0,0.0,0.0
uHvWwqUZZbWa66I,459,0.0,0.0,0.0
uHvWwqUZZbWa66I,460,0.0,0.0,0.0
uHvWwqUZZbWa66I,461,0.0,0.0,0.0
uHvWwqUZZbWa66I,462,0.0,0.0,0.0
uHvWwqUZZbWa66I,463,0.0,0.0,0.0
uHvWwqUZZbWa66I,464,0.0,0.0,0.0
uHvWwqUZZbWa66I,465,0.0,0.0,0.0
uHvWwqUZZbWa66I,466,0.0,0.0,0.0
uHvWwqUZZbWa66I,467,0.0,0.0,0.0
uHvWwqUZZbWa66I,468,0.0,0.0,0.0
uHvWwqUZZbWa66I,469,0.0,0.0,0.0
uHvWwqUZZbWa66I,470,0.0,0.0,0.0
uHvWwqUZZbWa66I,471,0.0,0.0,0.0
uHvWwqUZZbWa66I,472,0.0,0.0,0.0
uHvWwqUZZbWa66I,473,0.0,0.0,0.0
uHvWwqUZZbWa66I,474,0.0,0.0,0.0
uHvWwqUZZbWa66I,475,0.0,0.0,0.0
uHvWwqUZZbWa66I,476,0.0,0.0,0.0
uHvWwqUZZbWa66I,477,0.0,0.0,0.0
uHvWwqUZZbWa66I,478,0.0,0.0,0.0
uHvWwqUZZbWa66I,479,0.0,0.0,0.0
uHvWwqUZZbWa66I,480,0.0,0.0,0.0
uHvWwqUZZbWa66I,481,0.0,0.0,0.0
uHvWwqUZZbWa66I,482,0.0,0.0,0.0
uHvWwqUZZbWa66I,483,0.0,0.0,0.0
uHvWwqUZZbWa66I,484,0.0,0.0,0.0
uHvWwqUZZbWa66I,485,0.0,0.0,0.0
uHvWwqUZZbWa66I,486,0.0,0.0,0.0
uHvWwqUZZbWa66I,487,0.0,0.0,0.0
uHvWwqUZZbWa66I,488,0.0,0.0,0.0
uHvWwqUZZbWa66I,489,0.0,0.0,0.0
uHvWwqUZZbWa66I,490,0.0,0.0,0.0
uHvWwqUZZbWa66I,491,0.0,0.0,0.0
uHvWwqUZZbWa66I,492,0.0,0.0,0.0
uHvWwqUZZbWa66I,493,0.0,0.0,0.0
uHvWwqUZZbWa66I,494,0.0,0.0,0.0
uHvWwqUZZbWa66I,495,0.0,0.0,0.0
uHvWwqUZZbWa66I,496,0.0,0.0,0.0
uHvWwqUZZbWa66I,497,0.0,0.0,0.0
uHvWwqUZZbWa66I,498,0.0,0.0,0.0
uHvWwqUZZbWa66I,499,0.0,0.0,0.0
uHvWwqUZZbWa66I,500,0.0,0.0,0.0
uHvWwqUZZbWa66I,501,0.0,0.0,0.0
uHvWwqUZZbWa66I,502,0.0,0.0,0.0
uHvWwqUZZbWa66I,503,0.0,0.0,0.0
uHvWwqUZZbWa66I,504,0.0,0.0,0.0
uHvWwqUZZbWa66I,505,0.0,0.0,0.0
uHvWwqUZZbWa66I,506,0.0,0.0,0.0
uHvWwqUZZbWa66I,507,0.0,0.0,0.0
uHvWwqUZZbWa66I,508,0.0,0.0,0.0
uHvWwqUZZbWa66I,509,0.0,0.0,0.0
uHvWwqUZZbWa66I,510,0.0,0.0,0.0
uHvWwqUZZbWa66I,511,0.0,0.0,0.0
uHvWwqUZZbWa66I,512,0.0,0.0,0.0
uHvWwqUZZbWa66I,513,0.0,0.0,0.0
uHvWwqUZZbWa66I,514,0.0,0.0,0.0
uHvWwqUZZbWa66I,515,0.0,0.0,0.0
uHvWwqUZZbWa66I,516,0.0,0.0,0.0
uHvWwqUZZbWa66I,517,0.0,0.0,0.0
uHvWwqUZZbWa66I,518,0.0,0.0,0.0
uHvWwqUZZbWa66I,519,0.0,0.0,0.0
uHvWwqUZZbWa66I,520,0.0,0.0,0.0
uHvWwqUZZbWa66I,521,0.0,0.0,0.0
uHvWwqUZZbWa66I,522,0.0,0.0,0.0
uHvWwqUZZbWa66I,523,0.0,0.0,0.0
uHvWwqUZZbWa66I,524,0.0,0.0,0.0
uHvWwqUZZbWa66I,525,0.0,0.0,0.0
uHvWwqUZZbWa66I,526,0.0,0.0,0.0
uHvWwqUZZbWa66I,527,0.0,0.0,0.0
uHvWwqUZZbWa66I,528,0.0,0.0,0.0
uHvWwqUZZbWa66I,529,0.0,0.0,0.0
uHvWwqUZZbWa66I,530,0.0,0.0,0.0
uHvWwqUZZbWa66I,531,0.0,0.0,0.0
uHvWwqUZZbWa66I,532,0.0,0.0,0.0
uHvWwqUZZbWa66I,533,0.0,0.0,0.0
uHvWwqUZZbWa66I,534,0.0,0.0,0.0
uHvWwqUZZbWa66I,535,0.0,0.0,0.0
uHvWwqUZZbWa66I,536,0.0,0.0,0.0
uHvWwqUZZbWa66I,537,0.0,0.0,0.0
uHvWwqUZZbWa66I,538,0.0,0.0,0.0
uHvWwqUZZbWa66I,539,0.0,0.0,0.0
uHvWwqUZZbWa66I,540,0.0,0.0,0.0
uHvWwqUZZbWa66I,541,0.0,0.0,0.0
uHvWwqUZZbWa66I,542,0.0,0.0,0.0
uHvWwqUZZbWa66I,543,0.0,0.0,0.0
uHvWwqUZZbWa66I,544,0.0,0.0,0.0
uHvWwqUZZbWa66I,545,0.0,0.0,0.0
uHvWwqUZZbWa66I,546,0.0,0.0,0.0
uHvWwqUZZbWa66I,547,0.0,0.0,0.0
uHvWwqUZZbWa66I,548,0.0,0.0,0.0
uHvWwqUZZbWa66I,549,0.0,0.0,0.0
uHvWwqUZZbWa66I,550,0.0,0.0,0.0
uHvWwqUZZbWa66I,551,0.0,0.0,0.0
uHvWwqUZZbWa66I,552,0.0,0.0,0.0
uHvWwqUZZbWa66I,553,0.0,0.0,0.0
uHvWwqUZZbWa66I,554,0.0,0.0,0.0
uHvWwqUZZbWa66I,555,0.0,0.0,0.0
uHvWwqUZZbWa66I,556,0.0,0.0,0.0
uHvWwqUZZbWa66I,557,0.0,0.0,0.0
uHvWwqUZZbWa66I,558,0.0,0.0,0.0
uHvWwqUZZbWa66I,559,0.0,0.0,0.0
uHvWwqUZZbWa66I,560,0.0,0.0,0.0
uHvWwqUZZbWa66I,561,0.0,0.0,0.0
uHvWwqUZZbWa66I,562,0.0,0.0,0.0
uHvWwqUZZbWa66I,563,0.0,0.0,0.0
uHvWwqUZZbWa66I,564,0.0,0.0,0.0
uHvWwqUZZbWa66I,565,0.0,0.0,0.0
uHvWwqUZZbWa66I,566,0.0,0.0,0.0
uHvWwqUZZbWa66I,567,0.0,0.0,0.0
uHvWwqUZZbWa66I,568,0.0,0.0,0.0
uHvWwqUZZbWa66I,569,0.0,0.0,0.0
uHvWwqUZZbWa66I,570,0.0,0.0,0.0
uHvWwqUZZbWa66I,571,0.0,0.0,0.0
uHvWwqUZZbWa66I,572,0.0,0.0,0.0
uHvWwqUZZbWa66I,573,0.0,0.0,0.0
uHvWwqUZZbWa66I,574,0.0,0.0,0.0
uHvWwqUZZbWa66I,575,0.0,0.0,0.0
uHvWwqUZZbWa66I,576,0.0,0.0,0.0
uHvWwqUZZbWa66I,577,0.0,0.0,0.0
uHvWwqUZZbWa66I,578,0.0,0.0,0.0
uHvWwqUZZbWa66I,579,0.0,0.0,0.0
uHvWwqUZZbWa66I,580,0.0,0.0,0.0
uHvWwqUZZbWa66I,581,0.0,0.0,0.0
uHvWwqUZZbWa66I,582,0.0,0.0,0.0
uHvWwqUZZbWa66I,583,0.0,0.0,0.0
uHvWwqUZZbWa66I,584,0.0,0.0,0.0
uHvWwqUZZbWa66I,585,0.0,0.0,0.0
uHvWwqUZZbWa66I,586,0.0,0.0,0.0
uHvWwqUZZbWa66I,587,0.0,0.0,0.0
uHvWwqUZZbWa66I,588,0.0,0.0,0.0
uHvWwqUZZbWa66I,589,0.0,0.0,0.0
uHvWwqUZZbWa66I,590,0.0,0.0,0.0
uHvWwqUZZbWa66I,591,0.0,0.0,0.0
uHvWwqUZZbWa66I,592,0.0,0.0,0.0
uHvWwqUZZbWa66I,593,0.0,0.0,0.0
uHvWwqUZZbWa66I,594,0.0,0.0,0.0
uHvWwqUZZbWa66I,595,0.0,0.0,0.0
uHvWwqUZZbWa66I,596,0.0,0.0,0.0
uHvWwqUZZbWa66I,597,0.0,0.0,0.0
uHvWwqUZZbWa66I,598,0.0,0.0,0.0
uHvWwqUZZbWa66I,599,0.0,0.0,0.0
uHvWwqUZZbWa66I,600,0.0,0.0,0.0
uHvWwqUZZbWa66I,601,0.0,0.0,0.0
uHvWwqUZZbWa66I,602,0.0,0.0,0.0
uHvWwqUZZbWa66I,603,0.0,0.0,0.0
uHvWwqUZZbWa66I,604,0.0,0.0,0.0
uHvWwqUZZbWa66I,605,0.0,0.0,0.0
uHvWwqUZZbWa66I,606,0.0,0.0,0.0
uHvWwqUZZbWa66I,607,0.0,0.0,0.0
uHvWwqUZZbWa66I,608,0.0,0.0,0.0
uHvWwqUZZbWa66I,609,0.0,0.0,0.0
uHvWwqUZZbWa66I,610,0.0,0.0,0.0
uHvWwqUZZbWa66I,611,0.0,0.0,0.0
uHvWwqUZZbWa66I,612,0.0,0.0,0.0
uHvWwqUZZbWa66I,613,0.0,0.0,0.0
uHvWwqUZZbWa66I,614,0.0,0.0,0.0
uHvWwqUZZbWa66I,615,0.0,0.0,0.0
uHvWwqUZZbWa66I,616,0.0,0.0,0.0
uHvWwqUZZbWa66I,617,0.0,0.0,0.0
uHvWwqUZZbWa66I,618,0.0,0.0,0.0
uHvWwqUZZbWa66I,619,0.0,0.0,0.0
uHvWwqUZZbWa66I,620,0.0,0.0,0.0
uHvWwqUZZbWa66I,621,0.0,0.0,0.0
uHvWwqUZZbWa66I,622,0.0,0.0,0.0
uHvWwqUZZbWa66I,623,0.0,0.0,0.0
uHvWwqUZZbWa66I,624,0.0,0.0,0.0
uHvWwqUZZbWa66I,625,0.0,0.0,0.0
uHvWwqUZZbWa66I,626,0.0,0.0,0.0
uHvWwqUZZbWa66I,627,0.0,0.0,0.0
uHvWwqUZZbWa66I,628,0.0,0.0,0.0
uHvWwqUZZbWa66I,629,0.0,0.0,0.0
uHvWwqUZZbWa66I,630,0.0,0.0,0.0
uHvWwqUZZbWa66I,631,0.0,0.0,0.0
uHvWwqUZZbWa66I,632,0.0,0.0,0.0
uHvWwqUZZbWa66I,633,0.0,0.0,0.0
uHvWwqUZZbWa66I,634,0.0,0.0,0.0
uHvWwqUZZbWa66I,635,0.0,0.0,0.0
uHvWwqUZZbWa66I,636,0.0,0.0,0.0
uHvWwqUZZbWa66I,637,0.0,0.0,0.0
uHvWwqUZZbWa66I,638,0.0,0.0,0.0
uHvWwqUZZbWa66I,639,0.0,0.0,0.0
uHvWwqUZZbWa66I,640,0.0,0.0,0.0
uHvWwqUZZbWa66I,641,0.0,0.0,0.0
uHvWwqUZZbWa66I,642,0.0,0.0,0.0
uHvWwqUZZbWa66I,643,0.0,0.0,0.0
uHvWwqUZZbWa66I,644,0.0,0.0,0.0
uHvWwqUZZbWa66I,645,0.0,0.0,0.0
uHvWwqUZZbWa66I,646,0.0,0.0,0.0
uHvWwqUZZbWa66I,647,0.0,0.0,0.0
uHvWwqUZZbWa66I,648,0.0,0.0,0.0
uHvWwqUZZbWa66I,649,0.0,0.0,0.0
uHvWwqUZZbWa66I,650,0.0,0.0,0.0
uHvWwqUZZbWa66I,651,0.0,0.0,0.0
uHvWwqUZZbWa66I,652,0.0,0.0,0.0
uHvWwqUZZbWa66I,653,0.0,0.0,0.0
uHvWwqUZZbWa66I,654,0.0,0.0,0.0
uHvWwqUZZbWa66I,655,0.0,0.0,0.0
uHvWwqUZZbWa66I,656,0.0,0.0,0.0
uHvWwqUZZbWa66I,657,0.0,0.0,0.0
uHvWwqUZZbWa66I,658,0.0,0.0,0.0
uHvWwqUZZbWa66I,659,0.0,0.0,0.0
uHvWwqUZZbWa66I,660,0.0,0.0,0.0
uHvWwqUZZbWa66I,661,0.0,0.0,0.0
uHvWwqUZZbWa66I,662,0.0,0.0,0.0
uHvWwqUZZbWa66I,663,0.0,0.0,0.0
uHvWwqUZZbWa66I,664,0.0,0.0,0.0
uHvWwqUZZbWa66I,665,0.0,0.0,0.0
uHvWwqUZZbWa66I,666,0.0,0.0,0.0
uHvWwqUZZbWa66I,667,0.0,0.0,0.0
uHvWwqUZZbWa66I,668,0.0,0.0,0.0
uHvWwqUZZbWa66I,669,0.0,0.0,0.0
uHvWwqUZZbWa66I,670,0.0,0.0,0.0
uHvWwqUZZbWa66I,671,0.0,0.0,0.0
uHvWwqUZZbWa66I,672,0.0,0.0,0.0
uHvWwqUZZbWa66I,673,0.0,0.0,0.0
uHvWwqUZZbWa66I,674,0.0,0.0,0.0
uHvWwqUZZbWa66I,675,0.0,0.0,0.0
uHvWwqUZZbWa66I,676,0.0,0.0,0.0
uHvWwqUZZbWa66I,677,0.0,0.0,0.0
uHvWwqUZZbWa66I,678,0.0,0.0,0.0
uHvWwqUZZbWa66I,679,0.0,0.0,0.0
uHvWwqUZZbWa66I,680,0.0,0.0,0.0
uHvWwqUZZbWa66I,681,0.0,0.0,0.0
uHvWwqUZZbWa66I,682,0.0,0.0,0.0
uHvWwqUZZbWa66I,683,0.0,0.0,0.0
uHvWwqUZZbWa66I,684,0.0,0.0,0.0
uHvWwqUZZbWa66I,685,0.0,0.0,0.0
uHvWwqUZZbWa66I,686,0.0,0.0,0.0
uHvWwqUZZbWa66I,687,0.0,0.0,0.0
uHvWwqUZZbWa66I,688,0.0,0.0,0.0
uHvWwqUZZbWa66I,689,0.0,0.0,0.0
uHvWwqUZZbWa66I,690,0.0,0.0,0.0
uHvWwqUZZbWa66I,691,0.0,0.0,0.0
uHvWwqUZZbWa66I,692,0.0,0.0,0.0
uHvWwqUZZbWa66I,693,0.0,0.0,0.0
uHvWwqUZZbWa66I,694,0.0,0.0,0.0
uHvWwqUZZbWa66I,695,0.0,0.0,0.0
uHvWwqUZZbWa66I,696,0.0,0.0,0.0
uHvWwqUZZbWa66I,697,0.0,0.0,0.0
uHvWwqUZZbWa66I,698,0.0,0.0,0.0
uHvWwqUZZbWa66I,699,0.0,0.0,0.0
uHvWwqUZZbWa66I,700,0.0,0.0,0.0
uHvWwqUZZbWa66I,701,0.0,0.0,0.0
uHvWwqUZZbWa66I,702,0.0,0.0,0.0
uHvWwqUZZbWa66I,703,0.0,0.0,0.0
uHvWwqUZZbWa66I,704,0.0,0.0,0.0
uHvWwqUZZbWa66I,705,0.0,0.0,0.0
uHvWwqUZZbWa66I,706,0.0,0.0,0.0
uHvWwqUZZbWa66I,707,0.0,0.0,0.0
uHvWwqUZZbWa66I,708,0.0,0.0,0.0
uHvWwqUZZbWa66I,709,0.0,0.0,0.0
uHvWwqUZZbWa66I,710,0.0,0.0,0.0
uHvWwqUZZbWa66I,711,0.0,0.0,0.0
uHvWwqUZZbWa66I,712,0.0,0.0,0.0
uHvWwqUZZbWa66I,713,0.0,0.0,0.0
uHvWwqUZZbWa66I,714,0.0,0.0,0.0
uHvWwqUZZbWa66I,715,0.0,0.0,0.0
uHvWwqUZZbWa66I,716,0.0,0.0,0.0
uHvWwqUZZbWa66I,717,0.0,0.0,0.0
uHvWwqUZZbWa66I,718,0.0,0.0,0.0
uHvWwqUZZbWa66I,719,0.0,0.0,0.0
uHvWwqUZZbWa66I,720,0.0,0.0,0.0
uHvWwqUZZbWa66I,721,0.0,0.0,0.0
uHvWwqUZZbWa66I,722,0.0,0.0,0.0
uHvWwqUZZbWa66I,723,0.0,0.0,0.0
uHvWwqUZZbWa66I,724,0.0,0.0,0.0
uHvWwqUZZbWa66I,725,0.0,0.0,0.0
uHvWwqUZZbWa66I,726,0.0,0.0,0.0
uHvWwqUZZbWa66I,727,0.0,0.0,0.0
uHvWwqUZZbWa66I,728,0.0,0.0,0.0
uHvWwqUZZbWa66I,729,0.0,0.0,0.0
uHvWwqUZZbWa66I,730,0.0,0.0,0.0
uHvWwqUZZbWa66I,731,0.0,0.0,0.0
uHvWwqUZZbWa66I,732,0.0,0.0,0.0
uHvWwqUZZbWa66I,733,0.0,0.0,0.0
uHvWwqUZZbWa66I,734,0.0,0.0,0.0
uHvWwqUZZbWa66I,735,0.0,0.0,0.0
uHvWwqUZZbWa66I,736,0.0,0.0,0.0
uHvWwqUZZbWa66I,737,0.0,0.0,0.0
uHvWwqUZZbWa66I,738,0.0,0.0,0.0
uHvWwqUZZbWa66I,739,0.0,0.0,0.0
uHvWwqUZZbWa66I,740,0.0,0.0,0.0
uHvWwqUZZbWa66I,741,0.0,0.0,0.0
uHvWwqUZZbWa66I,742,0.0,0.0,0.0
uHvWwqUZZbWa66I,743,0.0,0.0,0.0
uHvWwqUZZbWa66I,744,0.0,0.0,0.0
uHvWwqUZZbWa66I,745,0.0,0.0,0.0
uHvWwqUZZbWa66I,746,0.0,0.0,0.0
uHvWwqUZZbWa66I,747,0.0,0.0,0.0
uHvWwqUZZbWa66I,748,0.0,0.0,0.0
uHvWwqUZZbWa66I,749,0.0,0.0,0.0
uHvWwqUZZbWa66I,750,0.0,0.0,0.0
uHvWwqUZZbWa66I,751,0.0,0.0,0.0
uHvWwqUZZbWa66I,752,0.0,0.0,0.0
uHvWwqUZZbWa66I,753,0.0,0.0,0.0
uHvWwqUZZbWa66I,754,0.0,0.0,0.0
uHvWwqUZZbWa66I,755,0.0,0.0,0.0
uHvWwqUZZbWa66I,756,0.0,0.0,0.0
uHvWwqUZZbWa66I,757,0.0,0.0,0.0
uHvWwqUZZbWa66I,758,0.0,0.0,0.0
uHvWwqUZZbWa66I,759,0.0,0.0,0.0
uHvWwqUZZbWa66I,760,0.0,0.0,0.0
uHvWwqUZZbWa66I,761,0.0,0.0,0.0
uHvWwqUZZbWa66I,762,0.0,0.0,0.0
uHvWwqUZZbWa66I,763,0.0,0.0,0.0
uHvWwqUZZbWa66I,764,0.0,0.0,0.0
uHvWwqUZZbWa66I,765,0.0,0.0,0.0
uHvWwqUZZbWa66I,766,0.0,0.0,0.0
uHvWwqUZZbWa66I,767,0.0,0.0,0.0
uHvWwqUZZbWa66I,768,0.0,0.0,0.0
uHvWwqUZZbWa66I,769,0.0,0.0,0.0
uHvWwqUZZbWa66I,770,0.0,0.0,0.0
uHvWwqUZZbWa66I,771,0.0,0.0,0.0
uHvWwqUZZbWa66I,772,0.0,0.0,0.0
uHvWwqUZZbWa66I,773,0.0,0.0,0.0
uHvWwqUZZbWa66I,774,0.0,0.0,0.0
uHvWwqUZZbWa66I,775,0.0,0.0,0.0
uHvWwqUZZbWa66I,776,0.0,0.0,0.0
uHvWwqUZZbWa66I,777,0.0,0.0,0.0
uHvWwqUZZbWa66I,778,0.0,0.0,0.0
uHvWwqUZZbWa66I,779,0.0,0.0,0.0
uHvWwqUZZbWa66I,780,0.0,0.0,0.0
uHvWwqUZZbWa66I,781,0.0,0.0,0.0
uHvWwqUZZbWa66I,782,0.0,0.0,0.0
uHvWwqUZZbWa66I,783,0.0,0.0,0.0
uHvWwqUZZbWa66I,784,0.0,0.0,0.0
uHvWwqUZZbWa66I,785,0.0,0.0,0.0
uHvWwqUZZbWa66I,786,0.0,0.0,0.0
uHvWwqUZZbWa66I,787,0.0,0.0,0.0
uHvWwqUZZbWa66I,788,0.0,0.0,0.0
uHvWwqUZZbWa66I,789,0.0,0.0,0.0
uHvWwqUZZbWa66I,790,0.0,0.0,0.0
uHvWwqUZZbWa66I,791,0.0,0.0,0.0
uHvWwqUZZbWa66I,792,0.0,0.0,0.0
uHvWwqUZZbWa66I,793,0.0,0.0,0.0
uHvWwqUZZbWa66I,794,0.0,0.0,0.0
uHvWwqUZZbWa66I,795,0.0,0.0,0.0
uHvWwqUZZbWa66I,796,0.0,0.0,0.0
uHvWwqUZZbWa66I,797,0.0,0.0,0.0
uHvWwqUZZbWa66I,798,0.0,0.0,0.0
uHvWwqUZZbWa66I,799,0.0,0.0,0.0
uHvWwqUZZbWa66I,800,0.0,0.0,0.0
uHvWwqUZZbWa66I,801,0.0,0.0,0.0
uHvWwqUZZbWa66I,802,0.0,0.0,0.0
uHvWwqUZZbWa66I,803,0.0,0.0,0.0
uHvWwqUZZbWa66I,804,0.0,0.0,0.0
uHvWwqUZZbWa66I,805,0.0,0.0,0.0
uHvWwqUZZbWa66I,806,0.0,0.0,0.0
uHvWwqUZZbWa66I,807,0.0,0.0,0.0
uHvWwqUZZbWa66I,808,0.0,0.0,0.0
uHvWwqUZZbWa66I,809,0.0,0.0,0.0
uHvWwqUZZbWa66I,810,0.0,0.0,0.0
uHvWwqUZZbWa66I,811,0.0,0.0,0.0
uHvWwqUZZbWa66I,812,0.0,0.0,0.0
uHvWwqUZZbWa66I,813,0.0,0.0,0.0
uHvWwqUZZbWa66I,814,0.0,0.0,0.0
uHvWwqUZZbWa66I,815,0.0,0.0,0.0
uHvWwqUZZbWa66I,816,0.0,0.0,0.0
uHvWwqUZZbWa66I,817,0.0,0.0,0.0
uHvWwqUZZbWa66I,818,0.0,0.0,0.0
uHvWwqUZZbWa66I,819,0.0,0.0,0.0
uHvWwqUZZbWa66I,820,0.0,0.0,0.0
uHvWwqUZZbWa66I,821,0.0,0.0,0.0
uHvWwqUZZbWa66I,822,0.0,0.0,0.0
uHvWwqUZZbWa66I,823,0.0,0.0,0.0
uHvWwqUZZbWa66I,824,0.0,0.0,0.0
uHvWwqUZZbWa66I,825,0.0,0.0,0.0
uHvWwqUZZbWa66I,826,0.0,0.0,0.0
uHvWwqUZZbWa66I,827,0.0,0.0,0.0
uHvWwqUZZbWa66I,828,0.0,0.0,0.0
uHvWwqUZZbWa66I,829,0.0,0.0,0.0
uHvWwqUZZbWa66I,830,0.0,0.0,0.0
uHvWwqUZZbWa66I,831,0.0,0.0,0.0
uHvWwqUZZbWa66I,832,0.0,0.0,0.0
uHvWwqUZZbWa66I,833,0.0,0.0,0.0
uHvWwqUZZbWa66I,834,0.0,0.0,0.0
uHvWwqUZZbWa66I,835,0.0,0.0,0.0
uHvWwqUZZbWa66I,836,0.0,0.0,0.0
uHvWwqUZZbWa66I,837,0.0,0.0,0.0
uHvWwqUZZbWa66I,838,0.0,0.0,0.0
uHvWwqUZZbWa66I,839,0.0,0.0,0.0
uHvWwqUZZbWa66I,840,0.0,0.0,0.0
uHvWwqUZZbWa66I,841,0.0,0.0,0.0
uHvWwqUZZbWa66I,842,0.0,0.0,0.0
uHvWwqUZZbWa66I,843,0.0,0.0,0.0
uHvWwqUZZbWa66I,844,0.0,0.0,0.0
uHvWwqUZZbWa66I,845,0.0,0.0,0.0
uHvWwqUZZbWa66I,846,0.0,0.0,0.0
uHvWwqUZZbWa66I,847,0.0,0.0,0.0
uHvWwqUZZbWa66I,848,0.0,0.0,0.0
uHvWwqUZZbWa66I,849,0.0,0.0,0.0
uHvWwqUZZbWa66I,850,0.0,0.0,0.0
uHvWwqUZZbWa66I,851,0.0,0.0,0.0
uHvWwqUZZbWa66I,852,0.0,0.0,0.0
uHvWwqUZZbWa66I,853,0.0,0.0,0.0
uHvWwqUZZbWa66I,854,0.0,0.0,0.0
uHvWwqUZZbWa66I,855,0.0,0.0,0.0
uHvWwqUZZbWa66I,856,0.0,0.0,0.0
uHvWwqUZZbWa66I,857,0.0,0.0,0.0
uHvWwqUZZbWa66I,858,0.0,0.0,0.0
uHvWwqUZZbWa66I,859,0.0,0.0,0.0
uHvWwqUZZbWa66I,860,0.0,0.0,0.0
uHvWwqUZZbWa66I,861,0.0,0.0,0.0
uHvWwqUZZbWa66I,862,0.0,0.0,0.0
uHvWwqUZZbWa66I,863,0.0,0.0,0.0
uHvWwqUZZbWa66I,864,0.0,0.0,0.0
uHvWwqUZZbWa66I,865,0.0,0.0,0.0
uHvWwqUZZbWa66I,866,0.0,0.0,0.0
uHvWwqUZZbWa66I,867,0.0,0.0,0.0
uHvWwqUZZbWa66I,868,0.0,0.0,0.0
uHvWwqUZZbWa66I,869,0.0,0.0,0.0
uHvWwqUZZbWa66I,870,0.0,0.0,0.0
uHvWwqUZZbWa66I,871,0.0,0.0,0.0
uHvWwqUZZbWa66I,872,0.0,0.0,0.0
uHvWwqUZZbWa66I,873,0.0,0.0,0.0
uHvWwqUZZbWa66I,874,0.0,0.0,0.0
uHvWwqUZZbWa66I,875,0.0,0.0,0.0
uHvWwqUZZbWa66I,876,0.0,0.0,0.0
uHvWwqUZZbWa66I,877,0.0,0.0,0.0
uHvWwqUZZbWa66I,878,0.0,0.0,0.0
uHvWwqUZZbWa66I,879,0.0,0.0,0.0
uHvWwqUZZbWa66I,880,0.0,0.0,0.0
uHvWwqUZZbWa66I,881,0.0,0.0,0.0
uHvWwqUZZbWa66I,882,0.0,0.0,0.0
uHvWwqUZZbWa66I,883,0.0,0.0,0.0
uHvWwqUZZbWa66I,884,0.0,0.0,0.0
uHvWwqUZZbWa66I,885,0.0,0.0,0.0
uHvWwqUZZbWa66I,886,0.0,0.0,0.0
uHvWwqUZZbWa66I,887,0.0,0.0,0.0
uHvWwqUZZbWa66I,888,0.0,0.0,0.0
uHvWwqUZZbWa66I,889,0.0,0.0,0.0
uHvWwqUZZbWa66I,890,0.0,0.0,0.0
uHvWwqUZZbWa66I,891,0.0,0.0,0.0
uHvWwqUZZbWa66I,892,0.0,0.0,0.0
uHvWwqUZZbWa66I,893,0.0,0.0,0.0
uHvWwqUZZbWa66I,894,0.0,0.0,0.0
uHvWwqUZZbWa66I,895,0.0,0.0,0.0
uHvWwqUZZbWa66I,896,0.0,0.0,0.0
uHvWwqUZZbWa66I,897,0.0,0.0,0.0
uHvWwqUZZbWa66I,898,0.0,0.0,0.0
uHvWwqUZZbWa66I,899,0.0,0.0,0.0
uHvWwqUZZbWa66I,900,0.0,0.0,0.0
uHvWwqUZZbWa66I,901,0.0,0.0,0.0
uHvWwqUZZbWa66I,902,0.0,0.0,0.0
uHvWwqUZZbWa66I,903,0.0,0.0,0.0
uHvWwqUZZbWa66I,904,0.0,0.0,0.0
uHvWwqUZZbWa66I,905,0.0,0.0,0.0
uHvWwqUZZbWa66I,906,0.0,0.0,0.0
uHvWwqUZZbWa66I,907,0.0,0.0,0.0
uHvWwqUZZbWa66I,908,0.0,0.0,0.0
uHvWwqUZZbWa66I,909,0.0,0.0,0.0
uHvWwqUZZbWa66I,910,0.0,0.0,0.0
uHvWwqUZZbWa66I,911,0.0,0.0,0.0
uHvWwqUZZbWa66I,912,0.0,0.0,0.0
uHvWwqUZZbWa66I,913,0.0,0.0,0.0
uHvWwqUZZbWa66I,914,0.0,0.0,0.0
uHvWwqUZZbWa66I,915,0.0,0.0,0.0
uHvWwqUZZbWa66I,916,0.0,0.0,0.0
uHvWwqUZZbWa66I,917,0.0,0.0,0.0
uHvWwqUZZbWa66I,918,0.0,0.0,0.0
uHvWwqUZZbWa66I,919,0.0,0.0,0.0
uHvWwqUZZbWa66I,920,0.0,0.0,0.0
uHvWwqUZZbWa66I,921,0.0,0.0,0.0
uHvWwqUZZbWa66I,922,0.0,0.0,0.0
uHvWwqUZZbWa66I,923,0.0,0.0,0.0
uHvWwqUZZbWa66I,924,0.0,0.0,0.0
uHvWwqUZZbWa66I,925,0.0,0.0,0.0
uHvWwqUZZbWa66I,926,0.0,0.0,0.0
uHvWwqUZZbWa66I,927,0.0,0.0,0.0
uHvWwqUZZbWa66I,928,0.0,0.0,0.0
uHvWwqUZZbWa66I,929,0.0,0.0,0.0
uHvWwqUZZbWa66I,930,0.0,0.0,0.0
uHvWwqUZZbWa66I,931,0.0,0.0,0.0
uHvWwqUZZbWa66I,932,0.0,0.0,0.0
uHvWwqUZZbWa66I,933,0.0,0.0,0.0
uHvWwqUZZbWa66I,934,0.0,0.0,0.0
uHvWwqUZZbWa66I,935,0.0,0.0,0.0
uHvWwqUZZbWa66I,936,0.0,0.0,0.0
uHvWwqUZZbWa66I,937,0.0,0.0,0.0
uHvWwqUZZbWa66I,938,0.0,0.0,0.0
uHvWwqUZZbWa66I,939,0.0,0.0,0.0
uHvWwqUZZbWa66I,940,0.0,0.0,0.0
uHvWwqUZZbWa66I,941,0.0,0.0,0.0
uHvWwqUZZbWa66I,942,0.0,0.0,0.0
uHvWwqUZZbWa66I,943,0.0,0.0,0.0
uHvWwqUZZbWa66I,944,0.0,0.0,0.0
uHvWwqUZZbWa66I,945,0.0,0.0,0.0
uHvWwqUZZbWa66I,946,0.0,0.0,0.0
uHvWwqUZZbWa66I,947,0.0,0.0,0.0
uHvWwqUZZbWa66I,948,0.0,0.0,0.0
uHvWwqUZZbWa66I,949,0.0,0.0,0.0
uHvWwqUZZbWa66I,950,0.0,0.0,0.0
uHvWwqUZZbWa66I,951,0.0,0.0,0.0
uHvWwqUZZbWa66I,952,0.0,0.0,0.0
uHvWwqUZZbWa66I,953,0.0,0.0,0.0
uHvWwqUZZbWa66I,954,0.0,0.0,0.0
uHvWwqUZZbWa66I,955,0.0,0.0,0.0
uHvWwqUZZbWa66I,956,0.0,0.0,0.0
uHvWwqUZZbWa66I,957,0.0,0.0,0.0
uHvWwqUZZbWa66I,958,0.0,0.0,0.0
uHvWwqUZZbWa66I,959,0.0,0.0,0.0
uHvWwqUZZbWa66I,960,0.0,0.0,0.0
uHvWwqUZZbWa66I,961,0.0,0.0,0.0
uHvWwqUZZbWa66I,962,0.0,0.0,0.0
uHvWwqUZZbWa66I,963,0.0,0.0,0.0
uHvWwqUZZbWa66I,964,0.0,0.0,0.0
uHvWwqUZZbWa66I,965,0.0,0.0,0.0
uHvWwqUZZbWa66I,966,0.0,0.0,0.0
uHvWwqUZZbWa66I,967,0.0,0.0,0.0
uHvWwqUZZbWa66I,968,0.0,0.0,0.0
uHvWwqUZZbWa66I,969,0.0,0.0,0.0
uHvWwqUZZbWa66I,970,0.0,0.0,0.0
uHvWwqUZZbWa66I,971,0.0,0.0,0.0
uHvWwqUZZbWa66I,972,0.0,0.0,0.0
uHvWwqUZZbWa66I,973,0.0,0.0,0.0
uHvWwqUZZbWa66I,974,0.0,0.0,0.0
uHvWwqUZZbWa66I,975,0.0,0.0,0.0
uHvWwqUZZbWa66I,976,0.0,0.0,0.0
uHvWwqUZZbWa66I,977,0.0,0.0,0.0
uHvWwqUZZbWa66I,978,0.0,0.0,0.0
uHvWwqUZZbWa66I,979,0.0,0.0,0.0
uHvWwqUZZbWa66I,980,0.0,0.0,0.0
uHvWwqUZZbWa66I,981,0.0,0.0,0.0
uHvWwqUZZbWa66I,982,0.0,0.0,0.0
uHvWwqUZZbWa66I,983,0.0,0.0,0.0
uHvWwqUZZbWa66I,984,0.0,0.0,0.0
uHvWwqUZZbWa66I,985,0.0,0.0,0.0
uHvWwqUZZbWa66I,986,0.0,0.0,0.0
uHvWwqUZZbWa66I,987,0.0,0.0,0.0
uHvWwqUZZbWa66I,988,0.0,0.0,0.0
uHvWwqUZZbWa66I,989,0.0,0.0,0.0
uHvWwqUZZbWa66I,990,0.0,0.0,0.0
uHvWwqUZZbWa66I,991,0.0,0.0,0.0
uHvWwqUZZbWa66I,992,0.0,0.0,0.0
uHvWwqUZZbWa66I,993,0.0,0.0,0.0
uHvWwqUZZbWa66I,994,0.0,0.0,0.0
uHvWwqUZZbWa66I,995,0.0,0.0,0.0
uHvWwqUZZbWa66I,996,0.0,0.0,0.0
uHvWwqUZZbWa66I,997,0.0,0.0,0.0
uHvWwqUZZbWa66I,998,0.0,0.0,0.0
uHvWwqUZZbWa66I,999,0.0,0.0,0.0
uHvWwqUZZbWa66I,1000,0.0,0.0,0.0
uHvWwqUZZbWa66I,1001,0.0,0.0,0.0
uHvWwqUZZbWa66I,1002,0.0,0.0,0.0
uHvWwqUZZbWa66I,1003,0.0,0.0,0.0
uHvWwqUZZbWa66I,1004,0.0,0.0,0.0
uHvWwqUZZbWa66I,1005,0.0,0.0,0.0
uHvWwqUZZbWa66I,1006,0.0,0.0,0.0
uHvWwqUZZbWa66I,1007,0.0,0.0,0.0
uHvWwqUZZbWa66I,1008,0.0,0.0,0.0
uHvWwqUZZbWa66I,1009,0.0,0.0,0.0
uHvWwqUZZbWa66I,1010,0.0,0.0,0.0
uHvWwqUZZbWa66I,1011,0.0,0.0,0.0
uHvWwqUZZbWa66I,1012,0.0,0.0,0.0
uHvWwqUZZbWa66I,1013,0.0,0.0,0.0
uHvWwqUZZbWa66I,1014,0.0,0.0,0.0
uHvWwqUZZbWa66I,1015,0.0,0.0,0.0
uHvWwqUZZbWa66I,1016,0.0,0.0,0.0
uHvWwqUZZbWa66I,1017,0.0,0.0,0.0
uHvWwqUZZbWa66I,1018,0.0,0.0,0.0
uHvWwqUZZbWa66I,1019,0.0,0.0,0.0
uHvWwqUZZbWa66I,1020,0.0,0.0,0.0
uHvWwqUZZbWa66I,1021,0.0,0.0,0.0
uHvWwqUZZbWa66I,1022,0.0,0.0,0.0
uHvWwqUZZbWa66I,1023,0.0,0.0,0.0
uHvWwqUZZbWa66I,1024,0.0,0.0,0.0
uHvWwqUZZbWa66I,1025,0.0,0.0,0.0
uHvWwqUZZbWa66I,1026,0.0,0.0,0.0
uHvWwqUZZbWa66I,1027,0.0,0.0,0.0
uHvWwqUZZbWa66I,1028,0.0,0.0,0.0
uHvWwqUZZbWa66I,1029,0.0,0.0,0.0
uHvWwqUZZbWa66I,1030,0.0,0.0,0.0
uHvWwqUZZbWa66I,1031,0.0,0.0,0.0
uHvWwqUZZbWa66I,1032,0.0,0.0,0.0
uHvWwqUZZbWa66I,1033,0.0,0.0,0.0
uHvWwqUZZbWa66I,1034,0.0,0.0,0.0
uHvWwqUZZbWa66I,1035,0.0,0.0,0.0
uHvWwqUZZbWa66I,1036,0.0,0.0,0.0
uHvWwqUZZbWa66I,1037,0.0,0.0,0.0
uHvWwqUZZbWa66I,1038,0.0,0.0,0.0
uHvWwqUZZbWa66I,1039,0.0,0.0,0.0
uHvWwqUZZbWa66I,1040,0.0,0.0,0.0
uHvWwqUZZbWa66I,1041,0.0,0.0,0.0
uHvWwqUZZbWa66I,1042,0.0,0.0,0.0
uHvWwqUZZbWa66I,1043,0.0,0.0,0.0
uHvWwqUZZbWa66I,1044,0.0,0.0,0.0
uHvWwqUZZbWa66I,1045,0.0,0.0,0.0
uHvWwqUZZbWa66I,1046,0.0,0.0,0.0
uHvWwqUZZbWa66I,1047,0.0,0.0,0.0
uHvWwqUZZbWa66I,1048,0.0,0.0,0.0
uHvWwqUZZbWa66I,1049,0.0,0.0,0.0
uHvWwqUZZbWa66I,1050,0.0,0.0,0.0
uHvWwqUZZbWa66I,1051,0.0,0.0,0.0
uHvWwqUZZbWa66I,1052,0.0,0.0,0.0
uHvWwqUZZbWa66I,1053,0.0,0.0,0.0
uHvWwqUZZbWa66I,1054,0.0,0.0,0.0
uHvWwqUZZbWa66I,1055,0.0,0.0,0.0
uHvWwqUZZbWa66I,1056,0.0,0.0,0.0
uHvWwqUZZbWa66I,1057,0.0,0.0,0.0
uHvWwqUZZbWa66I,1058,0.0,0.0,0.0
uHvWwqUZZbWa66I,1059,0.0,0.0,0.0
uHvWwqUZZbWa66I,1060,0.0,0.0,0.0
uHvWwqUZZbWa66I,1061,0.0,0.0,0.0
uHvWwqUZZbWa66I,1062,0.0,0.0,0.0
uHvWwqUZZbWa66I,1063,0.0,0.0,0.0
uHvWwqUZZbWa66I,1064,0.0,0.0,0.0
uHvWwqUZZbWa66I,1065,0.0,0.0,0.0
uHvWwqUZZbWa66I,1066,0.0,0.0,0.0
uHvWwqUZZbWa66I,1067,0.0,0.0,0.0
uHvWwqUZZbWa66I,1068,0.0,0.0,0.0
uHvWwqUZZbWa66I,1069,0.0,0.0,0.0
uHvWwqUZZbWa66I,1070,0.0,0.0,0.0
uHvWwqUZZbWa66I,1071,0.0,0.0,0.0
uHvWwqUZZbWa66I,1072,0.0,0.0,0.0
uHvWwqUZZbWa66I,1073,0.0,0.0,0.0
uHvWwqUZZbWa66I,1074,0.0,0.0,0.0
uHvWwqUZZbWa66I,1075,0.0,0.0,0.0
uHvWwqUZZbWa66I,1076,0.0,0.0,0.0
uHvWwqUZZbWa66I,1077,0.0,0.0,0.0
uHvWwqUZZbWa66I,1078,0.0,0.0,0.0
uHvWwqUZZbWa66I,1079,0.0,0.0,0.0
uHvWwqUZZbWa66I,1080,0.0,0.0,0.0
uHvWwqUZZbWa66I,1081,0.0,0.0,0.0
uHvWwqUZZbWa66I,1082,0.0,0.0,0.0
uHvWwqUZZbWa66I,1083,0.0,0.0,0.0
uHvWwqUZZbWa66I,1084,0.0,0.0,0.0
uHvWwqUZZbWa66I,1085,0.0,0.0,0.0
uHvWwqUZZbWa66I,1086,0.0,0.0,0.0
uHvWwqUZZbWa66I,1087,0.0,0.0,0.0
uHvWwqUZZbWa66I,1088,0.0,0.0,0.0
uHvWwqUZZbWa66I,1089,0.0,0.0,0.0
uHvWwqUZZbWa66I,1090,0.0,0.0,0.0
uHvWwqUZZbWa66I,1091,0.0,0.0,0.0
uHvWwqUZZbWa66I,1092,0.0,0.0,0.0
uHvWwqUZZbWa66I,1093,0.0,0.0,0.0
uHvWwqUZZbWa66I,1094,0.0,0.0,0.0
uHvWwqUZZbWa66I,1095,0.0,0.0,0.0
uHvWwqUZZbWa66I,1096,0.0,0.0,0.0
uHvWwqUZZbWa66I,1097,0.0,0.0,0.0
uHvWwqUZZbWa66I,1098,0.0,0.0,0.0
uHvWwqUZZbWa66I,1099,0.0,0.0,0.0
uHvWwqUZZbWa66I,1100,0.0,0.0,0.0
uHvWwqUZZbWa66I,1101,0.0,0.0,0.0
uHvWwqUZZbWa66I,1102,0.0,0.0,0.0
uHvWwqUZZbWa66I,1103,0.0,0.0,0.0
uHvWwqUZZbWa66I,1104,0.0,0.0,0.0
uHvWwqUZZbWa66I,1105,0.0,0.0,0.0
uHvWwqUZZbWa66I,1106,0.0,0.0,0.0
uHvWwqUZZbWa66I,1107,0.0,0.0,0.0
uHvWwqUZZbWa66I,1108,0.0,0.0,0.0
uHvWwqUZZbWa66I,1109,0.0,0.0,0.0
uHvWwqUZZbWa66I,1110,0.0,0.0,0.0
uHvWwqUZZbWa66I,1111,0.0,0.0,0.0
uHvWwqUZZbWa66I,1112,0.0,0.0,0.0
uHvWwqUZZbWa66I,1113,0.0,0.0,0.0
uHvWwqUZZbWa66I,1114,0.0,0.0,0.0
uHvWwqUZZbWa66I,1115,0.0,0.0,0.0
uHvWwqUZZbWa66I,1116,0.0,0.0,0.0
uHvWwqUZZbWa66I,1117,0.0,0.0,0.0
uHvWwqUZZbWa66I,1118,0.0,0.0,0.0
uHvWwqUZZbWa66I,1119,0.0,0.0,0.0
uHvWwqUZZbWa66I,1120,0.0,0.0,0.0
uHvWwqUZZbWa66I,1121,0.0,0.0,0.0
uHvWwqUZZbWa66I,1122,0.0,0.0,0.0
uHvWwqUZZbWa66I,1123,0.0,0.0,0.0
uHvWwqUZZbWa66I,1124,0.0,0.0,0.0
uHvWwqUZZbWa66I,1125,0.0,0.0,0.0
uHvWwqUZZbWa66I,1126,0.0,0.0,0.0
uHvWwqUZZbWa66I,1127,0.0,0.0,0.0
uHvWwqUZZbWa66I,1128,0.0,0.0,0.0
uHvWwqUZZbWa66I,1129,0.0,0.0,0.0
uHvWwqUZZbWa66I,1130,0.0,0.0,0.0
uHvWwqUZZbWa66I,1131,0.0,0.0,0.0
uHvWwqUZZbWa66I,1132,0.0,0.0,0.0
uHvWwqUZZbWa66I,1133,0.0,0.0,0.0
uHvWwqUZZbWa66I,1134,0.0,0.0,0.0
uHvWwqUZZbWa66I,1135,0.0,0.0,0.0
uHvWwqUZZbWa66I,1136,0.0,0.0,0.0
uHvWwqUZZbWa66I,1137,0.0,0.0,0.0
uHvWwqUZZbWa66I,1138,0.0,0.0,0.0
uHvWwqUZZbWa66I,1139,0.0,0.0,0.0
uHvWwqUZZbWa66I,1140,0.0,0.0,0.0
uHvWwqUZZbWa66I,1141,0.0,0.0,0.0
uHvWwqUZZbWa66I,1142,0.0,0.0,0.0
uHvWwqUZZbWa66I,1143,0.0,0.0,0.0
uHvWwqUZZbWa66I,1144,0.0,0.0,0.0
uHvWwqUZZbWa66I,1145,0.0,0.0,0.0
uHvWwqUZZbWa66I,1146,0.0,0.0,0.0
uHvWwqUZZbWa66I,1147,0.0,0.0,0.0
uHvWwqUZZbWa66I,1148,0.0,0.0,0.0
uHvWwqUZZbWa66I,1149,0.0,0.0,0.0
uHvWwqUZZbWa66I,1150,0.0,0.0,0.0
uHvWwqUZZbWa66I,1151,0.0,0.0,0.0
uHvWwqUZZbWa66I,1152,0.0,0.0,0.0
uHvWwqUZZbWa66I,1153,0.0,0.0,0.0
uHvWwqUZZbWa66I,1154,0.0,0.0,0.0
uHvWwqUZZbWa66I,1155,0.0,0.0,0.0
uHvWwqUZZbWa66I,1156,0.0,0.0,0.0
uHvWwqUZZbWa66I,1157,0.0,0.0,0.0
uHvWwqUZZbWa66I,1158,0.0,0.0,0.0
uHvWwqUZZbWa66I,1159,0.0,0.0,0.0
uHvWwqUZZbWa66I,1160,0.0,0.0,0.0
uHvWwqUZZbWa66I,1161,0.0,0.0,0.0
uHvWwqUZZbWa66I,1162,0.0,0.0,0.0
uHvWwqUZZbWa66I,1163,0.0,0.0,0.0
uHvWwqUZZbWa66I,1164,0.0,0.0,0.0
uHvWwqUZZbWa66I,1165,0.0,0.0,0.0
uHvWwqUZZbWa66I,1166,0.0,0.0,0.0
uHvWwqUZZbWa66I,1167,0.0,0.0,0.0
uHvWwqUZZbWa66I,1168,0.0,0.0,0.0
uHvWwqUZZbWa66I,1169,0.0,0.0,0.0
uHvWwqUZZbWa66I,1170,0.0,0.0,0.0
uHvWwqUZZbWa66I,1171,0.0,0.0,0.0
uHvWwqUZZbWa66I,1172,0.0,0.0,0.0
uHvWwqUZZbWa66I,1173,0.0,0.0,0.0
uHvWwqUZZbWa66I,1174,0.0,0.0,0.0
uHvWwqUZZbWa66I,1175,0.0,0.0,0.0
uHvWwqUZZbWa66I,1176,0.0,0.0,0.0
uHvWwqUZZbWa66I,1177,0.0,0.0,0.0
uHvWwqUZZbWa66I,1178,0.0,0.0,0.0
uHvWwqUZZbWa66I,1179,0.0,0.0,0.0
uHvWwqUZZbWa66I,1180,0.0,0.0,0.0
uHvWwqUZZbWa66I,1181,0.0,0.0,0.0
uHvWwqUZZbWa66I,1182,0.0,0.0,0.0
uHvWwqUZZbWa66I,1183,0.0,0.0,0.0
uHvWwqUZZbWa66I,1184,0.0,0.0,0.0
uHvWwqUZZbWa66I,1185,0.0,0.0,0.0
uHvWwqUZZbWa66I,1186,0.0,0.0,0.0
uHvWwqUZZbWa66I,1187,0.0,0.0,0.0
uHvWwqUZZbWa66I,1188,0.0,0.0,0.0
uHvWwqUZZbWa66I,1189,0.0,0.0,0.0
uHvWwqUZZbWa66I,1190,0.0,0.0,0.0
uHvWwqUZZbWa66I,1191,0.0,0.0,0.0
uHvWwqUZZbWa66I,1192,0.0,0.0,0.0
uHvWwqUZZbWa66I,1193,0.0,0.0,0.0
uHvWwqUZZbWa66I,1194,0.0,0.0,0.0
uHvWwqUZZbWa66I,1195,0.0,0.0,0.0
uHvWwqUZZbWa66I,1196,0.0,0.0,0.0
uHvWwqUZZbWa66I,1197,0.0,0.0,0.0
uHvWwqUZZbWa66I,1198,0.0,0.0,0.0
uHvWwqUZZbWa66I,1199,0.0,0.0,0.0
uHvWwqUZZbWa66I,1200,0.0,0.0,0.0
uHvWwqUZZbWa66I,1201,0.0,0.0,0.0
uHvWwqUZZbWa66I,1202,0.0,0.0,0.0
uHvWwqUZZbWa66I,1203,0.0,0.0,0.0
uHvWwqUZZbWa66I,1204,0.0,0.0,0.0
uHvWwqUZZbWa66I,1205,0.0,0.0,0.0
uHvWwqUZZbWa66I,1206,0.0,0.0,0.0
uHvWwqUZZbWa66I,1207,0.0,0.0,0.0
uHvWwqUZZbWa66I,1208,0.0,0.0,0.0
uHvWwqUZZbWa66I,1209,0.0,0.0,0.0
uHvWwqUZZbWa66I,1210,0.0,0.0,0.0
uHvWwqUZZbWa66I,1211,0.0,0.0,0.0
uHvWwqUZZbWa66I,1212,0.0,0.0,0.0
uHvWwqUZZbWa66I,1213,0.0,0.0,0.0
uHvWwqUZZbWa66I,1214,0.0,0.0,0.0
uHvWwqUZZbWa66I,1215,0.0,0.0,0.0
uHvWwqUZZbWa66I,1216,0.0,0.0,0.0
uHvWwqUZZbWa66I,1217,0.0,0.0,0.0
uHvWwqUZZbWa66I,1218,0.0,0.0,0.0
uHvWwqUZZbWa66I,1219,0.0,0.0,0.0
uHvWwqUZZbWa66I,1220,0.0,0.0,0.0
uHvWwqUZZbWa66I,1221,0.0,0.0,0.0
uHvWwqUZZbWa66I,1222,0.0,0.0,0.0
uHvWwqUZZbWa66I,1223,0.0,0.0,0.0
uHvWwqUZZbWa66I,1224,0.0,0.0,0.0
uHvWwqUZZbWa66I,1225,0.0,0.0,0.0
uHvWwqUZZbWa66I,1226,0.0,0.0,0.0
uHvWwqUZZbWa66I,1227,0.0,0.0,0.0
uHvWwqUZZbWa66I,1228,0.0,0.0,0.0
uHvWwqUZZbWa66I,1229,0.0,0.0,0.0
uHvWwqUZZbWa66I,1230,0.0,0.0,0.0
uHvWwqUZZbWa66I,1231,0.0,0.0,0.0
uHvWwqUZZbWa66I,1232,0.0,0.0,0.0
uHvWwqUZZbWa66I,1233,0.0,0.0,0.0
uHvWwqUZZbWa66I,1234,0.0,0.0,0.0
uHvWwqUZZbWa66I,1235,0.0,0.0,0.0
uHvWwqUZZbWa66I,1236,0.0,0.0,0.0
uHvWwqUZZbWa66I,1237,0.0,0.0,0.0
uHvWwqUZZbWa66I,1238,0.0,0.0,0.0
uHvWwqUZZbWa66I,1239,0.0,0.0,0.0
uHvWwqUZZbWa66I,1240,0.0,0.0,0.0
uHvWwqUZZbWa66I,1241,0.0,0.0,0.0
uHvWwqUZZbWa66I,1242,0.0,0.0,0.0
uHvWwqUZZbWa66I,1243,0.0,0.0,0.0
uHvWwqUZZbWa66I,1244,0.0,0.0,0.0
uHvWwqUZZbWa66I,1245,0.0,0.0,0.0
uHvWwqUZZbWa66I,1246,0.0,0.0,0.0
uHvWwqUZZbWa66I,1247,0.0,0.0,0.0
uHvWwqUZZbWa66I,1248,0.0,0.0,0.0
uHvWwqUZZbWa66I,1249,0.0,0.0,0.0
uHvWwqUZZbWa66I,1250,0.0,0.0,0.0
uHvWwqUZZbWa66I,1251,0.0,0.0,0.0
uHvWwqUZZbWa66I,1252,0.0,0.0,0.0
uHvWwqUZZbWa66I,1253,0.0,0.0,0.0
uHvWwqUZZbWa66I,1254,0.0,0.0,0.0
uHvWwqUZZbWa66I,1255,0.0,0.0,0.0
uHvWwqUZZbWa66I,1256,0.0,0.0,0.0
uHvWwqUZZbWa66I,1257,0.0,0.0,0.0
uHvWwqUZZbWa66I,1258,0.0,0.0,0.0
uHvWwqUZZbWa66I,1259,0.0,0.0,0.0
uHvWwqUZZbWa66I,1260,0.0,0.0,0.0
uHvWwqUZZbWa66I,1261,0.0,0.0,0.0
uHvWwqUZZbWa66I,1262,0.0,0.0,0.0
uHvWwqUZZbWa66I,1263,0.0,0.0,0.0
uHvWwqUZZbWa66I,1264,0.0,0.0,0.0
uHvWwqUZZbWa66I,1265,0.0,0.0,0.0
uHvWwqUZZbWa66I,1266,0.0,0.0,0.0
uHvWwqUZZbWa66I,1267,0.0,0.0,0.0
uHvWwqUZZbWa66I,1268,0.0,0.0,0.0
uHvWwqUZZbWa66I,1269,0.0,0.0,0.0
uHvWwqUZZbWa66I,1270,0.0,0.0,0.0
uHvWwqUZZbWa66I,1271,0.0,0.0,0.0
uHvWwqUZZbWa66I,1272,0.0,0.0,0.0
uHvWwqUZZbWa66I,1273,0.0,0.0,0.0
uHvWwqUZZbWa66I,1274,0.0,0.0,0.0
uHvWwqUZZbWa66I,1275,0.0,0.0,0.0
uHvWwqUZZbWa66I,1276,0.0,0.0,0.0
uHvWwqUZZbWa66I,1277,0.0,0.0,0.0
uHvWwqUZZbWa66I,1278,0.0,0.0,0.0
uHvWwqUZZbWa66I,1279,0.0,0.0,0.0
uHvWwqUZZbWa66I,1280,0.0,0.0,0.0
uHvWwqUZZbWa66I,1281,0.0,0.0,0.0
uHvWwqUZZbWa66I,1282,0.0,0.0,0.0
uHvWwqUZZbWa66I,1283,0.0,0.0,0.0
uHvWwqUZZbWa66I,1284,0.0,0.0,0.0
uHvWwqUZZbWa66I,1285,0.0,0.0,0.0
uHvWwqUZZbWa66I,1286,0.0,0.0,0.0
uHvWwqUZZbWa66I,1287,0.0,0.0,0.0
uHvWwqUZZbWa66I,1288,0.0,0.0,0.0
uHvWwqUZZbWa66I,1289,0.0,0.0,0.0
uHvWwqUZZbWa66I,1290,0.0,0.0,0.0
uHvWwqUZZbWa66I,1291,0.0,0.0,0.0
uHvWwqUZZbWa66I,1292,0.0,0.0,0.0
uHvWwqUZZbWa66I,1293,0.0,0.0,0.0
uHvWwqUZZbWa66I,1294,0.0,0.0,0.0
uHvWwqUZZbWa66I,1295,0.0,0.0,0.0
uHvWwqUZZbWa66I,1296,0.0,0.0,0.0
uHvWwqUZZbWa66I,1297,0.0,0.0,0.0
uHvWwqUZZbWa66I,1298,0.0,0.0,0.0
uHvWwqUZZbWa66I,1299,0.0,0.0,0.0
uHvWwqUZZbWa66I,1300,0.0,0.0,0.0
uHvWwqUZZbWa66I,1301,0.0,0.0,0.0
uHvWwqUZZbWa66I,1302,0.0,0.0,0.0
uHvWwqUZZbWa66I,1303,0.0,0.0,0.0
uHvWwqUZZbWa66I,1304,0.0,0.0,0.0
uHvWwqUZZbWa66I,1305,0.0,0.0,0.0
uHvWwqUZZbWa66I,1306,0.0,0.0,0.0
uHvWwqUZZbWa66I,1307,0.0,0.0,0.0
uHvWwqUZZbWa66I,1308,0.0,0.0,0.0
uHvWwqUZZbWa66I,1309,0.0,0.0,0.0
uHvWwqUZZbWa66I,1310,0.0,0.0,0.0
uHvWwqUZZbWa66I,1311,0.0,0.0,0.0
uHvWwqUZZbWa66I,1312,0.0,0.0,0.0
uHvWwqUZZbWa66I,1313,0.0,0.0,0.0
uHvWwqUZZbWa66I,1314,0.0,0.0,0.0
uHvWwqUZZbWa66I,1315,0.0,0.0,0.0
uHvWwqUZZbWa66I,1316,0.0,0.0,0.0
uHvWwqUZZbWa66I,1317,0.0,0.0,0.0
uHvWwqUZZbWa66I,1318,0.0,0.0,0.0
uHvWwqUZZbWa66I,1319,0.0,0.0,0.0
uHvWwqUZZbWa66I,1320,0.0,0.0,0.0
uHvWwqUZZbWa66I,1321,0.0,0.0,0.0
uHvWwqUZZbWa66I,1322,0.0,0.0,0.0
uHvWwqUZZbWa66I,1323,0.0,0.0,0.0
uHvWwqUZZbWa66I,1324,0.0,0.0,0.0
uHvWwqUZZbWa66I,1325,0.0,0.0,0.0
uHvWwqUZZbWa66I,1326,0.0,0.0,0.0
uHvWwqUZZbWa66I,1327,0.0,0.0,0.0
uHvWwqUZZbWa66I,1328,0.0,0.0,0.0
uHvWwqUZZbWa66I,1329,0.0,0.0,0.0
uHvWwqUZZbWa66I,1330,0.0,0.0,0.0
uHvWwqUZZbWa66I,1331,0.0,0.0,0.0
uHvWwqUZZbWa66I,1332,0.0,0.0,0.0
uHvWwqUZZbWa66I,1333,0.0,0.0,0.0
uHvWwqUZZbWa66I,1334,0.0,0.0,0.0
uHvWwqUZZbWa66I,1335,0.0,0.0,0.0
uHvWwqUZZbWa66I,1336,0.0,0.0,0.0
uHvWwqUZZbWa66I,1337,0.0,0.0,0.0
uHvWwqUZZbWa66I,1338,0.0,0.0,0.0
uHvWwqUZZbWa66I,1339,0.0,0.0,0.0
uHvWwqUZZbWa66I,1340,0.0,0.0,0.0
uHvWwqUZZbWa66I,1341,0.0,0.0,0.0
uHvWwqUZZbWa66I,1342,0.0,0.0,0.0
uHvWwqUZZbWa66I,1343,0.0,0.0,0.0
uHvWwqUZZbWa66I,1344,0.0,0.0,0.0
uHvWwqUZZbWa66I,1345,0.0,0.0,0.0
uHvWwqUZZbWa66I,1346,0.0,0.0,0.0
uHvWwqUZZbWa66I,1347,0.0,0.0,0.0
uHvWwqUZZbWa66I,1348,0.0,0.0,0.0
uHvWwqUZZbWa66I,1349,0.0,0.0,0.0
uHvWwqUZZbWa66I,1350,0.0,0.0,0.0
uHvWwqUZZbWa66I,1351,0.0,0.0,0.0
uHvWwqUZZbWa66I,1352,0.0,0.0,0.0
uHvWwqUZZbWa66I,1353,0.0,0.0,0.0
uHvWwqUZZbWa66I,1354,0.0,0.0,0.0
uHvWwqUZZbWa66I,1355,0.0,0.0,0.0
uHvWwqUZZbWa66I,1356,0.0,0.0,0.0
uHvWwqUZZbWa66I,1357,0.0,0.0,0.0
uHvWwqUZZbWa66I,1358,0.0,0.0,0.0
uHvWwqUZZbWa66I,1359,0.0,0.0,0.0
uHvWwqUZZbWa66I,1360,0.0,0.0,0.0
uHvWwqUZZbWa66I,1361,0.0,0.0,0.0
uHvWwqUZZbWa66I,1362,0.0,0.0,0.0
uHvWwqUZZbWa66I,1363,0.0,0.0,0.0
uHvWwqUZZbWa66I,1364,0.0,0.0,0.0
uHvWwqUZZbWa66I,1365,0.0,0.0,0.0
uHvWwqUZZbWa66I,1366,0.0,0.0,0.0
uHvWwqUZZbWa66I,1367,0.0,0.0,0.0
uHvWwqUZZbWa66I,1368,0.0,0.0,0.0
uHvWwqUZZbWa66I,1369,0.0,0.0,0.0
uHvWwqUZZbWa66I,1370,0.0,0.0,0.0
uHvWwqUZZbWa66I,1371,0.0,0.0,0.0
uHvWwqUZZbWa66I,1372,0.0,0.0,0.0
uHvWwqUZZbWa66I,1373,0.0,0.0,0.0
uHvWwqUZZbWa66I,1374,0.0,0.0,0.0
uHvWwqUZZbWa66I,1375,0.0,0.0,0.0
uHvWwqUZZbWa66I,1376,0.0,0.0,0.0
uHvWwqUZZbWa66I,1377,0.0,0.0,0.0
uHvWwqUZZbWa66I,1378,0.0,0.0,0.0
uHvWwqUZZbWa66I,1379,0.0,0.0,0.0
uHvWwqUZZbWa66I,1380,0.0,0.0,0.0
uHvWwqUZZbWa66I,1381,0.0,0.0,0.0
uHvWwqUZZbWa66I,1382,0.0,0.0,0.0
uHvWwqUZZbWa66I,1383,0.0,0.0,0.0
uHvWwqUZZbWa66I,1384,0.0,0.0,0.0
uHvWwqUZZbWa66I,1385,0.0,0.0,0.0
uHvWwqUZZbWa66I,1386,0.0,0.0,0.0
uHvWwqUZZbWa66I,1387,0.0,0.0,0.0
uHvWwqUZZbWa66I,1388,0.0,0.0,0.0
uHvWwqUZZbWa66I,1389,0.0,0.0,0.0
uHvWwqUZZbWa66I,1390,0.0,0.0,0.0
uHvWwqUZZbWa66I,1391,0.0,0.0,0.0
uHvWwqUZZbWa66I,1392,0.0,0.0,0.0
uHvWwqUZZbWa66I,1393,0.0,0.0,0.0
uHvWwqUZZbWa66I,1394,0.0,0.0,0.0
uHvWwqUZZbWa66I,1395,0.0,0.0,0.0
uHvWwqUZZbWa66I,1396,0.0,0.0,0.0
uHvWwqUZZbWa66I,1397,0.0,0.0,0.0
uHvWwqUZZbWa66I,1398,0.0,0.0,0.0
uHvWwqUZZbWa66I,1399,0.0,0.0,0.0
uHvWwqUZZbWa66I,1400,0.0,0.0,0.0
uHvWwqUZZbWa66I,1401,0.0,0.0,0.0
uHvWwqUZZbWa66I,1402,0.0,0.0,0.0
uHvWwqUZZbWa66I,1403,0.0,0.0,0.0
uHvWwqUZZbWa66I,1404,0.0,0.0,0.0
uHvWwqUZZbWa66I,1405,0.0,0.0,0.0
uHvWwqUZZbWa66I,1406,0.0,0.0,0.0
uHvWwqUZZbWa66I,1407,0.0,0.0,0.0
uHvWwqUZZbWa66I,1408,0.0,0.0,0.0
uHvWwqUZZbWa66I,1409,0.0,0.0,0.0
uHvWwqUZZbWa66I,1410,0.0,0.0,0.0
uHvWwqUZZbWa66I,1411,0.0,0.0,0.0
uHvWwqUZZbWa66I,1412,0.0,0.0,0.0
uHvWwqUZZbWa66I,1413,0.0,0.0,0.0
uHvWwqUZZbWa66I,1414,0.0,0.0,0.0
uHvWwqUZZbWa66I,1415,0.0,0.0,0.0
uHvWwqUZZbWa66I,1416,0.0,0.0,0.0
uHvWwqUZZbWa66I,1417,0.0,0.0,0.0
uHvWwqUZZbWa66I,1418,0.0,0.0,0.0
uHvWwqUZZbWa66I,1419,0.0,0.0,0.0
uHvWwqUZZbWa66I,1420,0.0,0.0,0.0
uHvWwqUZZbWa66I,1421,0.0,0.0,0.0
uHvWwqUZZbWa66I,1422,0.0,0.0,0.0
uHvWwqUZZbWa66I,1423,0.0,0.0,0.0
uHvWwqUZZbWa66I,1424,0.0,0.0,0.0
uHvWwqUZZbWa66I,1425,0.0,0.0,0.0
uHvWwqUZZbWa66I,1426,0.0,0.0,0.0
uHvWwqUZZbWa66I,1427,0.0,0.0,0.0
uHvWwqUZZbWa66I,1428,0.0,0.0,0.0
uHvWwqUZZbWa66I,1429,0.0,0.0,0.0
uHvWwqUZZbWa66I,1430,0.0,0.0,0.0
uHvWwqUZZbWa66I,1431,0.0,0.0,0.0
uHvWwqUZZbWa66I,1432,0.0,0.0,0.0
uHvWwqUZZbWa66I,1433,0.0,0.0,0.0
uHvWwqUZZbWa66I,1434,0.0,0.0,0.0
uHvWwqUZZbWa66I,1435,0.0,0.0,0.0
uHvWwqUZZbWa66I,1436,0.0,0.0,0.0
uHvWwqUZZbWa66I,1437,0.0,0.0,0.0
uHvWwqUZZbWa66I,1438,0.0,0.0,0.0
uHvWwqUZZbWa66I,1439,0.0,0.0,0.0
uHvWwqUZZbWa66I,1440,0.0,0.0,0.0
uHvWwqUZZbWa66I,1441,0.0,0.0,0.0
uHvWwqUZZbWa66I,1442,0.0,0.0,0.0
uHvWwqUZZbWa66I,1443,0.0,0.0,0.0
uHvWwqUZZbWa66I,1444,0.0,0.0,0.0
uHvWwqUZZbWa66I,1445,0.0,0.0,0.0
uHvWwqUZZbWa66I,1446,0.0,0.0,0.0
uHvWwqUZZbWa66I,1447,0.0,0.0,0.0
uHvWwqUZZbWa66I,1448,0.0,0.0,0.0
uHvWwqUZZbWa66I,1449,0.0,0.0,0.0
uHvWwqUZZbWa66I,1450,0.0,0.0,0.0
uHvWwqUZZbWa66I,1451,0.0,0.0,0.0
uHvWwqUZZbWa66I,1452,0.0,0.0,0.0
uHvWwqUZZbWa66I,1453,0.0,0.0,0.0
uHvWwqUZZbWa66I,1454,0.0,0.0,0.0
uHvWwqUZZbWa66I,1455,0.0,0.0,0.0
uHvWwqUZZbWa66I,1456,0.0,0.0,0.0
uHvWwqUZZbWa66I,1457,0.0,0.0,0.0
uHvWwqUZZbWa66I,1458,0.0,0.0,0.0
uHvWwqUZZbWa66I,1459,0.0,0.0,0.0
uHvWwqUZZbWa66I,1460,0.0,0.0,0.0
uHvWwqUZZbWa66I,1461,0.0,0.0,0.0
uHvWwqUZZbWa66I,1462,0.0,0.0,0.0
uHvWwqUZZbWa66I,1463,0.0,0.0,0.0
uHvWwqUZZbWa66I,1464,0.0,0.0,0.0
uHvWwqUZZbWa66I,1465,0.0,0.0,0.0
uHvWwqUZZbWa66I,1466,0.0,0.0,0.0
uHvWwqUZZbWa66I,1467,0.0,0.0,0.0
uHvWwqUZZbWa66I,1468,0.0,0.0,0.0
uHvWwqUZZbWa66I,1469,0.0,0.0,0.0
uHvWwqUZZbWa66I,1470,0.0,0.0,0.0
uHvWwqUZZbWa66I,1471,0.0,0.0,0.0
uHvWwqUZZbWa66I,1472,0.0,0.0,0.0
uHvWwqUZZbWa66I,1473,0.0,0.0,0.0
uHvWwqUZZbWa66I,1474,0.0,0.0,0.0
uHvWwqUZZbWa66I,1475,0.0,0.0,0.0
uHvWwqUZZbWa66I,1476,0.0,0.0,0.0
uHvWwqUZZbWa66I,1477,0.0,0.0,0.0
uHvWwqUZZbWa66I,1478,0.0,0.0,0.0
uHvWwqUZZbWa66I,1479,0.0,0.0,0.0
uHvWwqUZZbWa66I,1480,0.0,0.0,0.0
uHvWwqUZZbWa66I,1481,0.0,0.0,0.0
uHvWwqUZZbWa66I,1482,0.0,0.0,0.0
uHvWwqUZZbWa66I,1483,0.0,0.0,0.0
uHvWwqUZZbWa66I,1484,0.0,0.0,0.0
uHvWwqUZZbWa66I,1485,0.0,0.0,0.0
uHvWwqUZZbWa66I,1486,0.0,0.0,0.0
uHvWwqUZZbWa66I,1487,0.0,0.0,0.0
uHvWwqUZZbWa66I,1488,0.0,0.0,0.0
uHvWwqUZZbWa66I,1489,0.0,0.0,0.0
uHvWwqUZZbWa66I,1490,0.0,0.0,0.0
uHvWwqUZZbWa66I,1491,0.0,0.0,0.0
uHvWwqUZZbWa66I,1492,0.0,0.0,0.0
uHvWwqUZZbWa66I,1493,0.0,0.0,0.0
uHvWwqUZZbWa66I,1494,0.0,0.0,0.0
uHvWwqUZZbWa66I,1495,0.0,0.0,0.0
uHvWwqUZZbWa66I,1496,0.0,0.0,0.0
uHvWwqUZZbWa66I,1497,0.0,0.0,0.0
uHvWwqUZZbWa66I,1498,0.0,0.0,0.0
uHvWwqUZZbWa66I,1499,0.0,0.0,0.0
uHvWwqUZZbWa66I,1500,0.0,0.0,0.0
uHvWwqUZZbWa66I,1501,0.0,0.0,0.0
uHvWwqUZZbWa66I,1502,0.0,0.0,0.0
uHvWwqUZZbWa66I,1503,0.0,0.0,0.0
uHvWwqUZZbWa66I,1504,0.0,0.0,0.0
uHvWwqUZZbWa66I,1505,0.0,0.0,0.0
uHvWwqUZZbWa66I,1506,0.0,0.0,0.0
uHvWwqUZZbWa66I,1507,0.0,0.0,0.0
uHvWwqUZZbWa66I,1508,0.0,0.0,0.0
uHvWwqUZZbWa66I,1509,0.0,0.0,0.0
uHvWwqUZZbWa66I,1510,0.0,0.0,0.0
uHvWwqUZZbWa66I,1511,0.0,0.0,0.0
uHvWwqUZZbWa66I,1512,0.0,0.0,0.0
uHvWwqUZZbWa66I,1513,0.0,0.0,0.0
uHvWwqUZZbWa66I,1514,0.0,0.0,0.0
uHvWwqUZZbWa66I,1515,0.0,0.0,0.0
uHvWwqUZZbWa66I,1516,0.0,0.0,0.0
uHvWwqUZZbWa66I,1517,0.0,0.0,0.0
uHvWwqUZZbWa66I,1518,0.0,0.0,0.0
uHvWwqUZZbWa66I,1519,0.0,0.0,0.0
uHvWwqUZZbWa66I,1520,0.0,0.0,0.0
uHvWwqUZZbWa66I,1521,0.0,0.0,0.0
uHvWwqUZZbWa66I,1522,0.0,0.0,0.0
uHvWwqUZZbWa66I,1523,0.0,0.0,0.0
uHvWwqUZZbWa66I,1524,0.0,0.0,0.0
uHvWwqUZZbWa66I,1525,0.0,0.0,0.0
uHvWwqUZZbWa66I,1526,0.0,0.0,0.0
uHvWwqUZZbWa66I,1527,0.0,0.0,0.0
uHvWwqUZZbWa66I,1528,0.0,0.0,0.0
uHvWwqUZZbWa66I,1529,0.0,0.0,0.0
uHvWwqUZZbWa66I,1530,0.0,0.0,0.0
uHvWwqUZZbWa66I,1531,0.0,0.0,0.0
uHvWwqUZZbWa66I,1532,0.0,0.0,0.0
uHvWwqUZZbWa66I,1533,0.0,0.0,0.0
uHvWwqUZZbWa66I,1534,0.0,0.0,0.0
uHvWwqUZZbWa66I,1535,0.0,0.0,0.0
uHvWwqUZZbWa66I,1536,0.0,0.0,0.0
uHvWwqUZZbWa66I,1537,0.0,0.0,0.0
uHvWwqUZZbWa66I,1538,0.0,0.0,0.0
uHvWwqUZZbWa66I,1539,0.0,0.0,0.0
uHvWwqUZZbWa66I,1540,0.0,0.0,0.0
uHvWwqUZZbWa66I,1541,0.0,0.0,0.0
uHvWwqUZZbWa66I,1542,0.0,0.0,0.0
uHvWwqUZZbWa66I,1543,0.0,0.0,0.0
uHvWwqUZZbWa66I,1544,0.0,0.0,0.0
uHvWwqUZZbWa66I,1545,0.0,0.0,0.0
uHvWwqUZZbWa66I,1546,0.0,0.0,0.0
uHvWwqUZZbWa66I,1547,0.0,0.0,0.0
uHvWwqUZZbWa66I,1548,0.0,0.0,0.0
uHvWwqUZZbWa66I,1549,0.0,0.0,0.0
uHvWwqUZZbWa66I,1550,0.0,0.0,0.0
uHvWwqUZZbWa66I,1551,0.0,0.0,0.0
uHvWwqUZZbWa66I,1552,0.0,0.0,0.0
uHvWwqUZZbWa66I,1553,0.0,0.0,0.0
uHvWwqUZZbWa66I,1554,0.0,0.0,0.0
uHvWwqUZZbWa66I,1555,0.0,0.0,0.0
uHvWwqUZZbWa66I,1556,0.0,0.0,0.0
uHvWwqUZZbWa66I,1557,0.0,0.0,0.0
uHvWwqUZZbWa66I,1558,0.0,0.0,0.0
uHvWwqUZZbWa66I,1559,0.0,0.0,0.0
uHvWwqUZZbWa66I,1560,0.0,0.0,0.0
uHvWwqUZZbWa66I,1561,0.0,0.0,0.0
uHvWwqUZZbWa66I,1562,0.0,0.0,0.0
uHvWwqUZZbWa66I,1563,0.0,0.0,0.0
uHvWwqUZZbWa66I,1564,0.0,0.0,0.0
uHvWwqUZZbWa66I,1565,0.0,0.0,0.0
uHvWwqUZZbWa66I,1566,0.0,0.0,0.0
uHvWwqUZZbWa66I,1567,0.0,0.0,0.0
uHvWwqUZZbWa66I,1568,0.0,0.0,0.0
uHvWwqUZZbWa66I,1569,0.0,0.0,0.0
uHvWwqUZZbWa66I,1570,0.0,0.0,0.0
uHvWwqUZZbWa66I,1571,0.0,0.0,0.0
uHvWwqUZZbWa66I,1572,0.0,0.0,0.0
uHvWwqUZZbWa66I,1573,0.0,0.0,0.0
uHvWwqUZZbWa66I,1574,0.0,0.0,0.0
uHvWwqUZZbWa66I,1575,0.0,0.0,0.0
uHvWwqUZZbWa66I,1576,0.0,0.0,0.0
uHvWwqUZZbWa66I,1577,0.0,0.0,0.0
uHvWwqUZZbWa66I,1578,0.0,0.0,0.0
uHvWwqUZZbWa66I,1579,0.0,0.0,0.0
uHvWwqUZZbWa66I,1580,0.0,0.0,0.0
uHvWwqUZZbWa66I,1581,0.0,0.0,0.0
uHvWwqUZZbWa66I,1582,0.0,0.0,0.0
uHvWwqUZZbWa66I,1583,0.0,0.0,0.0
uHvWwqUZZbWa66I,1584,0.0,0.0,0.0
uHvWwqUZZbWa66I,1585,0.0,0.0,0.0
uHvWwqUZZbWa66I,1586,0.0,0.0,0.0
uHvWwqUZZbWa66I,1587,0.0,0.0,0.0
uHvWwqUZZbWa66I,1588,0.0,0.0,0.0
uHvWwqUZZbWa66I,1589,0.0,0.0,0.0
uHvWwqUZZbWa66I,1590,0.0,0.0,0.0
uHvWwqUZZbWa66I,1591,0.0,0.0,0.0
uHvWwqUZZbWa66I,1592,0.0,0.0,0.0
uHvWwqUZZbWa66I,1593,0.0,0.0,0.0
uHvWwqUZZbWa66I,1594,0.0,0.0,0.0
uHvWwqUZZbWa66I,1595,0.0,0.0,0.0
uHvWwqUZZbWa66I,1596,0.0,0.0,0.0
uHvWwqUZZbWa66I,1597,0.0,0.0,0.0
uHvWwqUZZbWa66I,1598,0.0,0.0,0.0
uHvWwqUZZbWa66I,1599,0.0,0.0,0.0
uHvWwqUZZbWa66I,1600,0.0,0.0,0.0
uHvWwqUZZbWa66I,1601,0.0,0.0,0.0
uHvWwqUZZbWa66I,1602,0.0,0.0,0.0
uHvWwqUZZbWa66I,1603,0.0,0.0,0.0
uHvWwqUZZbWa66I,1604,0.0,0.0,0.0
uHvWwqUZZbWa66I,1605,0.0,0.0,0.0
uHvWwqUZZbWa66I,1606,0.0,0.0,0.0
uHvWwqUZZbWa66I,1607,0.0,0.0,0.0
uHvWwqUZZbWa66I,1608,0.0,0.0,0.0
uHvWwqUZZbWa66I,1609,0.0,0.0,0.0
uHvWwqUZZbWa66I,1610,0.0,0.0,0.0
uHvWwqUZZbWa66I,1611,0.0,0.0,0.0
uHvWwqUZZbWa66I,1612,0.0,0.0,0.0
uHvWwqUZZbWa66I,1613,0.0,0.0,0.0
uHvWwqUZZbWa66I,1614,0.0,0.0,0.0
uHvWwqUZZbWa66I,1615,0.0,0.0,0.0
uHvWwqUZZbWa66I,1616,0.0,0.0,0.0
uHvWwqUZZbWa66I,1617,0.0,0.0,0.0
uHvWwqUZZbWa66I,1618,0.0,0.0,0.0
uHvWwqUZZbWa66I,1619,0.0,0.0,0.0
uHvWwqUZZbWa66I,1620,0.0,0.0,0.0
uHvWwqUZZbWa66I,1621,0.0,0.0,0.0
uHvWwqUZZbWa66I,1622,0.0,0.0,0.0
uHvWwqUZZbWa66I,1623,0.0,0.0,0.0
uHvWwqUZZbWa66I,1624,0.0,0.0,0.0
uHvWwqUZZbWa66I,1625,0.0,0.0,0.0
uHvWwqUZZbWa66I,1626,0.0,0.0,0.0
uHvWwqUZZbWa66I,1627,0.0,0.0,0.0
uHvWwqUZZbWa66I,1628,0.0,0.0,0.0
uHvWwqUZZbWa66I,1629,0.0,0.0,0.0
uHvWwqUZZbWa66I,1630,0.0,0.0,0.0
uHvWwqUZZbWa66I,1631,0.0,0.0,0.0
uHvWwqUZZbWa66I,1632,0.0,0.0,0.0
uHvWwqUZZbWa66I,1633,0.0,0.0,0.0
uHvWwqUZZbWa66I,1634,0.0,0.0,0.0
uHvWwqUZZbWa66I,1635,0.0,0.0,0.0
uHvWwqUZZbWa66I,1636,0.0,0.0,0.0
uHvWwqUZZbWa66I,1637,0.0,0.0,0.0
uHvWwqUZZbWa66I,1638,0.0,0.0,0.0
uHvWwqUZZbWa66I,1639,0.0,0.0,0.0
uHvWwqUZZbWa66I,1640,0.0,0.0,0.0
uHvWwqUZZbWa66I,1641,0.0,0.0,0.0
uHvWwqUZZbWa66I,1642,0.0,0.0,0.0
uHvWwqUZZbWa66I,1643,0.0,0.0,0.0
uHvWwqUZZbWa66I,1644,0.0,0.0,0.0
uHvWwqUZZbWa66I,1645,0.0,0.0,0.0
uHvWwqUZZbWa66I,1646,0.0,0.0,0.0
uHvWwqUZZbWa66I,1647,0.0,0.0,0.0
uHvWwqUZZbWa66I,1648,0.0,0.0,0.0
uHvWwqUZZbWa66I,1649,0.0,0.0,0.0
uHvWwqUZZbWa66I,1650,0.0,0.0,0.0
uHvWwqUZZbWa66I,1651,0.0,0.0,0.0
uHvWwqUZZbWa66I,1652,0.0,0.0,0.0
uHvWwqUZZbWa66I,1653,0.0,0.0,0.0
uHvWwqUZZbWa66I,1654,0.0,0.0,0.0
uHvWwqUZZbWa66I,1655,0.0,0.0,0.0
uHvWwqUZZbWa66I,1656,0.0,0.0,0.0
uHvWwqUZZbWa66I,1657,0.0,0.0,0.0
uHvWwqUZZbWa66I,1658,0.0,0.0,0.0
uHvWwqUZZbWa66I,1659,0.0,0.0,0.0
uHvWwqUZZbWa66I,1660,0.0,0.0,0.0
uHvWwqUZZbWa66I,1661,0.0,0.0,0.0
uHvWwqUZZbWa66I,1662,0.0,0.0,0.0
uHvWwqUZZbWa66I,1663,0.0,0.0,0.0
uHvWwqUZZbWa66I,1664,0.0,0.0,0.0
uHvWwqUZZbWa66I,1665,0.0,0.0,0.0
uHvWwqUZZbWa66I,1666,0.0,0.0,0.0
uHvWwqUZZbWa66I,1667,0.0,0.0,0.0
uHvWwqUZZbWa66I,1668,0.0,0.0,0.0
uHvWwqUZZbWa66I,1669,0.0,0.0,0.0
uHvWwqUZZbWa66I,1670,0.0,0.0,0.0
uHvWwqUZZbWa66I,1671,0.0,0.0,0.0
uHvWwqUZZbWa66I,1672,0.0,0.0,0.0
uHvWwqUZZbWa66I,1673,0.0,0.0,0.0
uHvWwqUZZbWa66I,1674,0.0,0.0,0.0
uHvWwqUZZbWa66I,1675,0.0,0.0,0.0
uHvWwqUZZbWa66I,1676,0.0,0.0,0.0
uHvWwqUZZbWa66I,1677,0.0,0.0,0.0
uHvWwqUZZbWa66I,1678,0.0,0.0,0.0
uHvWwqUZZbWa66I,1679,0.0,0.0,0.0
uHvWwqUZZbWa66I,1680,0.0,0.0,0.0
uHvWwqUZZbWa66I,1681,0.0,0.0,0.0
uHvWwqUZZbWa66I,1682,0.0,0.0,0.0
uHvWwqUZZbWa66I,1683,0.0,0.0,0.0
uHvWwqUZZbWa66I,1684,0.0,0.0,0.0
uHvWwqUZZbWa66I,1685,0.0,0.0,0.0
uHvWwqUZZbWa66I,1686,0.0,0.0,0.0
uHvWwqUZZbWa66I,1687,0.0,0.0,0.0
uHvWwqUZZbWa66I,1688,0.0,0.0,0.0
uHvWwqUZZbWa66I,1689,0.0,0.0,0.0
uHvWwqUZZbWa66I,1690,0.0,0.0,0.0
uHvWwqUZZbWa66I,1691,0.0,0.0,0.0
uHvWwqUZZbWa66I,1692,0.0,0.0,0.0
uHvWwqUZZbWa66I,1693,0.0,0.0,0.0
uHvWwqUZZbWa66I,1694,0.0,0.0,0.0
uHvWwqUZZbWa66I,1695,0.0,0.0,0.0
uHvWwqUZZbWa66I,1696,0.0,0.0,0.0
uHvWwqUZZbWa66I,1697,0.0,0.0,0.0
uHvWwqUZZbWa66I,1698,0.0,0.0,0.0
uHvWwqUZZbWa66I,1699,0.0,0.0,0.0
uHvWwqUZZbWa66I,1700,0.0,0.0,0.0
uHvWwqUZZbWa66I,1701,0.0,0.0,0.0
uHvWwqUZZbWa66I,1702,0.0,0.0,0.0
uHvWwqUZZbWa66I,1703,0.0,0.0,0.0
uHvWwqUZZbWa66I,1704,0.0,0.0,0.0
uHvWwqUZZbWa66I,1705,0.0,0.0,0.0
uHvWwqUZZbWa66I,1706,0.0,0.0,0.0
uHvWwqUZZbWa66I,1707,0.0,0.0,0.0
uHvWwqUZZbWa66I,1708,0.0,0.0,0.0
uHvWwqUZZbWa66I,1709,0.0,0.0,0.0
uHvWwqUZZbWa66I,1710,0.0,0.0,0.0
uHvWwqUZZbWa66I,1711,0.0,0.0,0.0
uHvWwqUZZbWa66I,1712,0.0,0.0,0.0
uHvWwqUZZbWa66I,1713,0.0,0.0,0.0
uHvWwqUZZbWa66I,1714,0.0,0.0,0.0
uHvWwqUZZbWa66I,1715,0.0,0.0,0.0
uHvWwqUZZbWa66I,1716,0.0,0.0,0.0
uHvWwqUZZbWa66I,1717,0.0,0.0,0.0
uHvWwqUZZbWa66I,1718,0.0,0.0,0.0
uHvWwqUZZbWa66I,1719,0.0,0.0,0.0
uHvWwqUZZbWa66I,1720,0.0,0.0,0.0
uHvWwqUZZbWa66I,1721,0.0,0.0,0.0
uHvWwqUZZbWa66I,1722,0.0,0.0,0.0
uHvWwqUZZbWa66I,1723,0.0,0.0,0.0
uHvWwqUZZbWa66I,1724,0.0,0.0,0.0
uHvWwqUZZbWa66I,1725,0.0,0.0,0.0
uHvWwqUZZbWa66I,1726,0.0,0.0,0.0
uHvWwqUZZbWa66I,1727,0.0,0.0,0.0
uHvWwqUZZbWa66I,1728,0.0,0.0,0.0
uHvWwqUZZbWa66I,1729,0.0,0.0,0.0
uHvWwqUZZbWa66I,1730,0.0,0.0,0.0
uHvWwqUZZbWa66I,1731,0.0,0.0,0.0
uHvWwqUZZbWa66I,1732,0.0,0.0,0.0
uHvWwqUZZbWa66I,1733,0.0,0.0,0.0
uHvWwqUZZbWa66I,1734,0.0,0.0,0.0
uHvWwqUZZbWa66I,1735,0.0,0.0,0.0
uHvWwqUZZbWa66I,1736,0.0,0.0,0.0
uHvWwqUZZbWa66I,1737,0.0,0.0,0.0
uHvWwqUZZbWa66I,1738,0.0,0.0,0.0
uHvWwqUZZbWa66I,1739,0.0,0.0,0.0
uHvWwqUZZbWa66I,1740,0.0,0.0,0.0
uHvWwqUZZbWa66I,1741,0.0,0.0,0.0
uHvWwqUZZbWa66I,1742,0.0,0.0,0.0
uHvWwqUZZbWa66I,1743,0.0,0.0,0.0
uHvWwqUZZbWa66I,1744,0.0,0.0,0.0
uHvWwqUZZbWa66I,1745,0.0,0.0,0.0
uHvWwqUZZbWa66I,1746,0.0,0.0,0.0
uHvWwqUZZbWa66I,1747,0.0,0.0,0.0
uHvWwqUZZbWa66I,1748,0.0,0.0,0.0
uHvWwqUZZbWa66I,1749,0.0,0.0,0.0
uHvWwqUZZbWa66I,1750,0.0,0.0,0.0
uHvWwqUZZbWa66I,1751,0.0,0.0,0.0
uHvWwqUZZbWa66I,1752,0.0,0.0,0.0
uHvWwqUZZbWa66I,1753,0.0,0.0,0.0
uHvWwqUZZbWa66I,1754,0.0,0.0,0.0
uHvWwqUZZbWa66I,1755,0.0,0.0,0.0
uHvWwqUZZbWa66I,1756,0.0,0.0,0.0
uHvWwqUZZbWa66I,1757,0.0,0.0,0.0
uHvWwqUZZbWa66I,1758,0.0,0.0,0.0
uHvWwqUZZbWa66I,1759,0.0,0.0,0.0
uHvWwqUZZbWa66I,1760,0.0,0.0,0.0
uHvWwqUZZbWa66I,1761,0.0,0.0,0.0
uHvWwqUZZbWa66I,1762,0.0,0.0,0.0
uHvWwqUZZbWa66I,1763,0.0,0.0,0.0
uHvWwqUZZbWa66I,1764,0.0,0.0,0.0
uHvWwqUZZbWa66I,1765,0.0,0.0,0.0
uHvWwqUZZbWa66I,1766,0.0,0.0,0.0
uHvWwqUZZbWa66I,1767,0.0,0.0,0.0
uHvWwqUZZbWa66I,1768,0.0,0.0,0.0
uHvWwqUZZbWa66I,1769,0.0,0.0,0.0
uHvWwqUZZbWa66I,1770,0.0,0.0,0.0
uHvWwqUZZbWa66I,1771,0.0,0.0,0.0
uHvWwqUZZbWa66I,1772,0.0,0.0,0.0
uHvWwqUZZbWa66I,1773,0.0,0.0,0.0
uHvWwqUZZbWa66I,1774,0.0,0.0,0.0
uHvWwqUZZbWa66I,1775,0.0,0.0,0.0
uHvWwqUZZbWa66I,1776,0.0,0.0,0.0
uHvWwqUZZbWa66I,1777,0.0,0.0,0.0
uHvWwqUZZbWa66I,1778,0.0,0.0,0.0
uHvWwqUZZbWa66I,1779,0.0,0.0,0.0
uHvWwqUZZbWa66I,1780,0.0,0.0,0.0
uHvWwqUZZbWa66I,1781,0.0,0.0,0.0
uHvWwqUZZbWa66I,1782,0.0,0.0,0.0
uHvWwqUZZbWa66I,1783,0.0,0.0,0.0
uHvWwqUZZbWa66I,1784,0.0,0.0,0.0
uHvWwqUZZbWa66I,1785,0.0,0.0,0.0
uHvWwqUZZbWa66I,1786,0.0,0.0,0.0
uHvWwqUZZbWa66I,1787,0.0,0.0,0.0
uHvWwqUZZbWa66I,1788,0.0,0.0,0.0
uHvWwqUZZbWa66I,1789,0.0,0.0,0.0
uHvWwqUZZbWa66I,1790,0.0,0.0,0.0
uHvWwqUZZbWa66I,1791,0.0,0.0,0.0
uHvWwqUZZbWa66I,1792,0.0,0.0,0.0
uHvWwqUZZbWa66I,1793,0.0,0.0,0.0
uHvWwqUZZbWa66I,1794,0.0,0.0,0.0
uHvWwqUZZbWa66I,1795,0.0,0.0,0.0
uHvWwqUZZbWa66I,1796,0.0,0.0,0.0
uHvWwqUZZbWa66I,1797,0.0,0.0,0.0
uHvWwqUZZbWa66I,1798,0.0,0.0,0.0
uHvWwqUZZbWa66I,1799,0.0,0.0,0.0
uHvWwqUZZbWa66I,1800,0.0,0.0,0.0
uHvWwqUZZbWa66I,1801,0.0,0.0,0.0
uHvWwqUZZbWa66I,1802,0.0,0.0,0.0
uHvWwqUZZbWa66I,1803,0.0,0.0,0.0
uHvWwqUZZbWa66I,1804,0.0,0.0,0.0
uHvWwqUZZbWa66I,1805,0.0,0.0,0.0
uHvWwqUZZbWa66I,1806,0.0,0.0,0.0
uHvWwqUZZbWa66I,1807,0.0,0.0,0.0
uHvWwqUZZbWa66I,1808,0.0,0.0,0.0
uHvWwqUZZbWa66I,1809,0.0,0.0,0.0
uHvWwqUZZbWa66I,1810,0.0,0.0,0.0
uHvWwqUZZbWa66I,1811,0.0,0.0,0.0
uHvWwqUZZbWa66I,1812,0.0,0.0,0.0
uHvWwqUZZbWa66I,1813,0.0,0.0,0.0
uHvWwqUZZbWa66I,1814,0.0,0.0,0.0
uHvWwqUZZbWa66I,1815,0.0,0.0,0.0
uHvWwqUZZbWa66I,1816,0.0,0.0,0.0
uHvWwqUZZbWa66I,1817,0.0,0.0,0.0
uHvWwqUZZbWa66I,1818,0.0,0.0,0.0
uHvWwqUZZbWa66I,1819,0.0,0.0,0.0
uHvWwqUZZbWa66I,1820,0.0,0.0,0.0
uHvWwqUZZbWa66I,1821,0.0,0.0,0.0
uHvWwqUZZbWa66I,1822,0.0,0.0,0.0
uHvWwqUZZbWa66I,1823,0.0,0.0,0.0
uHvWwqUZZbWa66I,1824,0.0,0.0,0.0
uHvWwqUZZbWa66I,1825,0.0,0.0,0.0
uHvWwqUZZbWa66I,1826,0.0,0.0,0.0
uHvWwqUZZbWa66I,1827,0.0,0.0,0.0
uHvWwqUZZbWa66I,1828,0.0,0.0,0.0
uHvWwqUZZbWa66I,1829,0.0,0.0,0.0
uHvWwqUZZbWa66I,1830,0.0,0.0,0.0
uHvWwqUZZbWa66I,1831,0.0,0.0,0.0
uHvWwqUZZbWa66I,1832,0.0,0.0,0.0
uHvWwqUZZbWa66I,1833,0.0,0.0,0.0
uHvWwqUZZbWa66I,1834,0.0,0.0,0.0
uHvWwqUZZbWa66I,1835,0.0,0.0,0.0
uHvWwqUZZbWa66I,1836,0.0,0.0,0.0
uHvWwqUZZbWa66I,1837,0.0,0.0,0.0
uHvWwqUZZbWa66I,1838,0.0,0.0,0.0
uHvWwqUZZbWa66I,1839,0.0,0.0,0.0
uHvWwqUZZbWa66I,1840,0.0,0.0,0.0
uHvWwqUZZbWa66I,1841,0.0,0.0,0.0
uHvWwqUZZbWa66I,1842,0.0,0.0,0.0
uHvWwqUZZbWa66I,1843,0.0,0.0,0.0
uHvWwqUZZbWa66I,1844,0.0,0.0,0.0
uHvWwqUZZbWa66I,1845,0.0,0.0,0.0
uHvWwqUZZbWa66I,1846,0.0,0.0,0.0
uHvWwqUZZbWa66I,1847,0.0,0.0,0.0
uHvWwqUZZbWa66I,1848,0.0,0.0,0.0
uHvWwqUZZbWa66I,1849,0.0,0.0,0.0
uHvWwqUZZbWa66I,1850,0.0,0.0,0.0
uHvWwqUZZbWa66I,1851,0.0,0.0,0.0
uHvWwqUZZbWa66I,1852,0.0,0.0,0.0
uHvWwqUZZbWa66I,1853,0.0,0.0,0.0
uHvWwqUZZbWa66I,1854,0.0,0.0,0.0
uHvWwqUZZbWa66I,1855,0.0,0.0,0.0
uHvWwqUZZbWa66I,1856,0.0,0.0,0.0
uHvWwqUZZbWa66I,1857,0.0,0.0,0.0
uHvWwqUZZbWa66I,1858,0.0,0.0,0.0
uHvWwqUZZbWa66I,1859,0.0,0.0,0.0
uHvWwqUZZbWa66I,1860,0.0,0.0,0.0
uHvWwqUZZbWa66I,1861,0.0,0.0,0.0
uHvWwqUZZbWa66I,1862,0.0,0.0,0.0
uHvWwqUZZbWa66I,1863,0.0,0.0,0.0
uHvWwqUZZbWa66I,1864,0.0,0.0,0.0
uHvWwqUZZbWa66I,1865,0.0,0.0,0.0
uHvWwqUZZbWa66I,1866,0.0,0.0,0.0
uHvWwqUZZbWa66I,1867,0.0,0.0,0.0
uHvWwqUZZbWa66I,1868,0.0,0.0,0.0
uHvWwqUZZbWa66I,1869,0.0,0.0,0.0
uHvWwqUZZbWa66I,1870,0.0,0.0,0.0
uHvWwqUZZbWa66I,1871,0.0,0.0,0.0
uHvWwqUZZbWa66I,1872,0.0,0.0,0.0
uHvWwqUZZbWa66I,1873,0.0,0.0,0.0
uHvWwqUZZbWa66I,1874,0.0,0.0,0.0
uHvWwqUZZbWa66I,1875,0.0,0.0,0.0
uHvWwqUZZbWa66I,1876,0.0,0.0,0.0
uHvWwqUZZbWa66I,1877,0.0,0.0,0.0
uHvWwqUZZbWa66I,1878,0.0,0.0,0.0
uHvWwqUZZbWa66I,1879,0.0,0.0,0.0
uHvWwqUZZbWa66I,1880,0.0,0.0,0.0
uHvWwqUZZbWa66I,1881,0.0,0.0,0.0
uHvWwqUZZbWa66I,1882,0.0,0.0,0.0
uHvWwqUZZbWa66I,1883,0.0,0.0,0.0
uHvWwqUZZbWa66I,1884,0.0,0.0,0.0
uHvWwqUZZbWa66I,1885,0.0,0.0,0.0
uHvWwqUZZbWa66I,1886,0.0,0.0,0.0
uHvWwqUZZbWa66I,1887,0.0,0.0,0.0
uHvWwqUZZbWa66I,1888,0.0,0.0,0.0
uHvWwqUZZbWa66I,1889,0.0,0.0,0.0
uHvWwqUZZbWa66I,1890,0.0,0.0,0.0
uHvWwqUZZbWa66I,1891,0.0,0.0,0.0
uHvWwqUZZbWa66I,1892,0.0,0.0,0.0
uHvWwqUZZbWa66I,1893,0.0,0.0,0.0
uHvWwqUZZbWa66I,1894,0.0,0.0,0.0
uHvWwqUZZbWa66I,1895,0.0,0.0,0.0
uHvWwqUZZbWa66I,1896,0.0,0.0,0.0
uHvWwqUZZbWa66I,1897,0.0,0.0,0.0
uHvWwqUZZbWa66I,1898,0.0,0.0,0.0
uHvWwqUZZbWa66I,1899,0.0,0.0,0.0
uHvWwqUZZbWa66I,1900,0.0,0.0,0.0
uHvWwqUZZbWa66I,1901,0.0,0.0,0.0
uHvWwqUZZbWa66I,1902,0.0,0.0,0.0
uHvWwqUZZbWa66I,1903,0.0,0.0,0.0
uHvWwqUZZbWa66I,1904,0.0,0.0,0.0
uHvWwqUZZbWa66I,1905,0.0,0.0,0.0
uHvWwqUZZbWa66I,1906,0.0,0.0,0.0
uHvWwqUZZbWa66I,1907,0.0,0.0,0.0
uHvWwqUZZbWa66I,1908,0.0,0.0,0.0
uHvWwqUZZbWa66I,1909,0.0,0.0,0.0
uHvWwqUZZbWa66I,1910,0.0,0.0,0.0
uHvWwqUZZbWa66I,1911,0.0,0.0,0.0
uHvWwqUZZbWa66I,1912,0.0,0.0,0.0
uHvWwqUZZbWa66I,1913,0.0,0.0,0.0
uHvWwqUZZbWa66I,1914,0.0,0.0,0.0
uHvWwqUZZbWa66I,1915,0.0,0.0,0.0
uHvWwqUZZbWa66I,1916,0.0,0.0,0.0
uHvWwqUZZbWa66I,1917,0.0,0.0,0.0
uHvWwqUZZbWa66I,1918,0.0,0.0,0.0
uHvWwqUZZbWa66I,1919,0.0,0.0,0.0
uHvWwqUZZbWa66I,1920,0.0,0.0,0.0
uHvWwqUZZbWa66I,1921,0.0,0.0,0.0
uHvWwqUZZbWa66I,1922,0.0,0.0,0.0
uHvWwqUZZbWa66I,1923,0.0,0.0,0.0
uHvWwqUZZbWa66I,1924,0.0,0.0,0.0
uHvWwqUZZbWa66I,1925,0.0,0.0,0.0
uHvWwqUZZbWa66I,1926,0.0,0.0,0.0
uHvWwqUZZbWa66I,1927,0.0,0.0,0.0
uHvWwqUZZbWa66I,1928,0.0,0.0,0.0
uHvWwqUZZbWa66I,1929,0.0,0.0,0.0
uHvWwqUZZbWa66I,1930,0.0,0.0,0.0
uHvWwqUZZbWa66I,1931,0.0,0.0,0.0
uHvWwqUZZbWa66I,1932,0.0,0.0,0.0
uHvWwqUZZbWa66I,1933,0.0,0.0,0.0
uHvWwqUZZbWa66I,1934,0.0,0.0,0.0
uHvWwqUZZbWa66I,1935,0.0,0.0,0.0
uHvWwqUZZbWa66I,1936,0.0,0.0,0.0
uHvWwqUZZbWa66I,1937,0.0,0.0,0.0
uHvWwqUZZbWa66I,1938,0.0,0.0,0.0
uHvWwqUZZbWa66I,1939,0.0,0.0,0.0
uHvWwqUZZbWa66I,1940,0.0,0.0,0.0
uHvWwqUZZbWa66I,1941,0.0,0.0,0.0
uHvWwqUZZbWa66I,1942,0.0,0.0,0.0
uHvWwqUZZbWa66I,1943,0.0,0.0,0.0
uHvWwqUZZbWa66I,1944,0.0,0.0,0.0
uHvWwqUZZbWa66I,1945,0.0,0.0,0.0
uHvWwqUZZbWa66I,1946,0.0,0.0,0.0
uHvWwqUZZbWa66I,1947,0.0,0.0,0.0
uHvWwqUZZbWa66I,1948,0.0,0.0,0.0
uHvWwqUZZbWa66I,1949,0.0,0.0,0.0
uHvWwqUZZbWa66I,1950,0.0,0.0,0.0
uHvWwqUZZbWa66I,1951,0.0,0.0,0.0
uHvWwqUZZbWa66I,1952,0.0,0.0,0.0
uHvWwqUZZbWa66I,1953,0.0,0.0,0.0
uHvWwqUZZbWa66I,1954,0.0,0.0,0.0
uHvWwqUZZbWa66I,1955,0.0,0.0,0.0
uHvWwqUZZbWa66I,1956,0.0,0.0,0.0
uHvWwqUZZbWa66I,1957,0.0,0.0,0.0
uHvWwqUZZbWa66I,1958,0.0,0.0,0.0
uHvWwqUZZbWa66I,1959,0.0,0.0,0.0
uHvWwqUZZbWa66I,1960,0.0,0.0,0.0
uHvWwqUZZbWa66I,1961,0.0,0.0,0.0
uHvWwqUZZbWa66I,1962,0.0,0.0,0.0
uHvWwqUZZbWa66I,1963,0.0,0.0,0.0
uHvWwqUZZbWa66I,1964,0.0,0.0,0.0
uHvWwqUZZbWa66I,1965,0.0,0.0,0.0
uHvWwqUZZbWa66I,1966,0.0,0.0,0.0
uHvWwqUZZbWa66I,1967,0.0,0.0,0.0
uHvWwqUZZbWa66I,1968,0.0,0.0,0.0
uHvWwqUZZbWa66I,1969,0.0,0.0,0.0
uHvWwqUZZbWa66I,1970,0.0,0.0,0.0
uHvWwqUZZbWa66I,1971,0.0,0.0,0.0
uHvWwqUZZbWa66I,1972,0.0,0.0,0.0
uHvWwqUZZbWa66I,1973,0.0,0.0,0.0
uHvWwqUZZbWa66I,1974,0.0,0.0,0.0
uHvWwqUZZbWa66I,1975,0.0,0.0,0.0
uHvWwqUZZbWa66I,1976,0.0,0.0,0.0
uHvWwqUZZbWa66I,1977,0.0,0.0,0.0
uHvWwqUZZbWa66I,1978,0.0,0.0,0.0
uHvWwqUZZbWa66I,1979,0.0,0.0,0.0
uHvWwqUZZbWa66I,1980,0.0,0.0,0.0
uHvWwqUZZbWa66I,1981,0.0,0.0,0.0
uHvWwqUZZbWa66I,1982,0.0,0.0,0.0
uHvWwqUZZbWa66I,1983,0.0,0.0,0.0
uHvWwqUZZbWa66I,1984,0.0,0.0,0.0
uHvWwqUZZbWa66I,1985,0.0,0.0,0.0
uHvWwqUZZbWa66I,1986,0.0,0.0,0.0
uHvWwqUZZbWa66I,1987,0.0,0.0,0.0
uHvWwqUZZbWa66I,1988,0.0,0.0,0.0
uHvWwqUZZbWa66I,1989,0.0,0.0,0.0
uHvWwqUZZbWa66I,1990,0.0,0.0,0.0
uHvWwqUZZbWa66I,1991,0.0,0.0,0.0
uHvWwqUZZbWa66I,1992,0.0,0.0,0.0
uHvWwqUZZbWa66I,1993,0.0,0.0,0.0
uHvWwqUZZbWa66I,1994,0.0,0.0,0.0
uHvWwqUZZbWa66I,1995,0.0,0.0,0.0
uHvWwqUZZbWa66I,1996,0.0,0.0,0.0
uHvWwqUZZbWa66I,1997,0.0,0.0,0.0
uHvWwqUZZbWa66I,1998,0.0,0.0,0.0
uHvWwqUZZbWa66I,1999,0.0,0.0,0.0
uHvWwqUZZbWa66I,2000,0.0,0.0,0.0
uHvWwqUZZbWa66I,2001,0.0,0.0,0.0
uHvWwqUZZbWa66I,2002,0.0,0.0,0.0
uHvWwqUZZbWa66I,2003,0.0,0.0,0.0
uHvWwqUZZbWa66I,2004,0.0,0.0,0.0
uHvWwqUZZbWa66I,2005,0.0,0.0,0.0
uHvWwqUZZbWa66I,2006,0.0,0.0,0.0
uHvWwqUZZbWa66I,2007,0.0,0.0,0.0
uHvWwqUZZbWa66I,2008,0.0,0.0,0.0
uHvWwqUZZbWa66I,2009,0.0,0.0,0.0
uHvWwqUZZbWa66I,2010,0.0,0.0,0.0
uHvWwqUZZbWa66I,2011,0.0,0.0,0.0
uHvWwqUZZbWa66I,2012,0.0,0.0,0.0
uHvWwqUZZbWa66I,2013,0.0,0.0,0.0
uHvWwqUZZbWa66I,2014,0.0,0.0,0.0
uHvWwqUZZbWa66I,2015,0.0,0.0,0.0
uHvWwqUZZbWa66I,2016,0.0,0.0,0.0
uHvWwqUZZbWa66I,2017,0.0,0.0,0.0
uHvWwqUZZbWa66I,2018,0.0,0.0,0.0
uHvWwqUZZbWa66I,2019,0.0,0.0,0.0
uHvWwqUZZbWa66I,2020,0.0,0.0,0.0
uHvWwqUZZbWa66I,2021,0.0,0.0,0.0
uHvWwqUZZbWa66I,2022,0.0,0.0,0.0
uHvWwqUZZbWa66I,2023,0.0,0.0,0.0
uHvWwqUZZbWa66I,2024,0.0,0.0,0.0
uHvWwqUZZbWa66I,2025,0.0,0.0,0.0
uHvWwqUZZbWa66I,2026,0.0,0.0,0.0
uHvWwqUZZbWa66I,2027,0.0,0.0,0.0
uHvWwqUZZbWa66I,2028,0.0,0.0,0.0
uHvWwqUZZbWa66I,2029,0.0,0.0,0.0
uHvWwqUZZbWa66I,2030,0.0,0.0,0.0
uHvWwqUZZbWa66I,2031,0.0,0.0,0.0
uHvWwqUZZbWa66I,2032,0.0,0.0,0.0
uHvWwqUZZbWa66I,2033,0.0,0.0,0.0
uHvWwqUZZbWa66I,2034,0.0,0.0,0.0
uHvWwqUZZbWa66I,2035,0.0,0.0,0.0
uHvWwqUZZbWa66I,2036,0.0,0.0,0.0
uHvWwqUZZbWa66I,2037,0.0,0.0,0.0
uHvWwqUZZbWa66I,2038,0.0,0.0,0.0
uHvWwqUZZbWa66I,2039,0.0,0.0,0.0
uHvWwqUZZbWa66I,2040,0.0,0.0,0.0
uHvWwqUZZbWa66I,2041,0.0,0.0,0.0
uHvWwqUZZbWa66I,2042,0.0,0.0,0.0
uHvWwqUZZbWa66I,2043,0.0,0.0,0.0
uHvWwqUZZbWa66I,2044,0.0,0.0,0.0
uHvWwqUZZbWa66I,2045,0.0,0.0,0.0
uHvWwqUZZbWa66I,2046,0.0,0.0,0.0
uHvWwqUZZbWa66I,2047,0.0,0.0,0.0
uHvWwqUZZbWa66I,2048,0.0,0.0,0.0
uHvWwqUZZbWa66I,2049,0.0,0.0,0.0
uHvWwqUZZbWa66I,2050,0.0,0.0,0.0
uHvWwqUZZbWa66I,2051,0.0,0.0,0.0
uHvWwqUZZbWa66I,2052,0.0,0.0,0.0
uHvWwqUZZbWa66I,2053,0.0,0.0,0.0
uHvWwqUZZbWa66I,2054,0.0,0.0,0.0
uHvWwqUZZbWa66I,2055,0.0,0.0,0.0
uHvWwqUZZbWa66I,2056,0.0,0.0,0.0
uHvWwqUZZbWa66I,2057,0.0,0.0,0.0
uHvWwqUZZbWa66I,2058,0.0,0.0,0.0
uHvWwqUZZbWa66I,2059,0.0,0.0,0.0
uHvWwqUZZbWa66I,2060,0.0,0.0,0.0
uHvWwqUZZbWa66I,2061,0.0,0.0,0.0
uHvWwqUZZbWa66I,2062,0.0,0.0,0.0
uHvWwqUZZbWa66I,2063,0.0,0.0,0.0
uHvWwqUZZbWa66I,2064,0.0,0.0,0.0
uHvWwqUZZbWa66I,2065,0.0,0.0,0.0
uHvWwqUZZbWa66I,2066,0.0,0.0,0.0
uHvWwqUZZbWa66I,2067,0.0,0.0,0.0
uHvWwqUZZbWa66I,2068,0.0,0.0,0.0
uHvWwqUZZbWa66I,2069,0.0,0.0,0.0
uHvWwqUZZbWa66I,2070,0.0,0.0,0.0
uHvWwqUZZbWa66I,2071,0.0,0.0,0.0
uHvWwqUZZbWa66I,2072,0.0,0.0,0.0
uHvWwqUZZbWa66I,2073,0.0,0.0,0.0
uHvWwqUZZbWa66I,2074,0.0,0.0,0.0
uHvWwqUZZbWa66I,2075,0.0,0.0,0.0
uHvWwqUZZbWa66I,2076,0.0,0.0,0.0
uHvWwqUZZbWa66I,2077,0.0,0.0,0.0
uHvWwqUZZbWa66I,2078,0.0,0.0,0.0
uHvWwqUZZbWa66I,2079,0.0,0.0,0.0
uHvWwqUZZbWa66I,2080,0.0,0.0,0.0
uHvWwqUZZbWa66I,2081,0.0,0.0,0.0
uHvWwqUZZbWa66I,2082,0.0,0.0,0.0
uHvWwqUZZbWa66I,2083,0.0,0.0,0.0
uHvWwqUZZbWa66I,2084,0.0,0.0,0.0
uHvWwqUZZbWa66I,2085,0.0,0.0,0.0
uHvWwqUZZbWa66I,2086,0.0,0.0,0.0
uHvWwqUZZbWa66I,2087,0.0,0.0,0.0
uHvWwqUZZbWa66I,2088,0.0,0.0,0.0
uHvWwqUZZbWa66I,2089,0.0,0.0,0.0
uHvWwqUZZbWa66I,2090,0.0,0.0,0.0
uHvWwqUZZbWa66I,2091,0.0,0.0,0.0
uHvWwqUZZbWa66I,2092,0.0,0.0,0.0
uHvWwqUZZbWa66I,2093,0.0,0.0,0.0
uHvWwqUZZbWa66I,2094,0.0,0.0,0.0
uHvWwqUZZbWa66I,2095,0.0,0.0,0.0
uHvWwqUZZbWa66I,2096,0.0,0.0,0.0
uHvWwqUZZbWa66I,2097,0.0,0.0,0.0
uHvWwqUZZbWa66I,2098,0.0,0.0,0.0
uHvWwqUZZbWa66I,2099,0.0,0.0,0.0
uHvWwqUZZbWa66I,2100,0.0,0.0,0.0
uHvWwqUZZbWa66I,2101,0.0,0.0,0.0
uHvWwqUZZbWa66I,2102,0.0,0.0,0.0
uHvWwqUZZbWa66I,2103,0.0,0.0,0.0
uHvWwqUZZbWa66I,2104,0.0,0.0,0.0
uHvWwqUZZbWa66I,2105,0.0,0.0,0.0
uHvWwqUZZbWa66I,2106,0.0,0.0,0.0
uHvWwqUZZbWa66I,2107,0.0,0.0,0.0
uHvWwqUZZbWa66I,2108,0.0,0.0,0.0
uHvWwqUZZbWa66I,2109,0.0,0.0,0.0
uHvWwqUZZbWa66I,2110,0.0,0.0,0.0
uHvWwqUZZbWa66I,2111,0.0,0.0,0.0
uHvWwqUZZbWa66I,2112,0.0,0.0,0.0
uHvWwqUZZbWa66I,2113,0.0,0.0,0.0
uHvWwqUZZbWa66I,2114,0.0,0.0,0.0
uHvWwqUZZbWa66I,2115,0.0,0.0,0.0
uHvWwqUZZbWa66I,2116,0.0,0.0,0.0
uHvWwqUZZbWa66I,2117,0.0,0.0,0.0
uHvWwqUZZbWa66I,2118,0.0,0.0,0.0
uHvWwqUZZbWa66I,2119,0.0,0.0,0.0
uHvWwqUZZbWa66I,2120,0.0,0.0,0.0
uHvWwqUZZbWa66I,2121,0.0,0.0,0.0
uHvWwqUZZbWa66I,2122,0.0,0.0,0.0
uHvWwqUZZbWa66I,2123,0.0,0.0,0.0
uHvWwqUZZbWa66I,2124,0.0,0.0,0.0
uHvWwqUZZbWa66I,2125,0.0,0.0,0.0
uHvWwqUZZbWa66I,2126,0.0,0.0,0.0
uHvWwqUZZbWa66I,2127,0.0,0.0,0.0
uHvWwqUZZbWa66I,2128,0.0,0.0,0.0
uHvWwqUZZbWa66I,2129,0.0,0.0,0.0
uHvWwqUZZbWa66I,2130,0.0,0.0,0.0
uHvWwqUZZbWa66I,2131,0.0,0.0,0.0
uHvWwqUZZbWa66I,2132,0.0,0.0,0.0
uHvWwqUZZbWa66I,2133,0.0,0.0,0.0
uHvWwqUZZbWa66I,2134,0.0,0.0,0.0
uHvWwqUZZbWa66I,2135,0.0,0.0,0.0
uHvWwqUZZbWa66I,2136,0.0,0.0,0.0
uHvWwqUZZbWa66I,2137,0.0,0.0,0.0
uHvWwqUZZbWa66I,2138,0.0,0.0,0.0
uHvWwqUZZbWa66I,2139,0.0,0.0,0.0
uHvWwqUZZbWa66I,2140,0.0,0.0,0.0
uHvWwqUZZbWa66I,2141,0.0,0.0,0.0
uHvWwqUZZbWa66I,2142,0.0,0.0,0.0
uHvWwqUZZbWa66I,2143,0.0,0.0,0.0
uHvWwqUZZbWa66I,2144,0.0,0.0,0.0
uHvWwqUZZbWa66I,2145,0.0,0.0,0.0
uHvWwqUZZbWa66I,2146,0.0,0.0,0.0
uHvWwqUZZbWa66I,2147,0.0,0.0,0.0
uHvWwqUZZbWa66I,2148,0.0,0.0,0.0
uHvWwqUZZbWa66I,2149,0.0,0.0,0.0
uHvWwqUZZbWa66I,2150,0.0,0.0,0.0
uHvWwqUZZbWa66I,2151,0.0,0.0,0.0
uHvWwqUZZbWa66I,2152,0.0,0.0,0.0
uHvWwqUZZbWa66I,2153,0.0,0.0,0.0
uHvWwqUZZbWa66I,2154,0.0,0.0,0.0
uHvWwqUZZbWa66I,2155,0.0,0.0,0.0
uHvWwqUZZbWa66I,2156,0.0,0.0,0.0
uHvWwqUZZbWa66I,2157,0.0,0.0,0.0
uHvWwqUZZbWa66I,2158,0.0,0.0,0.0
uHvWwqUZZbWa66I,2159,0.0,0.0,0.0
uHvWwqUZZbWa66I,2160,0.0,0.0,0.0
uHvWwqUZZbWa66I,2161,0.0,0.0,0.0
uHvWwqUZZbWa66I,2162,0.0,0.0,0.0
uHvWwqUZZbWa66I,2163,0.0,0.0,0.0
uHvWwqUZZbWa66I,2164,0.0,0.0,0.0
uHvWwqUZZbWa66I,2165,0.0,0.0,0.0
uHvWwqUZZbWa66I,2166,0.0,0.0,0.0
uHvWwqUZZbWa66I,2167,0.0,0.0,0.0
uHvWwqUZZbWa66I,2168,0.0,0.0,0.0
uHvWwqUZZbWa66I,2169,0.0,0.0,0.0
uHvWwqUZZbWa66I,2170,0.0,0.0,0.0
uHvWwqUZZbWa66I,2171,0.0,0.0,0.0
uHvWwqUZZbWa66I,2172,0.0,0.0,0.0
uHvWwqUZZbWa66I,2173,0.0,0.0,0.0
uHvWwqUZZbWa66I,2174,0.0,0.0,0.0
uHvWwqUZZbWa66I,2175,0.0,0.0,0.0
uHvWwqUZZbWa66I,2176,0.0,0.0,0.0
uHvWwqUZZbWa66I,2177,0.0,0.0,0.0
uHvWwqUZZbWa66I,2178,0.0,0.0,0.0
uHvWwqUZZbWa66I,2179,0.0,0.0,0.0
uHvWwqUZZbWa66I,2180,0.0,0.0,0.0
uHvWwqUZZbWa66I,2181,0.0,0.0,0.0
uHvWwqUZZbWa66I,2182,0.0,0.0,0.0
uHvWwqUZZbWa66I,2183,0.0,0.0,0.0
uHvWwqUZZbWa66I,2184,0.0,0.0,0.0
uHvWwqUZZbWa66I,2185,0.0,0.0,0.0
uHvWwqUZZbWa66I,2186,0.0,0.0,0.0
uHvWwqUZZbWa66I,2187,0.0,0.0,0.0
uHvWwqUZZbWa66I,2188,0.0,0.0,0.0
uHvWwqUZZbWa66I,2189,0.0,0.0,0.0
uHvWwqUZZbWa66I,2190,0.0,0.0,0.0
uHvWwqUZZbWa66I,2191,0.0,0.0,0.0
uHvWwqUZZbWa66I,2192,0.0,0.0,0.0
uHvWwqUZZbWa66I,2193,0.0,0.0,0.0
uHvWwqUZZbWa66I,2194,0.0,0.0,0.0
uHvWwqUZZbWa66I,2195,0.0,0.0,0.0
uHvWwqUZZbWa66I,2196,0.0,0.0,0.0
uHvWwqUZZbWa66I,2197,0.0,0.0,0.0
uHvWwqUZZbWa66I,2198,0.0,0.0,0.0
uHvWwqUZZbWa66I,2199,0.0,0.0,0.0
uHvWwqUZZbWa66I,2200,0.0,0.0,0.0
uHvWwqUZZbWa66I,2201,0.0,0.0,0.0
uHvWwqUZZbWa66I,2202,0.0,0.0,0.0
uHvWwqUZZbWa66I,2203,0.0,0.0,0.0
uHvWwqUZZbWa66I,2204,0.0,0.0,0.0
uHvWwqUZZbWa66I,2205,0.0,0.0,0.0
uHvWwqUZZbWa66I,2206,0.0,0.0,0.0
uHvWwqUZZbWa66I,2207,0.0,0.0,0.0
uHvWwqUZZbWa66I,2208,0.0,0.0,0.0
uHvWwqUZZbWa66I,2209,0.0,0.0,0.0
uHvWwqUZZbWa66I,2210,0.0,0.0,0.0
uHvWwqUZZbWa66I,2211,0.0,0.0,0.0
uHvWwqUZZbWa66I,2212,0.0,0.0,0.0
uHvWwqUZZbWa66I,2213,0.0,0.0,0.0
uHvWwqUZZbWa66I,2214,0.0,0.0,0.0
uHvWwqUZZbWa66I,2215,0.0,0.0,0.0
uHvWwqUZZbWa66I,2216,0.0,0.0,0.0
uHvWwqUZZbWa66I,2217,0.0,0.0,0.0
uHvWwqUZZbWa66I,2218,0.0,0.0,0.0
uHvWwqUZZbWa66I,2219,0.0,0.0,0.0
uHvWwqUZZbWa66I,2220,0.0,0.0,0.0
uHvWwqUZZbWa66I,2221,0.0,0.0,0.0
uHvWwqUZZbWa66I,2222,0.0,0.0,0.0
uHvWwqUZZbWa66I,2223,0.0,0.0,0.0
uHvWwqUZZbWa66I,2224,0.0,0.0,0.0
uHvWwqUZZbWa66I,2225,0.0,0.0,0.0
uHvWwqUZZbWa66I,2226,0.0,0.0,0.0
uHvWwqUZZbWa66I,2227,0.0,0.0,0.0
uHvWwqUZZbWa66I,2228,0.0,0.0,0.0
uHvWwqUZZbWa66I,2229,0.0,0.0,0.0
uHvWwqUZZbWa66I,2230,0.0,0.0,0.0
uHvWwqUZZbWa66I,2231,0.0,0.0,0.0
uHvWwqUZZbWa66I,2232,0.0,0.0,0.0
uHvWwqUZZbWa66I,2233,0.0,0.0,0.0
uHvWwqUZZbWa66I,2234,0.0,0.0,0.0
uHvWwqUZZbWa66I,2235,0.0,0.0,0.0
uHvWwqUZZbWa66I,2236,0.0,0.0,0.0
uHvWwqUZZbWa66I,2237,0.0,0.0,0.0
uHvWwqUZZbWa66I,2238,0.0,0.0,0.0
uHvWwqUZZbWa66I,2239,0.0,0.0,0.0
uHvWwqUZZbWa66I,2240,0.0,0.0,0.0
uHvWwqUZZbWa66I,2241,0.0,0.0,0.0
uHvWwqUZZbWa66I,2242,0.0,0.0,0.0
uHvWwqUZZbWa66I,2243,0.0,0.0,0.0
uHvWwqUZZbWa66I,2244,0.0,0.0,0.0
uHvWwqUZZbWa66I,2245,0.0,0.0,0.0
uHvWwqUZZbWa66I,2246,0.0,0.0,0.0
uHvWwqUZZbWa66I,2247,0.0,0.0,0.0
uHvWwqUZZbWa66I,2248,0.0,0.0,0.0
uHvWwqUZZbWa66I,2249,0.0,0.0,0.0
uHvWwqUZZbWa66I,2250,0.0,0.0,0.0
uHvWwqUZZbWa66I,2251,0.0,0.0,0.0
uHvWwqUZZbWa66I,2252,0.0,0.0,0.0
uHvWwqUZZbWa66I,2253,0.0,0.0,0.0
uHvWwqUZZbWa66I,2254,0.0,0.0,0.0
uHvWwqUZZbWa66I,2255,0.0,0.0,0.0
uHvWwqUZZbWa66I,2256,0.0,0.0,0.0
uHvWwqUZZbWa66I,2257,0.0,0.0,0.0
uHvWwqUZZbWa66I,2258,0.0,0.0,0.0
uHvWwqUZZbWa66I,2259,0.0,0.0,0.0
uHvWwqUZZbWa66I,2260,0.0,0.0,0.0
uHvWwqUZZbWa66I,2261,0.0,0.0,0.0
uHvWwqUZZbWa66I,2262,0.0,0.0,0.0
uHvWwqUZZbWa66I,2263,0.0,0.0,0.0
uHvWwqUZZbWa66I,2264,0.0,0.0,0.0
uHvWwqUZZbWa66I,2265,0.0,0.0,0.0
uHvWwqUZZbWa66I,2266,0.0,0.0,0.0
uHvWwqUZZbWa66I,2267,0.0,0.0,0.0
uHvWwqUZZbWa66I,2268,0.0,0.0,0.0
uHvWwqUZZbWa66I,2269,0.0,0.0,0.0
uHvWwqUZZbWa66I,2270,0.0,0.0,0.0
uHvWwqUZZbWa66I,2271,0.0,0.0,0.0
uHvWwqUZZbWa66I,2272,0.0,0.0,0.0
uHvWwqUZZbWa66I,2273,0.0,0.0,0.0
uHvWwqUZZbWa66I,2274,0.0,0.0,0.0
uHvWwqUZZbWa66I,2275,0.0,0.0,0.0
uHvWwqUZZbWa66I,2276,0.0,0.0,0.0
uHvWwqUZZbWa66I,2277,0.0,0.0,0.0
uHvWwqUZZbWa66I,2278,0.0,0.0,0.0
uHvWwqUZZbWa66I,2279,0.0,0.0,0.0
uHvWwqUZZbWa66I,2280,0.0,0.0,0.0
uHvWwqUZZbWa66I,2281,0.0,0.0,0.0
uHvWwqUZZbWa66I,2282,0.0,0.0,0.0
uHvWwqUZZbWa66I,2283,0.0,0.0,0.0
uHvWwqUZZbWa66I,2284,0.0,0.0,0.0
uHvWwqUZZbWa66I,2285,0.0,0.0,0.0
uHvWwqUZZbWa66I,2286,0.0,0.0,0.0
uHvWwqUZZbWa66I,2287,0.0,0.0,0.0
uHvWwqUZZbWa66I,2288,0.0,0.0,0.0
uHvWwqUZZbWa66I,2289,0.0,0.0,0.0
uHvWwqUZZbWa66I,2290,0.0,0.0,0.0
uHvWwqUZZbWa66I,2291,0.0,0.0,0.0
uHvWwqUZZbWa66I,2292,0.0,0.0,0.0
uHvWwqUZZbWa66I,2293,0.0,0.0,0.0
uHvWwqUZZbWa66I,2294,0.0,0.0,0.0
uHvWwqUZZbWa66I,2295,0.0,0.0,0.0
uHvWwqUZZbWa66I,2296,0.0,0.0,0.0
uHvWwqUZZbWa66I,2297,0.0,0.0,0.0
uHvWwqUZZbWa66I,2298,0.0,0.0,0.0
uHvWwqUZZbWa66I,2299,0.0,0.0,0.0
uHvWwqUZZbWa66I,2300,0.0,0.0,0.0
uHvWwqUZZbWa66I,2301,0.0,0.0,0.0
uHvWwqUZZbWa66I,2302,0.0,0.0,0.0
uHvWwqUZZbWa66I,2303,0.0,0.0,0.0
uHvWwqUZZbWa66I,2304,0.0,0.0,0.0
uHvWwqUZZbWa66I,2305,0.0,0.0,0.0
uHvWwqUZZbWa66I,2306,0.0,0.0,0.0
uHvWwqUZZbWa66I,2307,0.0,0.0,0.0
uHvWwqUZZbWa66I,2308,0.0,0.0,0.0
uHvWwqUZZbWa66I,2309,0.0,0.0,0.0
uHvWwqUZZbWa66I,2310,0.0,0.0,0.0
uHvWwqUZZbWa66I,2311,0.0,0.0,0.0
uHvWwqUZZbWa66I,2312,0.0,0.0,0.0
uHvWwqUZZbWa66I,2313,0.0,0.0,0.0
uHvWwqUZZbWa66I,2314,0.0,0.0,0.0
uHvWwqUZZbWa66I,2315,0.0,0.0,0.0
uHvWwqUZZbWa66I,2316,0.0,0.0,0.0
uHvWwqUZZbWa66I,2317,0.0,0.0,0.0
uHvWwqUZZbWa66I,2318,0.0,0.0,0.0
uHvWwqUZZbWa66I,2319,0.0,0.0,0.0
uHvWwqUZZbWa66I,2320,0.0,0.0,0.0
uHvWwqUZZbWa66I,2321,0.0,0.0,0.0
uHvWwqUZZbWa66I,2322,0.0,0.0,0.0
uHvWwqUZZbWa66I,2323,0.0,0.0,0.0
uHvWwqUZZbWa66I,2324,0.0,0.0,0.0
uHvWwqUZZbWa66I,2325,0.0,0.0,0.0
uHvWwqUZZbWa66I,2326,0.0,0.0,0.0
uHvWwqUZZbWa66I,2327,0.0,0.0,0.0
uHvWwqUZZbWa66I,2328,0.0,0.0,0.0
uHvWwqUZZbWa66I,2329,0.0,0.0,0.0
uHvWwqUZZbWa66I,2330,0.0,0.0,0.0
uHvWwqUZZbWa66I,2331,0.0,0.0,0.0
uHvWwqUZZbWa66I,2332,0.0,0.0,0.0
uHvWwqUZZbWa66I,2333,0.0,0.0,0.0
uHvWwqUZZbWa66I,2334,0.0,0.0,0.0
uHvWwqUZZbWa66I,2335,0.0,0.0,0.0
uHvWwqUZZbWa66I,2336,0.0,0.0,0.0
uHvWwqUZZbWa66I,2337,0.0,0.0,0.0
uHvWwqUZZbWa66I,2338,0.0,0.0,0.0
uHvWwqUZZbWa66I,2339,0.0,0.0,0.0
uHvWwqUZZbWa66I,2340,0.0,0.0,0.0
uHvWwqUZZbWa66I,2341,0.0,0.0,0.0
uHvWwqUZZbWa66I,2342,0.0,0.0,0.0
uHvWwqUZZbWa66I,2343,0.0,0.0,0.0
uHvWwqUZZbWa66I,2344,0.0,0.0,0.0
uHvWwqUZZbWa66I,2345,0.0,0.0,0.0
uHvWwqUZZbWa66I,2346,0.0,0.0,0.0
uHvWwqUZZbWa66I,2347,0.0,0.0,0.0
uHvWwqUZZbWa66I,2348,0.0,0.0,0.0
uHvWwqUZZbWa66I,2349,0.0,0.0,0.0
uHvWwqUZZbWa66I,2350,0.0,0.0,0.0
uHvWwqUZZbWa66I,2351,0.0,0.0,0.0
uHvWwqUZZbWa66I,2352,0.0,0.0,0.0
uHvWwqUZZbWa66I,2353,0.0,0.0,0.0
uHvWwqUZZbWa66I,2354,0.0,0.0,0.0
uHvWwqUZZbWa66I,2355,0.0,0.0,0.0
uHvWwqUZZbWa66I,2356,0.0,0.0,0.0
uHvWwqUZZbWa66I,2357,0.0,0.0,0.0
uHvWwqUZZbWa66I,2358,0.0,0.0,0.0
uHvWwqUZZbWa66I,2359,0.0,0.0,0.0
uHvWwqUZZbWa66I,2360,0.0,0.0,0.0
uHvWwqUZZbWa66I,2361,0.0,0.0,0.0
uHvWwqUZZbWa66I,2362,0.0,0.0,0.0
uHvWwqUZZbWa66I,2363,0.0,0.0,0.0
uHvWwqUZZbWa66I,2364,0.0,0.0,0.0
uHvWwqUZZbWa66I,2365,0.0,0.0,0.0
uHvWwqUZZbWa66I,2366,0.0,0.0,0.0
uHvWwqUZZbWa66I,2367,0.0,0.0,0.0
uHvWwqUZZbWa66I,2368,0.0,0.0,0.0
uHvWwqUZZbWa66I,2369,0.0,0.0,0.0
uHvWwqUZZbWa66I,2370,0.0,0.0,0.0
uHvWwqUZZbWa66I,2371,0.0,0.0,0.0
uHvWwqUZZbWa66I,2372,0.0,0.0,0.0
uHvWwqUZZbWa66I,2373,0.0,0.0,0.0
uHvWwqUZZbWa66I,2374,0.0,0.0,0.0
uHvWwqUZZbWa66I,2375,0.0,0.0,0.0
uHvWwqUZZbWa66I,2376,0.0,0.0,0.0
uHvWwqUZZbWa66I,2377,0.0,0.0,0.0
uHvWwqUZZbWa66I,2378,0.0,0.0,0.0
uHvWwqUZZbWa66I,2379,0.0,0.0,0.0
uHvWwqUZZbWa66I,2380,0.0,0.0,0.0
uHvWwqUZZbWa66I,2381,0.0,0.0,0.0
uHvWwqUZZbWa66I,2382,0.0,0.0,0.0
uHvWwqUZZbWa66I,2383,0.0,0.0,0.0
uHvWwqUZZbWa66I,2384,0.0,0.0,0.0
uHvWwqUZZbWa66I,2385,0.0,0.0,0.0
uHvWwqUZZbWa66I,2386,0.0,0.0,0.0
uHvWwqUZZbWa66I,2387,0.0,0.0,0.0
uHvWwqUZZbWa66I,2388,0.0,0.0,0.0
uHvWwqUZZbWa66I,2389,0.0,0.0,0.0
uHvWwqUZZbWa66I,2390,0.0,0.0,0.0
uHvWwqUZZbWa66I,2391,0.0,0.0,0.0
uHvWwqUZZbWa66I,2392,0.0,0.0,0.0
uHvWwqUZZbWa66I,2393,0.0,0.0,0.0
uHvWwqUZZbWa66I,2394,0.0,0.0,0.0
uHvWwqUZZbWa66I,2395,0.0,0.0,0.0
uHvWwqUZZbWa66I,2396,0.0,0.0,0.0
uHvWwqUZZbWa66I,2397,0.0,0.0,0.0
uHvWwqUZZbWa66I,2398,0.0,0.0,0.0
uHvWwqUZZbWa66I,2399,0.0,0.0,0.0
uHvWwqUZZbWa66I,2400,0.0,0.0,0.0
uHvWwqUZZbWa66I,2401,0.0,0.0,0.0
uHvWwqUZZbWa66I,2402,0.0,0.0,0.0
uHvWwqUZZbWa66I,2403,0.0,0.0,0.0
uHvWwqUZZbWa66I,2404,0.0,0.0,0.0
uHvWwqUZZbWa66I,2405,0.0,0.0,0.0
uHvWwqUZZbWa66I,2406,0.0,0.0,0.0
uHvWwqUZZbWa66I,2407,0.0,0.0,0.0
uHvWwqUZZbWa66I,2408,0.0,0.0,0.0
uHvWwqUZZbWa66I,2409,0.0,0.0,0.0
uHvWwqUZZbWa66I,2410,0.0,0.0,0.0
uHvWwqUZZbWa66I,2411,0.0,0.0,0.0
uHvWwqUZZbWa66I,2412,0.0,0.0,0.0
uHvWwqUZZbWa66I,2413,0.0,0.0,0.0
uHvWwqUZZbWa66I,2414,0.0,0.0,0.0
uHvWwqUZZbWa66I,2415,0.0,0.0,0.0
uHvWwqUZZbWa66I,2416,0.0,0.0,0.0
uHvWwqUZZbWa66I,2417,0.0,0.0,0.0
uHvWwqUZZbWa66I,2418,0.0,0.0,0.0
uHvWwqUZZbWa66I,2419,0.0,0.0,0.0
uHvWwqUZZbWa66I,2420,0.0,0.0,0.0
uHvWwqUZZbWa66I,2421,0.0,0.0,0.0
uHvWwqUZZbWa66I,2422,0.0,0.0,0.0
uHvWwqUZZbWa66I,2423,0.0,0.0,0.0
uHvWwqUZZbWa66I,2424,0.0,0.0,0.0
uHvWwqUZZbWa66I,2425,0.0,0.0,0.0
uHvWwqUZZbWa66I,2426,0.0,0.0,0.0
uHvWwqUZZbWa66I,2427,0.0,0.0,0.0
uHvWwqUZZbWa66I,2428,0.0,0.0,0.0
uHvWwqUZZbWa66I,2429,0.0,0.0,0.0
uHvWwqUZZbWa66I,2430,0.0,0.0,0.0
uHvWwqUZZbWa66I,2431,0.0,0.0,0.0
uHvWwqUZZbWa66I,2432,0.0,0.0,0.0
uHvWwqUZZbWa66I,2433,0.0,0.0,0.0
uHvWwqUZZbWa66I,2434,0.0,0.0,0.0
uHvWwqUZZbWa66I,2435,0.0,0.0,0.0
uHvWwqUZZbWa66I,2436,0.0,0.0,0.0
uHvWwqUZZbWa66I,2437,0.0,0.0,0.0
uHvWwqUZZbWa66I,2438,0.0,0.0,0.0
uHvWwqUZZbWa66I,2439,0.0,0.0,0.0
uHvWwqUZZbWa66I,2440,0.0,0.0,0.0
uHvWwqUZZbWa66I,2441,0.0,0.0,0.0
uHvWwqUZZbWa66I,2442,0.0,0.0,0.0
uHvWwqUZZbWa66I,2443,0.0,0.0,0.0
uHvWwqUZZbWa66I,2444,0.0,0.0,0.0
uHvWwqUZZbWa66I,2445,0.0,0.0,0.0
uHvWwqUZZbWa66I,2446,0.0,0.0,0.0
uHvWwqUZZbWa66I,2447,0.0,0.0,0.0
uHvWwqUZZbWa66I,2448,0.0,0.0,0.0
uHvWwqUZZbWa66I,2449,0.0,0.0,0.0
uHvWwqUZZbWa66I,2450,0.0,0.0,0.0
uHvWwqUZZbWa66I,2451,0.0,0.0,0.0
uHvWwqUZZbWa66I,2452,0.0,0.0,0.0
uHvWwqUZZbWa66I,2453,0.0,0.0,0.0
uHvWwqUZZbWa66I,2454,0.0,0.0,0.0
uHvWwqUZZbWa66I,2455,0.0,0.0,0.0
uHvWwqUZZbWa66I,2456,0.0,0.0,0.0
uHvWwqUZZbWa66I,2457,0.0,0.0,0.0
uHvWwqUZZbWa66I,2458,0.0,0.0,0.0
uHvWwqUZZbWa66I,2459,0.0,0.0,0.0
uHvWwqUZZbWa66I,2460,0.0,0.0,0.0
uHvWwqUZZbWa66I,2461,0.0,0.0,0.0
uHvWwqUZZbWa66I,2462,0.0,0.0,0.0
uHvWwqUZZbWa66I,2463,0.0,0.0,0.0
uHvWwqUZZbWa66I,2464,0.0,0.0,0.0
uHvWwqUZZbWa66I,2465,0.0,0.0,0.0
uHvWwqUZZbWa66I,2466,0.0,0.0,0.0
uHvWwqUZZbWa66I,2467,0.0,0.0,0.0
uHvWwqUZZbWa66I,2468,0.0,0.0,0.0
uHvWwqUZZbWa66I,2469,0.0,0.0,0.0
uHvWwqUZZbWa66I,2470,0.0,0.0,0.0
uHvWwqUZZbWa66I,2471,0.0,0.0,0.0
uHvWwqUZZbWa66I,2472,0.0,0.0,0.0
uHvWwqUZZbWa66I,2473,0.0,0.0,0.0
uHvWwqUZZbWa66I,2474,0.0,0.0,0.0
uHvWwqUZZbWa66I,2475,0.0,0.0,0.0
uHvWwqUZZbWa66I,2476,0.0,0.0,0.0
uHvWwqUZZbWa66I,2477,0.0,0.0,0.0
uHvWwqUZZbWa66I,2478,0.0,0.0,0.0
uHvWwqUZZbWa66I,2479,0.0,0.0,0.0
uHvWwqUZZbWa66I,2480,0.0,0.0,0.0
uHvWwqUZZbWa66I,2481,0.0,0.0,0.0
uHvWwqUZZbWa66I,2482,0.0,0.0,0.0
uHvWwqUZZbWa66I,2483,0.0,0.0,0.0
uHvWwqUZZbWa66I,2484,0.0,0.0,0.0
uHvWwqUZZbWa66I,2485,0.0,0.0,0.0
uHvWwqUZZbWa66I,2486,0.0,0.0,0.0
uHvWwqUZZbWa66I,2487,0.0,0.0,0.0
uHvWwqUZZbWa66I,2488,0.0,0.0,0.0
uHvWwqUZZbWa66I,2489,0.0,0.0,0.0
uHvWwqUZZbWa66I,2490,0.0,0.0,0.0
uHvWwqUZZbWa66I,2491,0.0,0.0,0.0
uHvWwqUZZbWa66I,2492,0.0,0.0,0.0
uHvWwqUZZbWa66I,2493,0.0,0.0,0.0
uHvWwqUZZbWa66I,2494,0.0,0.0,0.0
uHvWwqUZZbWa66I,2495,0.0,0.0,0.0
uHvWwqUZZbWa66I,2496,0.0,0.0,0.0
uHvWwqUZZbWa66I,2497,0.0,0.0,0.0
uHvWwqUZZbWa66I,2498,0.0,0.0,0.0
uHvWwqUZZbWa66I,2499,0.0,0.0,0.0
uHvWwqUZZbWa66I,2500,0.0,0.0,0.0
uHvWwqUZZbWa66I,2501,0.0,0.0,0.0
uHvWwqUZZbWa66I,2502,0.0,0.0,0.0
uHvWwqUZZbWa66I,2503,0.0,0.0,0.0
uHvWwqUZZbWa66I,2504,0.0,0.0,0.0
uHvWwqUZZbWa66I,2505,0.0,0.0,0.0
uHvWwqUZZbWa66I,2506,0.0,0.0,0.0
uHvWwqUZZbWa66I,2507,0.0,0.0,0.0
uHvWwqUZZbWa66I,2508,0.0,0.0,0.0
uHvWwqUZZbWa66I,2509,0.0,0.0,0.0
uHvWwqUZZbWa66I,2510,0.0,0.0,0.0
uHvWwqUZZbWa66I,2511,0.0,0.0,0.0
uHvWwqUZZbWa66I,2512,0.0,0.0,0.0
uHvWwqUZZbWa66I,2513,0.0,0.0,0.0
uHvWwqUZZbWa66I,2514,0.0,0.0,0.0
uHvWwqUZZbWa66I,2515,0.0,0.0,0.0
uHvWwqUZZbWa66I,2516,0.0,0.0,0.0
uHvWwqUZZbWa66I,2517,0.0,0.0,0.0
uHvWwqUZZbWa66I,2518,0.0,0.0,0.0
uHvWwqUZZbWa66I,2519,0.0,0.0,0.0
uHvWwqUZZbWa66I,2520,0.0,0.0,0.0
uHvWwqUZZbWa66I,2521,0.0,0.0,0.0
uHvWwqUZZbWa66I,2522,0.0,0.0,0.0
uHvWwqUZZbWa66I,2523,0.0,0.0,0.0
uHvWwqUZZbWa66I,2524,0.0,0.0,0.0
uHvWwqUZZbWa66I,2525,0.0,0.0,0.0
uHvWwqUZZbWa66I,2526,0.0,0.0,0.0
uHvWwqUZZbWa66I,2527,0.0,0.0,0.0
uHvWwqUZZbWa66I,2528,0.0,0.0,0.0
uHvWwqUZZbWa66I,2529,0.0,0.0,0.0
uHvWwqUZZbWa66I,2530,0.0,0.0,0.0
uHvWwqUZZbWa66I,2531,0.0,0.0,0.0
uHvWwqUZZbWa66I,2532,0.0,0.0,0.0
uHvWwqUZZbWa66I,2533,0.0,0.0,0.0
uHvWwqUZZbWa66I,2534,0.0,0.0,0.0
uHvWwqUZZbWa66I,2535,0.0,0.0,0.0
uHvWwqUZZbWa66I,2536,0.0,0.0,0.0
uHvWwqUZZbWa66I,2537,0.0,0.0,0.0
uHvWwqUZZbWa66I,2538,0.0,0.0,0.0
uHvWwqUZZbWa66I,2539,0.0,0.0,0.0
uHvWwqUZZbWa66I,2540,0.0,0.0,0.0
uHvWwqUZZbWa66I,2541,0.0,0.0,0.0
uHvWwqUZZbWa66I,2542,0.0,0.0,0.0
uHvWwqUZZbWa66I,2543,0.0,0.0,0.0
uHvWwqUZZbWa66I,2544,0.0,0.0,0.0
uHvWwqUZZbWa66I,2545,0.0,0.0,0.0
uHvWwqUZZbWa66I,2546,0.0,0.0,0.0
uHvWwqUZZbWa66I,2547,0.0,0.0,0.0
uHvWwqUZZbWa66I,2548,0.0,0.0,0.0
uHvWwqUZZbWa66I,2549,0.0,0.0,0.0
uHvWwqUZZbWa66I,2550,0.0,0.0,0.0
uHvWwqUZZbWa66I,2551,0.0,0.0,0.0
uHvWwqUZZbWa66I,2552,0.0,0.0,0.0
uHvWwqUZZbWa66I,2553,0.0,0.0,0.0
uHvWwqUZZbWa66I,2554,0.0,0.0,0.0
uHvWwqUZZbWa66I,2555,0.0,0.0,0.0
uHvWwqUZZbWa66I,2556,0.0,0.0,0.0
uHvWwqUZZbWa66I,2557,0.0,0.0,0.0
uHvWwqUZZbWa66I,2558,0.0,0.0,0.0
uHvWwqUZZbWa66I,2559,0.0,0.0,0.0
uHvWwqUZZbWa66I,2560,0.0,0.0,0.0
uHvWwqUZZbWa66I,2561,0.0,0.0,0.0
uHvWwqUZZbWa66I,2562,0.0,0.0,0.0
uHvWwqUZZbWa66I,2563,0.0,0.0,0.0
uHvWwqUZZbWa66I,2564,0.0,0.0,0.0
uHvWwqUZZbWa66I,2565,0.0,0.0,0.0
uHvWwqUZZbWa66I,2566,0.0,0.0,0.0
uHvWwqUZZbWa66I,2567,0.0,0.0,0.0
uHvWwqUZZbWa66I,2568,0.0,0.0,0.0
uHvWwqUZZbWa66I,2569,0.0,0.0,0.0
uHvWwqUZZbWa66I,2570,0.0,0.0,0.0
uHvWwqUZZbWa66I,2571,0.0,0.0,0.0
uHvWwqUZZbWa66I,2572,0.0,0.0,0.0
uHvWwqUZZbWa66I,2573,0.0,0.0,0.0
uHvWwqUZZbWa66I,2574,0.0,0.0,0.0
uHvWwqUZZbWa66I,2575,0.0,0.0,0.0
uHvWwqUZZbWa66I,2576,0.0,0.0,0.0
uHvWwqUZZbWa66I,2577,0.0,0.0,0.0
uHvWwqUZZbWa66I,2578,0.0,0.0,0.0
uHvWwqUZZbWa66I,2579,0.0,0.0,0.0
uHvWwqUZZbWa66I,2580,0.0,0.0,0.0
uHvWwqUZZbWa66I,2581,0.0,0.0,0.0
uHvWwqUZZbWa66I,2582,0.0,0.0,0.0
uHvWwqUZZbWa66I,2583,0.0,0.0,0.0
uHvWwqUZZbWa66I,2584,0.0,0.0,0.0
uHvWwqUZZbWa66I,2585,0.0,0.0,0.0
uHvWwqUZZbWa66I,2586,0.0,0.0,0.0
uHvWwqUZZbWa66I,2587,0.0,0.0,0.0
uHvWwqUZZbWa66I,2588,0.0,0.0,0.0
uHvWwqUZZbWa66I,2589,0.0,0.0,0.0
uHvWwqUZZbWa66I,2590,0.0,0.0,0.0
uHvWwqUZZbWa66I,2591,0.0,0.0,0.0
uHvWwqUZZbWa66I,2592,0.0,0.0,0.0
uHvWwqUZZbWa66I,2593,0.0,0.0,0.0
uHvWwqUZZbWa66I,2594,0.0,0.0,0.0
uHvWwqUZZbWa66I,2595,0.0,0.0,0.0
uHvWwqUZZbWa66I,2596,0.0,0.0,0.0
uHvWwqUZZbWa66I,2597,0.0,0.0,0.0
uHvWwqUZZbWa66I,2598,0.0,0.0,0.0
uHvWwqUZZbWa66I,2599,0.0,0.0,0.0
uHvWwqUZZbWa66I,2600,0.0,0.0,0.0
uHvWwqUZZbWa66I,2601,0.0,0.0,0.0
uHvWwqUZZbWa66I,2602,0.0,0.0,0.0
uHvWwqUZZbWa66I,2603,0.0,0.0,0.0
uHvWwqUZZbWa66I,2604,0.0,0.0,0.0
uHvWwqUZZbWa66I,2605,0.0,0.0,0.0
uHvWwqUZZbWa66I,2606,0.0,0.0,0.0
uHvWwqUZZbWa66I,2607,0.0,0.0,0.0
uHvWwqUZZbWa66I,2608,0.0,0.0,0.0
uHvWwqUZZbWa66I,2609,0.0,0.0,0.0
uHvWwqUZZbWa66I,2610,0.0,0.0,0.0
uHvWwqUZZbWa66I,2611,0.0,0.0,0.0
uHvWwqUZZbWa66I,2612,0.0,0.0,0.0
uHvWwqUZZbWa66I,2613,0.0,0.0,0.0
uHvWwqUZZbWa66I,2614,0.0,0.0,0.0
uHvWwqUZZbWa66I,2615,0.0,0.0,0.0
uHvWwqUZZbWa66I,2616,0.0,0.0,0.0
uHvWwqUZZbWa66I,2617,0.0,0.0,0.0
uHvWwqUZZbWa66I,2618,0.0,0.0,0.0
uHvWwqUZZbWa66I,2619,0.0,0.0,0.0
uHvWwqUZZbWa66I,2620,0.0,0.0,0.0
uHvWwqUZZbWa66I,2621,0.0,0.0,0.0
uHvWwqUZZbWa66I,2622,0.0,0.0,0.0
uHvWwqUZZbWa66I,2623,0.0,0.0,0.0
uHvWwqUZZbWa66I,2624,0.0,0.0,0.0
uHvWwqUZZbWa66I,2625,0.0,0.0,0.0
uHvWwqUZZbWa66I,2626,0.0,0.0,0.0
uHvWwqUZZbWa66I,2627,0.0,0.0,0.0
uHvWwqUZZbWa66I,2628,0.0,0.0,0.0
uHvWwqUZZbWa66I,2629,0.0,0.0,0.0
uHvWwqUZZbWa66I,2630,0.0,0.0,0.0
uHvWwqUZZbWa66I,2631,0.0,0.0,0.0
uHvWwqUZZbWa66I,2632,0.0,0.0,0.0
uHvWwqUZZbWa66I,2633,0.0,0.0,0.0
uHvWwqUZZbWa66I,2634,0.0,0.0,0.0
uHvWwqUZZbWa66I,2635,0.0,0.0,0.0
uHvWwqUZZbWa66I,2636,0.0,0.0,0.0
uHvWwqUZZbWa66I,2637,0.0,0.0,0.0
uHvWwqUZZbWa66I,2638,0.0,0.0,0.0
uHvWwqUZZbWa66I,2639,0.0,0.0,0.0
uHvWwqUZZbWa66I,2640,0.0,0.0,0.0
uHvWwqUZZbWa66I,2641,0.0,0.0,0.0
uHvWwqUZZbWa66I,2642,0.0,0.0,0.0
uHvWwqUZZbWa66I,2643,0.0,0.0,0.0
uHvWwqUZZbWa66I,2644,0.0,0.0,0.0
uHvWwqUZZbWa66I,2645,0.0,0.0,0.0
uHvWwqUZZbWa66I,2646,0.0,0.0,0.0
uHvWwqUZZbWa66I,2647,0.0,0.0,0.0
uHvWwqUZZbWa66I,2648,0.0,0.0,0.0
uHvWwqUZZbWa66I,2649,0.0,0.0,0.0
uHvWwqUZZbWa66I,2650,0.0,0.0,0.0
uHvWwqUZZbWa66I,2651,0.0,0.0,0.0
uHvWwqUZZbWa66I,2652,0.0,0.0,0.0
uHvWwqUZZbWa66I,2653,0.0,0.0,0.0
uHvWwqUZZbWa66I,2654,0.0,0.0,0.0
uHvWwqUZZbWa66I,2655,0.0,0.0,0.0
uHvWwqUZZbWa66I,2656,0.0,0.0,0.0
uHvWwqUZZbWa66I,2657,0.0,0.0,0.0
uHvWwqUZZbWa66I,2658,0.0,0.0,0.0
uHvWwqUZZbWa66I,2659,0.0,0.0,0.0
uHvWwqUZZbWa66I,2660,0.0,0.0,0.0
uHvWwqUZZbWa66I,2661,0.0,0.0,0.0
uHvWwqUZZbWa66I,2662,0.0,0.0,0.0
uHvWwqUZZbWa66I,2663,0.0,0.0,0.0
uHvWwqUZZbWa66I,2664,0.0,0.0,0.0
uHvWwqUZZbWa66I,2665,0.0,0.0,0.0
uHvWwqUZZbWa66I,2666,0.0,0.0,0.0
uHvWwqUZZbWa66I,2667,0.0,0.0,0.0
uHvWwqUZZbWa66I,2668,0.0,0.0,0.0
uHvWwqUZZbWa66I,2669,0.0,0.0,0.0
uHvWwqUZZbWa66I,2670,0.0,0.0,0.0
uHvWwqUZZbWa66I,2671,0.0,0.0,0.0
uHvWwqUZZbWa66I,2672,0.0,0.0,0.0
uHvWwqUZZbWa66I,2673,0.0,0.0,0.0
uHvWwqUZZbWa66I,2674,0.0,0.0,0.0
uHvWwqUZZbWa66I,2675,0.0,0.0,0.0
uHvWwqUZZbWa66I,2676,0.0,0.0,0.0
uHvWwqUZZbWa66I,2677,0.0,0.0,0.0
uHvWwqUZZbWa66I,2678,0.0,0.0,0.0
uHvWwqUZZbWa66I,2679,0.0,0.0,0.0
uHvWwqUZZbWa66I,2680,0.0,0.0,0.0
uHvWwqUZZbWa66I,2681,0.0,0.0,0.0
uHvWwqUZZbWa66I,2682,0.0,0.0,0.0
uHvWwqUZZbWa66I,2683,0.0,0.0,0.0
uHvWwqUZZbWa66I,2684,0.0,0.0,0.0
uHvWwqUZZbWa66I,2685,0.0,0.0,0.0
uHvWwqUZZbWa66I,2686,0.0,0.0,0.0
uHvWwqUZZbWa66I,2687,0.0,0.0,0.0
uHvWwqUZZbWa66I,2688,0.0,0.0,0.0
uHvWwqUZZbWa66I,2689,0.0,0.0,0.0
uHvWwqUZZbWa66I,2690,0.0,0.0,0.0
uHvWwqUZZbWa66I,2691,0.0,0.0,0.0
uHvWwqUZZbWa66I,2692,0.0,0.0,0.0
uHvWwqUZZbWa66I,2693,0.0,0.0,0.0
uHvWwqUZZbWa66I,2694,0.0,0.0,0.0
uHvWwqUZZbWa66I,2695,0.0,0.0,0.0
uHvWwqUZZbWa66I,2696,0.0,0.0,0.0
uHvWwqUZZbWa66I,2697,0.0,0.0,0.0
uHvWwqUZZbWa66I,2698,0.0,0.0,0.0
uHvWwqUZZbWa66I,2699,0.0,0.0,0.0
uHvWwqUZZbWa66I,2700,0.0,0.0,0.0
uHvWwqUZZbWa66I,2701,0.0,0.0,0.0
uHvWwqUZZbWa66I,2702,0.0,0.0,0.0
uHvWwqUZZbWa66I,2703,0.0,0.0,0.0
uHvWwqUZZbWa66I,2704,0.0,0.0,0.0
uHvWwqUZZbWa66I,2705,0.0,0.0,0.0
uHvWwqUZZbWa66I,2706,0.0,0.0,0.0
uHvWwqUZZbWa66I,2707,0.0,0.0,0.0
uHvWwqUZZbWa66I,2708,0.0,0.0,0.0
uHvWwqUZZbWa66I,2709,0.0,0.0,0.0
uHvWwqUZZbWa66I,2710,0.0,0.0,0.0
uHvWwqUZZbWa66I,2711,0.0,0.0,0.0
uHvWwqUZZbWa66I,2712,0.0,0.0,0.0
uHvWwqUZZbWa66I,2713,0.0,0.0,0.0
uHvWwqUZZbWa66I,2714,0.0,0.0,0.0
uHvWwqUZZbWa66I,2715,0.0,0.0,0.0
uHvWwqUZZbWa66I,2716,0.0,0.0,0.0
uHvWwqUZZbWa66I,2717,0.0,0.0,0.0
uHvWwqUZZbWa66I,2718,0.0,0.0,0.0
uHvWwqUZZbWa66I,2719,0.0,0.0,0.0
uHvWwqUZZbWa66I,2720,0.0,0.0,0.0
uHvWwqUZZbWa66I,2721,0.0,0.0,0.0
uHvWwqUZZbWa66I,2722,0.0,0.0,0.0
uHvWwqUZZbWa66I,2723,0.0,0.0,0.0
uHvWwqUZZbWa66I,2724,0.0,0.0,0.0
uHvWwqUZZbWa66I,2725,0.0,0.0,0.0
uHvWwqUZZbWa66I,2726,0.0,0.0,0.0
uHvWwqUZZbWa66I,2727,0.0,0.0,0.0
uHvWwqUZZbWa66I,2728,0.0,0.0,0.0
uHvWwqUZZbWa66I,2729,0.0,0.0,0.0
uHvWwqUZZbWa66I,2730,0.0,0.0,0.0
uHvWwqUZZbWa66I,2731,0.0,0.0,0.0
uHvWwqUZZbWa66I,2732,0.0,0.0,0.0
uHvWwqUZZbWa66I,2733,0.0,0.0,0.0
uHvWwqUZZbWa66I,2734,0.0,0.0,0.0
uHvWwqUZZbWa66I,2735,0.0,0.0,0.0
uHvWwqUZZbWa66I,2736,0.0,0.0,0.0
uHvWwqUZZbWa66I,2737,0.0,0.0,0.0
uHvWwqUZZbWa66I,2738,0.0,0.0,0.0
uHvWwqUZZbWa66I,2739,0.0,0.0,0.0
uHvWwqUZZbWa66I,2740,0.0,0.0,0.0
uHvWwqUZZbWa66I,2741,0.0,0.0,0.0
uHvWwqUZZbWa66I,2742,0.0,0.0,0.0
uHvWwqUZZbWa66I,2743,0.0,0.0,0.0
uHvWwqUZZbWa66I,2744,0.0,0.0,0.0
uHvWwqUZZbWa66I,2745,0.0,0.0,0.0
uHvWwqUZZbWa66I,2746,0.0,0.0,0.0
uHvWwqUZZbWa66I,2747,0.0,0.0,0.0
uHvWwqUZZbWa66I,2748,0.0,0.0,0.0
uHvWwqUZZbWa66I,2749,0.0,0.0,0.0
uHvWwqUZZbWa66I,2750,0.0,0.0,0.0
uHvWwqUZZbWa66I,2751,0.0,0.0,0.0
uHvWwqUZZbWa66I,2752,0.0,0.0,0.0
uHvWwqUZZbWa66I,2753,0.0,0.0,0.0
uHvWwqUZZbWa66I,2754,0.0,0.0,0.0
uHvWwqUZZbWa66I,2755,0.0,0.0,0.0
uHvWwqUZZbWa66I,2756,0.0,0.0,0.0
uHvWwqUZZbWa66I,2757,0.0,0.0,0.0
uHvWwqUZZbWa66I,2758,0.0,0.0,0.0
uHvWwqUZZbWa66I,2759,0.0,0.0,0.0
uHvWwqUZZbWa66I,2760,0.0,0.0,0.0
uHvWwqUZZbWa66I,2761,0.0,0.0,0.0
uHvWwqUZZbWa66I,2762,0.0,0.0,0.0
uHvWwqUZZbWa66I,2763,0.0,0.0,0.0
uHvWwqUZZbWa66I,2764,0.0,0.0,0.0
uHvWwqUZZbWa66I,2765,0.0,0.0,0.0
uHvWwqUZZbWa66I,2766,0.0,0.0,0.0
uHvWwqUZZbWa66I,2767,0.0,0.0,0.0
uHvWwqUZZbWa66I,2768,0.0,0.0,0.0
uHvWwqUZZbWa66I,2769,0.0,0.0,0.0
uHvWwqUZZbWa66I,2770,0.0,0.0,0.0
uHvWwqUZZbWa66I,2771,0.0,0.0,0.0
uHvWwqUZZbWa66I,2772,0.0,0.0,0.0
uHvWwqUZZbWa66I,2773,0.0,0.0,0.0
uHvWwqUZZbWa66I,2774,0.0,0.0,0.0
uHvWwqUZZbWa66I,2775,0.0,0.0,0.0
uHvWwqUZZbWa66I,2776,0.0,0.0,0.0
uHvWwqUZZbWa66I,2777,0.0,0.0,0.0
uHvWwqUZZbWa66I,2778,0.0,0.0,0.0
uHvWwqUZZbWa66I,2779,0.0,0.0,0.0
uHvWwqUZZbWa66I,2780,0.0,0.0,0.0
uHvWwqUZZbWa66I,2781,0.0,0.0,0.0
uHvWwqUZZbWa66I,2782,0.0,0.0,0.0
uHvWwqUZZbWa66I,2783,0.0,0.0,0.0
uHvWwqUZZbWa66I,2784,0.0,0.0,0.0
uHvWwqUZZbWa66I,2785,0.0,0.0,0.0
uHvWwqUZZbWa66I,2786,0.0,0.0,0.0
uHvWwqUZZbWa66I,2787,0.0,0.0,0.0
uHvWwqUZZbWa66I,2788,0.0,0.0,0.0
uHvWwqUZZbWa66I,2789,0.0,0.0,0.0
uHvWwqUZZbWa66I,2790,0.0,0.0,0.0
uHvWwqUZZbWa66I,2791,0.0,0.0,0.0
uHvWwqUZZbWa66I,2792,0.0,0.0,0.0
uHvWwqUZZbWa66I,2793,0.0,0.0,0.0
uHvWwqUZZbWa66I,2794,0.0,0.0,0.0
uHvWwqUZZbWa66I,2795,0.0,0.0,0.0
uHvWwqUZZbWa66I,2796,0.0,0.0,0.0
uHvWwqUZZbWa66I,2797,0.0,0.0,0.0
uHvWwqUZZbWa66I,2798,0.0,0.0,0.0
uHvWwqUZZbWa66I,2799,0.0,0.0,0.0
uHvWwqUZZbWa66I,2800,0.0,0.0,0.0
uHvWwqUZZbWa66I,2801,0.0,0.0,0.0
uHvWwqUZZbWa66I,2802,0.0,0.0,0.0
uHvWwqUZZbWa66I,2803,0.0,0.0,0.0
uHvWwqUZZbWa66I,2804,0.0,0.0,0.0
uHvWwqUZZbWa66I,2805,0.0,0.0,0.0
uHvWwqUZZbWa66I,2806,0.0,0.0,0.0
uHvWwqUZZbWa66I,2807,0.0,0.0,0.0
uHvWwqUZZbWa66I,2808,0.0,0.0,0.0
uHvWwqUZZbWa66I,2809,0.0,0.0,0.0
uHvWwqUZZbWa66I,2810,0.0,0.0,0.0
uHvWwqUZZbWa66I,2811,0.0,0.0,0.0
uHvWwqUZZbWa66I,2812,0.0,0.0,0.0
uHvWwqUZZbWa66I,2813,0.0,0.0,0.0
uHvWwqUZZbWa66I,2814,0.0,0.0,0.0
uHvWwqUZZbWa66I,2815,0.0,0.0,0.0
uHvWwqUZZbWa66I,2816,0.0,0.0,0.0
uHvWwqUZZbWa66I,2817,0.0,0.0,0.0
uHvWwqUZZbWa66I,2818,0.0,0.0,0.0
uHvWwqUZZbWa66I,2819,0.0,0.0,0.0
uHvWwqUZZbWa66I,2820,0.0,0.0,0.0
uHvWwqUZZbWa66I,2821,0.0,0.0,0.0
uHvWwqUZZbWa66I,2822,0.0,0.0,0.0
uHvWwqUZZbWa66I,2823,0.0,0.0,0.0
uHvWwqUZZbWa66I,2824,0.0,0.0,0.0
uHvWwqUZZbWa66I,2825,0.0,0.0,0.0
uHvWwqUZZbWa66I,2826,0.0,0.0,0.0
uHvWwqUZZbWa66I,2827,0.0,0.0,0.0
uHvWwqUZZbWa66I,2828,0.0,0.0,0.0
uHvWwqUZZbWa66I,2829,0.0,0.0,0.0
uHvWwqUZZbWa66I,2830,0.0,0.0,0.0
uHvWwqUZZbWa66I,2831,0.0,0.0,0.0
uHvWwqUZZbWa66I,2832,0.0,0.0,0.0
uHvWwqUZZbWa66I,2833,0.0,0.0,0.0
uHvWwqUZZbWa66I,2834,0.0,0.0,0.0
uHvWwqUZZbWa66I,2835,0.0,0.0,0.0
uHvWwqUZZbWa66I,2836,0.0,0.0,0.0
uHvWwqUZZbWa66I,2837,0.0,0.0,0.0
uHvWwqUZZbWa66I,2838,0.0,0.0,0.0
uHvWwqUZZbWa66I,2839,0.0,0.0,0.0
uHvWwqUZZbWa66I,2840,0.0,0.0,0.0
uHvWwqUZZbWa66I,2841,0.0,0.0,0.0
uHvWwqUZZbWa66I,2842,0.0,0.0,0.0
uHvWwqUZZbWa66I,2843,0.0,0.0,0.0
uHvWwqUZZbWa66I,2844,0.0,0.0,0.0
uHvWwqUZZbWa66I,2845,0.0,0.0,0.0
uHvWwqUZZbWa66I,2846,0.0,0.0,0.0
uHvWwqUZZbWa66I,2847,0.0,0.0,0.0
uHvWwqUZZbWa66I,2848,0.0,0.0,0.0
uHvWwqUZZbWa66I,2849,0.0,0.0,0.0
uHvWwqUZZbWa66I,2850,0.0,0.0,0.0
uHvWwqUZZbWa66I,2851,0.0,0.0,0.0
uHvWwqUZZbWa66I,2852,0.0,0.0,0.0
uHvWwqUZZbWa66I,2853,0.0,0.0,0.0
uHvWwqUZZbWa66I,2854,0.0,0.0,0.0
uHvWwqUZZbWa66I,2855,0.0,0.0,0.0
uHvWwqUZZbWa66I,2856,0.0,0.0,0.0
uHvWwqUZZbWa66I,2857,0.0,0.0,0.0
uHvWwqUZZbWa66I,2858,0.0,0.0,0.0
uHvWwqUZZbWa66I,2859,0.0,0.0,0.0
uHvWwqUZZbWa66I,2860,0.0,0.0,0.0
uHvWwqUZZbWa66I,2861,0.0,0.0,0.0
uHvWwqUZZbWa66I,2862,0.0,0.0,0.0
uHvWwqUZZbWa66I,2863,0.0,0.0,0.0
uHvWwqUZZbWa66I,2864,0.0,0.0,0.0
uHvWwqUZZbWa66I,2865,0.0,0.0,0.0
uHvWwqUZZbWa66I,2866,0.0,0.0,0.0
uHvWwqUZZbWa66I,2867,0.0,0.0,0.0
uHvWwqUZZbWa66I,2868,0.0,0.0,0.0
uHvWwqUZZbWa66I,2869,0.0,0.0,0.0
uHvWwqUZZbWa66I,2870,0.0,0.0,0.0
uHvWwqUZZbWa66I,2871,0.0,0.0,0.0
uHvWwqUZZbWa66I,2872,0.0,0.0,0.0
uHvWwqUZZbWa66I,2873,0.0,0.0,0.0
uHvWwqUZZbWa66I,2874,0.0,0.0,0.0
uHvWwqUZZbWa66I,2875,0.0,0.0,0.0
uHvWwqUZZbWa66I,2876,0.0,0.0,0.0
uHvWwqUZZbWa66I,2877,0.0,0.0,0.0
uHvWwqUZZbWa66I,2878,0.0,0.0,0.0
uHvWwqUZZbWa66I,2879,0.0,0.0,0.0
uHvWwqUZZbWa66I,2880,0.0,0.0,0.0
uHvWwqUZZbWa66I,2881,0.0,0.0,0.0
uHvWwqUZZbWa66I,2882,0.0,0.0,0.0
uHvWwqUZZbWa66I,2883,0.0,0.0,0.0
uHvWwqUZZbWa66I,2884,0.0,0.0,0.0
uHvWwqUZZbWa66I,2885,0.0,0.0,0.0
uHvWwqUZZbWa66I,2886,0.0,0.0,0.0
uHvWwqUZZbWa66I,2887,0.0,0.0,0.0
uHvWwqUZZbWa66I,2888,0.0,0.0,0.0
uHvWwqUZZbWa66I,2889,0.0,0.0,0.0
uHvWwqUZZbWa66I,2890,0.0,0.0,0.0
uHvWwqUZZbWa66I,2891,0.0,0.0,0.0
uHvWwqUZZbWa66I,2892,0.0,0.0,0.0
uHvWwqUZZbWa66I,2893,0.0,0.0,0.0
uHvWwqUZZbWa66I,2894,0.0,0.0,0.0
uHvWwqUZZbWa66I,2895,0.0,0.0,0.0
uHvWwqUZZbWa66I,2896,0.0,0.0,0.0
uHvWwqUZZbWa66I,2897,0.0,0.0,0.0
uHvWwqUZZbWa66I,2898,0.0,0.0,0.0
uHvWwqUZZbWa66I,2899,0.0,0.0,0.0
uHvWwqUZZbWa66I,2900,0.0,0.0,0.0
uHvWwqUZZbWa66I,2901,0.0,0.0,0.0
uHvWwqUZZbWa66I,2902,0.0,0.0,0.0
uHvWwqUZZbWa66I,2903,0.0,0.0,0.0
uHvWwqUZZbWa66I,2904,0.0,0.0,0.0
uHvWwqUZZbWa66I,2905,0.0,0.0,0.0
uHvWwqUZZbWa66I,2906,0.0,0.0,0.0
uHvWwqUZZbWa66I,2907,0.0,0.0,0.0
uHvWwqUZZbWa66I,2908,0.0,0.0,0.0
uHvWwqUZZbWa66I,2909,0.0,0.0,0.0
uHvWwqUZZbWa66I,2910,0.0,0.0,0.0
uHvWwqUZZbWa66I,2911,0.0,0.0,0.0
uHvWwqUZZbWa66I,2912,0.0,0.0,0.0
uHvWwqUZZbWa66I,2913,0.0,0.0,0.0
uHvWwqUZZbWa66I,2914,0.0,0.0,0.0
uHvWwqUZZbWa66I,2915,0.0,0.0,0.0
uHvWwqUZZbWa66I,2916,0.0,0.0,0.0
uHvWwqUZZbWa66I,2917,0.0,0.0,0.0
uHvWwqUZZbWa66I,2918,0.0,0.0,0.0
uHvWwqUZZbWa66I,2919,0.0,0.0,0.0
uHvWwqUZZbWa66I,2920,0.0,0.0,0.0
uHvWwqUZZbWa66I,2921,0.0,0.0,0.0
uHvWwqUZZbWa66I,2922,0.0,0.0,0.0
uHvWwqUZZbWa66I,2923,0.0,0.0,0.0
uHvWwqUZZbWa66I,2924,0.0,0.0,0.0
uHvWwqUZZbWa66I,2925,0.0,0.0,0.0
uHvWwqUZZbWa66I,2926,0.0,0.0,0.0
uHvWwqUZZbWa66I,2927,0.0,0.0,0.0
uHvWwqUZZbWa66I,2928,0.0,0.0,0.0
uHvWwqUZZbWa66I,2929,0.0,0.0,0.0
uHvWwqUZZbWa66I,2930,0.0,0.0,0.0
uHvWwqUZZbWa66I,2931,0.0,0.0,0.0
uHvWwqUZZbWa66I,2932,0.0,0.0,0.0
uHvWwqUZZbWa66I,2933,0.0,0.0,0.0
uHvWwqUZZbWa66I,2934,0.0,0.0,0.0
uHvWwqUZZbWa66I,2935,0.0,0.0,0.0
uHvWwqUZZbWa66I,2936,0.0,0.0,0.0
uHvWwqUZZbWa66I,2937,0.0,0.0,0.0
uHvWwqUZZbWa66I,2938,0.0,0.0,0.0
uHvWwqUZZbWa66I,2939,0.0,0.0,0.0
uHvWwqUZZbWa66I,2940,0.0,0.0,0.0
uHvWwqUZZbWa66I,2941,0.0,0.0,0.0
uHvWwqUZZbWa66I,2942,0.0,0.0,0.0
uHvWwqUZZbWa66I,2943,0.0,0.0,0.0
uHvWwqUZZbWa66I,2944,0.0,0.0,0.0
uHvWwqUZZbWa66I,2945,0.0,0.0,0.0
uHvWwqUZZbWa66I,2946,0.0,0.0,0.0
uHvWwqUZZbWa66I,2947,0.0,0.0,0.0
uHvWwqUZZbWa66I,2948,0.0,0.0,0.0
uHvWwqUZZbWa66I,2949,0.0,0.0,0.0
uHvWwqUZZbWa66I,2950,0.0,0.0,0.0
uHvWwqUZZbWa66I,2951,0.0,0.0,0.0
uHvWwqUZZbWa66I,2952,0.0,0.0,0.0
uHvWwqUZZbWa66I,2953,0.0,0.0,0.0
uHvWwqUZZbWa66I,2954,0.0,0.0,0.0
uHvWwqUZZbWa66I,2955,0.0,0.0,0.0
uHvWwqUZZbWa66I,2956,0.0,0.0,0.0
uHvWwqUZZbWa66I,2957,0.0,0.0,0.0
uHvWwqUZZbWa66I,2958,0.0,0.0,0.0
uHvWwqUZZbWa66I,2959,0.0,0.0,0.0
uHvWwqUZZbWa66I,2960,0.0,0.0,0.0
uHvWwqUZZbWa66I,2961,0.0,0.0,0.0
uHvWwqUZZbWa66I,2962,0.0,0.0,0.0
uHvWwqUZZbWa66I,2963,0.0,0.0,0.0
uHvWwqUZZbWa66I,2964,0.0,0.0,0.0
uHvWwqUZZbWa66I,2965,0.0,0.0,0.0
uHvWwqUZZbWa66I,2966,0.0,0.0,0.0
uHvWwqUZZbWa66I,2967,0.0,0.0,0.0
uHvWwqUZZbWa66I,2968,0.0,0.0,0.0
uHvWwqUZZbWa66I,2969,0.0,0.0,0.0
uHvWwqUZZbWa66I,2970,0.0,0.0,0.0
uHvWwqUZZbWa66I,2971,0.0,0.0,0.0
uHvWwqUZZbWa66I,2972,0.0,0.0,0.0
uHvWwqUZZbWa66I,2973,0.0,0.0,0.0
uHvWwqUZZbWa66I,2974,0.0,0.0,0.0
uHvWwqUZZbWa66I,2975,0.0,0.0,0.0
uHvWwqUZZbWa66I,2976,0.0,0.0,0.0
uHvWwqUZZbWa66I,2977,0.0,0.0,0.0
uHvWwqUZZbWa66I,2978,0.0,0.0,0.0
uHvWwqUZZbWa66I,2979,0.0,0.0,0.0
uHvWwqUZZbWa66I,2980,0.0,0.0,0.0
uHvWwqUZZbWa66I,2981,0.0,0.0,0.0
uHvWwqUZZbWa66I,2982,0.0,0.0,0.0
uHvWwqUZZbWa66I,2983,0.0,0.0,0.0
uHvWwqUZZbWa66I,2984,0.0,0.0,0.0
uHvWwqUZZbWa66I,2985,0.0,0.0,0.0
uHvWwqUZZbWa66I,2986,0.0,0.0,0.0
uHvWwqUZZbWa66I,2987,0.0,0.0,0.0
uHvWwqUZZbWa66I,2988,0.0,0.0,0.0
uHvWwqUZZbWa66I,2989,0.0,0.0,0.0
uHvWwqUZZbWa66I,2990,0.0,0.0,0.0
uHvWwqUZZbWa66I,2991,0.0,0.0,0.0
uHvWwqUZZbWa66I,2992,0.0,0.0,0.0
uHvWwqUZZbWa66I,2993,0.0,0.0,0.0
uHvWwqUZZbWa66I,2994,0.0,0.0,0.0
uHvWwqUZZbWa66I,2995,0.0,0.0,0.0
uHvWwqUZZbWa66I,2996,0.0,0.0,0.0
uHvWwqUZZbWa66I,2997,0.0,0.0,0.0
uHvWwqUZZbWa66I,2998,0.0,0.0,0.0
uHvWwqUZZbWa66I,2999,0.0,0.0,0.0
uHvWwqUZZbWa66I,3000,0.0,0.0,0.0
