step_no,step_id,worker_id,wealth,human_wealth,spent_amount,employed,employer_id,budget
1,164347733,W_0,1.4,0.48,0.6,0,,0.6
2,630271505,W_0,0.85,0.4608,0.55,0,,0.55
3,8376997,W_0,1.3467,0.482368,0.5033,1,C_160,0.5033
4,670459448,W_0,1.797,0.503073,0.549703,1,C_160,0.549703
5,578297916,W_0,2.20407,0.52295,0.592923,1,C_160,0.592923
6,71114873,W_0,2.57092,0.542032,0.633154,1,C_160,0.633154
7,223465792,W_0,2.90034,0.560351,0.670578,1,C_160,0.670578
8,835236303,W_0,3.19497,0.577937,0.705368,1,C_108,0.705368
9,97698128,W_0,3.45729,0.59482,0.737686,1,C_108,0.737686
10,283595139,W_0,3.6896,0.611027,0.767684,1,C_108,0.767684
11,506439062,W_0,3.8941,0.626586,0.795507,1,C_108,0.795507
12,181691712,W_0,4.07281,0.641522,0.82129,1,C_108,0.82129
13,20184474,W_0,4.22764,0.655861,0.845163,1,C_108,0.845163
14,216665857,W_0,4.3604,0.669627,0.867244,1,C_108,0.867244
15,179193222,W_0,4.47275,0.682842,0.887647,1,C_108,0.887647
16,349685411,W_0,4.56627,0.695528,0.906479,1,C_108,0.906479
17,96269624,W_0,4.64243,0.707707,0.923842,1,C_108,0.923842
18,286542150,W_0,4.7026,0.719399,0.939829,1,C_108,0.939829
19,737781053,W_0,3.74807,0.690623,0.954529,0,,0.954529
20,458045973,W_0,3.87005,0.702998,0.878027,1,C_95,0.878027
21,365291078,W_0,3.97355,0.714878,0.8965,1,C_49,0.8965
22,883591720,W_0,4.05999,0.726283,0.913555,1,C_49,0.913555
23,385464378,W_0,4.13071,0.737232,0.929282,1,C_49,0.929282
24,747954126,W_0,4.18694,0.747742,0.943767,1,C_49,0.943767
25,605648327,W_0,4.22985,0.757833,0.957089,1,C_49,0.957089
26,669452481,W_0,4.26053,0.767519,0.969325,1,C_49,0.969325
27,544805186,W_0,3.27998,0.736818,0.980546,0,,0.980546
28,496805597,W_0,2.37916,0.707346,0.900818,0,,0.900818
29,582802664,W_0,2.55286,0.719052,0.826304,1,C_45,0.826304
30,404260675,W_0,2.70617,0.73029,0.846695,1,C_45,0.846695
31,88175689,W_0,1.84057,0.701078,0.865598,0,,0.865598
32,742367569,W_0,1.04746,0.673035,0.793107,0,,0.793107
33,657089715,W_0,0.322053,0.646114,0.725408,0,,0.725408
34,650039941,W_0,0.0,0.620269,0.322053,0,,0.322053
35,966507388,W_0,1.0,0.635458,0.0,1,C_173,0.0
36,1878273,W_0,1.31454,0.65004,0.685458,1,C_153,0.685458
37,464149325,W_0,1.59877,0.664038,0.715767,1,C_153,0.715767
38,500694462,W_0,1.8548,0.677477,0.743977,1,C_153,0.743977
39,548489785,W_0,2.08458,0.690378,0.770217,1,C_153,0.770217
40,74622937,W_0,2.28997,0.702763,0.794607,1,C_153,0.794607
41,678201981,W_0,1.47271,0.674652,0.817261,0,,0.817261
42,584357771,W_0,0.724424,0.647666,0.748288,0,,0.748288
43,890582039,W_0,0.0405369,0.621759,0.683887,0,,0.683887
44,975706029,W_0,0.0,0.596889,0.0405369,0,,0.0405369
45,202527769,W_0,0.0,0.573014,0.0,0,,0.0
46,29207027,W_0,0.0,0.550093,0.0,0,,0.0
47,26575286,W_0,0.0,0.528089,0.0,0,,0.0
48,869934920,W_0,0.0,0.506966,0.0,0,,0.0
49,473576376,W_0,0.0,0.486687,0.0,0,,0.0
50,689181861,W_0,0.0,0.46722,0.0,0,,0.0
51,696978113,W_0,0.0,0.448531,0.0,0,,0.0
52,541166213,W_0,0.0,0.43059,0.0,0,,0.0
53,331166318,W_0,0.0,0.413366,0.0,0,,0.0
54,465449204,W_0,0.0,0.396831,0.0,0,,0.0
55,461361887,W_0,0.0,0.380958,0.0,0,,0.0
56,775858225,W_0,0.0,0.36572,0.0,0,,0.0
57,487581454,W_0,0.0,0.351091,0.0,0,,0.0
58,207424140,W_0,0.0,0.337047,0.0,0,,0.0
59,553763104,W_0,0.0,0.323565,0.0,0,,0.0
60,625070013,W_0,0.0,0.310623,0.0,0,,0.0
61,566243768,W_0,0.0,0.298198,0.0,0,,0.0
62,638652889,W_0,0.0,0.28627,0.0,0,,0.0
63,509310320,W_0,0.0,0.274819,0.0,0,,0.0
64,532636213,W_0,0.0,0.263826,0.0,0,,0.0
65,839118019,W_0,0.0,0.253273,0.0,0,,0.0
66,193591698,W_0,0.0,0.243142,0.0,0,,0.0
67,148035158,W_0,0.0,0.233417,0.0,0,,0.0
68,243813093,W_0,0.0,0.22408,0.0,0,,0.0
69,644108549,W_0,0.0,0.215117,0.0,0,,0.0
70,506145664,W_0,0.0,0.206512,0.0,0,,0.0
71,835527335,W_0,0.0,0.198252,0.0,0,,0.0
72,946224551,W_0,0.0,0.190322,0.0,0,,0.0
73,513186507,W_0,0.0,0.182709,0.0,0,,0.0
74,119594977,W_0,0.0,0.1754,0.0,0,,0.0
75,196615503,W_0,0.0,0.168384,0.0,0,,0.0
76,787209152,W_0,0.0,0.161649,0.0,0,,0.0
77,478445186,W_0,0.0,0.155183,0.0,0,,0.0
78,405136299,W_0,0.0,0.148976,0.0,0,,0.0
79,21901349,W_0,0.0,0.143017,0.0,0,,0.0
80,41112659,W_0,0.0,0.137296,0.0,0,,0.0
81,446159856,W_0,0.0,0.131804,0.0,0,,0.0
82,635303308,W_0,0.0,0.126532,0.0,0,,0.0
83,552469879,W_0,0.0,0.121471,0.0,0,,0.0
84,685752295,W_0,0.0,0.116612,0.0,0,,0.0
85,586045895,W_0,0.0,0.111947,0.0,0,,0.0
86,808478227,W_0,0.0,0.10747,0.0,0,,0.0
87,865359295,W_0,0.0,0.103171,0.0,0,,0.0
88,664987479,W_0,0.0,0.0990439,0.0,0,,0.0
89,561602513,W_0,0.0,0.0950822,0.0,0,,0.0
90,987641589,W_0,0.0,0.0912789,0.0,0,,0.0
91,375583027,W_0,0.0,0.0876277,0.0,0,,0.0
92,706419181,W_0,0.0,0.0841226,0.0,0,,0.0
93,780668896,W_0,0.0,0.0807577,0.0,0,,0.0
94,506344572,W_0,0.0,0.0775274,0.0,0,,0.0
95,263126294,W_0,0.0,0.0744263,0.0,0,,0.0
96,26241026,W_0,0.0,0.0714493,0.0,0,,0.0
97,250907728,W_0,0.0,0.0685913,0.0,0,,0.0
98,975347563,W_0,0.0,0.0658476,0.0,0,,0.0
99,370349904,W_0,0.0,0.0632137,0.0,0,,0.0
100,770587301,W_0,0.0,0.0606852,0.0,0,,0.0
101,123236053,W_0,0.0,0.0582578,0.0,0,,0.0
102,531682961,W_0,0.0,0.0559275,0.0,0,,0.0
103,297626660,W_0,0.0,0.0536904,0.0,0,,0.0
104,501189802,W_0,0.0,0.0515428,0.0,0,,0.0
105,936196490,W_0,0.0,0.049481,0.0,0,,0.0
106,759295622,W_0,0.0,0.0475018,0.0,0,,0.0
107,481824696,W_0,0.0,0.0456017,0.0,0,,0.0
108,526111930,W_0,0.0,0.0437777,0.0,0,,0.0
109,930888996,W_0,0.0,0.0420266,0.0,0,,0.0
110,324898896,W_0,0.0,0.0403455,0.0,0,,0.0
111,337731648,W_0,0.0,0.0387317,0.0,0,,0.0
112,428303700,W_0,0.0,0.0371824,0.0,0,,0.0
113,767997388,W_0,0.0,0.0356951,0.0,0,,0.0
114,700825137,W_0,0.0,0.0342673,0.0,0,,0.0
115,122446044,W_0,0.0,0.0328966,0.0,0,,0.0
116,544220234,W_0,0.0,0.0315807,0.0,0,,0.0
117,44916395,W_0,0.0,0.0303175,0.0,0,,0.0
118,698925040,W_0,0.0,0.0291048,0.0,0,,0.0
119,428528552,W_0,0.0,0.0279406,0.0,0,,0.0
120,419374822,W_0,1.0,0.066823,0.0,1,C_32,0.0
121,497344451,W_0,1.88318,0.10415,0.116823,1,C_32,0.116823
122,324029879,W_0,2.68487,0.139984,0.198309,1,C_32,0.198309
123,274499089,W_0,3.41064,0.174385,0.274227,1,C_32,0.274227
124,267449656,W_0,4.06572,0.207409,0.344917,1,C_32,0.344917
125,606872156,W_0,4.65503,0.239113,0.410696,1,C_32,0.410696
126,529962655,W_0,5.18316,0.269548,0.471864,1,C_32,0.471864
127,865130278,W_0,5.65446,0.298766,0.528707,1,C_32,0.528707
128,272070957,W_0,6.07297,0.326816,0.581489,1,C_32,0.581489
129,524321958,W_0,6.4425,0.353743,0.630464,1,C_32,0.630464
130,602356122,W_0,6.76664,0.379593,0.675868,1,C_32,0.675868
131,351062884,W_0,7.04871,0.40441,0.717925,1,C_32,0.717925
132,717914850,W_0,7.29186,0.428233,0.756845,1,C_32,0.756845
133,23779752,W_0,7.49904,0.451104,0.792827,1,C_32,0.792827
134,800747734,W_0,7.67298,0.47306,0.826056,1,C_32,0.826056
135,815323743,W_0,7.81627,0.494137,0.856709,1,C_32,0.856709
136,618338225,W_0,7.93132,0.514372,0.884951,1,C_32,0.884951
137,196623339,W_0,8.02038,0.533797,0.910938,1,C_32,0.910938
138,659233028,W_0,8.08557,0.552445,0.934816,1,C_32,0.934816
139,824970210,W_0,8.12884,0.570347,0.956724,1,C_32,0.956724
140,71484380,W_0,8.15205,0.587533,0.97679,1,C_32,0.97679
141,481712033,W_0,8.15692,0.604032,0.995136,1,C_32,0.995136
142,981128203,W_0,8.14504,0.619871,1.01188,1,C_32,1.01188
143,838032319,W_0,8.11792,0.635076,1.02712,1,C_32,1.02712
144,949200155,W_0,8.07695,0.649673,1.04097,1,C_32,1.04097
145,980628478,W_0,8.02343,0.663686,1.05352,1,C_32,1.05352
146,166596355,W_0,7.95857,0.677139,1.06486,1,C_32,1.06486
147,109899500,W_0,7.8835,0.690053,1.07507,1,C_32,1.07507
148,262696849,W_0,7.79927,0.702451,1.08423,1,C_32,1.08423
149,743236936,W_0,7.70686,0.714353,1.09241,1,C_32,1.09241
150,890898605,W_0,7.60716,0.725779,1.0997,1,C_32,1.0997
151,921005246,W_0,7.50103,0.736748,1.10614,1,C_32,1.10614
152,340986849,W_0,7.38923,0.747278,1.1118,1,C_32,1.1118
153,757306310,W_0,7.27249,0.757387,1.11674,1,C_32,1.11674
154,862773107,W_0,7.15148,0.767091,1.12101,1,C_32,1.12101
155,331794273,W_0,7.02681,0.776408,1.12467,1,C_32,1.12467
156,483207795,W_0,6.89906,0.785351,1.12775,1,C_32,1.12775
157,712631714,W_0,6.76876,0.793937,1.1303,1,C_32,1.1303
158,632962241,W_0,6.63638,0.80218,1.13238,1,C_32,1.13238
159,702720849,W_0,6.50239,0.810093,1.134,1,C_32,1.134
160,159204114,W_0,6.36717,0.817689,1.13521,1,C_32,1.13521
161,197688706,W_0,6.23113,0.824981,1.13605,1,C_32,1.13605
162,414342889,W_0,6.09459,0.831982,1.13654,1,C_32,1.13654
163,936295797,W_0,5.95788,0.838703,1.13671,1,C_32,1.13671
164,193901891,W_0,5.82128,0.845155,1.1366,1,C_32,1.1366
165,249423955,W_0,5.68506,0.851348,1.13622,1,C_32,1.13622
166,149046674,W_0,5.54946,0.857294,1.1356,1,C_32,1.1356
167,45301675,W_0,5.41469,0.863003,1.13477,1,C_32,1.13477
168,680127342,W_0,5.28096,0.868483,1.13374,1,C_32,1.13374
169,388020795,W_0,5.14843,0.873743,1.13253,1,C_32,1.13253
170,639841482,W_0,5.01726,0.878794,1.13116,1,C_32,1.13116
171,177616008,W_0,4.8876,0.883642,1.12966,1,C_32,1.12966
172,39121027,W_0,4.75958,0.888296,1.12802,1,C_32,1.12802
173,291599969,W_0,4.63331,0.892764,1.12628,1,C_32,1.12628
174,846695296,W_0,4.50888,0.897054,1.12443,1,C_32,1.12443
175,204653500,W_0,4.38638,0.901172,1.1225,1,C_32,1.1225
176,912353058,W_0,4.26589,0.905125,1.12049,1,C_32,1.12049
177,923157827,W_0,4.14747,0.90892,1.11842,1,C_32,1.11842
178,890225331,W_0,4.03118,0.912563,1.11629,1,C_32,1.11629
179,714295230,W_0,3.91705,0.91606,1.11412,1,C_32,1.11412
180,446482447,W_0,3.80514,0.919418,1.11191,1,C_32,1.11191
181,505099432,W_0,3.69547,0.922641,1.10968,1,C_32,1.10968
182,879608168,W_0,3.58805,0.925736,1.10741,1,C_32,1.10741
183,599013828,W_0,3.48291,0.928706,1.10514,1,C_32,1.10514
184,783480536,W_0,3.38006,0.931558,1.10285,1,C_32,1.10285
185,95874395,W_0,3.2795,0.934296,1.10056,1,C_32,1.10056
186,620900684,W_0,2.18123,0.896924,1.09827,0,,1.09827
187,383453377,W_0,1.17524,0.861047,1.00599,0,,1.00599
188,378887788,W_0,0.255436,0.826605,0.919809,0,,0.919809
189,781483795,W_0,0.0,0.793541,0.255436,0,,0.255436
190,471988702,W_0,0.0,0.761799,0.0,0,,0.0
191,316737655,W_0,0.0,0.731327,0.0,0,,0.0
192,197168657,W_0,0.0,0.702074,0.0,0,,0.0
193,257401235,W_0,0.0,0.673991,0.0,0,,0.0
194,958230112,W_0,0.0,0.647031,0.0,0,,0.0
195,507734372,W_0,0.0,0.62115,0.0,0,,0.0
196,805931472,W_0,0.0,0.596304,0.0,0,,0.0
197,48384429,W_0,0.0,0.572452,0.0,0,,0.0
198,521079122,W_0,0.0,0.549554,0.0,0,,0.0
199,645338588,W_0,0.0,0.527572,0.0,0,,0.0
200,19346391,W_0,0.0,0.506469,0.0,0,,0.0
201,688206283,W_0,0.0,0.48621,0.0,0,,0.0
202,97703231,W_0,0.0,0.466762,0.0,0,,0.0
203,978677163,W_0,0.0,0.448091,0.0,0,,0.0
204,591506889,W_0,0.0,0.430168,0.0,0,,0.0
205,692357529,W_0,0.0,0.412961,0.0,0,,0.0
206,513242512,W_0,0.0,0.396443,0.0,0,,0.0
207,639465896,W_0,0.0,0.380585,0.0,0,,0.0
208,431329646,W_0,0.0,0.365361,0.0,0,,0.0
209,724741589,W_0,0.0,0.350747,0.0,0,,0.0
210,294680841,W_0,0.0,0.336717,0.0,0,,0.0
211,117444306,W_0,0.0,0.323248,0.0,0,,0.0
212,629788388,W_0,0.0,0.310318,0.0,0,,0.0
213,428305506,W_0,0.0,0.297906,0.0,0,,0.0
214,877162255,W_0,0.0,0.285989,0.0,0,,0.0
215,686227422,W_0,0.0,0.27455,0.0,0,,0.0
216,327696343,W_0,1.0,0.303568,0.0,1,C_113,0.0
217,376951131,W_0,1.64643,0.331425,0.353568,1,C_113,0.353568
218,443096953,W_0,2.23269,0.358168,0.413747,1,C_113,0.413747
219,422595000,W_0,1.76288,0.343841,0.469802,0,,0.469802
220,385165641,W_0,1.3309,0.330088,0.431986,0,,0.431986
221,497880484,W_0,0.934265,0.316884,0.396633,0,,0.396633
222,506852503,W_0,0.570667,0.304209,0.363598,0,,0.363598
223,723003788,W_0,0.237925,0.292041,0.332742,0,,0.332742
224,965129637,W_0,0.0,0.280359,0.237925,0,,0.237925
225,970462616,W_0,0.0,0.269145,0.0,0,,0.0
226,57208876,W_0,0.0,0.258379,0.0,0,,0.0
227,743483229,W_0,0.0,0.248044,0.0,0,,0.0
228,905938541,W_0,0.0,0.238122,0.0,0,,0.0
229,218277977,W_0,0.0,0.228597,0.0,0,,0.0
230,696060926,W_0,0.0,0.219453,0.0,0,,0.0
231,475881349,W_0,0.0,0.210675,0.0,0,,0.0
232,46384796,W_0,0.0,0.202248,0.0,0,,0.0
233,625675807,W_0,0.0,0.194158,0.0,0,,0.0
234,490747260,W_0,0.0,0.186392,0.0,0,,0.0
235,542817046,W_0,0.0,0.178936,0.0,0,,0.0
236,849593552,W_0,0.0,0.171779,0.0,0,,0.0
237,206992644,W_0,0.0,0.164908,0.0,0,,0.0
238,884791197,W_0,0.0,0.158311,0.0,0,,0.0
239,634118354,W_0,0.0,0.151979,0.0,0,,0.0
240,774427484,W_0,0.0,0.1459,0.0,0,,0.0
241,664588885,W_0,0.0,0.140064,0.0,0,,0.0
242,384382113,W_0,0.0,0.134461,0.0,0,,0.0
243,209210446,W_0,0.0,0.129083,0.0,0,,0.0
244,902400964,W_0,0.0,0.123919,0.0,0,,0.0
245,597088329,W_0,0.0,0.118963,0.0,0,,0.0
246,998200386,W_0,0.0,0.114204,0.0,0,,0.0
247,210106641,W_0,0.0,0.109636,0.0,0,,0.0
248,107659992,W_0,0.0,0.10525,0.0,0,,0.0
249,74242745,W_0,0.0,0.10104,0.0,0,,0.0
250,774199772,W_0,0.0,0.0969988,0.0,0,,0.0
251,700363716,W_0,0.0,0.0931189,0.0,0,,0.0
252,344375898,W_0,0.0,0.0893941,0.0,0,,0.0
253,453049386,W_0,0.0,0.0858184,0.0,0,,0.0
254,605608442,W_0,0.0,0.0823856,0.0,0,,0.0
255,624137668,W_0,0.0,0.0790902,0.0,0,,0.0
256,198587638,W_0,0.0,0.0759266,0.0,0,,0.0
257,845610,W_0,0.0,0.0728895,0.0,0,,0.0
258,505907429,W_0,0.0,0.0699739,0.0,0,,0.0
259,372768746,W_0,0.0,0.067175,0.0,0,,0.0
260,377490654,W_0,0.0,0.064488,0.0,0,,0.0
261,750222674,W_0,0.0,0.0619085,0.0,0,,0.0
262,296022985,W_0,0.0,0.0594321,0.0,0,,0.0
263,203726487,W_0,0.0,0.0570548,0.0,0,,0.0
264,171225728,W_0,0.0,0.0547726,0.0,0,,0.0
265,835023474,W_0,0.0,0.0525817,0.0,0,,0.0
266,49943057,W_0,0.0,0.0504785,0.0,0,,0.0
267,252362558,W_0,0.0,0.0484593,0.0,0,,0.0
268,119141052,W_0,0.0,0.046521,0.0,0,,0.0
269,738111438,W_0,0.0,0.0446601,0.0,0,,0.0
270,43763942,W_0,0.0,0.0428737,0.0,0,,0.0
271,464618122,W_0,0.0,0.0411588,0.0,0,,0.0
272,45837085,W_0,0.0,0.0395124,0.0,0,,0.0
273,744713817,W_0,0.0,0.0379319,0.0,0,,0.0
274,130923409,W_0,0.0,0.0364146,0.0,0,,0.0
275,479566502,W_0,0.0,0.0349581,0.0,0,,0.0
276,518297778,W_0,0.0,0.0335597,0.0,0,,0.0
277,367732405,W_0,1.0,0.0722173,0.0,1,C_136,0.0
278,962874523,W_0,0.877783,0.0693287,0.122217,0,,0.122217
279,502213011,W_0,0.764565,0.0665555,0.113218,0,,0.113218
280,262139302,W_0,0.659781,0.0638933,0.104784,0,,0.104784
281,839727026,W_0,0.562899,0.0613376,0.0968823,0,,0.0968823
282,417927953,W_0,0.473416,0.0588841,0.0894825,0,,0.0894825
283,947989079,W_0,0.390861,0.0565287,0.0825549,0,,0.0825549
284,300252690,W_0,0.31479,0.0542675,0.0760718,0,,0.0760718
285,978859421,W_0,0.244783,0.0520968,0.070007,0,,0.070007
286,365083133,W_0,0.180447,0.050013,0.064336,0,,0.064336
287,480116602,W_0,0.121411,0.0480125,0.0590353,0,,0.0590353
288,51308356,W_0,0.0673283,0.046092,0.054083,0,,0.054083
289,926557078,W_0,0.01787,0.0442483,0.0494584,0,,0.0494584
290,486554660,W_0,0.0,0.0424783,0.01787,0,,0.01787
291,864718814,W_0,0.0,0.0407792,0.0,0,,0.0
292,877683216,W_0,0.0,0.039148,0.0,0,,0.0
293,847934400,W_0,0.0,0.0375821,0.0,0,,0.0
294,115191834,W_0,0.0,0.0360788,0.0,0,,0.0
295,206152821,W_0,0.0,0.0346357,0.0,0,,0.0
296,440611881,W_0,0.0,0.0332503,0.0,0,,0.0
297,96735227,W_0,0.0,0.0319202,0.0,0,,0.0
298,62302397,W_0,0.0,0.0306434,0.0,0,,0.0
299,49808256,W_0,0.0,0.0294177,0.0,0,,0.0
300,878405168,W_0,1.0,0.068241,0.0,1,C_130,0.0
301,161276960,W_0,0.881759,0.0655113,0.118241,0,,0.118241
302,317555744,W_0,0.77216,0.0628909,0.109599,0,,0.109599
303,734688455,W_0,0.670661,0.0603753,0.101499,0,,0.101499
304,552299623,W_0,0.576753,0.0579602,0.0939083,0,,0.0939083
305,226306981,W_0,0.489955,0.0556418,0.0867979,0,,0.0867979
306,499058020,W_0,0.409815,0.0534162,0.0801396,0,,0.0801396
307,873770500,W_0,0.335908,0.0512795,0.0739069,0,,0.0739069
308,202386172,W_0,1.26783,0.0892283,0.0680749,1,C_199,0.0680749
309,940480006,W_0,1.11521,0.0856592,0.15262,0,,0.15262
310,952751996,W_0,1.97379,0.122233,0.14142,1,C_118,0.14142
311,462428,W_0,1.75287,0.117344,0.220922,0,,0.220922
312,97800603,W_0,1.54788,0.11265,0.204987,0,,0.204987
313,842258207,W_0,1.35784,0.108144,0.190044,0,,0.190044
314,141313699,W_0,1.1818,0.103818,0.176036,0,,0.176036
315,855445875,W_0,1.0189,0.0996653,0.162908,0,,0.162908
316,304288083,W_0,0.868286,0.0956787,0.15061,0,,0.15061
317,20240329,W_0,1.72919,0.131852,0.139093,1,C_76,0.139093
318,731650089,W_0,2.51088,0.166577,0.218311,1,C_76,0.218311
319,90961494,W_0,3.21876,0.199914,0.292122,1,C_76,0.292122
320,42790036,W_0,2.85791,0.191918,0.360852,0,,0.360852
321,559284619,W_0,2.52309,0.184241,0.334813,0,,0.334813
322,687962053,W_0,2.2127,0.176871,0.310396,0,,0.310396
323,905002657,W_0,1.92519,0.169797,0.287506,0,,0.287506
324,575749192,W_0,1.65914,0.163005,0.266056,0,,0.266056
325,225784565,W_0,1.41317,0.156485,0.245962,0,,0.245962
326,631658839,W_0,1.18603,0.150225,0.227143,0,,0.227143
327,207693806,W_0,0.976504,0.144216,0.209527,0,,0.209527
328,797360368,W_0,0.783463,0.138448,0.193041,0,,0.193041
329,621529648,W_0,0.605842,0.13291,0.177621,0,,0.177621
330,126986360,W_0,0.442641,0.127593,0.163202,0,,0.163202
331,851050031,W_0,0.292915,0.122489,0.149725,0,,0.149725
332,649608469,W_0,0.15578,0.11759,0.137135,0,,0.137135
333,78831499,W_0,0.0304012,0.112886,0.125379,0,,0.125379
334,885042922,W_0,0.0,0.108371,0.0304012,0,,0.0304012
335,432759695,W_0,0.0,0.104036,0.0,0,,0.0
336,62236447,W_0,0.0,0.0998746,0.0,0,,0.0
337,686742080,W_0,0.0,0.0958796,0.0,0,,0.0
338,219141787,W_0,0.0,0.0920444,0.0,0,,0.0
339,709533388,W_0,0.0,0.0883626,0.0,0,,0.0
340,161151768,W_0,1.0,0.124828,0.0,1,K_3,0.0
341,517932019,W_0,1.82517,0.159835,0.174828,1,K_1,0.174828
342,991501021,W_0,1.57408,0.153442,0.251094,0,,0.251094
343,936254353,W_0,1.34193,0.147304,0.232146,0,,0.232146
344,151506157,W_0,1.12753,0.141412,0.214401,0,,0.214401
345,645704203,W_0,0.929744,0.135755,0.197788,0,,0.197788
346,785867739,W_0,1.7475,0.170325,0.182243,1,C_85,0.182243
347,383378123,W_0,1.4898,0.163512,0.2577,0,,0.2577
348,550110392,W_0,1.2518,0.156972,0.238002,0,,0.238002
349,428338413,W_0,1.03224,0.150693,0.219562,0,,0.219562
350,122314858,W_0,0.829933,0.144665,0.202305,0,,0.202305
351,572010709,W_0,0.643771,0.138878,0.186162,0,,0.186162
352,195142102,W_0,0.472704,0.133323,0.171067,0,,0.171067
353,560806207,W_0,0.315746,0.12799,0.156959,0,,0.156959
354,73897908,W_0,0.171968,0.122871,0.143778,0,,0.143778
355,236750013,W_0,1.0405,0.157956,0.131469,1,C_121,0.131469
356,807287084,W_0,1.83052,0.191638,0.209981,1,C_121,0.209981
357,144556767,W_0,2.54735,0.223972,0.283164,1,C_63,0.283164
358,202701278,W_0,2.19601,0.215013,0.35134,0,,0.35134
359,617058414,W_0,1.8712,0.206413,0.324814,0,,0.324814
360,767496182,W_0,1.57123,0.198156,0.299973,0,,0.299973
361,498708967,W_0,1.29451,0.19023,0.276718,0,,0.276718
362,287371740,W_0,1.03955,0.182621,0.254956,0,,0.254956
363,608452199,W_0,0.804956,0.175316,0.234599,0,,0.234599
364,898581068,W_0,0.589392,0.168303,0.215564,0,,0.215564
365,45189270,W_0,0.391619,0.161571,0.197773,0,,0.197773
366,440510674,W_0,1.21047,0.195108,0.181152,1,C_23,0.181152
367,443701086,W_0,1.95484,0.227304,0.255632,1,K_9,0.255632
368,426930734,W_0,2.62979,0.258212,0.325046,1,K_9,0.325046
369,517151798,W_0,2.24009,0.247883,0.389701,0,,0.389701
370,713694351,W_0,2.8802,0.277968,0.359888,1,K_27,0.359888
371,237651292,W_0,2.45822,0.266849,0.421978,0,,0.421978
372,806777020,W_0,3.06846,0.296175,0.38976,1,C_27,0.38976
373,385097301,W_0,3.61886,0.324328,0.449598,1,C_27,0.449598
374,388293704,W_0,4.11359,0.351355,0.505271,1,C_27,0.505271
375,695278641,W_0,3.55656,0.337301,0.557035,0,,0.557035
376,343866901,W_0,4.04143,0.363809,0.515129,1,C_197,0.515129
377,490972105,W_0,4.47555,0.389257,0.56588,1,C_197,0.56588
378,216200239,W_0,4.86251,0.413686,0.613034,1,C_197,0.613034
379,586934488,W_0,5.2057,0.437139,0.656812,1,C_197,0.656812
380,366947891,W_0,4.50828,0.419653,0.697424,0,,0.697424
381,913014536,W_0,4.86321,0.442867,0.645067,1,C_177,0.645067
382,417132203,W_0,5.17718,0.465153,0.686028,1,C_138,0.686028
383,992170873,W_0,4.45317,0.446546,0.724012,0,,0.724012
384,484175336,W_0,4.78397,0.468685,0.669205,1,C_38,0.669205
385,771632297,W_0,4.07608,0.449937,0.707883,0,,0.707883
386,683473890,W_0,4.42234,0.47194,0.653741,1,C_41,0.653741
387,267465634,W_0,5.42234,0.493062,0.0,1,C_156,0.693057
388,726171827,W_0,5.65816,0.51334,0.764179,1,C_156,0.764179
389,111470381,W_0,5.86192,0.532806,0.796248,1,C_156,0.796248
390,149520865,W_0,6.03601,0.551494,0.825902,1,C_156,0.825902
391,846672521,W_0,6.18272,0.569434,0.853294,1,C_156,0.853294
392,20907606,W_0,6.30415,0.586657,0.87857,1,C_156,0.87857
393,229300267,W_0,6.40228,0.60319,0.901864,1,C_172,0.901864
394,625008683,W_0,6.47898,0.619063,0.923305,1,C_89,0.923305
395,836855575,W_0,6.53597,0.6343,0.943012,1,C_89,0.943012
396,232579727,W_0,6.57487,0.648928,0.961099,1,C_140,0.961099
397,875048113,W_0,6.57487,0.622971,0.0,0,,0.977672
398,956990868,W_0,6.62316,0.638052,0.951715,1,C_51,0.951715
399,496296169,W_0,6.65394,0.65253,0.96921,1,C_149,0.96921
400,376643913,W_0,6.66872,0.666429,0.985227,1,C_167,0.985227
401,97332389,W_0,6.66885,0.679772,0.999865,1,C_167,0.999865
402,385560758,W_0,6.65564,0.692581,1.01321,1,C_167,1.01321
403,714896222,W_0,6.63028,0.704878,1.02536,1,C_167,1.02536
404,189671449,W_0,6.59388,0.716683,1.03639,1,C_131,1.03639
405,463233643,W_0,6.54751,0.728015,1.04638,1,C_19,1.04638
406,837337194,W_0,6.49212,0.738895,1.05539,1,C_19,1.05539
407,739699025,W_0,6.42862,0.749339,1.0635,1,C_25,1.0635
408,424354170,W_0,6.35785,0.759365,1.07077,1,C_25,1.07077
409,527786687,W_0,6.28059,0.768991,1.07726,1,C_108,1.07726
410,18487782,W_0,6.19757,0.778231,1.08302,1,C_108,1.08302
411,613750877,W_0,6.10946,0.787102,1.08811,1,C_15,1.08811
412,140208516,W_0,6.01688,0.795618,1.09257,1,K_40,1.09257
413,259934152,W_0,5.92042,0.803793,1.09646,1,K_40,1.09646
414,270584195,W_0,5.82061,0.811641,1.09981,1,C_67,1.09981
415,822284521,W_0,5.71794,0.819176,1.10267,1,C_9,1.10267
416,144539532,W_0,6.71794,0.826409,0.0,1,C_9,1.10507
417,864974176,W_0,6.55563,0.833352,1.16231,1,C_9,1.16231
418,389419770,W_0,6.3945,0.840018,1.16113,1,C_9,1.16113
419,816764127,W_0,6.23475,0.846417,1.15974,1,C_9,1.15974
420,131750733,W_0,6.0766,0.852561,1.15816,1,C_9,1.15816
421,185240837,W_0,5.92021,0.858458,1.15639,1,C_9,1.15639
422,103361554,W_0,4.76574,0.82412,1.15447,0,,1.15447
423,627624190,W_0,4.70333,0.831155,1.06241,1,C_152,1.06241
424,966790629,W_0,4.63701,0.837909,1.06632,1,C_96,1.06632
425,972247150,W_0,3.56725,0.804393,1.06976,0,,1.06976
426,866392301,W_0,3.5845,0.812217,0.982755,1,C_11,0.982755
427,57511497,W_0,3.59305,0.819728,0.991442,1,C_172,0.991442
428,527638301,W_0,3.59367,0.826939,0.999381,1,C_103,0.999381
429,208759677,W_0,3.58705,0.833862,1.00662,1,C_103,1.00662
430,942964210,W_0,3.57384,0.840507,1.01321,1,C_103,1.01321
431,183496360,W_0,3.55464,0.846887,1.0192,1,C_103,1.0192
432,720097483,W_0,3.53002,0.853011,1.02462,1,C_186,1.02462
433,74353540,W_0,3.50051,0.858891,1.02951,1,C_186,1.02951
434,557041698,W_0,3.46659,0.864535,1.03392,1,C_186,1.03392
435,337873057,W_0,3.42873,0.869954,1.03786,1,C_186,1.03786
436,789610486,W_0,3.38734,0.875156,1.04139,1,C_198,1.04139
437,740141557,W_0,2.34281,0.840149,1.04452,0,,1.04452
438,959564321,W_0,2.38552,0.846543,0.95729,1,C_173,0.95729
439,384326852,W_0,2.4197,0.852682,0.96582,1,C_173,0.96582
440,602497254,W_0,2.44604,0.858575,0.973667,1,C_173,0.973667
441,312808226,W_0,2.46516,0.864232,0.980876,1,C_111,0.980876
442,163956743,W_0,2.47767,0.869662,0.987489,1,C_111,0.987489
443,114495522,W_0,2.48412,0.874876,0.993546,1,C_111,0.993546
444,641443599,W_0,2.48504,0.879881,0.999082,1,C_111,0.999082
445,846119868,W_0,2.48091,0.884686,1.00413,1,C_128,1.00413
446,548478963,W_0,2.47218,0.889298,1.00873,1,C_128,1.00873
447,868337077,W_0,1.45927,0.853726,1.01291,0,,1.01291
448,603582491,W_0,1.53258,0.859577,0.92669,1,C_74,0.92669
449,49367065,W_0,0.611265,0.825194,0.921317,0,,0.936206
450,495456802,W_0,1.0,0.832186,0.611265,1,C_114,0.611265
451,249374651,W_0,1.11781,0.838899,0.882186,1,C_144,0.882186
452,430243505,W_0,1.22302,0.845343,0.89479,1,C_78,0.89479
453,613346329,W_0,1.31653,0.851529,0.906494,1,C_78,0.906494
454,346426392,W_0,1.39917,0.857468,0.917356,1,C_78,0.917356
455,181511915,W_0,1.47175,0.863169,0.927427,1,C_78,0.927427
456,451799692,W_0,1.53499,0.868643,0.936757,1,C_78,0.936757
457,512541113,W_0,0.589599,0.833897,0.945392,0,,0.945392
458,383430675,W_0,0.0,0.800541,0.589599,0,,0.589599
459,587575653,W_0,0.0,0.768519,0.0,0,,0.0
460,107863067,W_0,1.0,0.777779,0.0,1,C_171,0.0
461,522628569,W_0,0.172221,0.746667,0.827779,0,,0.827779
462,785022239,W_0,1.0,0.756801,0.172221,1,C_165,0.172221
463,405333950,W_0,1.1932,0.766529,0.806801,1,C_165,0.806801
464,689766977,W_0,1.36701,0.775868,0.826189,1,C_64,0.826189
465,706236316,W_0,1.52279,0.784833,0.844218,1,C_172,0.844218
466,276778603,W_0,1.66182,0.79344,0.860972,1,C_172,0.860972
467,925573077,W_0,1.78529,0.801702,0.876531,1,C_172,0.876531
468,461440948,W_0,1.89432,0.809634,0.890966,1,C_172,0.890966
469,409074354,W_0,0.989973,0.777249,0.90435,0,,0.90435
470,947061704,W_0,1.16323,0.786159,0.826747,1,C_113,0.826747
471,290173103,W_0,1.31891,0.794712,0.84432,1,C_113,0.84432
472,163581808,W_0,1.45825,0.802924,0.860658,1,C_113,0.860658
473,593131206,W_0,0.582413,0.770807,0.875836,0,,0.875836
474,156942834,W_0,1.0,0.779975,0.582413,1,C_169,0.582413
475,714537738,W_0,0.170026,0.748776,0.829974,0,,0.829974
476,28696302,W_0,-2.77556e-17,0.718825,0.170026,0,,0.170026
477,60717105,W_0,-2.77556e-17,0.690072,0.0,0,,-2.77556e-17
478,969334021,W_0,-2.77556e-17,0.662469,0.0,0,,-2.77556e-17
479,427905823,W_0,-2.77556e-17,0.63597,0.0,0,,-2.77556e-17
480,921255604,W_0,-2.77556e-17,0.610531,0.0,0,,-2.77556e-17
481,712145100,W_0,-2.77556e-17,0.58611,0.0,0,,-2.77556e-17
482,225534439,W_0,-2.77556e-17,0.562665,0.0,0,,-2.77556e-17
483,719702429,W_0,-2.77556e-17,0.540159,0.0,0,,-2.77556e-17
484,796274530,W_0,-2.77556e-17,0.518552,0.0,0,,-2.77556e-17
485,401024282,W_0,-2.77556e-17,0.49781,0.0,0,,-2.77556e-17
486,691024252,W_0,-2.77556e-17,0.477898,0.0,0,,-2.77556e-17
487,546790611,W_0,-2.77556e-17,0.458782,0.0,0,,-2.77556e-17
488,850929833,W_0,-2.77556e-17,0.440431,0.0,0,,-2.77556e-17
489,645349028,W_0,-2.77556e-17,0.422814,0.0,0,,-2.77556e-17
490,541497717,W_0,-2.77556e-17,0.405901,0.0,0,,-2.77556e-17
491,271157123,W_0,-2.77556e-17,0.389665,0.0,0,,-2.77556e-17
492,459347481,W_0,-2.77556e-17,0.374078,0.0,0,,-2.77556e-17
493,945466949,W_0,-2.77556e-17,0.359115,0.0,0,,-2.77556e-17
494,947368183,W_0,-2.77556e-17,0.344751,0.0,0,,-2.77556e-17
495,440816768,W_0,-2.77556e-17,0.330961,0.0,0,,-2.77556e-17
496,616658240,W_0,-2.77556e-17,0.317722,0.0,0,,-2.77556e-17
497,387053588,W_0,-2.77556e-17,0.305013,0.0,0,,-2.77556e-17
498,842417032,W_0,-2.77556e-17,0.292813,0.0,0,,-2.77556e-17
499,881944779,W_0,-2.77556e-17,0.2811,0.0,0,,-2.77556e-17
500,469679359,W_0,-2.77556e-17,0.269856,0.0,0,,-2.77556e-17
501,672487648,W_0,-2.77556e-17,0.259062,0.0,0,,-2.77556e-17
502,910366976,W_0,-2.77556e-17,0.2487,0.0,0,,-2.77556e-17
503,904787772,W_0,-2.77556e-17,0.238752,0.0,0,,-2.77556e-17
504,950509080,W_0,-2.77556e-17,0.229201,0.0,0,,-2.77556e-17
505,656840657,W_0,-2.77556e-17,0.220033,0.0,0,,-2.77556e-17
506,173292533,W_0,-2.77556e-17,0.211232,0.0,0,,-2.77556e-17
507,186901943,W_0,-2.77556e-17,0.202783,0.0,0,,-2.77556e-17
508,674248124,W_0,-2.77556e-17,0.194671,0.0,0,,-2.77556e-17
509,774624045,W_0,-2.77556e-17,0.186885,0.0,0,,-2.77556e-17
510,33990042,W_0,-2.77556e-17,0.179409,0.0,0,,-2.77556e-17
511,10301801,W_0,-2.77556e-17,0.172233,0.0,0,,-2.77556e-17
512,541617021,W_0,-2.77556e-17,0.165344,0.0,0,,-2.77556e-17
513,446087501,W_0,-2.77556e-17,0.15873,0.0,0,,-2.77556e-17
514,284509389,W_0,-2.77556e-17,0.152381,0.0,0,,-2.77556e-17
515,91549840,W_0,-2.77556e-17,0.146285,0.0,0,,-2.77556e-17
516,726352093,W_0,-2.77556e-17,0.140434,0.0,0,,-2.77556e-17
517,819446233,W_0,-2.77556e-17,0.134817,0.0,0,,-2.77556e-17
518,622569381,W_0,-2.77556e-17,0.129424,0.0,0,,-2.77556e-17
519,602384898,W_0,-2.77556e-17,0.124247,0.0,0,,-2.77556e-17
520,156864782,W_0,-2.77556e-17,0.119277,0.0,0,,-2.77556e-17
521,667281636,W_0,-2.77556e-17,0.114506,0.0,0,,-2.77556e-17
522,738347079,W_0,-2.77556e-17,0.109926,0.0,0,,-2.77556e-17
523,178977240,W_0,-2.77556e-17,0.105529,0.0,0,,-2.77556e-17
524,141993658,W_0,-2.77556e-17,0.101308,0.0,0,,-2.77556e-17
525,158524282,W_0,-2.77556e-17,0.0972553,0.0,0,,-2.77556e-17
526,34193581,W_0,-2.77556e-17,0.0933651,0.0,0,,-2.77556e-17
527,621351767,W_0,-2.77556e-17,0.0896305,0.0,0,,-2.77556e-17
528,159181303,W_0,-2.77556e-17,0.0860453,0.0,0,,-2.77556e-17
529,570629037,W_0,-2.77556e-17,0.0826035,0.0,0,,-2.77556e-17
530,562396070,W_0,-2.77556e-17,0.0792993,0.0,0,,-2.77556e-17
531,526571915,W_0,-2.77556e-17,0.0761273,0.0,0,,-2.77556e-17
532,604109596,W_0,-2.77556e-17,0.0730823,0.0,0,,-2.77556e-17
533,272575576,W_0,-2.77556e-17,0.070159,0.0,0,,-2.77556e-17
534,14742010,W_0,-2.77556e-17,0.0673526,0.0,0,,-2.77556e-17
535,630668703,W_0,-2.77556e-17,0.0646585,0.0,0,,-2.77556e-17
536,383666751,W_0,-2.77556e-17,0.0620722,0.0,0,,-2.77556e-17
537,347592710,W_0,-2.77556e-17,0.0595893,0.0,0,,-2.77556e-17
538,148066622,W_0,-2.77556e-17,0.0572057,0.0,0,,-2.77556e-17
539,929138078,W_0,-2.77556e-17,0.0549175,0.0,0,,-2.77556e-17
540,517421487,W_0,-2.77556e-17,0.0527208,0.0,0,,-2.77556e-17
541,953774673,W_0,-2.77556e-17,0.0506119,0.0,0,,-2.77556e-17
542,286014584,W_0,-2.77556e-17,0.0485875,0.0,0,,-2.77556e-17
543,908767523,W_0,-2.77556e-17,0.046644,0.0,0,,-2.77556e-17
544,379556430,W_0,-2.77556e-17,0.0447782,0.0,0,,-2.77556e-17
545,475285716,W_0,-2.77556e-17,0.0429871,0.0,0,,-2.77556e-17
546,501651611,W_0,-2.77556e-17,0.0412676,0.0,0,,-2.77556e-17
547,73468343,W_0,-2.77556e-17,0.0396169,0.0,0,,-2.77556e-17
548,817036108,W_0,-2.77556e-17,0.0380322,0.0,0,,-2.77556e-17
549,16142459,W_0,-2.77556e-17,0.0365109,0.0,0,,-2.77556e-17
550,819895241,W_0,-2.77556e-17,0.0350505,0.0,0,,-2.77556e-17
551,486182303,W_0,-2.77556e-17,0.0336485,0.0,0,,-2.77556e-17
552,471738395,W_0,-2.77556e-17,0.0323025,0.0,0,,-2.77556e-17
553,695355975,W_0,-2.77556e-17,0.0310104,0.0,0,,-2.77556e-17
554,119632748,W_0,-2.77556e-17,0.02977,0.0,0,,-2.77556e-17
555,659146750,W_0,-2.77556e-17,0.0285792,0.0,0,,-2.77556e-17
556,331297705,W_0,-2.77556e-17,0.027436,0.0,0,,-2.77556e-17
557,224348553,W_0,-2.77556e-17,0.0263386,0.0,0,,-2.77556e-17
558,775363451,W_0,-2.77556e-17,0.0252851,0.0,0,,-2.77556e-17
559,471990372,W_0,-2.77556e-17,0.0242737,0.0,0,,-2.77556e-17
560,567007067,W_0,-2.77556e-17,0.0233027,0.0,0,,-2.77556e-17
561,288506960,W_0,-2.77556e-17,0.0223706,0.0,0,,-2.77556e-17
562,621594784,W_0,-2.77556e-17,0.0214758,0.0,0,,-2.77556e-17
563,622472630,W_0,-2.77556e-17,0.0206167,0.0,0,,-2.77556e-17
564,109779803,W_0,-2.77556e-17,0.0197921,0.0,0,,-2.77556e-17
565,418713698,W_0,-2.77556e-17,0.0190004,0.0,0,,-2.77556e-17
566,289096117,W_0,-2.77556e-17,0.0182404,0.0,0,,-2.77556e-17
567,627021419,W_0,-2.77556e-17,0.0175108,0.0,0,,-2.77556e-17
568,604757983,W_0,-2.77556e-17,0.0168103,0.0,0,,-2.77556e-17
569,803810445,W_0,-2.77556e-17,0.0161379,0.0,0,,-2.77556e-17
570,53418565,W_0,-2.77556e-17,0.0154924,0.0,0,,-2.77556e-17
571,612664342,W_0,-2.77556e-17,0.0148727,0.0,0,,-2.77556e-17
572,886181591,W_0,-2.77556e-17,0.0142778,0.0,0,,-2.77556e-17
573,398743977,W_0,-2.77556e-17,0.0137067,0.0,0,,-2.77556e-17
574,329541411,W_0,-2.77556e-17,0.0131584,0.0,0,,-2.77556e-17
575,948679753,W_0,-2.77556e-17,0.0126321,0.0,0,,-2.77556e-17
576,997267993,W_0,-2.77556e-17,0.0121268,0.0,0,,-2.77556e-17
577,186945301,W_0,-2.77556e-17,0.0116417,0.0,0,,-2.77556e-17
578,585001811,W_0,-2.77556e-17,0.0111761,0.0,0,,-2.77556e-17
579,83636838,W_0,-2.77556e-17,0.010729,0.0,0,,-2.77556e-17
580,356485811,W_0,-2.77556e-17,0.0102999,0.0,0,,-2.77556e-17
581,940326500,W_0,-2.77556e-17,0.00988786,0.0,0,,-2.77556e-17
582,109877313,W_0,-2.77556e-17,0.00949235,0.0,0,,-2.77556e-17
583,190321260,W_0,-2.77556e-17,0.00911265,0.0,0,,-2.77556e-17
584,36255465,W_0,-2.77556e-17,0.00874815,0.0,0,,-2.77556e-17
585,170866283,W_0,-2.77556e-17,0.00839822,0.0,0,,-2.77556e-17
586,69930833,W_0,-2.77556e-17,0.00806229,0.0,0,,-2.77556e-17
587,270734380,W_0,-2.77556e-17,0.0077398,0.0,0,,-2.77556e-17
588,861635360,W_0,-2.77556e-17,0.00743021,0.0,0,,-2.77556e-17
589,135836183,W_0,-2.77556e-17,0.007133,0.0,0,,-2.77556e-17
590,121821980,W_0,-2.77556e-17,0.00684768,0.0,0,,-2.77556e-17
591,911949898,W_0,-2.77556e-17,0.00657377,0.0,0,,-2.77556e-17
592,627059800,W_0,-2.77556e-17,0.00631082,0.0,0,,-2.77556e-17
593,993360034,W_0,-2.77556e-17,0.00605839,0.0,0,,-2.77556e-17
594,884150707,W_0,-2.77556e-17,0.00581605,0.0,0,,-2.77556e-17
595,534313893,W_0,-2.77556e-17,0.00558341,0.0,0,,-2.77556e-17
596,687000070,W_0,-2.77556e-17,0.00536007,0.0,0,,-2.77556e-17
597,927334765,W_0,-2.77556e-17,0.00514567,0.0,0,,-2.77556e-17
598,122882338,W_0,-2.77556e-17,0.00493984,0.0,0,,-2.77556e-17
599,138354186,W_0,-2.77556e-17,0.00474225,0.0,0,,-2.77556e-17
600,975755672,W_0,-2.77556e-17,0.00455256,0.0,0,,-2.77556e-17
601,803530951,W_0,-2.77556e-17,0.00437046,0.0,0,,-2.77556e-17
602,504547603,W_0,-2.77556e-17,0.00419564,0.0,0,,-2.77556e-17
603,494662424,W_0,-2.77556e-17,0.00402781,0.0,0,,-2.77556e-17
604,585481644,W_0,-2.77556e-17,0.0038667,0.0,0,,-2.77556e-17
605,16118669,W_0,-2.77556e-17,0.00371203,0.0,0,,-2.77556e-17
606,866533350,W_0,-2.77556e-17,0.00356355,0.0,0,,-2.77556e-17
607,855956773,W_0,-2.77556e-17,0.00342101,0.0,0,,-2.77556e-17
608,400094831,W_0,-2.77556e-17,0.00328417,0.0,0,,-2.77556e-17
609,409277485,W_0,-2.77556e-17,0.0031528,0.0,0,,-2.77556e-17
610,822421526,W_0,-2.77556e-17,0.00302669,0.0,0,,-2.77556e-17
611,33175259,W_0,-2.77556e-17,0.00290562,0.0,0,,-2.77556e-17
612,380764220,W_0,-2.77556e-17,0.0027894,0.0,0,,-2.77556e-17
613,276262715,W_0,-2.77556e-17,0.00267782,0.0,0,,-2.77556e-17
614,159345337,W_0,-2.77556e-17,0.00257071,0.0,0,,-2.77556e-17
615,57531600,W_0,-2.77556e-17,0.00246788,0.0,0,,-2.77556e-17
616,953043038,W_0,-2.77556e-17,0.00236917,0.0,0,,-2.77556e-17
617,209050450,W_0,-2.77556e-17,0.0022744,0.0,0,,-2.77556e-17
618,703760473,W_0,-2.77556e-17,0.00218342,0.0,0,,-2.77556e-17
619,477814965,W_0,-2.77556e-17,0.00209609,0.0,0,,-2.77556e-17
620,251623518,W_0,-2.77556e-17,0.00201224,0.0,0,,-2.77556e-17
621,844171373,W_0,-2.77556e-17,0.00193175,0.0,0,,-2.77556e-17
622,536582063,W_0,-2.77556e-17,0.00185448,0.0,0,,-2.77556e-17
623,821071945,W_0,-2.77556e-17,0.0017803,0.0,0,,-2.77556e-17
624,89412132,W_0,-2.77556e-17,0.00170909,0.0,0,,-2.77556e-17
625,533257399,W_0,-2.77556e-17,0.00164073,0.0,0,,-2.77556e-17
626,195999313,W_0,-2.77556e-17,0.0015751,0.0,0,,-2.77556e-17
627,994184973,W_0,-2.77556e-17,0.00151209,0.0,0,,-2.77556e-17
628,486055429,W_0,-2.77556e-17,0.00145161,0.0,0,,-2.77556e-17
629,462864725,W_0,-2.77556e-17,0.00139355,0.0,0,,-2.77556e-17
630,22102049,W_0,-2.77556e-17,0.0013378,0.0,0,,-2.77556e-17
631,868945868,W_0,-2.77556e-17,0.00128429,0.0,0,,-2.77556e-17
632,902726339,W_0,-2.77556e-17,0.00123292,0.0,0,,-2.77556e-17
633,361748417,W_0,-2.77556e-17,0.0011836,0.0,0,,-2.77556e-17
634,837310902,W_0,-2.77556e-17,0.00113626,0.0,0,,-2.77556e-17
635,943878012,W_0,-2.77556e-17,0.00109081,0.0,0,,-2.77556e-17
636,640552280,W_0,-2.77556e-17,0.00104718,0.0,0,,-2.77556e-17
637,696179155,W_0,-2.77556e-17,0.00100529,0.0,0,,-2.77556e-17
638,327229095,W_0,-2.77556e-17,0.000965078,0.0,0,,-2.77556e-17
639,519804937,W_0,-2.77556e-17,0.000926475,0.0,0,,-2.77556e-17
640,107249225,W_0,-2.77556e-17,0.000889416,0.0,0,,-2.77556e-17
641,108023418,W_0,-2.77556e-17,0.00085384,0.0,0,,-2.77556e-17
642,355548614,W_0,-2.77556e-17,0.000819686,0.0,0,,-2.77556e-17
643,627456436,W_0,-2.77556e-17,0.000786899,0.0,0,,-2.77556e-17
644,360864471,W_0,-2.77556e-17,0.000755423,0.0,0,,-2.77556e-17
645,684112661,W_0,-2.77556e-17,0.000725206,0.0,0,,-2.77556e-17
646,475113252,W_0,-2.77556e-17,0.000696198,0.0,0,,-2.77556e-17
647,349577748,W_0,-2.77556e-17,0.00066835,0.0,0,,-2.77556e-17
648,811645992,W_0,1.0,0.0406416,0.0,1,C_161,-2.77556e-17
649,502864807,W_0,1.90936,0.0790159,0.0906416,1,C_161,0.0906416
650,98725251,W_0,1.73487,0.0758553,0.174484,0,,0.174484
651,105924717,W_0,1.57228,0.0728211,0.162599,0,,0.162599
652,48883090,W_0,1.42084,0.0699083,0.151435,0,,0.151435
653,792877805,W_0,1.27989,0.0671119,0.14095,0,,0.14095
654,993687081,W_0,1.14878,0.0644275,0.131106,0,,0.131106
655,343703821,W_0,1.02692,0.0618504,0.121867,0,,0.121867
656,136849649,W_0,0.913721,0.0593763,0.113196,0,,0.113196
657,20622318,W_0,0.808659,0.0570013,0.105062,0,,0.105062
658,525149592,W_0,0.711224,0.0547212,0.0974342,0,,0.0974342
659,498015912,W_0,0.620942,0.0525324,0.0902825,0,,0.0902825
660,112968079,W_0,0.537362,0.0504311,0.0835795,0,,0.0835795
661,200072088,W_0,1.46006,0.0884138,0.0772992,1,C_65,0.0772992
662,96268162,W_0,2.29865,0.124877,0.161417,1,C_65,0.161417
663,166031855,W_0,2.05884,0.119882,0.23981,0,,0.23981
664,798334333,W_0,1.83601,0.115087,0.222824,0,,0.222824
665,799833789,W_0,1.62913,0.110483,0.206888,0,,0.206888
666,25627264,W_0,1.43719,0.106064,0.19194,0,,0.19194
667,537882858,W_0,1.25926,0.101822,0.177923,0,,0.177923
668,171320690,W_0,1.09448,0.0977487,0.164785,0,,0.164785
669,863488516,W_0,0.942005,0.0938387,0.152473,0,,0.152473
670,223664196,W_0,0.801066,0.0900852,0.140939,0,,0.140939
671,388564068,W_0,0.670927,0.0864818,0.130138,0,,0.130138
672,473418710,W_0,0.550899,0.0830225,0.120028,0,,0.120028
673,236449072,W_0,0.440332,0.0797016,0.110567,0,,0.110567
674,61794671,W_0,0.338614,0.0765135,0.101718,0,,0.101718
675,265585190,W_0,0.245169,0.073453,0.0934442,0,,0.0934442
676,33468459,W_0,0.159458,0.0705149,0.0857115,0,,0.0857115
677,820392009,W_0,0.0809702,0.0676943,0.0784878,0,,0.0784878
678,466382442,W_0,0.00922739,0.0649865,0.0717428,0,,0.0717428
679,315757460,W_0,0.0,0.062387,0.00922739,0,,0.00922739
680,594895975,W_0,0.0,0.0598916,0.0,0,,0.0
681,145974062,W_0,0.0,0.0574959,0.0,0,,0.0
682,984286066,W_0,0.0,0.0551961,0.0,0,,0.0
683,634732543,W_0,0.0,0.0529882,0.0,0,,0.0
684,169559671,W_0,0.0,0.0508687,0.0,0,,0.0
685,667348834,W_0,0.0,0.0488339,0.0,0,,0.0
686,903580101,W_0,0.0,0.0468806,0.0,0,,0.0
687,554512043,W_0,0.0,0.0450054,0.0,0,,0.0
688,371394552,W_0,0.0,0.0432051,0.0,0,,0.0
689,666764641,W_0,0.0,0.0414769,0.0,0,,0.0
690,817586983,W_0,1.0,0.0798179,0.0,1,C_52,0.0
691,26303967,W_0,0.870182,0.0766252,0.129818,0,,0.129818
692,80741801,W_0,0.750048,0.0735601,0.120134,0,,0.120134
693,866637368,W_0,0.638985,0.0706177,0.111063,0,,0.111063
694,979625131,W_0,0.536418,0.067793,0.102567,0,,0.102567
695,524441705,W_0,0.441804,0.0650813,0.0946139,0,,0.0946139
696,40473771,W_0,0.354633,0.0624781,0.0871715,0,,0.0871715
697,729036089,W_0,0.274423,0.0599789,0.0802097,0,,0.0802097
698,839306072,W_0,0.200723,0.0575798,0.0737001,0,,0.0737001
699,418771938,W_0,0.133107,0.0552766,0.0676159,0,,0.0676159
700,408035084,W_0,0.0711752,0.0530655,0.0619319,0,,0.0619319
701,967537575,W_0,0.0145509,0.0509429,0.0566243,0,,0.0566243
702,645999138,W_0,0.0,0.0489052,0.0145509,0,,0.0145509
703,124542468,W_0,0.0,0.046949,0.0,0,,0.0
704,586733239,W_0,0.0,0.045071,0.0,0,,0.0
705,538258382,W_0,0.0,0.0432682,0.0,0,,0.0
706,428970398,W_0,0.0,0.0415375,0.0,0,,0.0
707,365250732,W_0,0.0,0.039876,0.0,0,,0.0
708,303238087,W_0,0.0,0.0382809,0.0,0,,0.0
709,323926705,W_0,0.0,0.0367497,0.0,0,,0.0
710,69525242,W_0,0.0,0.0352797,0.0,0,,0.0
711,88592518,W_0,0.0,0.0338685,0.0,0,,0.0
712,681911591,W_0,0.0,0.0325138,0.0,0,,0.0
713,75951780,W_0,0.0,0.0312132,0.0,0,,0.0
714,168695100,W_0,0.0,0.0299647,0.0,0,,0.0
715,405699070,W_0,0.0,0.0287661,0.0,0,,0.0
716,344211816,W_0,0.0,0.0276155,0.0,0,,0.0
717,246491336,W_0,0.0,0.0265108,0.0,0,,0.0
718,579937610,W_0,0.0,0.0254504,0.0,0,,0.0
719,516750785,W_0,0.0,0.0244324,0.0,0,,0.0
720,894524184,W_0,0.0,0.0234551,0.0,0,,0.0
721,540151090,W_0,0.0,0.0225169,0.0,0,,0.0
722,467990217,W_0,0.0,0.0216162,0.0,0,,0.0
723,463137760,W_0,0.0,0.0207516,0.0,0,,0.0
724,938300626,W_0,0.0,0.0199215,0.0,0,,0.0
725,698328331,W_0,0.0,0.0191246,0.0,0,,0.0
726,28498301,W_0,0.0,0.0183597,0.0,0,,0.0
727,604801937,W_0,0.0,0.0176253,0.0,0,,0.0
728,963012955,W_0,0.0,0.0169203,0.0,0,,0.0
729,380577823,W_0,0.0,0.0162434,0.0,0,,0.0
730,714745921,W_0,0.0,0.0155937,0.0,0,,0.0
731,570702671,W_0,0.0,0.01497,0.0,0,,0.0
732,573083586,W_0,0.0,0.0143712,0.0,0,,0.0
733,640247825,W_0,0.0,0.0137963,0.0,0,,0.0
734,985289463,W_0,0.0,0.0132445,0.0,0,,0.0
735,278227728,W_0,0.0,0.0127147,0.0,0,,0.0
736,615967049,W_0,0.0,0.0122061,0.0,0,,0.0
737,37035006,W_0,0.0,0.0117179,0.0,0,,0.0
738,313687775,W_0,0.0,0.0112491,0.0,0,,0.0
739,269097714,W_0,0.0,0.0107992,0.0,0,,0.0
740,459612441,W_0,0.0,0.0103672,0.0,0,,0.0
741,168802149,W_0,0.0,0.00995252,0.0,0,,0.0
742,276874131,W_0,0.0,0.00955442,0.0,0,,0.0
743,783880468,W_0,0.0,0.00917224,0.0,0,,0.0
744,952722787,W_0,0.0,0.00880535,0.0,0,,0.0
745,672480733,W_0,0.0,0.00845314,0.0,0,,0.0
746,388377027,W_0,0.0,0.00811501,0.0,0,,0.0
747,598144037,W_0,0.0,0.00779041,0.0,0,,0.0
748,588369030,W_0,0.0,0.0074788,0.0,0,,0.0
749,107392650,W_0,0.0,0.00717964,0.0,0,,0.0
750,115275842,W_0,0.0,0.00689246,0.0,0,,0.0
751,786082995,W_0,0.0,0.00661676,0.0,0,,0.0
752,456471248,W_0,0.0,0.00635209,0.0,0,,0.0
753,426706568,W_0,0.0,0.00609801,0.0,0,,0.0
754,220849591,W_0,0.0,0.00585409,0.0,0,,0.0
755,848559328,W_0,0.0,0.00561992,0.0,0,,0.0
756,822341619,W_0,0.0,0.00539512,0.0,0,,0.0
757,546792936,W_0,0.0,0.00517932,0.0,0,,0.0
758,85777134,W_0,0.0,0.00497215,0.0,0,,0.0
759,414752011,W_0,0.0,0.00477326,0.0,0,,0.0
760,523147485,W_0,0.0,0.00458233,0.0,0,,0.0
761,830639195,W_0,1.0,0.044399,0.0,1,C_91,0.0
762,707439469,W_0,1.9056,0.0826231,0.094399,1,C_91,0.094399
763,322503637,W_0,1.7277,0.0793182,0.177903,0,,0.177903
764,417971666,W_0,2.56199,0.116145,0.165703,1,C_139,0.165703
765,543581049,W_0,3.31775,0.1515,0.244245,1,C_139,0.244245
766,435767855,W_0,4.00036,0.18544,0.317387,1,C_139,0.317387
767,417540892,W_0,3.6149,0.178022,0.385458,0,,0.385458
768,790193652,W_0,3.25614,0.170901,0.358767,0,,0.358767
769,586516477,W_0,2.92243,0.164065,0.333708,0,,0.333708
770,902765134,W_0,2.61224,0.157503,0.310187,0,,0.310187
771,426900309,W_0,2.32413,0.151202,0.288115,0,,0.288115
772,474633942,W_0,3.05672,0.185154,0.267409,1,C_163,0.267409
773,885512529,W_0,3.71873,0.217748,0.33799,1,C_163,0.33799
774,262152583,W_0,3.31504,0.209038,0.403685,0,,0.403685
775,230509015,W_0,2.94025,0.200677,0.37479,0,,0.37479
776,314224105,W_0,2.59256,0.19265,0.347689,0,,0.347689
777,831481653,W_0,2.27029,0.184944,0.322278,0,,0.322278
778,868317958,W_0,1.97183,0.177546,0.298458,0,,0.298458
779,76033641,W_0,1.69569,0.170444,0.276137,0,,0.276137
780,297095103,W_0,1.44046,0.163626,0.255229,0,,0.255229
781,381695921,W_0,1.20481,0.157081,0.235649,0,,0.235649
782,181833457,W_0,0.987492,0.150798,0.217322,0,,0.217322
783,172051577,W_0,0.787319,0.144766,0.200173,0,,0.200173
784,421847791,W_0,0.603187,0.138975,0.184132,0,,0.184132
785,796905227,W_0,0.434052,0.133416,0.169135,0,,0.169135
786,297682416,W_0,1.27893,0.16808,0.155119,1,C_35,0.155119
787,53502815,W_0,1.04691,0.161357,0.232026,0,,0.232026
788,17670534,W_0,0.833205,0.154902,0.213702,0,,0.213702
789,813462908,W_0,1.63664,0.188706,0.196563,1,C_95,0.196563
790,471262738,W_0,2.3661,0.221158,0.270538,1,C_95,0.270538
791,155041640,W_0,2.02664,0.212312,0.339463,0,,0.339463
792,609352040,W_0,1.713,0.203819,0.313644,0,,0.313644
793,900612788,W_0,1.42353,0.195666,0.289469,0,,0.289469
794,152861387,W_0,1.15669,0.18784,0.266843,0,,0.266843
795,37941704,W_0,0.911011,0.180326,0.245674,0,,0.245674
796,669210387,W_0,0.685135,0.173113,0.225877,0,,0.225877
797,515428227,W_0,0.477765,0.166189,0.20737,0,,0.20737
798,649272945,W_0,1.28769,0.199541,0.190077,1,C_68,0.190077
799,400710577,W_0,1.02376,0.191559,0.263925,0,,0.263925
800,219361990,W_0,0.781015,0.183897,0.242748,0,,0.242748
801,911226713,W_0,0.558067,0.176541,0.222948,0,,0.222948
802,706260959,W_0,0.353623,0.16948,0.204445,0,,0.204445
803,460127328,W_0,1.16646,0.2027,0.187161,1,C_187,0.187161
804,433106218,W_0,0.905439,0.194592,0.261023,0,,0.261023
805,510285518,W_0,0.665574,0.186809,0.239864,0,,0.239864
806,414557317,W_0,0.445487,0.179336,0.220087,0,,0.220087
807,248727254,W_0,0.243876,0.172163,0.201611,0,,0.201611
808,874373654,W_0,0.0595197,0.165276,0.184357,0,,0.184357
809,884750783,W_0,0.0,0.158665,0.0595197,0,,0.0595197
810,737861291,W_0,0.0,0.152319,0.0,0,,0.0
811,685564375,W_0,0.0,0.146226,0.0,0,,0.0
812,568515840,W_0,0.0,0.140377,0.0,0,,0.0
813,35940439,W_0,1.0,0.174762,0.0,1,C_10,0.0
814,431716131,W_0,0.775238,0.167771,0.224762,0,,0.224762
815,738594312,W_0,0.568705,0.16106,0.206533,0,,0.206533
816,33622364,W_0,0.379209,0.154618,0.189496,0,,0.189496
817,567605438,W_0,0.205631,0.148433,0.173579,0,,0.173579
818,16581078,W_0,0.0469159,0.142496,0.158715,0,,0.158715
819,473486721,W_0,0.0,0.136796,0.0469159,0,,0.0469159
820,651231788,W_0,0.0,0.131324,0.0,0,,0.0
821,940055640,W_0,0.0,0.126071,0.0,0,,0.0
822,859435535,W_0,0.0,0.121028,0.0,0,,0.0
823,947203901,W_0,0.0,0.116187,0.0,0,,0.0
824,522001603,W_0,0.0,0.11154,0.0,0,,0.0
825,59606142,W_0,0.0,0.107078,0.0,0,,0.0
826,316388502,W_0,0.0,0.102795,0.0,0,,0.0
827,4678799,W_0,1.0,0.138683,0.0,1,C_84,0.0
828,427253289,W_0,0.811317,0.133136,0.188683,0,,0.188683
829,943560700,W_0,0.637615,0.127811,0.173702,0,,0.173702
830,513804400,W_0,0.477924,0.122698,0.159691,0,,0.159691
831,128797257,W_0,1.33133,0.15779,0.146594,1,K_44,0.146594
832,290095949,W_0,1.10697,0.151479,0.224357,0,,0.224357
833,618508770,W_0,1.90015,0.185419,0.206827,1,C_199,0.206827
834,780107848,W_0,2.61972,0.218003,0.280427,1,C_199,0.280427
835,276762654,W_0,2.27073,0.209283,0.348989,0,,0.348989
836,457490550,W_0,1.94791,0.200911,0.322819,0,,0.322819
837,890318407,W_0,2.6496,0.232875,0.298307,1,C_149,0.298307
838,6554027,W_0,3.28425,0.26356,0.365355,1,C_149,0.365355
839,213560071,W_0,3.85648,0.293017,0.427772,1,C_165,0.427772
840,2640092,W_0,4.37064,0.321297,0.485841,1,C_165,0.485841
841,554970533,W_0,4.83081,0.348445,0.539829,1,C_165,0.539829
842,965035671,W_0,5.24082,0.374507,0.589985,1,C_165,0.589985
843,841277048,W_0,5.60427,0.399527,0.636548,1,C_165,0.636548
844,243351470,W_0,4.92453,0.383546,0.67974,0,,0.67974
845,351306577,W_0,4.29476,0.368204,0.629772,0,,0.629772
846,508669175,W_0,3.71182,0.353476,0.582942,0,,0.582942
847,72773647,W_0,3.17275,0.339337,0.539067,0,,0.539067
848,464126758,W_0,2.67478,0.325763,0.497974,0,,0.497974
849,674703664,W_0,2.21528,0.312733,0.459502,0,,0.459502
850,544225111,W_0,1.79178,0.300223,0.423496,0,,0.423496
851,102361363,W_0,1.40197,0.288214,0.389812,0,,0.389812
852,694899067,W_0,1.04365,0.276686,0.358313,0,,0.358313
853,687761621,W_0,0.714786,0.265618,0.328869,0,,0.328869
854,723652583,W_0,1.41343,0.294994,0.301358,1,C_153,0.301358
855,580572132,W_0,1.04776,0.283194,0.365665,0,,0.365665
856,3605499,W_0,0.712181,0.271866,0.335582,0,,0.335582
857,837445077,W_0,0.404705,0.260992,0.307475,0,,0.307475
858,1417988,W_0,0.123479,0.250552,0.281227,0,,0.281227
859,520832246,W_0,0.0,0.24053,0.123479,0,,0.123479
860,197987459,W_0,0.0,0.230909,0.0,0,,0.0
861,49853629,W_0,1.0,0.261672,0.0,1,C_77,0.0
862,521611352,W_0,0.688328,0.251205,0.311672,0,,0.311672
863,974971368,W_0,0.402706,0.241157,0.285622,0,,0.285622
864,604379375,W_0,0.141413,0.231511,0.261292,0,,0.261292
865,709439079,W_0,0.0,0.22225,0.141413,0,,0.141413
866,234381261,W_0,0.0,0.21336,0.0,0,,0.0
867,731631475,W_0,0.0,0.204826,0.0,0,,0.0
868,832527459,W_0,1.0,0.236633,0.0,1,C_156,0.0
869,698930800,W_0,0.713367,0.227168,0.286633,0,,0.286633
870,973999264,W_0,0.450531,0.218081,0.262836,0,,0.262836
871,414622474,W_0,0.209924,0.209358,0.240608,0,,0.240608
872,967787394,W_0,0.0,0.200983,0.209924,0,,0.209924
873,846851487,W_0,1.0,0.232944,0.0,1,K_7,0.0
874,103007783,W_0,0.717056,0.223626,0.282944,0,,0.282944
875,547764514,W_0,0.457577,0.214681,0.259479,0,,0.259479
876,5529092,W_0,1.22002,0.246094,0.23756,1,C_182,0.23756
877,360475126,W_0,1.91292,0.27625,0.307095,1,K_44,0.307095
878,702514709,W_0,2.54103,0.3052,0.371896,1,K_44,0.371896
879,922944702,W_0,3.10877,0.332992,0.432252,1,K_44,0.432252
880,269425077,W_0,3.62034,0.359673,0.488431,1,K_44,0.488431
881,133501912,W_0,4.07965,0.385286,0.54069,1,K_44,0.54069
882,315277732,W_0,4.49039,0.409874,0.589268,1,K_44,0.589268
883,583576855,W_0,3.85599,0.393479,0.634393,0,,0.634393
884,877910671,W_0,3.26971,0.37774,0.586279,0,,0.586279
885,377886697,W_0,3.72849,0.40263,0.541226,1,C_9,0.541226
886,105516060,W_0,4.13943,0.426525,0.589055,1,C_9,0.589055
887,53868969,W_0,3.50594,0.409464,0.633497,0,,0.633497
888,126639136,W_0,2.92117,0.393086,0.584761,0,,0.584761
889,749102022,W_0,2.38203,0.377362,0.539144,0,,0.539144
890,639944429,W_0,2.88557,0.402268,0.496464,1,C_186,0.496464
891,298744053,W_0,3.33902,0.426177,0.546546,1,C_186,0.546546
892,75644311,W_0,3.74589,0.44913,0.593128,1,C_1,0.593128
893,740576705,W_0,4.10947,0.471165,0.636425,1,C_1,0.636425
894,338624202,W_0,4.43283,0.492318,0.676638,1,C_1,0.676638
895,845900513,W_0,4.71887,0.512625,0.71396,1,C_1,0.71396
896,605404496,W_0,3.9703,0.49212,0.748569,0,,0.748569
897,468550530,W_0,4.27967,0.512436,0.690635,1,C_74,0.690635
898,840712933,W_0,4.55325,0.531938,0.726419,1,C_74,0.726419
899,907142043,W_0,4.79365,0.550661,0.759601,1,C_74,0.759601
900,786027403,W_0,4.0033,0.528634,0.790343,0,,0.790343
901,39701578,W_0,3.2745,0.507489,0.728799,0,,0.728799
902,262179863,W_0,2.60329,0.487189,0.671214,0,,0.671214
903,638449019,W_0,2.98594,0.507702,0.617354,1,C_21,0.617354
904,745304117,W_0,2.32894,0.487394,0.656999,0,,0.656999
905,802257059,W_0,1.7251,0.467898,0.603841,0,,0.603841
906,432345846,W_0,2.17094,0.489182,0.554153,1,C_172,0.554153
907,523332669,W_0,2.57321,0.509615,0.597729,1,C_172,0.597729
908,85644159,W_0,1.93494,0.48923,0.638275,0,,0.638275
909,846994503,W_0,1.34896,0.469661,0.585977,0,,0.585977
910,502866404,W_0,1.81185,0.490874,0.537109,1,C_153,0.537109
911,456771510,W_0,2.23039,0.51124,0.581467,1,C_153,0.581467
912,804852573,W_0,2.60763,0.53079,0.622759,1,C_137,0.622759
913,364175989,W_0,1.94646,0.509558,0.661171,0,,0.661171
914,530661292,W_0,2.33957,0.529176,0.606881,1,C_49,0.606881
915,584240585,W_0,2.69342,0.548009,0.646155,1,C_49,0.646155
916,589182724,W_0,2.01074,0.526089,0.68268,0,,0.68268
917,739275167,W_0,1.38411,0.505045,0.626626,0,,0.626626
918,78687647,W_0,1.80986,0.524843,0.574251,1,C_179,0.574251
919,305272938,W_0,2.19453,0.54385,0.615336,1,C_179,0.615336
920,732524412,W_0,1.54095,0.522096,0.653576,0,,0.653576
921,857403148,W_0,0.941808,0.501212,0.599143,0,,0.599143
922,571843029,W_0,0.393506,0.481163,0.548302,0,,0.548302
923,132757159,W_0,0.0,0.461917,0.393506,0,,0.393506
924,115158519,W_0,1.0,0.48344,0.0,1,C_119,0.0
925,716563236,W_0,1.46656,0.504102,0.53344,1,C_119,0.53344
926,554719306,W_0,0.88913,0.483938,0.57743,0,,0.57743
927,218767262,W_0,0.360735,0.464581,0.528395,0,,0.528395
928,827907208,W_0,0.0,0.445998,0.360735,0,,0.360735
929,627076614,W_0,1.0,0.468158,0.0,1,C_44,0.0
930,844166242,W_0,1.48184,0.489431,0.518158,1,C_44,0.518158
931,276901673,W_0,1.91832,0.509854,0.563523,1,C_44,0.563523
932,25972535,W_0,2.31255,0.52946,0.60577,1,C_44,0.60577
933,749352144,W_0,2.66746,0.548282,0.645087,1,C_44,0.645087
934,110675364,W_0,1.98581,0.52635,0.681655,0,,0.681655
935,845877573,W_0,1.36017,0.505296,0.625641,0,,0.625641
936,221306362,W_0,0.786862,0.485084,0.573305,0,,0.573305
937,467322869,W_0,1.26243,0.505681,0.524428,1,C_9,0.524428
938,251649051,W_0,1.69363,0.525454,0.568803,1,C_13,0.568803
939,619669778,W_0,1.0835,0.504436,0.610135,0,,0.610135
940,545077917,W_0,0.524885,0.484258,0.55861,0,,0.55861
941,377143208,W_0,1.01438,0.504888,0.510503,1,C_174,0.510503
942,503041236,W_0,1.45878,0.524692,0.555607,1,C_174,0.555607
943,680110362,W_0,1.86114,0.543705,0.597631,1,C_174,0.597631
944,316037813,W_0,1.22438,0.521957,0.636762,0,,0.636762
945,821999382,W_0,1.64121,0.541078,0.583176,1,C_30,0.583176
946,77511179,W_0,2.01807,0.559435,0.623139,1,C_30,0.623139
947,326612201,W_0,2.35773,0.577058,0.660339,1,C_109,0.660339
948,923877682,W_0,2.66279,0.593975,0.694944,1,C_109,0.694944
949,439876294,W_0,2.93567,0.610216,0.727115,1,C_109,0.727115
950,336962837,W_0,3.17867,0.625808,0.757,1,C_109,0.757
951,756562699,W_0,3.39393,0.640775,0.784741,1,C_109,0.784741
952,236204198,W_0,3.58346,0.655144,0.810472,1,C_109,0.810472
953,789392928,W_0,2.74914,0.628939,0.834317,0,,0.834317
954,641623826,W_0,1.98274,0.603781,0.766396,0,,0.766396
955,157835710,W_0,1.27983,0.57963,0.702918,0,,0.702918
956,433120151,W_0,0.636205,0.556445,0.643621,0,,0.643621
957,703297339,W_0,0.0479505,0.534187,0.588255,0,,0.588255
958,608836784,W_0,1.0,0.552819,0.0479505,1,C_102,0.0479505
959,75514672,W_0,1.39718,0.570707,0.602819,1,C_102,0.602819
960,410409219,W_0,1.75661,0.587878,0.640566,1,C_102,0.640566
961,61954170,W_0,2.08091,0.604363,0.675709,1,C_102,0.675709
962,900973802,W_0,2.3725,0.620189,0.708409,1,C_102,0.708409
963,141555588,W_0,2.63368,0.635381,0.738814,1,K_44,0.738814
964,612726090,W_0,3.63368,0.649966,0.0,1,K_44,0.767065
965,359523898,W_0,2.80203,0.623967,0.83165,0,,0.83165
966,205537537,W_0,2.03796,0.599009,0.764069,0,,0.764069
967,977108533,W_0,2.33706,0.615048,0.700907,1,C_9,0.700907
968,691426704,W_0,1.60516,0.590446,0.731901,0,,0.731901
969,182940290,W_0,0.934453,0.566828,0.670704,0,,0.670704
970,120115599,W_0,1.3209,0.584155,0.613551,1,C_194,0.613551
971,876519994,W_0,0.670701,0.560789,0.6502,0,,0.6502
972,683493067,W_0,1.6707,0.578358,0.0,1,C_22,0.594324
973,558859553,W_0,2.00881,0.595223,0.661893,1,C_22,0.661893
974,973028436,W_0,1.31315,0.571414,0.695664,0,,0.695664
975,832691877,W_0,0.676073,0.548558,0.637072,0,,0.637072
976,936504192,W_0,0.0937121,0.526615,0.582361,0,,0.582361
977,156566424,W_0,1.0,0.545551,0.0937121,1,C_133,0.0937121
978,348296794,W_0,0.404449,0.523729,0.595551,0,,0.595551
979,772200889,W_0,0.0,0.50278,0.404449,0,,0.404449
980,530657017,W_0,0.0,0.482668,0.0,0,,0.0
981,158330219,W_0,0.0,0.463362,0.0,0,,0.0
982,331868182,W_0,0.0,0.444827,0.0,0,,0.0
983,295788973,W_0,1.0,0.467034,0.0,1,C_112,0.0
984,948237767,W_0,0.482966,0.448353,0.517034,0,,0.517034
985,836024881,W_0,0.0104648,0.430419,0.472501,0,,0.472501
986,695386277,W_0,0.0,0.413202,0.0104648,0,,0.0104648
987,426419435,W_0,0.0,0.396674,0.0,0,,0.0
988,311571303,W_0,0.0,0.380807,0.0,0,,0.0
989,257591699,W_0,0.0,0.365575,0.0,0,,0.0
990,782396315,W_0,0.0,0.350952,0.0,0,,0.0
991,648174118,W_0,0.0,0.336914,0.0,0,,0.0
992,892938668,W_0,0.0,0.323437,0.0,0,,0.0
993,228665735,W_0,0.0,0.3105,0.0,0,,0.0
994,154459225,W_0,0.0,0.29808,0.0,0,,0.0
995,910236977,W_0,0.0,0.286156,0.0,0,,0.0
996,188055129,W_0,0.0,0.27471,0.0,0,,0.0
997,48286083,W_0,0.0,0.263722,0.0,0,,0.0
998,691630146,W_0,1.0,0.293173,0.0,1,C_23,0.0
999,597650212,W_0,2.0,0.321446,0.0,1,C_23,0.343173
1000,753242593,W_0,2.57855,0.348588,0.421446,1,C_23,0.421446
1001,845331010,W_0,3.10104,0.374645,0.477516,1,C_23,0.477516
1002,710126190,W_0,2.57134,0.359659,0.529696,0,,0.529696
1003,31827048,W_0,2.08312,0.345272,0.488226,0,,0.488226
1004,60378178,W_0,1.63369,0.331462,0.449428,0,,0.449428
1005,90619441,W_0,1.22054,0.318203,0.413146,0,,0.413146
1006,861607634,W_0,1.84131,0.345475,0.37923,1,C_102,0.37923
1007,616967147,W_0,1.40377,0.331656,0.437541,0,,0.437541
1008,197808060,W_0,1.00193,0.31839,0.401845,0,,0.401845
1009,550056454,W_0,0.63344,0.305654,0.368486,0,,0.368486
1010,466500030,W_0,0.296114,0.293428,0.337326,0,,0.337326
1011,514202479,W_0,1.0,0.321691,0.296114,1,C_4,0.296114
1012,623676589,W_0,1.62831,0.348823,0.371691,1,C_4,0.371691
1013,64694910,W_0,2.19807,0.37487,0.430239,1,C_99,0.430239
1014,363673005,W_0,1.7133,0.359875,0.484774,0,,0.484774
1015,642029893,W_0,2.26776,0.38548,0.44554,1,C_110,0.44554
1016,326761661,W_0,2.76889,0.410061,0.498868,1,C_110,0.498868
1017,414320571,W_0,3.22038,0.433659,0.548506,1,C_110,0.548506
1018,304915744,W_0,3.6257,0.456312,0.594678,1,C_110,0.594678
1019,726014220,W_0,3.98811,0.47806,0.637598,1,C_110,0.637598
1020,867472649,W_0,4.31064,0.498938,0.677465,1,C_110,0.677465
1021,469309329,W_0,3.59617,0.47898,0.71447,0,,0.71447
1022,61247561,W_0,3.93738,0.499821,0.658789,1,C_29,0.658789
1023,424777323,W_0,4.24069,0.519828,0.69669,1,C_29,0.69669
1024,627293708,W_0,4.50883,0.539035,0.731863,1,C_29,0.731863
1025,987537961,W_0,4.74435,0.557473,0.764476,1,C_29,0.764476
1026,923626375,W_0,4.94966,0.575175,0.794691,1,C_85,0.794691
1027,978959426,W_0,5.12701,0.592168,0.822658,1,C_125,0.822658
1028,813042685,W_0,5.27849,0.608481,0.848518,1,C_120,0.848518
1029,131880371,W_0,5.40608,0.624142,0.872405,1,C_120,0.872405
1030,317984142,W_0,5.51164,0.639176,0.894446,1,C_120,0.894446
1031,601621723,W_0,4.59688,0.613609,0.914758,0,,0.914758
1032,170815674,W_0,3.75343,0.589065,0.843453,0,,0.843453
1033,124605042,W_0,2.97669,0.565502,0.776736,0,,0.776736
1034,578805550,W_0,3.26235,0.582882,0.714337,1,C_58,0.714337
1035,87937602,W_0,3.51635,0.599567,0.746,1,C_152,0.746
1036,112185071,W_0,3.74097,0.615584,0.775384,1,C_152,0.775384
1037,413944961,W_0,2.93834,0.590961,0.802632,0,,0.802632
1038,522089693,W_0,2.20046,0.567322,0.737877,0,,0.737877
1039,689762564,W_0,1.52311,0.544629,0.677345,0,,0.677345
1040,704485072,W_0,0.90233,0.522844,0.620785,0,,0.620785
1041,44260802,W_0,0.334369,0.50193,0.567961,0,,0.567961
1042,367978640,W_0,0.0,0.481853,0.334369,0,,0.334369
1043,615603305,W_0,0.0,0.462579,0.0,0,,0.0
1044,935788688,W_0,0.0,0.444076,0.0,0,,0.0
1045,425487838,W_0,0.0,0.426313,0.0,0,,0.0
1046,53341175,W_0,0.0,0.40926,0.0,0,,0.0
1047,831081113,W_0,0.0,0.39289,0.0,0,,0.0
1048,379625375,W_0,0.0,0.377174,0.0,0,,0.0
1049,823154820,W_0,0.0,0.362087,0.0,0,,0.0
1050,385303622,W_0,0.0,0.347604,0.0,0,,0.0
1051,281608845,W_0,1.0,0.3737,0.0,1,C_188,0.0
1052,230949133,W_0,0.5763,0.358752,0.4237,0,,0.4237
1053,130321135,W_0,0.188734,0.344402,0.387567,0,,0.387567
1054,42349126,W_0,0.0,0.330626,0.188734,0,,0.188734
1055,165649785,W_0,1.0,0.357401,0.0,1,C_61,0.0
1056,637452069,W_0,1.5926,0.383105,0.407401,1,C_61,0.407401
1057,980686939,W_0,2.12986,0.40778,0.462734,1,C_61,0.462734
1058,17558161,W_0,2.61559,0.431469,0.514274,1,C_61,0.514274
1059,564520511,W_0,3.05334,0.45421,0.562249,1,C_61,0.562249
1060,964789072,W_0,2.44647,0.436042,0.606878,0,,0.606878
1061,745214813,W_0,2.8881,0.4586,0.558365,1,C_68,0.558365
1062,33376841,W_0,3.28509,0.480256,0.603005,1,C_161,0.603005
1063,672906858,W_0,3.64058,0.501046,0.644511,1,C_161,0.644511
1064,392058970,W_0,2.95751,0.481004,0.683075,0,,0.683075
1065,774378839,W_0,2.32863,0.461764,0.62888,0,,0.62888
1066,61992582,W_0,1.75043,0.443293,0.578195,0,,0.578195
1067,536651712,W_0,1.21962,0.425562,0.530815,0,,0.530815
1068,182838234,W_0,0.733076,0.408539,0.486543,0,,0.486543
1069,607101145,W_0,0.287883,0.392198,0.445193,0,,0.445193
1070,312891428,W_0,0.0,0.37651,0.287883,0,,0.287883
1071,748147853,W_0,0.0,0.361449,0.0,0,,0.0
1072,904888840,W_0,0.0,0.346991,0.0,0,,0.0
1073,69173839,W_0,0.0,0.333112,0.0,0,,0.0
1074,61834466,W_0,0.0,0.319787,0.0,0,,0.0
1075,255499077,W_0,0.0,0.306996,0.0,0,,0.0
1076,371061025,W_0,0.0,0.294716,0.0,0,,0.0
1077,366557683,W_0,0.0,0.282927,0.0,0,,0.0
1078,432253477,W_0,0.0,0.27161,0.0,0,,0.0
1079,23445864,W_0,0.0,0.260746,0.0,0,,0.0
1080,824254237,W_0,0.0,0.250316,0.0,0,,0.0
1081,878203710,W_0,0.0,0.240303,0.0,0,,0.0
1082,773577073,W_0,0.0,0.230691,0.0,0,,0.0
1083,511659697,W_0,0.0,0.221464,0.0,0,,0.0
1084,2214078,W_0,0.0,0.212605,0.0,0,,0.0
1085,69590139,W_0,0.0,0.204101,0.0,0,,0.0
1086,56291093,W_0,0.0,0.195937,0.0,0,,0.0
1087,587797858,W_0,0.0,0.188099,0.0,0,,0.0
1088,140176275,W_0,1.0,0.220575,0.0,1,C_58,0.0
1089,374354913,W_0,1.72942,0.251752,0.270575,1,C_58,0.270575
1090,292374434,W_0,2.3912,0.281682,0.338224,1,C_58,0.338224
1091,996562383,W_0,2.98996,0.310415,0.401242,1,C_58,0.401242
1092,352792183,W_0,3.53005,0.337998,0.459913,1,C_58,0.459913
1093,885230425,W_0,4.01555,0.364478,0.514501,1,C_58,0.514501
1094,889152768,W_0,3.45029,0.349899,0.565256,0,,0.565256
1095,355593246,W_0,2.92788,0.335903,0.522414,0,,0.522414
1096,64620738,W_0,2.44558,0.322467,0.482297,0,,0.482297
1097,168052756,W_0,2.00083,0.309568,0.444746,0,,0.444746
1098,104582782,W_0,1.59122,0.297186,0.40961,0,,0.40961
1099,632134812,W_0,1.21448,0.285298,0.376747,0,,0.376747
1100,883431824,W_0,1.86845,0.313886,0.346022,1,C_118,0.346022
1101,856770519,W_0,2.46114,0.341331,0.407309,1,C_118,0.407309
1102,56038788,W_0,2.99676,0.367678,0.464388,1,C_118,0.464388
1103,207146081,W_0,2.47924,0.352971,0.517515,0,,0.517515
1104,958685383,W_0,2.00231,0.338852,0.476933,0,,0.476933
1105,548763822,W_0,1.56334,0.325298,0.438967,0,,0.438967
1106,509476854,W_0,1.15988,0.312286,0.403465,0,,0.403465
1107,388412121,W_0,0.789597,0.299794,0.37028,0,,0.37028
1108,804166181,W_0,0.450323,0.287803,0.339274,0,,0.339274
1109,919876065,W_0,0.140004,0.27629,0.310319,0,,0.310319
1110,762285706,W_0,0.0,0.265239,0.140004,0,,0.140004
1111,731274026,W_0,0.0,0.254629,0.0,0,,0.0
1112,313629567,W_0,0.0,0.244444,0.0,0,,0.0
1113,931779085,W_0,0.0,0.234666,0.0,0,,0.0
1114,363219571,W_0,0.0,0.22528,0.0,0,,0.0
1115,452416495,W_0,0.0,0.216269,0.0,0,,0.0
1116,402669900,W_0,0.0,0.207618,0.0,0,,0.0
1117,285949939,W_0,0.0,0.199313,0.0,0,,0.0
1118,448553284,W_0,0.0,0.191341,0.0,0,,0.0
1119,410307183,W_0,0.0,0.183687,0.0,0,,0.0
1120,249348151,W_0,0.0,0.176339,0.0,0,,0.0
1121,885467722,W_0,0.0,0.169286,0.0,0,,0.0
1122,307757476,W_0,0.0,0.162514,0.0,0,,0.0
1123,608029193,W_0,0.0,0.156014,0.0,0,,0.0
1124,695574583,W_0,0.0,0.149773,0.0,0,,0.0
1125,930306446,W_0,0.0,0.143782,0.0,0,,0.0
1126,892460,W_0,0.0,0.138031,0.0,0,,0.0
1127,632620691,W_0,0.0,0.13251,0.0,0,,0.0
1128,535084815,W_0,0.0,0.127209,0.0,0,,0.0
1129,453495811,W_0,0.0,0.122121,0.0,0,,0.0
1130,181544484,W_0,0.0,0.117236,0.0,0,,0.0
1131,892246104,W_0,1.0,0.152547,0.0,1,C_108,0.0
1132,838395689,W_0,0.797453,0.146445,0.202547,0,,0.202547
1133,937599817,W_0,0.611136,0.140587,0.186318,0,,0.186318
1134,842528294,W_0,0.439992,0.134964,0.171144,0,,0.171144
1135,479952626,W_0,0.283029,0.129565,0.156963,0,,0.156963
1136,470403131,W_0,0.139312,0.124382,0.143716,0,,0.143716
1137,278550786,W_0,0.007964,0.119407,0.131348,0,,0.131348
1138,494367299,W_0,0.0,0.114631,0.007964,0,,0.007964
1139,645877404,W_0,0.0,0.110046,0.0,0,,0.0
1140,289010284,W_0,0.0,0.105644,0.0,0,,0.0
1141,850490510,W_0,0.0,0.101418,0.0,0,,0.0
1142,405320419,W_0,0.0,0.0973613,0.0,0,,0.0
1143,730434369,W_0,0.0,0.0934669,0.0,0,,0.0
1144,864088050,W_0,0.0,0.0897282,0.0,0,,0.0
1145,529583524,W_0,0.0,0.0861391,0.0,0,,0.0
1146,80291585,W_0,0.0,0.0826935,0.0,0,,0.0
1147,515531636,W_0,0.0,0.0793858,0.0,0,,0.0
1148,492390139,W_0,0.0,0.0762104,0.0,0,,0.0
1149,93449563,W_0,0.0,0.0731619,0.0,0,,0.0
1150,997463043,W_0,0.0,0.0702355,0.0,0,,0.0
1151,651857874,W_0,0.0,0.067426,0.0,0,,0.0
1152,632091964,W_0,0.0,0.064729,0.0,0,,0.0
1153,875215555,W_0,0.0,0.0621398,0.0,0,,0.0
1154,771745554,W_0,0.0,0.0596542,0.0,0,,0.0
1155,465506711,W_0,0.0,0.0572681,0.0,0,,0.0
1156,421351058,W_0,0.0,0.0549774,0.0,0,,0.0
1157,341686848,W_0,0.0,0.0527783,0.0,0,,0.0
1158,93780585,W_0,0.0,0.0506671,0.0,0,,0.0
1159,252170643,W_0,0.0,0.0486404,0.0,0,,0.0
1160,940479768,W_0,0.0,0.0466948,0.0,0,,0.0
1161,658250440,W_0,0.0,0.044827,0.0,0,,0.0
1162,403656470,W_0,1.0,0.083034,0.0,1,C_47,0.0
1163,436275406,W_0,1.86697,0.119713,0.133034,1,C_47,0.133034
1164,77591417,W_0,2.65391,0.154924,0.213061,1,C_47,0.213061
1165,784672442,W_0,3.36629,0.188727,0.287619,1,C_47,0.287619
1166,834006255,W_0,4.00924,0.221178,0.357041,1,C_47,0.357041
1167,802331092,W_0,3.5876,0.212331,0.42164,0,,0.42164
1168,506287278,W_0,3.19589,0.203838,0.391711,0,,0.391711
1169,224528555,W_0,2.83226,0.195684,0.363632,0,,0.363632
1170,484487213,W_0,2.49496,0.187857,0.337297,0,,0.337297
1171,826150181,W_0,2.18236,0.180343,0.312605,0,,0.312605
1172,852228239,W_0,2.8929,0.213129,0.28946,1,C_158,0.28946
1173,894911844,W_0,3.8929,0.244604,0.0,1,C_158,0.357774
1174,554710312,W_0,3.45365,0.23482,0.439249,0,,0.439249
1175,235497289,W_0,3.04615,0.225427,0.407502,0,,0.407502
1176,25097910,W_0,2.66841,0.21641,0.377734,0,,0.377734
1177,630748189,W_0,2.31858,0.207753,0.34983,0,,0.34983
1178,536942667,W_0,1.9949,0.199443,0.323682,0,,0.323682
1179,184581069,W_0,1.69571,0.191465,0.299188,0,,0.299188
1180,404995183,W_0,1.41946,0.183807,0.276251,0,,0.276251
1181,834241412,W_0,1.16468,0.176455,0.25478,0,,0.25478
1182,411956574,W_0,0.929993,0.169396,0.234689,0,,0.234689
1183,273270089,W_0,0.714097,0.162621,0.215896,0,,0.215896
1184,610691065,W_0,0.515771,0.156116,0.198325,0,,0.198325
1185,896393110,W_0,0.333867,0.149871,0.181904,0,,0.181904
1186,759371489,W_0,1.1673,0.183876,0.166564,1,C_36,0.166564
1187,380766569,W_0,1.92506,0.216521,0.242241,1,C_36,0.242241
1188,479443096,W_0,2.61229,0.24786,0.312774,1,C_36,0.312774
1189,74254371,W_0,3.23381,0.277946,0.378475,1,C_36,0.378475
1190,850330539,W_0,3.79418,0.306828,0.439637,1,C_36,0.439637
1191,768643345,W_0,4.29764,0.334555,0.496537,1,C_36,0.496537
1192,973142666,W_0,4.7482,0.361173,0.549437,1,C_36,0.549437
1193,601845103,W_0,4.14962,0.346726,0.598583,0,,0.598583
1194,612559855,W_0,4.59541,0.372857,0.554207,1,C_119,0.554207
1195,645637012,W_0,4.99278,0.397943,0.602627,1,C_119,0.602627
1196,674037567,W_0,4.3452,0.382025,0.647582,0,,0.647582
1197,185140152,W_0,3.74592,0.366744,0.599285,0,,0.599285
1198,331458185,W_0,3.19188,0.352074,0.55404,0,,0.55404
1199,925666002,W_0,3.68021,0.377991,0.511668,1,C_170,0.511668
1200,822335684,W_0,3.11821,0.362871,0.562002,0,,0.562002
1201,946139514,W_0,2.59943,0.348357,0.518782,0,,0.518782
1202,406384840,W_0,2.1211,0.334422,0.478328,0,,0.478328
1203,731673100,W_0,1.68062,0.321045,0.440477,0,,0.440477
1204,57163662,W_0,1.27555,0.308204,0.405077,0,,0.405077
1205,908639769,W_0,0.903564,0.295875,0.371981,0,,0.371981
1206,261950689,W_0,0.56251,0.28404,0.341054,0,,0.341054
1207,457128408,W_0,1.25034,0.312679,0.312166,1,C_187,0.312166
1208,297282943,W_0,1.87515,0.340172,0.375196,1,C_187,0.375196
1209,787173005,W_0,2.44122,0.366565,0.433929,1,C_187,0.433929
1210,425091171,W_0,2.95259,0.391902,0.488626,1,C_187,0.488626
1211,397334294,W_0,3.41306,0.416226,0.539532,1,C_187,0.539532
1212,950502203,W_0,3.82618,0.439577,0.586879,1,C_187,0.586879
1213,296211639,W_0,4.1953,0.461994,0.630886,1,C_187,0.630886
1214,512638492,W_0,4.52354,0.483514,0.671759,1,C_187,0.671759
1215,230396625,W_0,3.81385,0.464174,0.709691,0,,0.709691
1216,590482393,W_0,3.15898,0.445607,0.654866,0,,0.654866
1217,925498873,W_0,2.55542,0.427782,0.603556,0,,0.603556
1218,368947557,W_0,1.99987,0.410671,0.555554,0,,0.555554
1219,230349887,W_0,1.48921,0.394244,0.510665,0,,0.510665
1220,257561895,W_0,2.0205,0.418475,0.468705,1,C_51,0.468705
1221,575683094,W_0,2.501,0.441736,0.5195,1,C_51,0.5195
1222,619495218,W_0,2.93422,0.464066,0.566786,1,C_170,0.566786
1223,238095336,W_0,2.32344,0.445504,0.610777,0,,0.610777
1224,165473204,W_0,1.76176,0.427683,0.561675,0,,0.561675
1225,309985021,W_0,1.24599,0.410576,0.515772,0,,0.515772
1226,241694393,W_0,0.773116,0.394153,0.472876,0,,0.472876
1227,751375562,W_0,0.340308,0.378387,0.432809,0,,0.432809
1228,327295186,W_0,1.0,0.403251,0.340308,1,C_15,0.340308
1229,959009374,W_0,1.54675,0.427121,0.453251,1,C_15,0.453251
1230,759098178,W_0,1.04229,0.410036,0.504459,0,,0.504459
1231,590945143,W_0,0.580139,0.393635,0.462151,0,,0.462151
1232,750484196,W_0,1.1575,0.41789,0.422642,1,C_171,0.422642
1233,784213457,W_0,1.68173,0.441174,0.475764,1,C_171,0.475764
1234,891883739,W_0,1.15647,0.423527,0.525261,0,,0.525261
1235,636112336,W_0,0.675121,0.406586,0.481351,0,,0.481351
1236,794327274,W_0,0.234779,0.390323,0.440342,0,,0.440342
1237,806567933,W_0,0.0,0.37471,0.234779,0,,0.234779
1238,643692982,W_0,0.0,0.359721,0.0,0,,0.0
1239,792097210,W_0,0.0,0.345332,0.0,0,,0.0
1240,130726055,W_0,1.0,0.371519,0.0,1,K_46,0.0
1241,594799891,W_0,1.57848,0.396658,0.421519,1,C_157,0.421519
1242,463589374,W_0,2.1029,0.420792,0.475582,1,C_157,0.475582
1243,483687353,W_0,2.57696,0.44396,0.525937,1,C_157,0.525937
1244,357613706,W_0,3.00415,0.466202,0.572808,1,C_157,0.572808
1245,57742934,W_0,3.38774,0.487554,0.61641,1,C_157,0.61641
1246,788878908,W_0,2.7308,0.468052,0.656941,0,,0.656941
1247,164123129,W_0,2.12621,0.44933,0.604592,0,,0.604592
1248,401561012,W_0,1.57057,0.431356,0.55564,0,,0.55564
1249,908349007,W_0,1.06069,0.414102,0.509885,0,,0.509885
1250,974996613,W_0,0.593549,0.397538,0.467136,0,,0.467136
1251,556892763,W_0,0.166334,0.381637,0.427216,0,,0.427216
1252,420159872,W_0,0.0,0.366371,0.166334,0,,0.166334
1253,631465080,W_0,1.0,0.391716,0.0,1,C_86,0.0
1254,790033304,W_0,1.55828,0.416048,0.441716,1,C_86,0.441716
1255,391290733,W_0,1.06432,0.399406,0.493962,0,,0.493962
1256,717245297,W_0,0.6117,0.383429,0.452622,0,,0.452622
1257,298316182,W_0,0.197686,0.368092,0.414014,0,,0.414014
1258,931841871,W_0,1.0,0.393369,0.197686,1,C_49,0.197686
1259,228349703,W_0,1.55663,0.417634,0.443369,1,C_49,0.443369
1260,930291150,W_0,2.06117,0.440929,0.495465,1,C_49,0.495465
1261,640578476,W_0,2.51718,0.463291,0.543987,1,C_49,0.543987
1262,392079546,W_0,1.92803,0.44476,0.58915,0,,0.58915
1263,970208067,W_0,1.38687,0.426969,0.541161,0,,0.541161
1264,118333173,W_0,0.890555,0.409891,0.496313,0,,0.496313
1265,632940081,W_0,1.43614,0.433495,0.454418,1,C_88,0.454418
1266,934257606,W_0,0.930835,0.416155,0.505302,0,,0.505302
1267,178449499,W_0,0.468138,0.399509,0.462697,0,,0.462697
1268,328997227,W_0,0.0452222,0.383529,0.422916,0,,0.422916
1269,134639238,W_0,0.0,0.368187,0.0452222,0,,0.0452222
1270,67708287,W_0,0.0,0.35346,0.0,0,,0.0
1271,720303218,W_0,1.0,0.379322,0.0,1,C_67,0.0
1272,563070562,W_0,1.57068,0.404149,0.429322,1,C_67,0.429322
1273,95384298,W_0,2.088,0.427983,0.482683,1,C_67,0.482683
1274,660738494,W_0,2.55561,0.450863,0.532383,1,C_67,0.532383
1275,890619534,W_0,1.97697,0.432829,0.578644,0,,0.578644
1276,302470135,W_0,1.44529,0.415516,0.531677,0,,0.531677
1277,896801805,W_0,0.957512,0.398895,0.48778,0,,0.48778
1278,554557693,W_0,0.510741,0.382939,0.446771,0,,0.446771
1279,831040567,W_0,0.102265,0.367622,0.408476,0,,0.408476
1280,647232121,W_0,0.0,0.352917,0.102265,0,,0.102265
1281,252832158,W_0,0.0,0.3388,0.0,0,,0.0
1282,474309647,W_0,0.0,0.325248,0.0,0,,0.0
1283,497905574,W_0,0.0,0.312238,0.0,0,,0.0
1284,825308156,W_0,0.0,0.299749,0.0,0,,0.0
1285,76064341,W_0,1.0,0.327759,0.0,1,C_14,0.0
1286,911183980,W_0,1.62224,0.354648,0.377759,1,C_14,0.377759
1287,507664071,W_0,2.18648,0.380462,0.43576,1,C_14,0.43576
1288,830921870,W_0,1.69669,0.365244,0.489787,0,,0.489787
1289,119620628,W_0,1.24662,0.350634,0.450079,0,,0.450079
1290,982609775,W_0,0.833651,0.336609,0.412965,0,,0.412965
1291,490740523,W_0,0.455359,0.323144,0.378291,0,,0.378291
1292,250134128,W_0,0.109447,0.310219,0.345912,0,,0.345912
1293,753375315,W_0,0.0,0.29781,0.109447,0,,0.109447
1294,184040586,W_0,0.0,0.285898,0.0,0,,0.0
1295,876478312,W_0,0.0,0.274462,0.0,0,,0.0
1296,82223715,W_0,0.0,0.263483,0.0,0,,0.0
1297,682403886,W_0,0.0,0.252944,0.0,0,,0.0
1298,163881710,W_0,0.0,0.242826,0.0,0,,0.0
1299,699871337,W_0,1.0,0.273113,0.0,1,C_26,0.0
1300,767549966,W_0,1.67689,0.302189,0.323113,1,C_26,0.323113
1301,771704737,W_0,1.29085,0.290101,0.386033,0,,0.386033
1302,316894160,W_0,0.93621,0.278497,0.354644,0,,0.354644
1303,935765652,W_0,0.610903,0.267357,0.325307,0,,0.325307
1304,362006062,W_0,0.313001,0.256663,0.297902,0,,0.297902
1305,515467186,W_0,1.04069,0.286396,0.272313,1,C_86,0.272313
1306,514252742,W_0,1.70226,0.31494,0.338431,1,C_86,0.338431
1307,454266643,W_0,1.3022,0.302343,0.400053,0,,0.400053
1308,970377496,W_0,0.934751,0.290249,0.367453,0,,0.367453
1309,937232961,W_0,0.597764,0.278639,0.336987,0,,0.336987
1310,351884229,W_0,0.289237,0.267494,0.308527,0,,0.308527
1311,896436842,W_0,0.00728136,0.256794,0.281955,0,,0.281955
1312,164271858,W_0,-8.67362e-19,0.246522,0.00728136,0,,0.00728136
1313,729048795,W_0,-8.67362e-19,0.236661,0.0,0,,-8.67362e-19
1314,297830184,W_0,-8.67362e-19,0.227195,0.0,0,,-8.67362e-19
1315,670188128,W_0,1.0,0.258107,0.0,1,C_35,-8.67362e-19
1316,524665899,W_0,1.69189,0.287783,0.308107,1,C_35,0.308107
1317,611247558,W_0,2.31952,0.316271,0.372377,1,C_35,0.372377
1318,56677363,W_0,2.88727,0.343621,0.432247,1,C_35,0.432247
1319,737210056,W_0,3.39928,0.369876,0.487984,1,C_35,0.487984
1320,911767960,W_0,2.85944,0.355081,0.53984,0,,0.53984
1321,658543897,W_0,2.36139,0.340877,0.498053,0,,0.498053
1322,49454871,W_0,1.90244,0.327242,0.458947,0,,0.458947
1323,250158489,W_0,1.48008,0.314153,0.422365,0,,0.422365
1324,440109330,W_0,1.09192,0.301587,0.388157,0,,0.388157
1325,892422639,W_0,1.73574,0.329523,0.356183,1,K_3,0.356183
1326,391256706,W_0,1.31943,0.316342,0.41631,0,,0.41631
1327,785770280,W_0,0.937117,0.303688,0.382314,0,,0.382314
1328,67983876,W_0,0.586573,0.291541,0.350544,0,,0.350544
1329,694134326,W_0,0.265703,0.279879,0.32087,0,,0.32087
1330,475925545,W_0,1.0,0.308684,0.265703,1,C_38,0.265703
1331,108324199,W_0,1.64132,0.336337,0.358684,1,C_38,0.358684
1332,373270181,W_0,1.22291,0.322883,0.418403,0,,0.418403
1333,508265553,W_0,0.838884,0.309968,0.384029,0,,0.384029
1334,847793552,W_0,0.486972,0.297569,0.351912,0,,0.351912
1335,475768003,W_0,1.16505,0.325666,0.321918,1,C_30,0.321918
1336,133491342,W_0,0.781135,0.31264,0.383919,0,,0.383919
1337,177415451,W_0,0.429439,0.300134,0.351697,0,,0.351697
1338,501587026,W_0,0.107832,0.288129,0.321606,0,,0.321606
1339,234625952,W_0,0.0,0.276604,0.107832,0,,0.107832
1340,183806565,W_0,0.0,0.26554,0.0,0,,0.0
1341,495978669,W_0,0.0,0.254918,0.0,0,,0.0
1342,758776332,W_0,1.0,0.284721,0.0,1,C_60,0.0
1343,862277311,W_0,1.66528,0.313332,0.334721,1,C_60,0.334721
1344,668843916,W_0,2.26868,0.340799,0.396596,1,C_60,0.396596
1345,205061519,W_0,2.81445,0.367167,0.454233,1,C_19,0.454233
1346,187730163,W_0,3.30656,0.39248,0.50789,1,C_19,0.50789
1347,890665630,W_0,3.74875,0.416781,0.557808,1,C_19,0.557808
1348,695235296,W_0,4.14453,0.44011,0.604219,1,C_19,0.604219
1349,951482789,W_0,4.4972,0.462506,0.647337,1,C_19,0.647337
1350,984562751,W_0,4.80983,0.484005,0.687365,1,C_19,0.687365
1351,673724993,W_0,5.08533,0.504645,0.724497,1,C_19,0.724497
1352,566962016,W_0,4.32642,0.484459,0.758912,0,,0.758912
1353,883387526,W_0,3.62564,0.465081,0.70078,0,,0.70078
1354,854431422,W_0,2.97928,0.446478,0.646363,0,,0.646363
1355,730178699,W_0,2.38384,0.428619,0.595442,0,,0.595442
1356,698309296,W_0,1.83603,0.411474,0.54781,0,,0.54781
1357,2693878,W_0,1.33275,0.395015,0.503275,0,,0.503275
1358,492554659,W_0,0.871098,0.379214,0.461652,0,,0.461652
1359,774929774,W_0,0.448329,0.364046,0.422769,0,,0.422769
1360,210212006,W_0,0.061867,0.349484,0.386462,0,,0.386462
1361,784689669,W_0,0.0,0.335505,0.061867,0,,0.061867
1362,568627756,W_0,0.0,0.322084,0.0,0,,0.0
1363,704435425,W_0,0.0,0.309201,0.0,0,,0.0
1364,592174033,W_0,0.0,0.296833,0.0,0,,0.0
1365,990287131,W_0,0.0,0.28496,0.0,0,,0.0
1366,665785769,W_0,0.0,0.273561,0.0,0,,0.0
1367,929883817,W_0,0.0,0.262619,0.0,0,,0.0
1368,881850313,W_0,0.0,0.252114,0.0,0,,0.0
1369,393290825,W_0,0.0,0.24203,0.0,0,,0.0
1370,668098882,W_0,0.0,0.232348,0.0,0,,0.0
1371,782594667,W_0,0.0,0.223054,0.0,0,,0.0
1372,983547553,W_0,0.0,0.214132,0.0,0,,0.0
1373,35288460,W_0,0.0,0.205567,0.0,0,,0.0
1374,394208042,W_0,0.0,0.197344,0.0,0,,0.0
1375,859321599,W_0,0.0,0.18945,0.0,0,,0.0
1376,829490988,W_0,0.0,0.181872,0.0,0,,0.0
1377,40532203,W_0,0.0,0.174598,0.0,0,,0.0
1378,709701824,W_0,0.0,0.167614,0.0,0,,0.0
1379,252911473,W_0,1.0,0.200909,0.0,1,C_117,0.0
1380,941419414,W_0,0.749091,0.192873,0.250909,0,,0.250909
1381,677694192,W_0,0.518764,0.185158,0.230327,0,,0.230327
1382,360517640,W_0,0.307668,0.177752,0.211096,0,,0.211096
1383,697633248,W_0,0.114533,0.170641,0.193135,0,,0.193135
1384,436995391,W_0,0.0,0.163816,0.114533,0,,0.114533
1385,896852108,W_0,0.0,0.157263,0.0,0,,0.0
1386,325528691,W_0,0.0,0.150973,0.0,0,,0.0
1387,374746816,W_0,0.0,0.144934,0.0,0,,0.0
1388,19041336,W_0,0.0,0.139136,0.0,0,,0.0
1389,645323450,W_0,0.0,0.133571,0.0,0,,0.0
1390,560829517,W_0,1.0,0.168228,0.0,1,C_174,0.0
1391,762663699,W_0,1.78177,0.201499,0.218228,1,C_174,0.218228
1392,48617865,W_0,1.49118,0.193439,0.290588,0,,0.290588
1393,93745718,W_0,1.22319,0.185701,0.267998,0,,0.267998
1394,392160559,W_0,0.976325,0.178273,0.246861,0,,0.246861
1395,497375606,W_0,0.749236,0.171142,0.22709,0,,0.22709
1396,628007604,W_0,0.540631,0.164297,0.208604,0,,0.208604
1397,227818096,W_0,0.349303,0.157725,0.191328,0,,0.191328
1398,699257362,W_0,0.174113,0.151416,0.17519,0,,0.17519
1399,229256142,W_0,0.0139915,0.145359,0.160122,0,,0.160122
1400,617682119,W_0,0.0,0.139545,0.0139915,0,,0.0139915
1401,109059731,W_0,0.0,0.133963,0.0,0,,0.0
1402,102827722,W_0,0.0,0.128605,0.0,0,,0.0
1403,857991617,W_0,0.0,0.12346,0.0,0,,0.0
1404,241164896,W_0,0.0,0.118522,0.0,0,,0.0
1405,96878170,W_0,0.0,0.113781,0.0,0,,0.0
1406,398399505,W_0,1.0,0.14923,0.0,1,C_21,0.0
1407,16003024,W_0,1.80077,0.183261,0.19923,1,C_21,0.19923
1408,178507275,W_0,1.52747,0.17593,0.273299,0,,0.273299
1409,52422532,W_0,1.27517,0.168893,0.252304,0,,0.252304
1410,162138682,W_0,1.04252,0.162137,0.232651,0,,0.232651
1411,204961654,W_0,0.828253,0.155652,0.214263,0,,0.214263
1412,31972835,W_0,0.631188,0.149426,0.197064,0,,0.197064
1413,679319695,W_0,0.450203,0.143449,0.180985,0,,0.180985
1414,767643016,W_0,0.284244,0.137711,0.165959,0,,0.165959
1415,483137115,W_0,0.132321,0.132202,0.151923,0,,0.151923
1416,694538638,W_0,0.0,0.126914,0.132321,0,,0.132321
1417,367434250,W_0,0.0,0.121838,0.0,0,,0.0
1418,544030149,W_0,0.0,0.116964,0.0,0,,0.0
1419,546118963,W_0,0.0,0.112286,0.0,0,,0.0
1420,496159204,W_0,0.0,0.107794,0.0,0,,0.0
1421,209425443,W_0,0.0,0.103482,0.0,0,,0.0
1422,448926395,W_0,0.0,0.0993431,0.0,0,,0.0
1423,932043475,W_0,0.0,0.0953694,0.0,0,,0.0
1424,667341632,W_0,0.0,0.0915546,0.0,0,,0.0
1425,48973044,W_0,0.0,0.0878924,0.0,0,,0.0
1426,827717207,W_0,0.0,0.0843767,0.0,0,,0.0
1427,262100304,W_0,0.0,0.0810017,0.0,0,,0.0
1428,734917881,W_0,0.0,0.0777616,0.0,0,,0.0
1429,464367897,W_0,0.0,0.0746511,0.0,0,,0.0
1430,466097886,W_0,0.0,0.0716651,0.0,0,,0.0
1431,581414412,W_0,0.0,0.0687985,0.0,0,,0.0
1432,810753683,W_0,0.0,0.0660465,0.0,0,,0.0
1433,486912041,W_0,0.0,0.0634047,0.0,0,,0.0
1434,882508917,W_0,0.0,0.0608685,0.0,0,,0.0
1435,971762561,W_0,0.0,0.0584337,0.0,0,,0.0
1436,680800661,W_0,0.0,0.0560964,0.0,0,,0.0
1437,605353270,W_0,0.0,0.0538525,0.0,0,,0.0
1438,25341423,W_0,0.0,0.0516984,0.0,0,,0.0
1439,943584571,W_0,0.0,0.0496305,0.0,0,,0.0
1440,567187045,W_0,1.0,0.0876453,0.0,1,C_133,0.0
1441,887034806,W_0,0.862355,0.0841395,0.137645,0,,0.137645
1442,463130165,W_0,0.735098,0.0807739,0.127257,0,,0.127257
1443,86816810,W_0,0.617569,0.0775429,0.117529,0,,0.117529
1444,860296422,W_0,0.509147,0.0744412,0.108421,0,,0.108421
1445,759869352,W_0,0.409249,0.0714636,0.0998986,0,,0.0998986
1446,579306575,W_0,0.317323,0.068605,0.091926,0,,0.091926
1447,913092281,W_0,0.232852,0.0658608,0.0844712,0,,0.0844712
1448,120237339,W_0,0.155348,0.0632264,0.0775034,0,,0.0775034
1449,601046414,W_0,1.08435,0.100697,0.0709938,1,C_22,0.0709938
1450,596686036,W_0,1.92944,0.136669,0.154915,1,C_22,0.154915
1451,42525027,W_0,2.6963,0.171203,0.233141,1,C_22,0.233141
1452,359441958,W_0,3.39028,0.204355,0.306018,1,C_22,0.306018
1453,154378691,W_0,4.01641,0.23618,0.373869,1,C_22,0.373869
1454,397586760,W_0,4.57941,0.266733,0.437001,1,C_22,0.437001
1455,846011674,W_0,5.08371,0.296064,0.495704,1,C_22,0.495704
1456,796750880,W_0,4.53346,0.284221,0.550249,0,,0.550249
1457,244496952,W_0,4.02256,0.272852,0.510894,0,,0.510894
1458,590223376,W_0,3.54858,0.261938,0.473981,0,,0.473981
1459,83710159,W_0,4.10922,0.291461,0.439368,1,C_145,0.439368
1460,196577411,W_0,5.10922,0.319802,0.0,1,C_145,0.496922
1461,729840282,W_0,5.53395,0.34701,0.575263,1,C_145,0.575263
1462,878326503,W_0,4.91024,0.33313,0.623708,0,,0.623708
1463,703321112,W_0,4.3316,0.319805,0.578642,0,,0.578642
1464,806817475,W_0,3.79522,0.307012,0.536385,0,,0.536385
1465,755459227,W_0,3.29844,0.294732,0.496773,0,,0.496773
1466,900217952,W_0,2.83879,0.282943,0.459654,0,,0.459654
1467,397549737,W_0,2.41391,0.271625,0.424882,0,,0.424882
1468,574706729,W_0,2.02159,0.26076,0.39232,0,,0.39232
1469,794946434,W_0,2.65975,0.29033,0.361839,1,C_124,0.361839
1470,531881245,W_0,3.23643,0.318716,0.423317,1,C_124,0.423317
1471,788355890,W_0,2.75589,0.305968,0.480538,0,,0.480538
1472,658321361,W_0,2.31213,0.293729,0.443762,0,,0.443762
1473,437735033,W_0,1.9028,0.28198,0.409336,0,,0.409336
1474,57265180,W_0,1.52568,0.270701,0.37712,0,,0.37712
1475,760416249,W_0,1.17869,0.259873,0.346984,0,,0.346984
1476,886595706,W_0,0.859884,0.249478,0.318807,0,,0.318807
1477,761989659,W_0,0.567412,0.239499,0.292472,0,,0.292472
1478,141262803,W_0,0.299543,0.229919,0.267869,0,,0.267869
1479,902285812,W_0,0.0546468,0.220722,0.244896,0,,0.244896
1480,83483445,W_0,0.0,0.211893,0.0546468,0,,0.0546468
1481,316219936,W_0,0.0,0.203417,0.0,0,,0.0
1482,841653485,W_0,0.0,0.195281,0.0,0,,0.0
1483,890592208,W_0,0.0,0.187469,0.0,0,,0.0
1484,655441831,W_0,0.0,0.179971,0.0,0,,0.0
1485,913274651,W_0,0.0,0.172772,0.0,0,,0.0
1486,469100981,W_0,0.0,0.165861,0.0,0,,0.0
1487,377398753,W_0,0.0,0.159227,0.0,0,,0.0
1488,808412871,W_0,0.0,0.152857,0.0,0,,0.0
1489,298020616,W_0,0.0,0.146743,0.0,0,,0.0
1490,457097213,W_0,0.0,0.140873,0.0,0,,0.0
1491,224043624,W_0,0.0,0.135238,0.0,0,,0.0
1492,552278915,W_0,0.0,0.129829,0.0,0,,0.0
1493,347239669,W_0,0.0,0.124636,0.0,0,,0.0
1494,922796973,W_0,0.0,0.11965,0.0,0,,0.0
1495,776912402,W_0,0.0,0.114864,0.0,0,,0.0
1496,506701557,W_0,1.0,0.15027,0.0,1,C_15,0.0
1497,304643311,W_0,0.79973,0.144259,0.20027,0,,0.20027
1498,393636625,W_0,1.61548,0.178489,0.184245,1,C_99,0.184245
1499,661620348,W_0,2.35622,0.211349,0.259263,1,C_99,0.259263
1500,427771672,W_0,3.02706,0.242895,0.32916,1,C_99,0.32916
1501,783334080,W_0,2.63281,0.233179,0.394248,0,,0.394248
1502,563655112,W_0,2.26799,0.223852,0.36482,0,,0.36482
1503,624327217,W_0,1.93074,0.214898,0.337252,0,,0.337252
1504,636924548,W_0,1.61931,0.206302,0.311435,0,,0.311435
1505,653258327,W_0,1.33204,0.19805,0.287267,0,,0.287267
1506,7816495,W_0,1.06739,0.190128,0.264652,0,,0.264652
1507,652075076,W_0,0.82389,0.182523,0.243497,0,,0.243497
1508,382464134,W_0,0.600172,0.175222,0.223717,0,,0.223717
1509,170358538,W_0,0.600172,0.168213,0.0,0,,0.205231
1510,673442595,W_0,0.401951,0.161485,0.198222,0,,0.198222
1511,769680717,W_0,0.220368,0.155025,0.181582,0,,0.181582
1512,664094566,W_0,0.0543248,0.148824,0.166044,0,,0.166044
1513,783682142,W_0,0.0,0.142871,0.0543248,0,,0.0543248
1514,544968299,W_0,0.0,0.137156,0.0,0,,0.0
1515,727677479,W_0,1.0,0.17167,0.0,1,C_117,0.0
1516,424672701,W_0,1.77833,0.204803,0.22167,1,C_117,0.22167
1517,427404426,W_0,2.48461,0.236611,0.29372,1,C_117,0.29372
1518,468786926,W_0,3.12377,0.267147,0.360842,1,C_117,0.360842
1519,641550689,W_0,3.70043,0.296461,0.423335,1,C_117,0.423335
1520,503696630,W_0,4.21895,0.324602,0.481483,1,C_117,0.481483
1521,514656887,W_0,4.6834,0.351618,0.53555,1,C_117,0.53555
1522,594886849,W_0,5.09761,0.377554,0.585788,1,C_117,0.585788
1523,519508281,W_0,4.46518,0.362451,0.632434,0,,0.632434
1524,701443779,W_0,3.87947,0.347953,0.58571,0,,0.58571
1525,508045910,W_0,3.33754,0.334035,0.541927,0,,0.541927
1526,702292423,W_0,2.83663,0.320674,0.500912,0,,0.500912
1527,733480857,W_0,2.37412,0.307847,0.462505,0,,0.462505
1528,996988195,W_0,2.94757,0.335533,0.426553,1,K_14,0.426553
1529,871977999,W_0,2.46466,0.322112,0.482912,0,,0.482912
1530,379787296,W_0,2.01931,0.309227,0.445345,0,,0.445345
1531,40706158,W_0,1.60912,0.296858,0.410193,0,,0.410193
1532,236061205,W_0,1.23181,0.284984,0.377314,0,,0.377314
1533,293500222,W_0,0.885233,0.273584,0.346574,0,,0.346574
1534,149797146,W_0,0.567387,0.262641,0.317846,0,,0.317846
1535,291143733,W_0,1.27638,0.292135,0.29101,1,C_0,0.29101
1536,596884507,W_0,1.92042,0.32045,0.355954,1,C_0,0.355954
1537,73903702,W_0,2.50395,0.347632,0.416471,1,C_0,0.416471
1538,375911745,W_0,3.03112,0.373727,0.47283,1,C_0,0.47283
1539,682321450,W_0,3.50584,0.398778,0.525283,1,C_0,0.525283
1540,322137150,W_0,2.93177,0.382827,0.57407,0,,0.57407
1541,294280391,W_0,3.40235,0.407513,0.529415,1,C_23,0.529415
1542,807389953,W_0,3.82472,0.431213,0.577631,1,C_23,0.577631
1543,217379576,W_0,3.20227,0.413964,0.622449,0,,0.622449
1544,132297616,W_0,2.6282,0.397406,0.574078,0,,0.574078
1545,455165628,W_0,2.09938,0.38151,0.528816,0,,0.528816
1546,244999508,W_0,1.6129,0.366249,0.486479,0,,0.486479
1547,393989655,W_0,1.16601,0.351599,0.446894,0,,0.446894
1548,303342188,W_0,0.756107,0.337535,0.4099,0,,0.4099
1549,456265969,W_0,0.380767,0.324034,0.375341,0,,0.375341
1550,596649924,W_0,0.0376943,0.311073,0.343072,0,,0.343072
1551,95836178,W_0,0.0,0.29863,0.0376943,0,,0.0376943
1552,210268202,W_0,0.0,0.286684,0.0,0,,0.0
1553,558660270,W_0,0.0,0.275217,0.0,0,,0.0
1554,566240841,W_0,0.0,0.264208,0.0,0,,0.0
1555,491934749,W_0,0.0,0.25364,0.0,0,,0.0
1556,30227915,W_0,0.0,0.243494,0.0,0,,0.0
1557,725677967,W_0,1.0,0.273755,0.0,1,C_81,0.0
1558,970439762,W_0,1.67625,0.302804,0.323755,1,C_81,0.323755
1559,972000805,W_0,2.28963,0.330692,0.386617,1,C_81,0.386617
1560,691585337,W_0,1.84445,0.317465,0.445174,0,,0.445174
1561,358375467,W_0,1.43477,0.304766,0.409687,0,,0.409687
1562,597934339,W_0,1.05826,0.292575,0.376504,0,,0.376504
1563,323249812,W_0,1.71277,0.320872,0.345489,1,C_5,0.345489
1564,400859568,W_0,2.30626,0.348037,0.406511,1,C_5,0.406511
1565,975701573,W_0,2.84291,0.374116,0.463351,1,C_5,0.463351
1566,560589869,W_0,3.32665,0.399151,0.516262,1,C_5,0.516262
1567,659932418,W_0,2.76117,0.383185,0.565484,0,,0.565484
1568,824235907,W_0,2.23992,0.367858,0.521244,0,,0.521244
1569,112168184,W_0,2.76007,0.393144,0.479854,1,C_174,0.479854
1570,238552920,W_0,3.22892,0.417418,0.531147,1,C_174,0.531147
1571,584579357,W_0,3.65006,0.440721,0.578864,1,C_174,0.578864
1572,24133216,W_0,3.02683,0.423092,0.623224,0,,0.623224
1573,122349247,W_0,3.4524,0.446169,0.574434,1,C_33,0.574434
1574,877172748,W_0,3.83361,0.468322,0.618789,1,C_33,0.618789
1575,56735699,W_0,3.17361,0.449589,0.660002,0,,0.660002
1576,103875304,W_0,2.56534,0.431605,0.608269,0,,0.608269
1577,969601292,W_0,2.00547,0.414341,0.559872,0,,0.559872
1578,787154404,W_0,1.49085,0.397768,0.514615,0,,0.514615
1579,585432279,W_0,1.01854,0.381857,0.47231,0,,0.47231
1580,93837620,W_0,0.585759,0.366583,0.432784,0,,0.432784
1581,260625391,W_0,0.189888,0.351919,0.395871,0,,0.395871
1582,739103705,W_0,0.0,0.337842,0.189888,0,,0.189888
1583,120922724,W_0,0.0,0.324329,0.0,0,,0.0
1584,73840516,W_0,0.0,0.311356,0.0,0,,0.0
1585,251168792,W_0,0.0,0.298901,0.0,0,,0.0
1586,890710682,W_0,0.0,0.286945,0.0,0,,0.0
1587,335130237,W_0,0.0,0.275468,0.0,0,,0.0
1588,323276284,W_0,0.0,0.264449,0.0,0,,0.0
1589,943330118,W_0,0.0,0.253871,0.0,0,,0.0
1590,868747277,W_0,0.0,0.243716,0.0,0,,0.0
1591,177852926,W_0,0.0,0.233967,0.0,0,,0.0
1592,236391876,W_0,0.0,0.224609,0.0,0,,0.0
1593,486922721,W_0,0.0,0.215624,0.0,0,,0.0
1594,34577217,W_0,0.0,0.206999,0.0,0,,0.0
1595,497764160,W_0,0.0,0.198719,0.0,0,,0.0
1596,760503484,W_0,0.0,0.190771,0.0,0,,0.0
1597,465911911,W_0,0.0,0.18314,0.0,0,,0.0
1598,677741940,W_0,0.0,0.175814,0.0,0,,0.0
1599,633956095,W_0,0.0,0.168782,0.0,0,,0.0
1600,158642388,W_0,0.0,0.16203,0.0,0,,0.0
1601,5751535,W_0,0.0,0.155549,0.0,0,,0.0
1602,691681101,W_0,0.0,0.149327,0.0,0,,0.0
1603,888844916,W_0,0.0,0.143354,0.0,0,,0.0
1604,462241405,W_0,0.0,0.13762,0.0,0,,0.0
1605,201319793,W_0,0.0,0.132115,0.0,0,,0.0
1606,599430637,W_0,1.0,0.166831,0.0,1,C_41,0.0
1607,506690192,W_0,1.78317,0.200157,0.216831,1,C_41,0.216831
1608,798900934,W_0,2.49385,0.232151,0.289316,1,C_41,0.289316
1609,605724350,W_0,2.13701,0.222865,0.356844,0,,0.356844
1610,794063179,W_0,1.80729,0.21395,0.329715,0,,0.329715
1611,481422404,W_0,1.50298,0.205392,0.304315,0,,0.304315
1612,785765169,W_0,1.22244,0.197177,0.280541,0,,0.280541
1613,456550857,W_0,1.96414,0.22929,0.258299,1,C_114,0.258299
1614,735648705,W_0,2.63664,0.260118,0.327497,1,C_114,0.327497
1615,178973405,W_0,2.24469,0.249713,0.39195,0,,0.39195
1616,63697178,W_0,2.88274,0.279725,0.361948,1,C_94,0.361948
1617,187898211,W_0,3.45888,0.308536,0.423862,1,C_94,0.423862
1618,507359861,W_0,3.9774,0.336194,0.48148,1,C_94,0.48148
1619,801761923,W_0,4.44234,0.362747,0.535065,1,C_94,0.535065
1620,620828494,W_0,3.85747,0.348237,0.584863,0,,0.584863
1621,647362043,W_0,3.31636,0.334307,0.54111,0,,0.54111
1622,333358457,W_0,2.81624,0.320935,0.500125,0,,0.500125
1623,444197777,W_0,2.35449,0.308098,0.461747,0,,0.461747
1624,258091044,W_0,1.92867,0.295774,0.425822,0,,0.425822
1625,173332209,W_0,1.53646,0.283943,0.392207,0,,0.392207
1626,990836335,W_0,1.1757,0.272585,0.360766,0,,0.360766
1627,215720123,W_0,0.844327,0.261682,0.33137,0,,0.33137
1628,311792697,W_0,0.540429,0.251214,0.303898,0,,0.303898
1629,690099211,W_0,0.262193,0.241166,0.278236,0,,0.278236
1630,582692877,W_0,0.00791784,0.231519,0.254275,0,,0.254275
1631,36172883,W_0,1.0,0.262258,0.00791784,1,C_32,0.00791784
1632,326920672,W_0,1.68774,0.291768,0.312258,1,C_32,0.312258
1633,234486919,W_0,2.31159,0.320097,0.376155,1,C_32,0.376155
1634,212066731,W_0,1.87591,0.307293,0.435677,0,,0.435677
1635,642428358,W_0,2.47482,0.335002,0.401089,1,C_72,0.401089
1636,521501435,W_0,2.01608,0.321602,0.458743,0,,0.458743
1637,240746008,W_0,1.59367,0.308738,0.422406,0,,0.422406
1638,497754925,W_0,1.20525,0.296388,0.388421,0,,0.388421
1639,163690466,W_0,0.848601,0.284533,0.356651,0,,0.356651
1640,978159856,W_0,1.52164,0.313151,0.326963,1,C_6,0.326963
1641,728754509,W_0,1.13241,0.300625,0.389233,0,,0.389233
1642,283229942,W_0,0.77516,0.2886,0.357245,0,,0.357245
1643,463601429,W_0,0.447802,0.277056,0.327358,0,,0.327358
1644,959680799,W_0,0.148355,0.265974,0.299446,0,,0.299446
1645,720800414,W_0,0.0,0.255335,0.148355,0,,0.148355
1646,770236539,W_0,0.0,0.245122,0.0,0,,0.0
1647,580814235,W_0,0.0,0.235317,0.0,0,,0.0
1648,289719478,W_0,0.0,0.225904,0.0,0,,0.0
1649,649535811,W_0,0.0,0.216868,0.0,0,,0.0
1650,230293889,W_0,0.0,0.208193,0.0,0,,0.0
1651,285179071,W_0,0.0,0.199865,0.0,0,,0.0
1652,386198256,W_0,0.0,0.191871,0.0,0,,0.0
1653,321903609,W_0,0.0,0.184196,0.0,0,,0.0
1654,371835279,W_0,0.0,0.176828,0.0,0,,0.0
1655,710495039,W_0,0.0,0.169755,0.0,0,,0.0
1656,984368932,W_0,0.0,0.162965,0.0,0,,0.0
1657,356494784,W_0,0.0,0.156446,0.0,0,,0.0
1658,312836208,W_0,0.0,0.150188,0.0,0,,0.0
1659,541775719,W_0,0.0,0.144181,0.0,0,,0.0
1660,444622736,W_0,0.0,0.138414,0.0,0,,0.0
1661,686694009,W_0,0.0,0.132877,0.0,0,,0.0
1662,652590279,W_0,0.0,0.127562,0.0,0,,0.0
1663,106460269,W_0,0.0,0.12246,0.0,0,,0.0
1664,931573023,W_0,0.0,0.117561,0.0,0,,0.0
1665,779626998,W_0,0.0,0.112859,0.0,0,,0.0
1666,886084290,W_0,0.0,0.108344,0.0,0,,0.0
1667,553233763,W_0,0.0,0.104011,0.0,0,,0.0
1668,326699382,W_0,1.0,0.13985,0.0,1,C_81,0.0
1669,479196011,W_0,1.81015,0.174256,0.18985,1,C_81,0.18985
1670,4474062,W_0,2.54539,0.207286,0.264764,1,C_81,0.264764
1671,817594028,W_0,3.21083,0.238994,0.334555,1,C_81,0.334555
1672,469832995,W_0,3.8113,0.269435,0.399536,1,C_81,0.399536
1673,683106543,W_0,4.3513,0.298657,0.459999,1,C_81,0.459999
1674,462542668,W_0,4.83507,0.326711,0.516222,1,C_131,0.516222
1675,21009177,W_0,5.26661,0.353643,0.568465,1,C_131,0.568465
1676,922910618,W_0,4.64964,0.339497,0.616973,0,,0.616973
1677,975852174,W_0,5.07766,0.365917,0.571979,1,C_29,0.571979
1678,544657298,W_0,5.45786,0.39128,0.6198,1,C_29,0.6198
1679,582760923,W_0,5.79368,0.415629,0.664173,1,C_29,0.664173
1680,583385026,W_0,6.08837,0.439004,0.705313,1,C_29,0.705313
1681,346073571,W_0,6.34495,0.461444,0.743422,1,C_29,0.743422
1682,476106905,W_0,6.56626,0.482986,0.778691,1,C_29,0.778691
1683,850637571,W_0,5.75496,0.463667,0.811299,0,,0.811299
1684,241652443,W_0,5.00354,0.44512,0.751414,0,,0.751414
1685,45363536,W_0,4.30825,0.427315,0.695297,0,,0.695297
1686,778475538,W_0,3.66552,0.410223,0.642727,0,,0.642727
1687,544209885,W_0,3.07202,0.393814,0.593498,0,,0.593498
1688,933556439,W_0,2.52461,0.378061,0.547415,0,,0.547415
1689,412095074,W_0,2.02031,0.362939,0.504291,0,,0.504291
1690,238934840,W_0,2.55636,0.388421,0.463954,1,C_50,0.463954
1691,425887202,W_0,3.04012,0.412884,0.516239,1,C_50,0.516239
1692,817076866,W_0,3.47523,0.436369,0.56489,1,C_50,0.56489
1693,477126613,W_0,3.8651,0.458914,0.61013,1,C_50,0.61013
1694,978085991,W_0,3.21293,0.440558,0.652169,0,,0.652169
1695,210471183,W_0,2.61173,0.422935,0.601204,0,,0.601204
1696,827258158,W_0,2.05821,0.406018,0.553522,0,,0.553522
1697,479082833,W_0,1.54928,0.389777,0.508928,0,,0.508928
1698,108473664,W_0,2.08204,0.414186,0.467241,1,C_127,0.467241
1699,427679856,W_0,2.56375,0.437619,0.518288,1,C_127,0.518288
1700,941706659,W_0,2.99794,0.460114,0.565806,1,C_127,0.565806
1701,332981213,W_0,3.38793,0.481709,0.610011,1,C_127,0.610011
1702,131276493,W_0,3.73683,0.502441,0.651106,1,C_127,0.651106
1703,891892476,W_0,4.04754,0.522343,0.689282,1,C_127,0.689282
1704,81839781,W_0,4.32282,0.54145,0.72472,1,C_127,0.72472
1705,177651379,W_0,4.56523,0.559792,0.757591,1,C_127,0.757591
1706,733624505,W_0,4.77718,0.5774,0.788053,1,C_158,0.788053
1707,393729749,W_0,4.96092,0.594304,0.816259,1,C_158,0.816259
1708,57915818,W_0,5.11857,0.610532,0.84235,1,C_158,0.84235
1709,631728911,W_0,5.25211,0.62611,0.86646,1,C_158,0.86646
1710,363849600,W_0,5.36339,0.641066,0.888716,1,C_158,0.888716
1711,738940764,W_0,4.45416,0.615423,0.909236,0,,0.909236
1712,17087639,W_0,3.61603,0.590806,0.838131,0,,0.838131
1713,650901481,W_0,2.84442,0.567174,0.771608,0,,0.771608
1714,417253852,W_0,2.13502,0.544487,0.709395,0,,0.709395
1715,954276401,W_0,1.48379,0.522708,0.651238,0,,0.651238
1716,829788598,W_0,0.886889,0.501799,0.596897,0,,0.596897
1717,187344554,W_0,0.340745,0.481727,0.546144,0,,0.546144
1718,984939690,W_0,1.0,0.502458,0.340745,1,C_66,0.340745
1719,877201609,W_0,1.44754,0.52236,0.552458,1,C_66,0.552458
1720,600938932,W_0,1.8528,0.541466,0.594737,1,C_66,0.594737
1721,194462609,W_0,1.2187,0.519807,0.634106,0,,0.634106
1722,245870514,W_0,0.637957,0.499015,0.580742,0,,0.580742
1723,627713724,W_0,0.107044,0.479054,0.530913,0,,0.530913
1724,323171289,W_0,0.0,0.459892,0.107044,0,,0.107044
1725,247668683,W_0,0.0,0.441496,0.0,0,,0.0
1726,626635300,W_0,0.0,0.423836,0.0,0,,0.0
1727,582105251,W_0,0.0,0.406883,0.0,0,,0.0
1728,358639962,W_0,0.0,0.390608,0.0,0,,0.0
1729,126965047,W_0,0.0,0.374983,0.0,0,,0.0
1730,355616180,W_0,0.0,0.359984,0.0,0,,0.0
1731,665128179,W_0,1.0,0.385585,0.0,1,C_88,0.0
1732,109719868,W_0,1.56442,0.410161,0.435585,1,C_88,0.435585
1733,331518766,W_0,1.07603,0.393755,0.488382,0,,0.488382
1734,433353838,W_0,0.628477,0.378005,0.447556,0,,0.447556
1735,810362820,W_0,0.219048,0.362884,0.409428,0,,0.409428
1736,648500211,W_0,0.0,0.348369,0.219048,0,,0.219048
1737,52531123,W_0,0.0,0.334434,0.0,0,,0.0
1738,828950919,W_0,0.0,0.321057,0.0,0,,0.0
1739,321666894,W_0,0.0,0.308215,0.0,0,,0.0
1740,969675027,W_0,0.0,0.295886,0.0,0,,0.0
1741,574612666,W_0,0.0,0.284051,0.0,0,,0.0
1742,299682730,W_0,0.0,0.272689,0.0,0,,0.0
1743,26040939,W_0,0.0,0.261781,0.0,0,,0.0
1744,37578999,W_0,0.0,0.25131,0.0,0,,0.0
1745,890098999,W_0,0.0,0.241257,0.0,0,,0.0
1746,916676384,W_0,0.0,0.231607,0.0,0,,0.0
1747,130363460,W_0,0.0,0.222343,0.0,0,,0.0
1748,722549309,W_0,0.0,0.213449,0.0,0,,0.0
1749,645606064,W_0,0.0,0.204911,0.0,0,,0.0
1750,384189671,W_0,0.0,0.196715,0.0,0,,0.0
1751,586549302,W_0,0.0,0.188846,0.0,0,,0.0
1752,106641311,W_0,0.0,0.181292,0.0,0,,0.0
1753,516434186,W_0,0.0,0.174041,0.0,0,,0.0
1754,729762162,W_0,0.0,0.167079,0.0,0,,0.0
1755,318771575,W_0,0.0,0.160396,0.0,0,,0.0
1756,925388518,W_0,1.0,0.19398,0.0,1,C_34,0.0
1757,693936961,W_0,1.75602,0.226221,0.24398,1,C_34,0.24398
1758,97444096,W_0,2.442,0.257172,0.314022,1,C_34,0.314022
1759,763498543,W_0,3.06273,0.286885,0.379272,1,C_34,0.379272
1760,246216757,W_0,2.6227,0.27541,0.440021,0,,0.440021
1761,310853296,W_0,3.21616,0.304393,0.406545,1,C_24,0.406545
1762,658183368,W_0,3.75096,0.332218,0.465201,1,C_24,0.465201
1763,284760465,W_0,3.23119,0.318929,0.519765,0,,0.519765
1764,728211906,W_0,3.7507,0.346172,0.480489,1,C_101,0.480489
1765,234591478,W_0,4.217,0.372325,0.533707,1,C_101,0.533707
1766,470108311,W_0,4.63382,0.397432,0.583175,1,C_6,0.583175
1767,734461654,W_0,5.0047,0.421535,0.629123,1,C_6,0.629123
1768,337495489,W_0,5.33293,0.444673,0.67177,1,C_6,0.67177
1769,181295527,W_0,5.62161,0.466886,0.71132,1,C_6,0.71132
1770,896457737,W_0,4.87364,0.448211,0.747967,0,,0.747967
1771,376350494,W_0,4.18175,0.430282,0.691893,0,,0.691893
1772,423116013,W_0,3.54238,0.413071,0.63937,0,,0.63937
1773,712633746,W_0,2.95219,0.396548,0.59019,0,,0.59019
1774,569023269,W_0,2.40803,0.380686,0.544158,0,,0.544158
1775,88710173,W_0,1.90695,0.365459,0.501088,0,,0.501088
1776,628745971,W_0,2.44614,0.390841,0.460806,1,C_99,0.460806
1777,364683523,W_0,2.93299,0.415207,0.513147,1,C_99,0.513147
1778,544516353,W_0,3.37114,0.438599,0.561856,1,C_99,0.561856
1779,358225786,W_0,2.76398,0.421055,0.607155,0,,0.607155
1780,834546489,W_0,2.20473,0.404212,0.559254,0,,0.559254
1781,860783662,W_0,2.69028,0.428044,0.514449,1,C_29,0.514449
1782,755040427,W_0,3.12772,0.450922,0.562558,1,C_29,0.562558
1783,179564090,W_0,3.52041,0.472885,0.607308,1,C_29,0.607308
1784,208113491,W_0,2.87151,0.45397,0.648906,0,,0.648906
1785,209784218,W_0,2.27396,0.435811,0.597545,0,,0.597545
1786,257183754,W_0,1.72445,0.418379,0.549509,0,,0.549509
1787,166069477,W_0,1.21985,0.401644,0.504601,0,,0.504601
1788,644029348,W_0,0.757214,0.385578,0.462636,0,,0.462636
1789,222129590,W_0,0.333775,0.370155,0.423438,0,,0.423438
1790,457752315,W_0,0.0,0.355348,0.333775,0,,0.333775
1791,720498809,W_0,0.0,0.341135,0.0,0,,0.0
1792,496236806,W_0,0.0,0.327489,0.0,0,,0.0
1793,455493766,W_0,0.0,0.31439,0.0,0,,0.0
1794,266447799,W_0,0.0,0.301814,0.0,0,,0.0
1795,757054476,W_0,0.0,0.289741,0.0,0,,0.0
1796,312644828,W_0,0.0,0.278152,0.0,0,,0.0
1797,17311834,W_0,1.0,0.307026,0.0,1,C_59,0.0
1798,160782337,W_0,1.64297,0.334745,0.357026,1,C_59,0.357026
1799,698042219,W_0,2.22608,0.361355,0.416893,1,C_59,0.416893
1800,108045272,W_0,2.75342,0.386901,0.472659,1,C_59,0.472659
1801,455437479,W_0,3.22885,0.411425,0.524572,1,C_59,0.524572
1802,943186092,W_0,3.65598,0.434968,0.572867,1,C_38,0.572867
1803,547366390,W_0,3.03822,0.417569,0.617767,0,,0.617767
1804,834642694,W_0,2.46874,0.400866,0.56948,0,,0.56948
1805,436234339,W_0,1.94443,0.384832,0.524303,0,,0.524303
1806,338823046,W_0,1.46238,0.369438,0.482053,0,,0.482053
1807,819918293,W_0,1.01982,0.354661,0.442557,0,,0.442557
1808,292263344,W_0,0.614171,0.340474,0.405652,0,,0.405652
1809,147687963,W_0,0.242988,0.326855,0.371183,0,,0.371183
1810,360742811,W_0,0.0,0.313781,0.242988,0,,0.242988
1811,919314007,W_0,0.0,0.30123,0.0,0,,0.0
1812,507150367,W_0,1.0,0.329181,0.0,1,C_21,0.0
1813,171388754,W_0,0.620819,0.316013,0.379181,0,,0.379181
1814,656946357,W_0,0.273765,0.303373,0.347054,0,,0.347054
1815,294192869,W_0,0.0,0.291238,0.273765,0,,0.273765
1816,951396012,W_0,0.0,0.279589,0.0,0,,0.0
1817,218707044,W_0,0.0,0.268405,0.0,0,,0.0
1818,375719424,W_0,0.0,0.257669,0.0,0,,0.0
1819,719989910,W_0,0.0,0.247362,0.0,0,,0.0
1820,492641751,W_0,0.0,0.237468,0.0,0,,0.0
1821,835515753,W_0,0.0,0.227969,0.0,0,,0.0
1822,906843238,W_0,0.0,0.21885,0.0,0,,0.0
1823,121587455,W_0,0.0,0.210096,0.0,0,,0.0
1824,620885396,W_0,0.0,0.201692,0.0,0,,0.0
1825,877345002,W_0,0.0,0.193625,0.0,0,,0.0
1826,815624358,W_0,1.0,0.22588,0.0,1,C_85,0.0
1827,419625512,W_0,0.72412,0.216844,0.27588,0,,0.27588
1828,28255447,W_0,0.47107,0.208171,0.25305,0,,0.25305
1829,245132275,W_0,0.239346,0.199844,0.231724,0,,0.231724
1830,451844167,W_0,0.0275348,0.19185,0.211811,0,,0.211811
1831,948123180,W_0,0.0,0.184176,0.0275348,0,,0.0275348
1832,797569828,W_0,0.0,0.176809,0.0,0,,0.0
1833,463889671,W_0,0.0,0.169737,0.0,0,,0.0
1834,825887605,W_0,0.0,0.162947,0.0,0,,0.0
1835,191916349,W_0,0.0,0.156429,0.0,0,,0.0
1836,34176737,W_0,0.0,0.150172,0.0,0,,0.0
1837,983755589,W_0,0.0,0.144165,0.0,0,,0.0
1838,284773837,W_0,0.0,0.138399,0.0,0,,0.0
1839,197824265,W_0,1.0,0.172863,0.0,1,C_99,0.0
1840,637465913,W_0,1.77714,0.205948,0.222863,1,C_99,0.222863
1841,510278905,W_0,1.48233,0.19771,0.294805,0,,0.294805
1842,422247826,W_0,1.21051,0.189802,0.271827,0,,0.271827
1843,410723964,W_0,0.960178,0.18221,0.250327,0,,0.250327
1844,412810176,W_0,0.72996,0.174921,0.230219,0,,0.230219
1845,768726831,W_0,0.51854,0.167925,0.211419,0,,0.211419
1846,654985497,W_0,0.324689,0.161208,0.193852,0,,0.193852
1847,386101380,W_0,0.147247,0.154759,0.177442,0,,0.177442
1848,508925664,W_0,0.0,0.148569,0.147247,0,,0.147247
1849,292328853,W_0,0.0,0.142626,0.0,0,,0.0
1850,222361358,W_0,0.0,0.136921,0.0,0,,0.0
1851,171933891,W_0,0.0,0.131444,0.0,0,,0.0
1852,192126745,W_0,0.0,0.126186,0.0,0,,0.0
1853,665614950,W_0,0.0,0.121139,0.0,0,,0.0
1854,733951220,W_0,1.0,0.156293,0.0,1,C_48,0.0
1855,800057069,W_0,0.793707,0.150042,0.206293,0,,0.206293
1856,93214361,W_0,1.60398,0.18404,0.189727,1,C_70,0.189727
1857,693417931,W_0,1.33974,0.176678,0.264239,0,,0.264239
1858,197202866,W_0,1.09608,0.169611,0.243665,0,,0.243665
1859,307939848,W_0,0.87166,0.162827,0.224415,0,,0.224415
1860,195429101,W_0,0.66525,0.156314,0.20641,0,,0.20641
1861,51983060,W_0,0.475674,0.150061,0.189576,0,,0.189576
1862,611130401,W_0,0.301829,0.144059,0.173845,0,,0.173845
1863,885377141,W_0,0.142679,0.138296,0.15915,0,,0.15915
1864,198908186,W_0,0.0,0.132765,0.142679,0,,0.142679
1865,212378243,W_0,0.0,0.127454,0.0,0,,0.0
1866,404543785,W_0,0.0,0.122356,0.0,0,,0.0
1867,493788603,W_0,0.0,0.117462,0.0,0,,0.0
1868,864705128,W_0,0.0,0.112763,0.0,0,,0.0
1869,565130644,W_0,0.0,0.108253,0.0,0,,0.0
1870,373144339,W_0,0.0,0.103922,0.0,0,,0.0
1871,922785439,W_0,0.0,0.0997656,0.0,0,,0.0
1872,370590383,W_0,0.0,0.095775,0.0,0,,0.0
1873,385644750,W_0,0.0,0.091944,0.0,0,,0.0
1874,391451158,W_0,0.0,0.0882662,0.0,0,,0.0
1875,509199689,W_0,0.0,0.0847356,0.0,0,,0.0
1876,535467663,W_0,0.0,0.0813461,0.0,0,,0.0
1877,335586396,W_0,0.0,0.0780923,0.0,0,,0.0
1878,259172518,W_0,0.0,0.0749686,0.0,0,,0.0
1879,79836628,W_0,0.0,0.0719699,0.0,0,,0.0
1880,149742987,W_0,0.0,0.0690911,0.0,0,,0.0
1881,569635656,W_0,1.0,0.106327,0.0,1,C_61,0.0
1882,240399845,W_0,0.843673,0.102074,0.156327,0,,0.156327
1883,22698489,W_0,0.699415,0.0979914,0.144258,0,,0.144258
1884,73785686,W_0,0.566453,0.0940717,0.132962,0,,0.132962
1885,736602039,W_0,0.444058,0.0903088,0.122394,0,,0.122394
1886,391170333,W_0,0.331546,0.0866965,0.112512,0,,0.112512
1887,597864548,W_0,0.228273,0.0832286,0.103274,0,,0.103274
1888,542382926,W_0,0.13363,0.0798995,0.0946423,0,,0.0946423
1889,484064906,W_0,0.0470494,0.0767035,0.086581,0,,0.086581
1890,35391242,W_0,0.0,0.0736354,0.0470494,0,,0.0470494
1891,697734160,W_0,0.0,0.0706899,0.0,0,,0.0
1892,350972524,W_0,0.0,0.0678623,0.0,0,,0.0
1893,158945281,W_0,0.0,0.0651478,0.0,0,,0.0
1894,234077615,W_0,0.0,0.0625419,0.0,0,,0.0
1895,101489910,W_0,1.0,0.10004,0.0,1,C_74,0.0
1896,385975710,W_0,1.84996,0.136039,0.15004,1,C_74,0.15004
1897,632332657,W_0,2.62142,0.170597,0.228537,1,C_74,0.228537
1898,818050065,W_0,3.31975,0.203773,0.301668,1,C_74,0.301668
1899,807028268,W_0,3.94999,0.235622,0.369761,1,C_74,0.369761
1900,870859903,W_0,4.51687,0.266197,0.433122,1,C_74,0.433122
1901,70253619,W_0,5.02483,0.29555,0.492041,1,C_74,0.492041
1902,541189507,W_0,4.47804,0.283728,0.546791,0,,0.546791
1903,957973736,W_0,3.97041,0.272378,0.50763,0,,0.50763
1904,286429888,W_0,3.49951,0.261483,0.470899,0,,0.470899
1905,144505552,W_0,3.06305,0.251024,0.436459,0,,0.436459
1906,251689836,W_0,2.65888,0.240983,0.404177,0,,0.404177
1907,526628220,W_0,2.28495,0.231344,0.373927,0,,0.373927
1908,661395478,W_0,1.93936,0.22209,0.345591,0,,0.345591
1909,763727672,W_0,1.6203,0.213206,0.319058,0,,0.319058
1910,299384298,W_0,1.32608,0.204678,0.294221,0,,0.294221
1911,384923280,W_0,1.0551,0.196491,0.270982,0,,0.270982
1912,642374673,W_0,0.805851,0.188631,0.249246,0,,0.249246
1913,836566751,W_0,1.57693,0.221086,0.228924,1,C_106,0.228924
1914,953089717,W_0,2.27699,0.252243,0.299932,1,C_106,0.299932
1915,509978232,W_0,2.9109,0.282153,0.366092,1,C_106,0.366092
1916,406758579,W_0,3.4832,0.310867,0.427698,1,C_106,0.427698
1917,683909146,W_0,3.99818,0.338432,0.485027,1,C_106,0.485027
1918,359894745,W_0,4.45984,0.364895,0.538341,1,C_106,0.538341
1919,402062163,W_0,4.87195,0.390299,0.587887,1,C_106,0.587887
1920,277579043,W_0,4.23805,0.374687,0.633897,0,,0.633897
1921,659636286,W_0,3.65146,0.3597,0.58659,0,,0.58659
1922,304240651,W_0,3.10919,0.345312,0.542273,0,,0.542273
1923,662293454,W_0,2.60842,0.331499,0.500771,0,,0.500771
1924,736911388,W_0,2.1465,0.318239,0.46192,0,,0.46192
1925,955067642,W_0,1.72094,0.30551,0.425564,0,,0.425564
1926,895195066,W_0,1.32938,0.293289,0.391556,0,,0.391556
1927,478532130,W_0,0.969621,0.281558,0.359758,0,,0.359758
1928,582818288,W_0,0.639582,0.270295,0.330039,0,,0.330039
1929,131383668,W_0,0.337308,0.259484,0.302274,0,,0.302274
1930,260410954,W_0,0.0609586,0.249104,0.276349,0,,0.276349
1931,253858612,W_0,0.0,0.23914,0.0609586,0,,0.0609586
1932,964506675,W_0,0.0,0.229574,0.0,0,,0.0
1933,451924780,W_0,0.0,0.220391,0.0,0,,0.0
1934,516630773,W_0,0.0,0.211576,0.0,0,,0.0
1935,819050149,W_0,0.0,0.203113,0.0,0,,0.0
1936,430189782,W_0,0.0,0.194988,0.0,0,,0.0
1937,496422534,W_0,0.0,0.187189,0.0,0,,0.0
1938,262459874,W_0,0.0,0.179701,0.0,0,,0.0
1939,263590579,W_0,0.0,0.172513,0.0,0,,0.0
1940,312975325,W_0,0.0,0.165613,0.0,0,,0.0
1941,624765833,W_0,1.0,0.198988,0.0,1,C_91,0.0
1942,484047167,W_0,0.751012,0.191029,0.248988,0,,0.248988
1943,190962120,W_0,0.522433,0.183387,0.228579,0,,0.228579
1944,158562511,W_0,0.312924,0.176052,0.209509,0,,0.209509
1945,302852957,W_0,0.121226,0.16901,0.191698,0,,0.191698
1946,232499674,W_0,1.38778e-17,0.162249,0.121226,0,,0.121226
1947,912837102,W_0,0.0,0.155759,1.38778e-17,0,,1.38778e-17
1948,663940895,W_0,1.0,0.189529,0.0,1,C_7,0.0
1949,466494194,W_0,0.760471,0.181948,0.239529,0,,0.239529
1950,154571941,W_0,0.540499,0.17467,0.219971,0,,0.219971
1951,989910249,W_0,0.338804,0.167683,0.201695,0,,0.201695
1952,418026502,W_0,0.154181,0.160976,0.184623,0,,0.184623
1953,114410317,W_0,0.0,0.154537,0.154181,0,,0.154181
1954,90372316,W_0,0.0,0.148355,0.0,0,,0.0
1955,182272087,W_0,0.0,0.142421,0.0,0,,0.0
1956,630055707,W_0,0.0,0.136724,0.0,0,,0.0
1957,668444272,W_0,0.0,0.131255,0.0,0,,0.0
1958,487435190,W_0,0.0,0.126005,0.0,0,,0.0
1959,921007715,W_0,1.0,0.160965,0.0,1,C_117,0.0
1960,14551837,W_0,0.789035,0.154526,0.210965,0,,0.210965
1961,711524162,W_0,0.595057,0.148345,0.193978,0,,0.193978
1962,98708113,W_0,0.416959,0.142411,0.178098,0,,0.178098
1963,268683795,W_0,0.253699,0.136715,0.163259,0,,0.163259
1964,299323600,W_0,1.1043,0.171246,0.1494,1,C_46,0.1494
1965,266360568,W_0,0.877838,0.164397,0.226461,0,,0.226461
1966,351997273,W_0,0.66955,0.157821,0.208288,0,,0.208288
1967,568880427,W_0,0.478251,0.151508,0.191298,0,,0.191298
1968,658528891,W_0,0.302831,0.145448,0.17542,0,,0.17542
1969,75316768,W_0,0.142242,0.13963,0.160589,0,,0.160589
1970,507059908,W_0,0.0,0.134044,0.142242,0,,0.142242
1971,966396380,W_0,0.0,0.128683,0.0,0,,0.0
1972,715744311,W_0,0.0,0.123535,0.0,0,,0.0
1973,738026744,W_0,0.0,0.118594,0.0,0,,0.0
1974,169218642,W_0,0.0,0.11385,0.0,0,,0.0
1975,149308966,W_0,0.0,0.109296,0.0,0,,0.0
1976,232824503,W_0,0.0,0.104924,0.0,0,,0.0
1977,518341386,W_0,1.0,0.140727,0.0,1,C_38,0.0
1978,575270308,W_0,1.80927,0.175098,0.190727,1,C_38,0.190727
1979,945635168,W_0,2.54371,0.208094,0.265562,1,C_38,0.265562
1980,681066548,W_0,3.20843,0.239771,0.33528,1,C_38,0.33528
1981,39980477,W_0,3.80824,0.27018,0.400192,1,C_38,0.400192
1982,133809196,W_0,4.34765,0.299373,0.460592,1,C_38,0.460592
1983,221471239,W_0,4.83089,0.327398,0.516755,1,C_38,0.516755
1984,1462190,W_0,4.26195,0.314302,0.568942,0,,0.568942
1985,991493489,W_0,3.73455,0.30173,0.527399,0,,0.527399
1986,823810011,W_0,3.24609,0.28966,0.488457,0,,0.488457
1987,697461341,W_0,2.79413,0.278074,0.451965,0,,0.451965
1988,314177229,W_0,2.37635,0.266951,0.41778,0,,0.41778
1989,948522384,W_0,1.99058,0.256273,0.385769,0,,0.385769
1990,176015045,W_0,1.63478,0.246022,0.355802,0,,0.355802
1991,694061350,W_0,1.30702,0.236181,0.327761,0,,0.327761
1992,648327880,W_0,1.00548,0.226734,0.301532,0,,0.301532
1993,114340568,W_0,0.728476,0.217665,0.277008,0,,0.277008
1994,228655360,W_0,1.47439,0.248958,0.254088,1,C_107,0.254088
1995,929957009,W_0,1.15171,0.239,0.322677,0,,0.322677
1996,167285116,W_0,0.855125,0.22944,0.296585,0,,0.296585
1997,885372106,W_0,0.582929,0.220262,0.272196,0,,0.272196
1998,78441374,W_0,0.33352,0.211452,0.249409,0,,0.249409
1999,857834645,W_0,1.10539,0.242994,0.228128,1,C_23,0.228128
2000,143065192,W_0,1.80713,0.273274,0.298263,1,C_23,0.298263
2001,695006319,W_0,2.4435,0.302343,0.36363,1,C_23,0.36363
2002,315114424,W_0,2.01898,0.290249,0.424518,0,,0.424518
2003,688657173,W_0,1.62778,0.278639,0.391198,0,,0.391198
2004,65605669,W_0,1.26775,0.267494,0.360028,0,,0.360028
2005,429441716,W_0,0.936873,0.256794,0.330881,0,,0.330881
2006,493992429,W_0,0.633236,0.246522,0.303638,0,,0.303638
2007,4586768,W_0,0.355052,0.236661,0.278184,0,,0.278184
2008,97470139,W_0,0.100638,0.227195,0.254414,0,,0.254414
2009,455681552,W_0,0.0,0.218107,0.100638,0,,0.100638
2010,611489660,W_0,0.0,0.209383,0.0,0,,0.0
2011,336050648,W_0,0.0,0.201007,0.0,0,,0.0
2012,197550361,W_0,0.0,0.192967,0.0,0,,0.0
2013,203469726,W_0,0.0,0.185248,0.0,0,,0.0
2014,26807873,W_0,1.0,0.217839,0.0,1,C_112,0.0
2015,32172642,W_0,0.732161,0.209125,0.267839,0,,0.267839
2016,160249087,W_0,0.486428,0.20076,0.245733,0,,0.245733
2017,75418510,W_0,0.261347,0.19273,0.225081,0,,0.225081
2018,409923500,W_0,0.0555501,0.18502,0.205797,0,,0.205797
2019,189249213,W_0,0.0,0.17762,0.0555501,0,,0.0555501
2020,311959463,W_0,0.0,0.170515,0.0,0,,0.0
2021,786438579,W_0,1.0,0.203694,0.0,1,C_17,0.0
2022,52103368,W_0,1.74631,0.235546,0.253694,1,C_17,0.253694
2023,889707477,W_0,2.42344,0.266125,0.322862,1,C_17,0.322862
2024,700625890,W_0,3.03615,0.29548,0.387297,1,C_17,0.387297
2025,900196665,W_0,3.58886,0.32366,0.447287,1,C_17,0.447287
2026,158099258,W_0,4.08576,0.350714,0.503103,1,C_17,0.503103
2027,994119039,W_0,4.53076,0.376685,0.555002,1,C_17,0.555002
2028,471933248,W_0,4.92753,0.401618,0.603223,1,C_17,0.603223
2029,673264488,W_0,4.27954,0.385553,0.647995,0,,0.647995
2030,551819118,W_0,4.68001,0.410131,0.59953,1,C_97,0.59953
2031,114307133,W_0,5.03588,0.433726,0.644132,1,C_97,0.644132
2032,955999240,W_0,5.35036,0.456377,0.68552,1,C_97,0.68552
2033,765627481,W_0,4.62646,0.438122,0.723895,0,,0.723895
2034,239214911,W_0,4.95702,0.460597,0.669445,1,C_143,0.669445
2035,434308052,W_0,4.24857,0.442173,0.708448,0,,0.708448
2036,771351233,W_0,3.59397,0.424486,0.654602,0,,0.654602
2037,707620147,W_0,2.98978,0.407507,0.604185,0,,0.604185
2038,943854942,W_0,2.43279,0.391206,0.556996,0,,0.556996
2039,433730473,W_0,1.91994,0.375558,0.512846,0,,0.512846
2040,16540734,W_0,1.44839,0.360536,0.471555,0,,0.471555
2041,22381378,W_0,1.01543,0.346114,0.432955,0,,0.432955
2042,419319138,W_0,0.618545,0.33227,0.396886,0,,0.396886
2043,617965009,W_0,0.255348,0.318979,0.363197,0,,0.363197
2044,969447784,W_0,0.0,0.30622,0.255348,0,,0.255348
2045,714452205,W_0,0.0,0.293971,0.0,0,,0.0
2046,935246584,W_0,0.0,0.282212,0.0,0,,0.0
2047,568723668,W_0,0.0,0.270924,0.0,0,,0.0
2048,515326685,W_0,0.0,0.260087,0.0,0,,0.0
2049,646236143,W_0,0.0,0.249683,0.0,0,,0.0
2050,385758347,W_0,0.0,0.239696,0.0,0,,0.0
2051,742742087,W_0,0.0,0.230108,0.0,0,,0.0
2052,232537726,W_0,0.0,0.220904,0.0,0,,0.0
2053,974948221,W_0,0.0,0.212068,0.0,0,,0.0
2054,102372317,W_0,1.0,0.243585,0.0,1,C_69,0.0
2055,453200566,W_0,0.706415,0.233842,0.293585,0,,0.293585
2056,868082892,W_0,0.437253,0.224488,0.269162,0,,0.269162
2057,226162545,W_0,1.1909,0.255508,0.246351,1,C_51,0.246351
2058,636368869,W_0,0.875849,0.245288,0.315053,0,,0.315053
2059,179776414,W_0,0.586768,0.235477,0.289081,0,,0.289081
2060,849255067,W_0,0.321953,0.226057,0.264815,0,,0.264815
2061,695761714,W_0,0.0797981,0.217015,0.242155,0,,0.242155
2062,542930879,W_0,0.0,0.208335,0.0797981,0,,0.0797981
2063,862525122,W_0,0.0,0.200001,0.0,0,,0.0
2064,18113560,W_0,0.0,0.192001,0.0,0,,0.0
2065,730647642,W_0,0.0,0.184321,0.0,0,,0.0
2066,289213322,W_0,0.0,0.176948,0.0,0,,0.0
2067,579106939,W_0,0.0,0.16987,0.0,0,,0.0
2068,472802332,W_0,0.0,0.163076,0.0,0,,0.0
2069,287154452,W_0,0.0,0.156552,0.0,0,,0.0
2070,36702842,W_0,0.0,0.15029,0.0,0,,0.0
2071,103518373,W_0,0.0,0.144279,0.0,0,,0.0
2072,604053848,W_0,0.0,0.138508,0.0,0,,0.0
2073,122248663,W_0,0.0,0.132967,0.0,0,,0.0
2074,705444108,W_0,0.0,0.127649,0.0,0,,0.0
2075,819027401,W_0,0.0,0.122543,0.0,0,,0.0
2076,527008927,W_0,1.0,0.157641,0.0,1,C_25,0.0
2077,940470191,W_0,1.79236,0.191335,0.207641,1,C_25,0.207641
2078,600721642,W_0,2.51141,0.223682,0.280953,1,C_25,0.280953
2079,86001638,W_0,3.16215,0.254735,0.349252,1,C_25,0.349252
2080,294500229,W_0,3.74931,0.284545,0.412842,1,C_25,0.412842
2081,852928484,W_0,4.2773,0.313163,0.472011,1,C_25,0.472011
2082,193790622,W_0,4.75027,0.340637,0.527028,1,C_25,0.527028
2083,796741542,W_0,5.17212,0.367011,0.578151,1,C_25,0.578151
2084,405444119,W_0,4.5465,0.352331,0.625618,0,,0.625618
2085,247062196,W_0,3.96685,0.338238,0.579656,0,,0.579656
2086,825465308,W_0,3.43027,0.324708,0.53658,0,,0.53658
2087,153793589,W_0,2.93405,0.31172,0.496222,0,,0.496222
2088,465438920,W_0,3.47562,0.339251,0.458422,1,C_103,0.458422
2089,762799994,W_0,3.96259,0.365681,0.513032,1,C_103,0.513032
2090,545238127,W_0,4.39878,0.391054,0.563811,1,C_103,0.563811
2091,17289831,W_0,4.78779,0.415412,0.610993,1,C_103,0.610993
2092,816370817,W_0,5.13299,0.438795,0.654801,1,C_103,0.654801
2093,76045104,W_0,5.43754,0.461243,0.695445,1,C_103,0.695445
2094,942374896,W_0,5.70442,0.482794,0.733121,1,C_103,0.733121
2095,98966680,W_0,4.93641,0.463482,0.768015,0,,0.768015
2096,507288473,W_0,4.2261,0.444943,0.710302,0,,0.710302
2097,799201588,W_0,4.56986,0.467145,0.656248,1,C_81,0.656248
2098,398870415,W_0,3.87422,0.448459,0.695638,0,,0.695638
2099,168717917,W_0,3.23205,0.430521,0.64217,0,,0.64217
2100,510241059,W_0,2.63993,0.4133,0.592123,0,,0.592123
2101,175536614,W_0,2.09463,0.396768,0.545296,0,,0.545296
2102,212630840,W_0,1.59313,0.380897,0.501499,0,,0.501499
2103,995416057,W_0,1.13258,0.365661,0.460554,0,,0.460554
2104,557688162,W_0,0.710286,0.351035,0.42229,0,,0.42229
2105,503882900,W_0,1.32374,0.376993,0.386549,1,C_50,0.386549
2106,651906358,W_0,1.88056,0.401914,0.44318,1,C_50,0.44318
2107,34247352,W_0,2.38462,0.425837,0.495942,1,C_50,0.495942
2108,810130899,W_0,1.83955,0.408804,0.545068,0,,0.545068
2109,109570066,W_0,1.33877,0.392452,0.500781,0,,0.500781
2110,444731332,W_0,0.879376,0.376753,0.45939,0,,0.45939
2111,50862644,W_0,0.458654,0.361683,0.420722,0,,0.420722
2112,888385530,W_0,1.07404,0.387216,0.384616,1,C_95,0.384616
2113,113015809,W_0,1.63312,0.411727,0.440918,1,C_95,0.440918
2114,788540822,W_0,2.13974,0.435258,0.493383,1,C_95,0.493383
2115,998863196,W_0,2.59749,0.457848,0.542245,1,C_95,0.542245
2116,23334202,W_0,3.00977,0.479534,0.587723,1,C_95,0.587723
2117,755950956,W_0,3.37975,0.500353,0.630022,1,C_95,0.630022
2118,379372139,W_0,3.71041,0.520339,0.66934,1,C_95,0.66934
2119,146992035,W_0,3.00455,0.499525,0.705859,0,,0.705859
2120,308092742,W_0,2.3548,0.479544,0.649752,0,,0.649752
2121,863013966,W_0,1.75751,0.460362,0.597284,0,,0.597284
2122,504075371,W_0,1.20927,0.441948,0.548238,0,,0.548238
2123,90875478,W_0,0.706862,0.42427,0.502411,0,,0.502411
2124,275920677,W_0,0.247249,0.407299,0.459613,0,,0.459613
2125,390930089,W_0,-2.77556e-17,0.391007,0.247249,0,,0.247249
2126,885108556,W_0,-2.77556e-17,0.375367,0.0,0,,-2.77556e-17
2127,740523512,W_0,-2.77556e-17,0.360352,0.0,0,,-2.77556e-17
2128,410006504,W_0,-2.77556e-17,0.345938,0.0,0,,-2.77556e-17
2129,158537344,W_0,-2.77556e-17,0.332101,0.0,0,,-2.77556e-17
2130,778187132,W_0,-2.77556e-17,0.318817,0.0,0,,-2.77556e-17
2131,172625475,W_0,-2.77556e-17,0.306064,0.0,0,,-2.77556e-17
2132,783111289,W_0,-2.77556e-17,0.293821,0.0,0,,-2.77556e-17
2133,157310779,W_0,-2.77556e-17,0.282068,0.0,0,,-2.77556e-17
2134,146360551,W_0,-2.77556e-17,0.270786,0.0,0,,-2.77556e-17
2135,712039217,W_0,-2.77556e-17,0.259954,0.0,0,,-2.77556e-17
2136,326713866,W_0,-2.77556e-17,0.249556,0.0,0,,-2.77556e-17
2137,629366285,W_0,-2.77556e-17,0.239574,0.0,0,,-2.77556e-17
2138,910247574,W_0,-2.77556e-17,0.229991,0.0,0,,-2.77556e-17
2139,995859543,W_0,-2.77556e-17,0.220791,0.0,0,,-2.77556e-17
2140,852242604,W_0,-2.77556e-17,0.21196,0.0,0,,-2.77556e-17
2141,412049542,W_0,-2.77556e-17,0.203481,0.0,0,,-2.77556e-17
2142,409387997,W_0,-2.77556e-17,0.195342,0.0,0,,-2.77556e-17
2143,981684807,W_0,-2.77556e-17,0.187528,0.0,0,,-2.77556e-17
2144,417274801,W_0,-2.77556e-17,0.180027,0.0,0,,-2.77556e-17
2145,719848147,W_0,-2.77556e-17,0.172826,0.0,0,,-2.77556e-17
2146,524916162,W_0,-2.77556e-17,0.165913,0.0,0,,-2.77556e-17
2147,493733042,W_0,-2.77556e-17,0.159277,0.0,0,,-2.77556e-17
2148,32750144,W_0,-2.77556e-17,0.152905,0.0,0,,-2.77556e-17
2149,8081552,W_0,-2.77556e-17,0.146789,0.0,0,,-2.77556e-17
2150,256096603,W_0,1.0,0.180918,0.0,1,C_19,-2.77556e-17
2151,154864928,W_0,1.76908,0.213681,0.230918,1,C_19,0.230918
2152,562127766,W_0,2.46695,0.245134,0.302135,1,C_19,0.302135
2153,768013573,W_0,3.09847,0.275328,0.368481,1,C_19,0.368481
2154,649796091,W_0,3.66821,0.304315,0.430252,1,C_19,0.430252
2155,997729624,W_0,4.18049,0.332143,0.487726,1,C_19,0.487726
2156,992310571,W_0,3.63932,0.318857,0.541167,0,,0.541167
2157,891355062,W_0,3.1385,0.306103,0.500823,0,,0.500823
2158,551068208,W_0,2.67547,0.293859,0.463028,0,,0.463028
2159,285723415,W_0,2.24784,0.282104,0.427632,0,,0.427632
2160,370013795,W_0,1.85334,0.27082,0.394496,0,,0.394496
2161,577814853,W_0,1.48986,0.259987,0.363487,0,,0.363487
2162,526391239,W_0,1.15538,0.249588,0.33448,0,,0.33448
2163,840076080,W_0,0.848019,0.239604,0.307357,0,,0.307357
2164,19958277,W_0,1.56601,0.27002,0.282005,1,C_45,0.282005
2165,642748295,W_0,2.21769,0.299219,0.348321,1,C_45,0.348321
2166,316881673,W_0,2.80759,0.32725,0.410104,1,C_45,0.410104
2167,578260233,W_0,3.33996,0.35416,0.46763,1,C_45,0.46763
2168,507367842,W_0,3.8188,0.379994,0.521158,1,C_45,0.521158
2169,969831565,W_0,4.24787,0.404794,0.570934,1,C_45,0.570934
2170,381949494,W_0,4.63068,0.428603,0.617188,1,C_45,0.617188
2171,754482452,W_0,4.97054,0.451458,0.660136,1,C_45,0.660136
2172,126547925,W_0,4.27056,0.4334,0.699986,0,,0.699986
2173,178439794,W_0,3.62363,0.416064,0.646928,0,,0.646928
2174,374571589,W_0,3.02638,0.399422,0.597246,0,,0.597246
2175,939814931,W_0,2.47564,0.383445,0.550741,0,,0.550741
2176,385143625,W_0,1.96842,0.368107,0.507227,0,,0.507227
2177,540536213,W_0,1.50189,0.353383,0.466528,0,,0.466528
2178,5802224,W_0,1.07341,0.339247,0.428477,0,,0.428477
2179,139199476,W_0,0.680493,0.325677,0.392918,0,,0.392918
2180,268810552,W_0,0.320791,0.31265,0.359702,0,,0.359702
2181,663295432,W_0,0.0,0.300144,0.320791,0,,0.320791
2182,582612048,W_0,0.0,0.288139,0.0,0,,0.0
2183,699923636,W_0,1.0,0.316613,0.0,1,C_68,0.0
2184,764571657,W_0,0.633387,0.303948,0.366613,0,,0.366613
2185,90841486,W_0,0.297769,0.291791,0.335618,0,,0.335618
2186,398058304,W_0,0.0,0.280119,0.297769,0,,0.297769
2187,367745979,W_0,0.0,0.268914,0.0,0,,0.0
2188,533195740,W_0,0.0,0.258158,0.0,0,,0.0
2189,177284252,W_0,0.0,0.247831,0.0,0,,0.0
2190,610614089,W_0,0.0,0.237918,0.0,0,,0.0
2191,349917908,W_0,0.0,0.228401,0.0,0,,0.0
2192,279267435,W_0,0.0,0.219265,0.0,0,,0.0
2193,973309674,W_0,0.0,0.210495,0.0,0,,0.0
2194,540290531,W_0,0.0,0.202075,0.0,0,,0.0
2195,366489475,W_0,0.0,0.193992,0.0,0,,0.0
2196,116862748,W_0,0.0,0.186232,0.0,0,,0.0
2197,635435526,W_0,0.0,0.178783,0.0,0,,0.0
2198,153357976,W_0,0.0,0.171632,0.0,0,,0.0
2199,617869627,W_0,0.0,0.164766,0.0,0,,0.0
2200,129538069,W_0,0.0,0.158176,0.0,0,,0.0
2201,259754346,W_0,0.0,0.151849,0.0,0,,0.0
2202,710504892,W_0,0.0,0.145775,0.0,0,,0.0
2203,654937985,W_0,0.0,0.139944,0.0,0,,0.0
2204,296973408,W_0,0.0,0.134346,0.0,0,,0.0
2205,233852251,W_0,0.0,0.128972,0.0,0,,0.0
2206,177689851,W_0,0.0,0.123813,0.0,0,,0.0
2207,782130706,W_0,0.0,0.118861,0.0,0,,0.0
2208,616628457,W_0,0.0,0.114106,0.0,0,,0.0
2209,648381005,W_0,0.0,0.109542,0.0,0,,0.0
2210,544107574,W_0,0.0,0.10516,0.0,0,,0.0
2211,205448884,W_0,0.0,0.100954,0.0,0,,0.0
2212,199814760,W_0,0.0,0.0969158,0.0,0,,0.0
2213,748228421,W_0,0.0,0.0930391,0.0,0,,0.0
2214,347277849,W_0,0.0,0.0893176,0.0,0,,0.0
2215,72000610,W_0,0.0,0.0857449,0.0,0,,0.0
2216,503431635,W_0,0.0,0.0823151,0.0,0,,0.0
2217,586654159,W_0,0.0,0.0790225,0.0,0,,0.0
2218,249709360,W_0,0.0,0.0758616,0.0,0,,0.0
2219,98368979,W_0,1.0,0.112827,0.0,1,C_93,0.0
2220,224876073,W_0,1.83717,0.148314,0.162827,1,C_93,0.162827
2221,966733864,W_0,1.597,0.142381,0.240173,0,,0.240173
2222,390861863,W_0,1.37477,0.136686,0.222231,0,,0.222231
2223,179869989,W_0,2.16934,0.171219,0.205425,1,C_67,0.205425
2224,855765789,W_0,2.88966,0.20437,0.279686,1,C_67,0.279686
2225,146045709,W_0,2.54081,0.196195,0.348853,0,,0.348853
2226,136465980,W_0,2.21757,0.188347,0.323235,0,,0.323235
2227,997260375,W_0,1.91834,0.180814,0.299226,0,,0.299226
2228,101275358,W_0,2.64161,0.213581,0.276731,1,C_125,0.276731
2229,699737699,W_0,3.29595,0.245038,0.345662,1,C_125,0.345662
2230,442176292,W_0,3.88612,0.275236,0.409835,1,C_125,0.409835
2231,363614487,W_0,4.41657,0.304227,0.469542,1,C_125,0.469542
2232,346817599,W_0,4.89152,0.332058,0.525055,1,C_125,0.525055
2233,535444345,W_0,5.31489,0.358775,0.576634,1,C_125,0.576634
2234,215338940,W_0,5.69037,0.384424,0.62452,1,C_9,0.62452
2235,892635900,W_0,5.02142,0.369047,0.668943,0,,0.668943
2236,609194484,W_0,4.4013,0.354286,0.620119,0,,0.620119
2237,602825318,W_0,3.82695,0.340114,0.574351,0,,0.574351
2238,276970751,W_0,3.29549,0.32651,0.531462,0,,0.531462
2239,450826275,W_0,2.80421,0.313449,0.491284,0,,0.491284
2240,628535281,W_0,2.35055,0.300911,0.45366,0,,0.45366
2241,38042884,W_0,1.93211,0.288875,0.418439,0,,0.418439
2242,274767236,W_0,1.54663,0.27732,0.38548,0,,0.38548
2243,441060290,W_0,1.19198,0.266227,0.354651,0,,0.354651
2244,715616893,W_0,0.866152,0.255578,0.325826,0,,0.325826
2245,377535752,W_0,0.567267,0.245355,0.298885,0,,0.298885
2246,142867168,W_0,1.29355,0.275541,0.273718,1,C_77,0.273718
2247,999805580,W_0,1.95333,0.304519,0.340218,1,C_77,0.340218
2248,78243413,W_0,1.55115,0.292338,0.402185,0,,0.402185
2249,242741751,W_0,1.18125,0.280645,0.369895,0,,0.369895
2250,903903088,W_0,1.84154,0.309419,0.339707,1,C_20,0.339707
2251,919003025,W_0,2.44005,0.337042,0.401496,1,C_20,0.401496
2252,440019757,W_0,2.981,0.36356,0.459044,1,C_20,0.459044
2253,60964644,W_0,3.46839,0.389018,0.512611,1,C_20,0.512611
2254,982247510,W_0,3.90595,0.413457,0.562438,1,C_20,0.562438
2255,554589652,W_0,4.2972,0.436919,0.608755,1,C_20,0.608755
2256,389858774,W_0,4.64542,0.459442,0.651779,1,C_20,0.651779
2257,561251614,W_0,4.95371,0.481065,0.691713,1,C_20,0.691713
2258,28332579,W_0,5.22496,0.501822,0.72875,1,C_20,0.72875
2259,978597055,W_0,5.46189,0.521749,0.76307,1,C_20,0.76307
2260,148762925,W_0,5.66704,0.540879,0.794843,1,C_20,0.794843
2261,933469595,W_0,5.84281,0.559244,0.824231,1,C_20,0.824231
2262,762347960,W_0,5.99143,0.576874,0.851385,1,C_20,0.851385
2263,797261356,W_0,6.11498,0.593799,0.876446,1,C_20,0.876446
2264,244149392,W_0,6.21543,0.610047,0.899548,1,C_20,0.899548
2265,76445628,W_0,6.29461,0.625645,0.920819,1,C_20,0.920819
2266,306510309,W_0,6.35424,0.64062,0.940376,1,C_20,0.940376
2267,322571570,W_0,5.39591,0.614995,0.958332,0,,0.958332
2268,488042539,W_0,4.51112,0.590395,0.88479,0,,0.88479
2269,180060890,W_0,3.69517,0.566779,0.815951,0,,0.815951
2270,774781093,W_0,2.94363,0.544108,0.751538,0,,0.751538
2271,469584490,W_0,2.25234,0.522344,0.691289,0,,0.691289
2272,616463844,W_0,1.61738,0.50145,0.634961,0,,0.634961
2273,907188696,W_0,1.03506,0.481392,0.582319,0,,0.582319
2274,223852659,W_0,0.501915,0.462136,0.533145,0,,0.533145
2275,201794649,W_0,0.201328,0.443651,0.300587,0,,0.487232
2276,576381922,W_0,0.0,0.425905,0.201328,0,,0.201328
2277,630121904,W_0,0.0,0.408869,0.0,0,,0.0
2278,175332011,W_0,0.0,0.392514,0.0,0,,0.0
2279,85359099,W_0,0.0,0.376813,0.0,0,,0.0
2280,37597632,W_0,0.0,0.361741,0.0,0,,0.0
2281,72579765,W_0,0.0,0.347271,0.0,0,,0.0
2282,343523603,W_0,0.0,0.33338,0.0,0,,0.0
2283,626570749,W_0,1.0,0.360045,0.0,1,C_10,0.0
2284,897720934,W_0,0.589955,0.345643,0.410045,0,,0.410045
2285,723647142,W_0,0.214814,0.331818,0.375141,0,,0.375141
2286,349716840,W_0,0.0,0.318545,0.214814,0,,0.214814
2287,570508258,W_0,0.0,0.305803,0.0,0,,0.0
2288,614858144,W_0,1.0,0.333571,0.0,1,C_58,0.0
2289,346023140,W_0,1.61643,0.360228,0.383571,1,C_58,0.383571
2290,735302740,W_0,2.17538,0.385819,0.44105,1,C_58,0.44105
2291,23304138,W_0,2.68079,0.410386,0.494588,1,C_58,0.494588
2292,410354809,W_0,2.13637,0.393971,0.544426,0,,0.544426
2293,689778753,W_0,1.63558,0.378212,0.500789,0,,0.500789
2294,39359963,W_0,1.17559,0.363083,0.459991,0,,0.459991
2295,188074768,W_0,0.753723,0.34856,0.421863,0,,0.421863
2296,213470384,W_0,0.367477,0.334618,0.386246,0,,0.386246
2297,353277968,W_0,0.0144854,0.321233,0.352992,0,,0.352992
2298,353275719,W_0,0.0,0.308384,0.0144854,0,,0.0144854
2299,103026709,W_0,0.0,0.296048,0.0,0,,0.0
2300,287897183,W_0,1.0,0.324206,0.0,1,C_144,0.0
2301,349662734,W_0,1.62579,0.351238,0.374206,1,C_144,0.374206
2302,966284537,W_0,2.19327,0.377189,0.432528,1,C_144,0.432528
2303,491346464,W_0,2.70641,0.402101,0.486852,1,C_144,0.486852
2304,777779765,W_0,3.16899,0.426017,0.537422,1,C_144,0.537422
2305,849797157,W_0,3.58453,0.448976,0.584467,1,C_144,0.584467
2306,752374673,W_0,3.95632,0.471017,0.628203,1,C_144,0.628203
2307,489083879,W_0,4.28749,0.492177,0.668833,1,C_144,0.668833
2308,56041001,W_0,4.58094,0.51249,0.706551,1,C_144,0.706551
2309,159364208,W_0,4.8394,0.53199,0.741536,1,C_144,0.741536
2310,996832411,W_0,5.06544,0.55071,0.77396,1,C_128,0.77396
2311,317708888,W_0,5.26146,0.568682,0.803982,1,C_128,0.803982
2312,265453312,W_0,5.4297,0.585935,0.831755,1,C_128,0.831755
2313,245399566,W_0,4.57228,0.562497,0.85742,0,,0.85742
2314,748958268,W_0,3.78117,0.539997,0.791112,0,,0.791112
2315,414715356,W_0,3.05212,0.518398,0.729056,0,,0.729056
2316,161351974,W_0,2.38111,0.497662,0.671003,0,,0.671003
2317,221277985,W_0,1.7644,0.477755,0.616717,0,,0.616717
2318,811273367,W_0,1.19842,0.458645,0.565975,0,,0.565975
2319,782675608,W_0,0.679855,0.440299,0.518566,0,,0.518566
2320,265673025,W_0,1.20556,0.462687,0.474292,1,C_54,0.474292
2321,83332651,W_0,1.6826,0.48418,0.522965,1,C_54,0.522965
2322,955110674,W_0,1.11429,0.464812,0.56831,0,,0.56831
2323,977718820,W_0,1.59376,0.48622,0.520527,1,C_11,0.520527
2324,18165153,W_0,2.02785,0.506771,0.565908,1,C_11,0.565908
2325,656029878,W_0,2.41969,0.5265,0.608164,1,C_11,0.608164
2326,781285375,W_0,2.7722,0.54544,0.647485,1,C_11,0.647485
2327,223542819,W_0,2.08815,0.523623,0.684051,0,,0.684051
2328,523625071,W_0,1.46012,0.502678,0.62803,0,,0.62803
2329,423317981,W_0,1.88444,0.522571,0.575684,1,C_110,0.575684
2330,815377599,W_0,1.26765,0.501668,0.616793,0,,0.616793
2331,441947027,W_0,0.702597,0.481601,0.56505,0,,0.56505
2332,801167213,W_0,0.185866,0.462337,0.516731,0,,0.516731
2333,576918239,W_0,1.0,0.483844,0.185866,1,C_84,0.185866
2334,248077033,W_0,1.46616,0.50449,0.533844,1,C_84,0.533844
2335,796721162,W_0,1.88836,0.52431,0.577798,1,C_84,0.577798
2336,990462208,W_0,2.26963,0.543338,0.618728,1,C_84,0.618728
2337,536489039,W_0,2.61281,0.561604,0.656819,1,C_84,0.656819
2338,860867527,W_0,1.92057,0.53914,0.692245,0,,0.692245
2339,554149790,W_0,1.2854,0.517575,0.635168,0,,0.635168
2340,579513937,W_0,0.703553,0.496872,0.581844,0,,0.581844
2341,47515607,W_0,0.171504,0.476997,0.532049,0,,0.532049
2342,446679023,W_0,0.0,0.457917,0.171504,0,,0.171504
2343,377167811,W_0,0.0,0.4396,0.0,0,,0.0
2344,472020215,W_0,1.0,0.462016,0.0,1,C_2,0.0
2345,582718684,W_0,1.48798,0.483536,0.512016,1,C_2,0.512016
2346,357919164,W_0,1.93005,0.504194,0.557935,1,C_2,0.557935
2347,566868596,W_0,1.32935,0.484026,0.600697,0,,0.600697
2348,642319765,W_0,1.77886,0.504665,0.550494,1,K_18,0.550494
2349,931646822,W_0,1.18525,0.484479,0.593608,0,,0.593608
2350,497132531,W_0,0.641509,0.4651,0.543741,0,,0.543741
2351,132538134,W_0,0.144334,0.446496,0.497175,0,,0.497175
2352,131465035,W_0,0.0,0.428636,0.144334,0,,0.144334
2353,830413152,W_0,0.0,0.41149,0.0,0,,0.0
2354,225034680,W_0,0.0,0.395031,0.0,0,,0.0
2355,383993208,W_0,0.0,0.379229,0.0,0,,0.0
2356,133662534,W_0,0.0,0.36406,0.0,0,,0.0
2357,535874082,W_0,0.0,0.349498,0.0,0,,0.0
2358,385930649,W_0,1.0,0.375518,0.0,1,K_36,0.0
2359,526640947,W_0,0.574482,0.360497,0.425518,0,,0.425518
2360,984329697,W_0,0.185261,0.346077,0.389221,0,,0.389221
2361,53005562,W_0,0.0,0.332234,0.185261,0,,0.185261
2362,287642983,W_0,1.0,0.358945,0.0,1,C_136,0.0
2363,246142264,W_0,0.591055,0.344587,0.408945,0,,0.408945
2364,758205076,W_0,0.216915,0.330804,0.37414,0,,0.37414
2365,743524246,W_0,0.0,0.317571,0.216915,0,,0.216915
2366,265814917,W_0,0.0,0.304869,0.0,0,,0.0
2367,463722965,W_0,0.0,0.292674,0.0,0,,0.0
2368,166224951,W_0,0.0,0.280967,0.0,0,,0.0
2369,227020678,W_0,0.0,0.269728,0.0,0,,0.0
2370,550307564,W_0,0.0,0.258939,0.0,0,,0.0
2371,897324847,W_0,0.0,0.248582,0.0,0,,0.0
2372,405428543,W_0,1.0,0.278638,0.0,1,C_0,0.0
2373,440745036,W_0,0.671362,0.267493,0.328638,0,,0.328638
2374,821754314,W_0,0.370301,0.256793,0.301061,0,,0.301061
2375,257057783,W_0,0.0949928,0.246521,0.275308,0,,0.275308
2376,115962158,W_0,1.0,0.27666,0.0949928,1,C_143,0.0949928
2377,258143860,W_0,1.67334,0.305594,0.32666,1,C_143,0.32666
2378,235048967,W_0,2.28408,0.33337,0.389261,1,C_143,0.389261
2379,434674100,W_0,2.8365,0.360035,0.447574,1,C_143,0.447574
2380,260348902,W_0,2.33464,0.345634,0.501861,0,,0.501861
2381,346683771,W_0,1.87228,0.331809,0.462366,0,,0.462366
2382,391059791,W_0,1.44685,0.318536,0.425423,0,,0.425423
2383,750394654,W_0,1.05598,0.305795,0.390879,0,,0.390879
2384,933326076,W_0,0.697382,0.293563,0.358594,0,,0.358594
2385,663795530,W_0,0.36895,0.281821,0.328432,0,,0.328432
2386,505618219,W_0,0.0686818,0.270548,0.300268,0,,0.300268
2387,599997035,W_0,0.0,0.259726,0.0686818,0,,0.0686818
2388,170458730,W_0,1.0,0.289337,0.0,1,C_135,0.0
2389,536854643,W_0,1.66066,0.317763,0.339337,1,C_135,0.339337
2390,723778451,W_0,2.25987,0.345053,0.400797,1,C_135,0.400797
2391,922136043,W_0,2.80182,0.371251,0.458046,1,C_135,0.458046
2392,536605871,W_0,3.29048,0.396401,0.511342,1,C_135,0.511342
2393,796098945,W_0,2.72955,0.380545,0.560925,0,,0.560925
2394,759032485,W_0,3.21253,0.405323,0.517022,1,C_147,0.517022
2395,202055452,W_0,3.64658,0.42911,0.565949,1,C_147,0.565949
2396,498801715,W_0,4.03514,0.451946,0.611439,1,C_147,0.611439
2397,1010985,W_0,4.38144,0.473868,0.653703,1,C_147,0.653703
2398,385404243,W_0,4.6885,0.494913,0.69294,1,C_147,0.69294
2399,707805907,W_0,4.95916,0.515117,0.729338,1,C_147,0.729338
2400,724485197,W_0,5.19609,0.534512,0.763075,1,C_147,0.763075
2401,926232677,W_0,5.40177,0.553131,0.794316,1,C_147,0.794316
2402,135872861,W_0,4.57855,0.531006,0.82322,0,,0.82322
2403,603482619,W_0,3.81862,0.509766,0.759934,0,,0.759934
2404,698295420,W_0,3.11792,0.489375,0.700697,0,,0.700697
2405,685644943,W_0,2.47265,0.4698,0.645271,0,,0.645271
2406,294047510,W_0,1.87922,0.451008,0.593433,0,,0.593433
2407,871950279,W_0,1.33425,0.432968,0.544969,0,,0.544969
2408,318207950,W_0,0.834568,0.415649,0.49968,0,,0.49968
2409,655956415,W_0,0.377191,0.399023,0.457378,0,,0.457378
2410,164396345,W_0,0.0,0.383062,0.377191,0,,0.377191
2411,93631613,W_0,0.0,0.36774,0.0,0,,0.0
2412,298951030,W_0,0.0,0.35303,0.0,0,,0.0
2413,619151542,W_0,0.0,0.338909,0.0,0,,0.0
2414,592533501,W_0,0.0,0.325353,0.0,0,,0.0
2415,398016272,W_0,0.0,0.312339,0.0,0,,0.0
2416,257124760,W_0,0.0,0.299845,0.0,0,,0.0
2417,18799504,W_0,1.0,0.327851,0.0,1,C_94,0.0
2418,783427944,W_0,0.622149,0.314737,0.377851,0,,0.377851
2419,489871409,W_0,0.276304,0.302148,0.345845,0,,0.345845
2420,916923107,W_0,0.0,0.290062,0.276304,0,,0.276304
2421,411235030,W_0,0.0,0.278459,0.0,0,,0.0
2422,526612167,W_0,0.0,0.267321,0.0,0,,0.0
2423,684755455,W_0,1.0,0.296628,0.0,1,C_13,0.0
2424,822438752,W_0,1.65337,0.324763,0.346628,1,C_13,0.346628
2425,654278565,W_0,2.24594,0.351772,0.407432,1,C_13,0.407432
2426,267804204,W_0,2.78187,0.377702,0.464069,1,C_13,0.464069
2427,618061019,W_0,3.26508,0.402593,0.516795,1,C_13,0.516795
2428,87069081,W_0,3.69923,0.42649,0.565847,1,C_13,0.565847
2429,905238560,W_0,4.08778,0.44943,0.611451,1,C_13,0.611451
2430,584195608,W_0,3.43396,0.431453,0.653819,0,,0.653819
2431,214553266,W_0,2.83081,0.414195,0.603151,0,,0.603151
2432,930176215,W_0,2.27507,0.397627,0.555735,0,,0.555735
2433,91792101,W_0,1.76369,0.381722,0.511381,0,,0.511381
2434,354408709,W_0,1.29379,0.366453,0.469907,0,,0.469907
2435,399254565,W_0,0.862643,0.351795,0.431142,0,,0.431142
2436,928284717,W_0,0.467716,0.337723,0.394927,0,,0.394927
2437,71400739,W_0,0.106607,0.324214,0.361109,0,,0.361109
2438,336537595,W_0,0.0,0.311246,0.106607,0,,0.106607
2439,847361238,W_0,0.0,0.298796,0.0,0,,0.0
2440,278285107,W_0,0.0,0.286844,0.0,0,,0.0
2441,605548176,W_0,0.0,0.27537,0.0,0,,0.0
2442,75582047,W_0,0.0,0.264355,0.0,0,,0.0
2443,200455337,W_0,0.0,0.253781,0.0,0,,0.0
2444,207891496,W_0,0.0,0.24363,0.0,0,,0.0
2445,297492982,W_0,1.0,0.273885,0.0,1,C_80,0.0
2446,750393344,W_0,1.67612,0.302929,0.323885,1,C_80,0.323885
2447,957061464,W_0,2.28938,0.330812,0.386735,1,C_80,0.386735
2448,131517175,W_0,2.8441,0.35758,0.445281,1,C_80,0.445281
2449,161946516,W_0,3.34431,0.383277,0.499785,1,C_80,0.499785
2450,540087357,W_0,3.79382,0.407945,0.550492,1,C_80,0.550492
2451,185529077,W_0,4.19619,0.431628,0.597637,1,C_80,0.597637
2452,154834625,W_0,4.55475,0.454363,0.641437,1,C_80,0.641437
2453,929021998,W_0,4.87265,0.476188,0.6821,1,C_80,0.6821
2454,297403492,W_0,5.15283,0.49714,0.71982,1,C_80,0.71982
2455,714431860,W_0,4.39805,0.477255,0.754782,0,,0.754782
2456,489990309,W_0,3.70089,0.458165,0.697157,0,,0.697157
2457,309716217,W_0,3.05768,0.439838,0.643209,0,,0.643209
2458,972616019,W_0,2.46496,0.422245,0.592722,0,,0.592722
2459,936920628,W_0,1.91947,0.405355,0.545492,0,,0.545492
2460,838547402,W_0,1.41814,0.389141,0.501328,0,,0.501328
2461,929761800,W_0,0.95809,0.373575,0.460047,0,,0.460047
2462,791996733,W_0,1.53661,0.398632,0.421479,1,C_0,0.421479
2463,687385581,W_0,1.06115,0.382687,0.475462,0,,0.475462
2464,619494882,W_0,1.6254,0.407379,0.435744,1,C_171,0.435744
2465,10327891,W_0,2.13675,0.431084,0.488649,1,C_171,0.488649
2466,989063609,W_0,1.59883,0.413841,0.537922,0,,0.537922
2467,214360512,W_0,1.10505,0.397287,0.493782,0,,0.493782
2468,639250654,W_0,0.652511,0.381396,0.45254,0,,0.45254
2469,948568561,W_0,0.238489,0.36614,0.414021,0,,0.414021
2470,578898072,W_0,0.0,0.351494,0.238489,0,,0.238489
2471,153189082,W_0,0.0,0.337434,0.0,0,,0.0
2472,85116041,W_0,0.0,0.323937,0.0,0,,0.0
2473,819037115,W_0,0.0,0.31098,0.0,0,,0.0
2474,21981301,W_0,0.0,0.29854,0.0,0,,0.0
2475,392084842,W_0,0.0,0.286599,0.0,0,,0.0
2476,252313132,W_0,0.0,0.275135,0.0,0,,0.0
2477,652102458,W_0,0.0,0.264129,0.0,0,,0.0
2478,274107485,W_0,1.0,0.293564,0.0,1,K_19,0.0
2479,906136854,W_0,0.656436,0.281822,0.343564,0,,0.343564
2480,52577317,W_0,0.341792,0.270549,0.314643,0,,0.314643
2481,567457252,W_0,0.0541539,0.259727,0.287638,0,,0.287638
2482,322088845,W_0,0.0,0.249338,0.0541539,0,,0.0541539
2483,366011235,W_0,1.0,0.279364,0.0,1,K_18,0.0
2484,750258452,W_0,0.670636,0.26819,0.329364,0,,0.329364
2485,879204362,W_0,0.368914,0.257462,0.301721,0,,0.301721
2486,74438305,W_0,0.0930064,0.247164,0.275908,0,,0.275908
2487,714645439,W_0,0.0,0.237277,0.0930064,0,,0.0930064
2488,570699251,W_0,0.0,0.227786,0.0,0,,0.0
2489,214613607,W_0,0.0,0.218675,0.0,0,,0.0
2490,72767638,W_0,1.0,0.249928,0.0,1,C_175,0.0
2491,717372433,W_0,1.70007,0.27993,0.299928,1,C_175,0.299928
2492,308076800,W_0,2.33514,0.308733,0.364934,1,C_175,0.364934
2493,798990541,W_0,2.90965,0.336384,0.42549,1,C_175,0.42549
2494,898694002,W_0,3.42778,0.362929,0.481866,1,C_175,0.481866
2495,850731896,W_0,3.89346,0.388411,0.534318,1,C_175,0.534318
2496,614616889,W_0,4.31038,0.412875,0.583085,1,C_175,0.583085
2497,905075008,W_0,4.68199,0.43636,0.628394,1,C_175,0.628394
2498,764539741,W_0,5.01153,0.458906,0.670459,1,C_48,0.670459
2499,165950187,W_0,5.30204,0.480549,0.709482,1,C_48,0.709482
2500,430704698,W_0,5.55639,0.501327,0.745652,1,C_48,0.745652
2501,913175289,W_0,5.77725,0.521274,0.779147,1,C_48,0.779147
2502,22580244,W_0,5.96711,0.540423,0.810137,1,C_48,0.810137
2503,53320440,W_0,5.12833,0.518806,0.838779,0,,0.838779
2504,333455652,W_0,4.35311,0.498054,0.775223,0,,0.775223
2505,826670068,W_0,3.6374,0.478132,0.71571,0,,0.71571
2506,760736693,W_0,3.9774,0.499007,0.660002,1,C_105,0.660002
2507,498756511,W_0,4.27952,0.519046,0.697877,1,C_105,0.697877
2508,750334196,W_0,3.5465,0.498285,0.733022,0,,0.733022
2509,288084974,W_0,2.87089,0.478353,0.675609,0,,0.675609
2510,419958692,W_0,2.24899,0.459219,0.621898,0,,0.621898
2511,581786073,W_0,2.67732,0.48085,0.571669,1,C_22,0.571669
2512,874668077,W_0,3.67732,0.501616,0.0,1,C_22,0.614716
2513,537969122,W_0,3.99184,0.521552,0.685482,1,C_22,0.685482
2514,206048005,W_0,3.2707,0.50069,0.721144,0,,0.721144
2515,826816857,W_0,2.60647,0.480662,0.664224,0,,0.664224
2516,496787700,W_0,1.99549,0.461435,0.610986,0,,0.610986
2517,143062590,W_0,1.43428,0.442978,0.56121,0,,0.56121
2518,246280155,W_0,1.91958,0.465259,0.514692,1,C_164,0.514692
2519,728308553,W_0,2.35835,0.486649,0.561238,1,C_164,0.561238
2520,719678995,W_0,2.75378,0.507183,0.604566,1,C_164,0.604566
2521,966472566,W_0,2.10891,0.486895,0.644872,0,,0.644872
2522,459390445,W_0,2.51657,0.50742,0.592341,1,K_18,0.592341
2523,622078974,W_0,1.88332,0.487123,0.633248,0,,0.633248
2524,759459178,W_0,1.30203,0.467638,0.581289,0,,0.581289
2525,326652770,W_0,0.769292,0.448932,0.532739,0,,0.532739
2526,676943526,W_0,0.281895,0.430975,0.487397,0,,0.487397
2527,893282210,W_0,1.0,0.453736,0.281895,1,C_179,0.281895
2528,814725606,W_0,0.496264,0.435587,0.503736,0,,0.503736
2529,419333092,W_0,0.0358642,0.418163,0.4604,0,,0.4604
2530,697965843,W_0,1.0,0.441437,0.0358642,1,C_2,0.0358642
2531,826661571,W_0,1.50856,0.463779,0.491437,1,C_2,0.491437
2532,758284485,W_0,1.96936,0.485228,0.539207,1,C_2,0.539207
2533,252783875,W_0,2.38566,0.505819,0.583696,1,C_2,0.583696
2534,617853436,W_0,2.76056,0.525586,0.625102,1,C_2,0.625102
2535,647917443,W_0,3.09694,0.544563,0.663614,1,C_2,0.663614
2536,353809994,W_0,3.39753,0.56278,0.69941,1,C_2,0.69941
2537,894558578,W_0,3.66488,0.580269,0.732657,1,C_2,0.732657
2538,850989993,W_0,2.90136,0.557058,0.763513,0,,0.763513
2539,450511796,W_0,2.19924,0.534776,0.702126,0,,0.702126
2540,200563567,W_0,1.5545,0.513385,0.644738,0,,0.644738
2541,296435686,W_0,0.963391,0.492849,0.59111,0,,0.59111
2542,391036769,W_0,0.422372,0.473135,0.541019,0,,0.541019
2543,985294290,W_0,0.0,0.45421,0.422372,0,,0.422372
2544,284841752,W_0,1.0,0.476042,0.0,1,C_167,0.0
2545,652387190,W_0,1.47396,0.497,0.526042,1,C_167,0.526042
2546,941445681,W_0,0.90326,0.47712,0.570698,0,,0.570698
2547,620463299,W_0,0.380977,0.458035,0.522283,0,,0.522283
2548,614657793,W_0,0.0,0.439714,0.380977,0,,0.380977
2549,339713335,W_0,0.0,0.422125,0.0,0,,0.0
2550,461295826,W_0,0.0,0.40524,0.0,0,,0.0
2551,431768,W_0,0.0,0.389031,0.0,0,,0.0
2552,763150544,W_0,0.0,0.373469,0.0,0,,0.0
2553,512903289,W_0,0.0,0.358531,0.0,0,,0.0
2554,679903009,W_0,1.0,0.384189,0.0,1,C_14,0.0
2555,515392370,W_0,1.56581,0.408822,0.434189,1,C_121,0.434189
2556,189372756,W_0,2.0787,0.432469,0.487112,1,C_121,0.487112
2557,722654182,W_0,2.54229,0.45517,0.536404,1,C_121,0.536404
2558,81913823,W_0,2.96001,0.476963,0.582285,1,C_121,0.582285
2559,869291644,W_0,3.33505,0.497885,0.624964,1,C_121,0.624964
2560,566586203,W_0,2.67041,0.477969,0.664637,0,,0.664637
2561,45892211,W_0,2.05892,0.458851,0.61149,0,,0.61149
2562,410852903,W_0,1.49712,0.440497,0.561797,0,,0.561797
2563,578884827,W_0,0.981769,0.422877,0.515353,0,,0.515353
2564,770638041,W_0,0.509804,0.405962,0.471965,0,,0.471965
2565,705356320,W_0,0.0783523,0.389723,0.431452,0,,0.431452
2566,65962577,W_0,1.0,0.414134,0.0783523,1,C_52,0.0783523
2567,465719384,W_0,1.53587,0.437569,0.464134,1,C_52,0.464134
2568,901672867,W_0,1.0215,0.420066,0.514362,0,,0.514362
2569,447429783,W_0,1.55036,0.443264,0.471141,1,C_7,0.471141
2570,365781255,W_0,2.02958,0.465533,0.520782,1,C_7,0.520782
2571,20105351,W_0,2.46257,0.486912,0.567012,1,C_7,0.567012
2572,90856018,W_0,2.04706,0.467435,0.41551,0,,0.61004
2573,931205376,W_0,2.47727,0.488738,0.569788,1,K_23,0.569788
2574,318112118,W_0,1.86467,0.469188,0.612601,0,,0.612601
2575,227058199,W_0,1.30225,0.450421,0.562422,0,,0.562422
2576,710951667,W_0,1.78671,0.472404,0.515533,1,C_145,0.515533
2577,361061456,W_0,2.22497,0.493508,0.56174,1,C_145,0.56174
2578,824446923,W_0,1.62022,0.473767,0.604756,0,,0.604756
2579,695601622,W_0,1.06544,0.454817,0.554778,0,,0.554778
2580,431840755,W_0,0.557351,0.436624,0.508089,0,,0.508089
2581,853109011,W_0,1.09286,0.459159,0.464492,1,C_119,0.464492
2582,452054785,W_0,1.57906,0.480793,0.513802,1,C_119,0.513802
2583,758461519,W_0,2.01931,0.501561,0.559746,1,C_119,0.559746
2584,289905771,W_0,2.41678,0.521499,0.602527,1,C_119,0.602527
2585,996779754,W_0,2.77445,0.540639,0.642338,1,C_119,0.642338
2586,626526873,W_0,3.09509,0.559013,0.679361,1,C_119,0.679361
2587,978142126,W_0,3.38132,0.576653,0.713767,1,C_119,0.713767
2588,898290865,W_0,3.6356,0.593587,0.745719,1,C_119,0.745719
2589,675808469,W_0,3.86023,0.609843,0.775366,1,C_119,0.775366
2590,456861800,W_0,3.05738,0.585449,0.802855,0,,0.802855
2591,966377870,W_0,2.31906,0.562031,0.738318,0,,0.738318
2592,635038293,W_0,1.64108,0.53955,0.677984,0,,0.677984
2593,515782537,W_0,2.01947,0.557968,0.621604,1,C_92,0.621604
2594,580513096,W_0,1.36053,0.535649,0.658942,0,,0.658942
2595,166889684,W_0,0.756855,0.514223,0.603676,0,,0.603676
2596,823362535,W_0,0.204789,0.493654,0.552066,0,,0.552066
2597,216496804,W_0,0.0,0.473908,0.204789,0,,0.204789
2598,116243357,W_0,1.0,0.494952,0.0,1,C_82,0.0
2599,140239420,W_0,1.45505,0.515154,0.544952,1,C_82,0.544952
2600,233895847,W_0,1.86714,0.534548,0.587906,1,C_82,0.587906
2601,428107551,W_0,2.23924,0.553166,0.627905,1,C_164,0.627905
2602,525991549,W_0,3.23924,0.571039,0.0,1,C_164,0.665128
2603,644389852,W_0,2.50624,0.548198,0.733001,0,,0.733001
2604,293542551,W_0,2.83273,0.56627,0.673509,1,C_134,0.673509
2605,743233834,W_0,3.12482,0.583619,0.707906,1,C_134,0.707906
2606,784454419,W_0,2.38496,0.560274,0.73986,0,,0.73986
2607,866026180,W_0,1.70544,0.537863,0.679522,0,,0.679522
2608,554072788,W_0,1.0823,0.516349,0.623135,0,,0.623135
2609,449497251,W_0,0.51184,0.495695,0.570464,0,,0.570464
2610,588380738,W_0,0.0,0.475867,0.51184,0,,0.51184
2611,233737317,W_0,0.0,0.456832,0.0,0,,0.0
2612,479925238,W_0,0.0,0.438559,0.0,0,,0.0
2613,878412159,W_0,0.0,0.421017,0.0,0,,0.0
2614,921947073,W_0,0.0,0.404176,0.0,0,,0.0
2615,8790620,W_0,1.0,0.428009,0.0,1,C_107,0.0
2616,347554775,W_0,1.52199,0.450889,0.478009,1,C_107,0.478009
2617,948192625,W_0,1.995,0.472853,0.526988,1,C_107,0.526988
2618,114833669,W_0,1.4224,0.453939,0.572603,0,,0.572603
2619,362833114,W_0,0.897341,0.435781,0.525059,0,,0.525059
2620,973633764,W_0,0.416693,0.41835,0.480648,0,,0.480648
2621,189393065,W_0,1.0,0.441616,0.416693,1,C_58,0.416693
2622,776748419,W_0,1.50838,0.463951,0.491616,1,C_58,0.491616
2623,51229208,W_0,1.96901,0.485393,0.539371,1,C_58,0.539371
2624,394434128,W_0,1.38517,0.465978,0.583844,0,,0.583844
2625,136811892,W_0,0.849933,0.447339,0.535236,0,,0.535236
2626,15473889,W_0,1.3601,0.469445,0.489835,1,C_34,0.489835
2627,286909158,W_0,1.82265,0.490667,0.53745,1,C_23,0.53745
2628,530255117,W_0,2.24085,0.511041,0.5818,1,C_23,0.5818
2629,427946681,W_0,1.61777,0.490599,0.623083,0,,0.623083
2630,551655647,W_0,1.04628,0.470975,0.571487,0,,0.571487
2631,298565148,W_0,0.52299,0.452136,0.523289,0,,0.523289
2632,140405306,W_0,0.0447042,0.434051,0.478285,0,,0.478285
2633,481694586,W_0,0.0,0.416688,0.0447042,0,,0.0447042
2634,688409781,W_0,0.0,0.400021,0.0,0,,0.0
2635,926744698,W_0,0.0,0.38402,0.0,0,,0.0
2636,225837727,W_0,0.0,0.368659,0.0,0,,0.0
2637,473995311,W_0,1.0,0.393913,0.0,1,C_73,0.0
2638,578534621,W_0,1.55609,0.418156,0.443913,1,C_73,0.443913
2639,763157910,W_0,2.06013,0.44143,0.495961,1,C_73,0.495961
2640,346787807,W_0,1.51569,0.423773,0.544436,0,,0.544436
2641,928905743,W_0,1.01613,0.406822,0.499557,0,,0.499557
2642,349498414,W_0,0.558504,0.390549,0.457629,0,,0.457629
2643,744188345,W_0,0.140029,0.374927,0.418474,0,,0.418474
2644,215228824,W_0,0.0,0.35993,0.140029,0,,0.140029
2645,426681590,W_0,0.0,0.345533,0.0,0,,0.0
2646,23456000,W_0,0.0,0.331712,0.0,0,,0.0
2647,686397192,W_0,0.0,0.318443,0.0,0,,0.0
2648,630794563,W_0,0.0,0.305705,0.0,0,,0.0
2649,722770675,W_0,0.0,0.293477,0.0,0,,0.0
2650,652778033,W_0,0.0,0.281738,0.0,0,,0.0
2651,210393295,W_0,0.0,0.270469,0.0,0,,0.0
2652,625948958,W_0,0.0,0.25965,0.0,0,,0.0
2653,121269713,W_0,0.0,0.249264,0.0,0,,0.0
2654,101776040,W_0,1.0,0.279293,0.0,1,C_50,0.0
2655,736243164,W_0,0.670707,0.268122,0.329293,0,,0.329293
2656,291324287,W_0,0.36905,0.257397,0.301657,0,,0.301657
2657,11516533,W_0,0.0932007,0.247101,0.275849,0,,0.275849
2658,162851469,W_0,0.0,0.237217,0.0932007,0,,0.0932007
2659,729434974,W_0,0.0,0.227728,0.0,0,,0.0
2660,379806679,W_0,1.0,0.258619,0.0,1,C_176,0.0
2661,351426058,W_0,1.69138,0.288274,0.308619,1,C_176,0.308619
2662,904212298,W_0,2.69138,0.316743,0.0,1,C_176,0.372843
2663,416556236,W_0,3.24007,0.344074,0.451312,1,C_176,0.451312
2664,981407951,W_0,3.73399,0.370311,0.506077,1,C_176,0.506077
2665,963799272,W_0,3.17698,0.355498,0.55701,0,,0.55701
2666,529309901,W_0,2.66263,0.341278,0.514347,0,,0.514347
2667,850446825,W_0,2.18822,0.327627,0.47441,0,,0.47441
2668,463428715,W_0,1.75119,0.314522,0.437038,0,,0.437038
2669,946192959,W_0,2.3491,0.341941,0.402081,1,C_60,0.402081
2670,224454625,W_0,2.88971,0.368263,0.459396,1,C_60,0.459396
2671,596991224,W_0,3.37696,0.393533,0.512749,1,C_60,0.512749
2672,484349339,W_0,3.81458,0.417792,0.562381,1,C_60,0.562381
2673,256406738,W_0,4.20606,0.44108,0.608521,1,C_60,0.608521
2674,461035561,W_0,4.55468,0.463437,0.651383,1,C_60,0.651383
2675,961376400,W_0,4.8635,0.484899,0.691171,1,C_60,0.691171
2676,304523329,W_0,4.13543,0.465503,0.728075,0,,0.728075
2677,681372761,W_0,4.46316,0.486883,0.672275,1,C_99,0.672275
2678,477221783,W_0,4.75311,0.507408,0.710041,1,C_99,0.710041
2679,257225653,W_0,5.00805,0.527112,0.745064,1,C_99,0.745064
2680,887109065,W_0,5.23054,0.546027,0.777514,1,C_99,0.777514
2681,880343030,W_0,5.42298,0.564186,0.807554,1,C_99,0.807554
2682,646915612,W_0,4.58765,0.541619,0.835335,0,,0.835335
2683,581919238,W_0,3.81665,0.519954,0.771001,0,,0.771001
2684,378442537,W_0,4.10586,0.539156,0.710786,1,C_30,0.710786
2685,69305629,W_0,3.36141,0.517589,0.744449,0,,0.744449
2686,951905951,W_0,3.67575,0.536886,0.68566,1,C_120,0.68566
2687,370538910,W_0,2.95508,0.51541,0.720673,0,,0.720673
2688,511773112,W_0,2.29191,0.494794,0.663164,0,,0.663164
2689,956928777,W_0,1.68252,0.475002,0.60939,0,,0.60939
2690,346590671,W_0,1.1234,0.456002,0.559128,0,,0.559128
2691,71450411,W_0,0.611224,0.437762,0.512172,0,,0.512172
2692,25156898,W_0,0.142901,0.420252,0.468323,0,,0.468323
2693,365256949,W_0,1.0,0.443442,0.142901,1,K_14,0.142901
2694,936793609,W_0,0.506558,0.425704,0.493442,0,,0.493442
2695,232263224,W_0,0.0555267,0.408676,0.451032,0,,0.451032
2696,63910942,W_0,0.0,0.392329,0.0555267,0,,0.0555267
2697,639809273,W_0,0.0,0.376636,0.0,0,,0.0
2698,933419474,W_0,1.0,0.40157,0.0,1,C_125,0.0
2699,765859842,W_0,1.54843,0.425507,0.45157,1,C_125,0.45157
2700,15160701,W_0,2.0455,0.448487,0.502929,1,C_125,0.502929
2701,375151058,W_0,2.49474,0.470548,0.550762,1,C_125,0.550762
2702,540236476,W_0,2.89945,0.491726,0.595284,1,C_125,0.595284
2703,343968179,W_0,3.26276,0.512057,0.636698,1,C_125,0.636698
2704,498160300,W_0,3.58756,0.531574,0.675194,1,C_181,0.675194
2705,247272622,W_0,3.87661,0.550311,0.710952,1,C_181,0.710952
2706,524339725,W_0,3.13247,0.528299,0.744142,0,,0.744142
2707,848421137,W_0,2.44755,0.507167,0.684922,0,,0.684922
2708,696522550,W_0,1.818,0.48688,0.629544,0,,0.629544
2709,49307893,W_0,2.24022,0.507405,0.57778,1,C_96,0.57778
2710,464795402,W_0,2.6208,0.527109,0.619416,1,C_96,0.619416
2711,158510522,W_0,2.96266,0.546025,0.658149,1,C_96,0.658149
2712,545022346,W_0,3.2685,0.564184,0.694157,1,C_96,0.694157
2713,835779837,W_0,3.54089,0.581616,0.727608,1,C_96,0.727608
2714,336153371,W_0,3.78223,0.598352,0.758661,1,C_96,0.758661
2715,465720088,W_0,3.99477,0.614417,0.787463,1,C_96,0.787463
2716,723619175,W_0,3.18061,0.589841,0.814156,0,,0.814156
2717,915887835,W_0,2.43174,0.566247,0.748871,0,,0.748871
2718,750019380,W_0,1.7439,0.543597,0.687834,0,,0.687834
2719,672371828,W_0,2.11311,0.561853,0.630792,1,K_24,0.630792
2720,89408916,W_0,1.4456,0.539379,0.667509,0,,0.667509
2721,309574111,W_0,0.833944,0.517804,0.611659,0,,0.611659
2722,465735756,W_0,1.27444,0.537092,0.559501,1,C_40,0.559501
2723,242423944,W_0,1.67363,0.555608,0.600814,1,C_40,0.600814
2724,77571731,W_0,2.03434,0.573384,0.63929,1,C_40,0.63929
2725,543719221,W_0,2.35924,0.590449,0.675101,1,C_40,0.675101
2726,206606786,W_0,2.65083,0.606831,0.70841,1,C_40,0.70841
2727,64562821,W_0,2.91146,0.622557,0.739372,1,C_40,0.739372
2728,739725193,W_0,3.14333,0.637655,0.76813,1,C_53,0.76813
2729,65976743,W_0,3.3485,0.652149,0.794821,1,C_53,0.794821
2730,401369329,W_0,3.52893,0.666063,0.819574,1,C_53,0.819574
2731,91972376,W_0,3.68642,0.67942,0.842509,1,C_53,0.842509
2732,357109851,W_0,3.82268,0.692244,0.863741,1,C_53,0.863741
2733,134556784,W_0,3.9393,0.704554,0.883378,1,C_53,0.883378
2734,941374452,W_0,4.03778,0.716372,0.901519,1,C_53,0.901519
2735,631301902,W_0,4.11952,0.727717,0.918261,1,C_53,0.918261
2736,430317094,W_0,4.18583,0.738608,0.933693,1,C_53,0.933693
2737,282507648,W_0,3.23793,0.709064,0.9479,0,,0.9479
2738,74763096,W_0,3.36697,0.720701,0.87096,1,C_11,0.87096
2739,329401378,W_0,3.47792,0.731873,0.88905,1,C_11,0.88905
2740,880844911,W_0,3.57215,0.742598,0.905769,1,C_11,0.905769
2741,801406188,W_0,2.65094,0.712894,0.921206,0,,0.921206
2742,991452668,W_0,1.8055,0.684379,0.845442,0,,0.845442
2743,565870648,W_0,2.03085,0.697003,0.774654,1,C_106,0.774654
2744,803810982,W_0,2.2323,0.709123,0.798546,1,C_36,0.798546
2745,131459992,W_0,2.41156,0.720758,0.820738,1,C_36,0.820738
2746,349456082,W_0,2.57023,0.731928,0.841337,1,C_36,0.841337
2747,789957946,W_0,2.70979,0.742651,0.860439,1,C_36,0.860439
2748,722020523,W_0,3.70979,0.752945,0.0,1,C_36,0.87814
2749,548914364,W_0,2.77135,0.722827,0.938434,0,,0.938434
2750,267089173,W_0,1.90996,0.693914,0.861395,0,,0.861395
2751,154220839,W_0,1.12055,0.666157,0.789412,0,,0.789412
2752,443034275,W_0,0.398363,0.639511,0.722185,0,,0.722185
2753,905076839,W_0,0.0,0.613931,0.398363,0,,0.398363
2754,131923121,W_0,0.0,0.589373,0.0,0,,0.0
2755,510609648,W_0,0.0,0.565799,0.0,0,,0.0
2756,947253432,W_0,0.0,0.543167,0.0,0,,0.0
2757,915080282,W_0,1.0,0.56144,0.0,1,C_57,0.0
2758,32948310,W_0,1.38856,0.578982,0.61144,1,C_57,0.61144
2759,136010261,W_0,0.74015,0.555823,0.64841,0,,0.64841
2760,317105154,W_0,0.147319,0.53359,0.592831,0,,0.592831
2761,539687211,W_0,0.0,0.512246,0.147319,0,,0.147319
2762,410657832,W_0,0.0,0.491757,0.0,0,,0.0
2763,664944334,W_0,1.0,0.512086,0.0,1,K_31,0.0
2764,157712505,W_0,0.437914,0.491603,0.562086,0,,0.562086
2765,192839702,W_0,0.166588,0.471939,0.271325,0,,0.437914
2766,266644413,W_0,0.0,0.453061,0.166588,0,,0.166588
2767,348869726,W_0,0.0,0.434939,0.0,0,,0.0
2768,341538629,W_0,0.0,0.417541,0.0,0,,0.0
2769,344851907,W_0,1.0,0.44084,0.0,1,C_0,0.0
2770,432075763,W_0,1.50916,0.463206,0.49084,1,C_0,0.49084
2771,990905094,W_0,1.9705,0.484678,0.538664,1,C_0,0.538664
2772,252692482,W_0,1.38729,0.465291,0.583203,0,,0.583203
2773,849152146,W_0,0.852638,0.446679,0.534655,0,,0.534655
2774,250765422,W_0,0.363327,0.428812,0.489311,0,,0.489311
2775,399342316,W_0,0.0,0.411659,0.363327,0,,0.363327
2776,569154068,W_0,0.0,0.395193,0.0,0,,0.0
2777,417714158,W_0,0.0,0.379385,0.0,0,,0.0
2778,43374895,W_0,0.0,0.36421,0.0,0,,0.0
2779,693748541,W_0,0.0,0.349642,0.0,0,,0.0
2780,788357388,W_0,0.0,0.335656,0.0,0,,0.0
2781,536489223,W_0,0.0,0.32223,0.0,0,,0.0
2782,823870862,W_0,1.0,0.34934,0.0,1,K_0,0.0
2783,137794458,W_0,1.60066,0.375367,0.39934,1,K_0,0.39934
2784,275136420,W_0,2.14526,0.400352,0.4554,1,K_0,0.4554
2785,604376696,W_0,1.63764,0.384338,0.507615,0,,0.507615
2786,579399365,W_0,1.17142,0.368965,0.46622,0,,0.46622
2787,725410058,W_0,0.743889,0.354206,0.427536,0,,0.427536
2788,705856476,W_0,0.352488,0.340038,0.3914,0,,0.3914
2789,326457177,W_0,0.0,0.326436,0.352488,0,,0.352488
2790,487001691,W_0,1.0,0.353379,0.0,1,C_159,0.0
2791,553483540,W_0,1.59662,0.379244,0.403379,1,C_159,0.403379
2792,66756639,W_0,2.13755,0.404074,0.459075,1,C_159,0.459075
2793,802497953,W_0,2.6266,0.427911,0.510951,1,C_159,0.510951
2794,849346478,W_0,3.06735,0.450794,0.559241,1,C_159,0.559241
2795,141872375,W_0,3.46319,0.472763,0.604162,1,C_159,0.604162
2796,101591412,W_0,3.81727,0.493852,0.645922,1,C_159,0.645922
2797,606812387,W_0,4.13255,0.514098,0.684716,1,C_159,0.684716
2798,897600267,W_0,4.41183,0.533534,0.720726,1,C_159,0.720726
2799,869463548,W_0,4.6577,0.552193,0.754126,1,C_159,0.754126
2800,582537657,W_0,4.87263,0.570105,0.785078,1,C_159,0.785078
2801,93088993,W_0,5.05889,0.587301,0.813736,1,C_70,0.813736
2802,107308276,W_0,5.21864,0.603809,0.840245,1,C_70,0.840245
2803,924475056,W_0,4.3539,0.579656,0.864741,0,,0.864741
2804,664105037,W_0,4.55655,0.59647,0.797352,1,C_104,0.797352
2805,206881885,W_0,4.73225,0.612611,0.824298,1,C_104,0.824298
2806,704040348,W_0,4.88303,0.628107,0.849224,1,C_104,0.849224
2807,723969039,W_0,5.01077,0.642983,0.872258,1,C_104,0.872258
2808,793090797,W_0,5.11725,0.657263,0.893521,1,C_104,0.893521
2809,326821636,W_0,4.20412,0.630973,0.913126,0,,0.913126
2810,95010854,W_0,4.36294,0.645734,0.841179,1,C_21,0.841179
2811,225073002,W_0,4.49906,0.659905,0.863881,1,C_21,0.863881
2812,964445888,W_0,4.61421,0.673508,0.884858,1,C_21,0.884858
2813,320771259,W_0,4.70999,0.686568,0.904219,1,C_21,0.904219
2814,445837652,W_0,4.78792,0.699105,0.922067,1,C_21,0.922067
2815,323974268,W_0,4.84942,0.711141,0.938501,1,C_21,0.938501
2816,482337644,W_0,4.89581,0.722695,0.953612,1,K_1,0.953612
2817,646317651,W_0,3.92832,0.693788,0.967486,0,,0.967486
2818,305109349,W_0,4.03812,0.706036,0.890204,1,C_110,0.890204
2819,844725092,W_0,4.13017,0.717795,0.907942,1,C_110,0.907942
2820,867158278,W_0,4.20587,0.729083,0.924303,1,C_110,0.924303
2821,636980998,W_0,4.26649,0.73992,0.939376,1,C_110,0.939376
2822,599813461,W_0,4.31325,0.750323,0.953244,1,C_110,0.953244
2823,471603800,W_0,4.34727,0.76031,0.965985,1,C_110,0.965985
2824,214505320,W_0,4.36959,0.769898,0.977673,1,C_110,0.977673
2825,233071967,W_0,4.38121,0.779102,0.988377,1,C_110,0.988377
2826,84678052,W_0,3.38305,0.747938,0.998162,0,,0.998162
2827,343393750,W_0,3.46596,0.75802,0.91709,1,C_50,0.91709
2828,214973097,W_0,3.53464,0.767699,0.931318,1,C_50,0.931318
2829,607964192,W_0,3.59021,0.776991,0.944431,1,C_50,0.944431
2830,945107864,W_0,3.63371,0.785912,0.956502,1,C_50,0.956502
2831,924819017,W_0,3.66611,0.794475,0.967597,1,C_170,0.967597
2832,848228088,W_0,2.68833,0.762696,0.977781,0,,0.977781
2833,467492809,W_0,2.79122,0.772188,0.897113,1,C_74,0.897113
2834,690304915,W_0,2.87947,0.781301,0.911749,1,C_74,0.911749
2835,306071933,W_0,2.9542,0.790049,0.925274,1,C_74,0.925274
2836,292740379,W_0,3.01644,0.798447,0.937759,1,C_132,0.937759
2837,294711928,W_0,3.06717,0.806509,0.949269,1,C_132,0.949269
2838,456208396,W_0,3.1073,0.814249,0.959867,1,C_132,0.959867
2839,652784937,W_0,3.13769,0.821679,0.969614,1,C_132,0.969614
2840,300580448,W_0,3.15913,0.828811,0.978563,1,C_132,0.978563
2841,17621559,W_0,3.17236,0.835659,0.986768,1,C_132,0.986768
2842,92048461,W_0,2.17808,0.802233,0.994277,0,,0.994277
2843,369390051,W_0,2.26694,0.810143,0.911137,1,K_22,0.911137
2844,333460071,W_0,2.34345,0.817738,0.923491,1,K_22,0.923491
2845,186262609,W_0,2.40854,0.825028,0.93491,1,K_22,0.93491
2846,311188927,W_0,2.46309,0.832027,0.945455,1,C_61,0.945455
2847,903218962,W_0,2.50791,0.838746,0.955181,1,C_61,0.955181
2848,558144194,W_0,2.54377,0.845196,0.964141,1,C_61,0.964141
2849,400942796,W_0,2.57138,0.851388,0.972384,1,C_61,0.972384
2850,984445421,W_0,2.59142,0.857333,0.979957,1,C_61,0.979957
2851,449210689,W_0,2.60452,0.863039,0.986904,1,C_61,0.986904
2852,1250909,W_0,2.61125,0.868518,0.993265,1,C_61,0.993265
2853,297031062,W_0,2.61217,0.873777,0.999081,1,C_61,0.999081
2854,831698619,W_0,2.60779,0.878826,1.00439,1,C_61,1.00439
2855,191226357,W_0,2.59857,0.883673,1.00922,1,C_61,1.00922
2856,390465594,W_0,2.58497,0.888326,1.0136,1,C_61,1.0136
2857,447029265,W_0,2.5674,0.892793,1.01757,1,C_61,1.01757
2858,535792234,W_0,2.54623,0.897081,1.02116,1,C_61,1.02116
2859,498523494,W_0,2.52184,0.901198,1.02439,1,C_61,1.02439
2860,180920203,W_0,2.49455,0.90515,1.02729,1,C_23,1.02729
2861,49139030,W_0,2.46467,0.908944,1.02988,1,C_54,1.02988
2862,564326438,W_0,2.4325,0.912586,1.03218,1,C_48,1.03218
2863,228165448,W_0,2.39828,0.916083,1.03421,1,C_7,1.03421
2864,416689614,W_0,2.36229,0.91944,1.036,1,C_7,1.036
2865,712504134,W_0,2.32473,0.922662,1.03755,1,C_7,1.03755
2866,328347490,W_0,2.28583,0.925756,1.0389,1,C_81,1.0389
2867,329445592,W_0,2.24579,0.928725,1.04005,1,C_81,1.04005
2868,399548424,W_0,2.20477,0.931576,1.04101,1,C_81,1.04101
2869,162672817,W_0,2.16296,0.934313,1.04181,1,C_81,1.04181
2870,858337192,W_0,2.1205,0.936941,1.04246,1,C_81,1.04246
2871,495385314,W_0,2.07753,0.939463,1.04297,1,C_32,1.04297
2872,91503435,W_0,2.03419,0.941885,1.04334,1,C_32,1.04334
2873,994363745,W_0,1.9906,0.944209,1.04359,1,C_32,1.04359
2874,595125653,W_0,1.94686,0.946441,1.04374,1,C_32,1.04374
2875,609983641,W_0,1.90307,0.948583,1.04378,1,C_32,1.04378
2876,137783321,W_0,1.85934,0.95064,1.04374,1,C_32,1.04374
2877,214137419,W_0,1.81573,0.952614,1.04361,1,C_32,1.04361
2878,705760835,W_0,1.77233,0.95451,1.0434,1,C_32,1.0434
2879,594793767,W_0,1.7292,0.956329,1.04313,1,C_32,1.04313
2880,13408726,W_0,1.68641,0.958076,1.04279,1,C_32,1.04279
2881,871031216,W_0,1.64402,0.959753,1.0424,1,C_32,1.0424
2882,189693984,W_0,1.60206,0.961363,1.04195,1,C_32,1.04195
2883,169786410,W_0,1.5606,0.962908,1.04147,1,C_32,1.04147
2884,877141452,W_0,1.51966,0.964392,1.04094,1,C_32,1.04094
2885,930358825,W_0,1.47928,0.965816,1.04037,1,C_176,1.04037
2886,871588148,W_0,1.4395,0.967184,1.03978,1,C_176,1.03978
2887,742846623,W_0,1.40034,0.968496,1.03916,1,C_176,1.03916
2888,797797701,W_0,1.36183,0.969757,1.03851,1,C_101,1.03851
2889,825524847,W_0,1.32398,0.970966,1.03785,1,C_37,1.03785
2890,658984026,W_0,1.28682,0.972128,1.03717,1,C_177,1.03717
2891,877615188,W_0,1.25035,0.973243,1.03647,1,C_177,1.03647
2892,353307995,W_0,1.21459,0.974313,1.03576,1,C_4,1.03576
2893,54519207,W_0,1.17955,0.97534,1.03504,1,C_4,1.03504
2894,193619527,W_0,1.14523,0.976327,1.03432,1,C_4,1.03432
2895,775054729,W_0,1.11164,0.977274,1.03359,1,C_4,1.03359
2896,803183776,W_0,1.07879,0.978183,1.03286,1,C_100,1.03286
2897,6684859,W_0,1.04666,0.979055,1.03212,1,C_130,1.03212
2898,675668681,W_0,1.01527,0.979893,1.03139,1,C_21,1.03139
2899,922677142,W_0,1.0,0.980697,1.01527,1,C_21,1.01527
2900,583434382,W_0,1.0,0.98147,1.0,1,C_177,1.0
2901,878837145,W_0,1.0,0.982211,1.0,1,C_177,1.0
2902,527370112,W_0,1.0,0.982922,1.0,1,C_177,1.0
2903,663348530,W_0,1.0,0.983605,1.0,1,C_177,1.0
2904,20314597,W_0,0.0,0.944261,1.0,0,,1.0
2905,750723468,W_0,1.0,0.946491,0.0,1,C_168,0.0
2906,437875259,W_0,0.00350923,0.908631,0.996491,0,,0.996491
2907,341605744,W_0,1.0,0.912286,0.00350923,1,C_191,0.00350923
2908,904042491,W_0,1.03771,0.915794,0.962286,1,C_186,0.962286
2909,107631196,W_0,1.07003,0.919163,0.96768,1,C_186,0.96768
2910,145296301,W_0,1.09737,0.922396,0.972664,1,C_186,0.972664
2911,986273206,W_0,0.120105,0.8855,0.977265,0,,0.977265
2912,330171112,W_0,1.0,0.89008,0.120105,1,C_130,0.120105
2913,896256572,W_0,1.05992,0.894477,0.94008,1,C_130,0.94008
2914,296590089,W_0,1.11245,0.898698,0.947473,1,C_173,0.947473
2915,844557616,W_0,1.15813,0.90275,0.95432,1,C_173,0.95432
2916,609962444,W_0,1.19747,0.90664,0.960656,1,C_173,0.960656
2917,527936331,W_0,1.23096,0.910374,0.966514,1,C_173,0.966514
2918,964058661,W_0,0.259034,0.873959,0.971922,0,,0.971922
2919,80606584,W_0,1.0,0.879001,0.259034,1,C_83,0.259034
2920,279931137,W_0,0.0709989,0.843841,0.929001,0,,0.929001
2921,931006951,W_0,1.0,0.850087,0.0709989,1,C_112,0.0709989
2922,892502824,W_0,2.0,0.856084,0.0,1,C_112,0.900087
2923,891300910,W_0,2.04392,0.861841,0.956084,1,C_112,0.956084
2924,720443962,W_0,1.07988,0.827367,0.964036,0,,0.964036
2925,630657851,W_0,1.19852,0.834272,0.881361,1,C_121,0.881361
2926,774557759,W_0,0.304321,0.800901,0.894198,0,,0.894198
2927,788539557,W_0,1.0,0.808865,0.304321,1,C_85,0.304321
2928,60425271,W_0,0.141135,0.776511,0.858865,0,,0.858865
2929,191376091,W_0,1.0,0.78545,0.141135,1,C_166,0.141135
2930,432366626,W_0,1.16455,0.794032,0.83545,1,C_166,0.83545
2931,681450926,W_0,1.31229,0.802271,0.85226,1,C_166,0.85226
2932,882543891,W_0,0.444404,0.77018,0.867885,0,,0.867885
2933,735799715,W_0,1.0,0.779373,0.444404,1,C_109,0.444404
2934,745752932,W_0,0.170627,0.748198,0.829373,0,,0.829373
2935,32423088,W_0,0.0,0.71827,0.170627,0,,0.170627
2936,933070577,W_0,1.0,0.729539,0.0,1,C_18,0.0
2937,389519906,W_0,1.22046,0.740358,0.779539,1,C_18,0.779539
2938,741593543,W_0,1.41908,0.750743,0.801381,1,C_18,0.801381
2939,146093070,W_0,1.59738,0.760714,0.821697,1,C_18,0.821697
2940,47734342,W_0,1.7568,0.770285,0.840583,1,C_18,0.840583
2941,63374872,W_0,1.89867,0.779474,0.858125,1,C_18,0.858125
2942,124175308,W_0,2.02427,0.788295,0.874407,1,C_18,0.874407
2943,222072349,W_0,2.13476,0.796763,0.889508,1,C_67,0.889508
2944,38493861,W_0,2.23126,0.804892,0.903501,1,C_67,0.903501
2945,76249418,W_0,2.3148,0.812697,0.916455,1,C_67,0.916455
2946,953409527,W_0,2.38637,0.820189,0.928437,1,C_67,0.928437
2947,71376953,W_0,2.44686,0.827381,0.939507,1,C_67,0.939507
2948,53758450,W_0,2.49713,0.834286,0.949724,1,C_67,0.949724
2949,665803596,W_0,1.53799,0.800915,0.959143,0,,0.959143
2950,570133266,W_0,0.660177,0.768878,0.877814,0,,0.877814
2951,165942075,W_0,1.0,0.778123,0.660177,1,C_198,0.660177
2952,512530759,W_0,1.17188,0.786998,0.828123,1,C_198,0.828123
2953,624657625,W_0,0.326285,0.755518,0.845592,0,,0.845592
2954,727931675,W_0,0.0,0.725297,0.326285,0,,0.326285
2955,73037343,W_0,0.0,0.696285,0.0,0,,0.0
2956,642208895,W_0,1.0,0.708434,0.0,1,C_37,0.0
2957,940698602,W_0,1.24157,0.720097,0.758434,1,C_37,0.758434
2958,59556702,W_0,1.45939,0.731293,0.782175,1,C_37,0.782175
2959,775282040,W_0,1.65513,0.742041,0.804262,1,C_37,0.804262
2960,765128789,W_0,0.830331,0.712359,0.824798,0,,0.824798
2961,247518493,W_0,0.076455,0.683865,0.753876,0,,0.753876
2962,792617337,W_0,0.0,0.65651,0.076455,0,,0.076455
2963,737919085,W_0,1.0,0.67025,0.0,1,C_31,0.0
2964,12642073,W_0,1.27975,0.68344,0.72025,1,C_31,0.72025
2965,476420165,W_0,1.53232,0.696102,0.747428,1,C_31,0.747428
2966,247475411,W_0,1.7596,0.708258,0.772719,1,C_31,0.772719
2967,572778666,W_0,1.96337,0.719928,0.796239,1,C_31,0.796239
2968,688162642,W_0,2.14527,0.731131,0.818096,1,C_31,0.818096
2969,849536219,W_0,2.30687,0.741886,0.838394,1,C_31,0.838394
2970,16304211,W_0,2.44965,0.75221,0.857229,1,C_31,0.857229
2971,144469619,W_0,2.57495,0.762122,0.874692,1,C_31,0.874692
2972,179731386,W_0,1.68408,0.731637,0.890869,0,,0.890869
2973,112896259,W_0,0.868242,0.702371,0.815841,0,,0.815841
2974,585106514,W_0,1.12246,0.714277,0.745784,1,C_188,0.745784
2975,964878996,W_0,1.35206,0.725706,0.7704,1,C_188,0.7704
2976,195443921,W_0,1.55875,0.736677,0.793308,1,C_188,0.793308
2977,468282709,W_0,0.744136,0.70721,0.814615,0,,0.814615
2978,694456221,W_0,0.0,0.678922,0.744136,0,,0.744136
2979,392787542,W_0,0.0,0.651765,0.0,0,,0.0
2980,889786939,W_0,0.0,0.625694,0.0,0,,0.0
2981,763785996,W_0,1.0,0.640667,0.0,1,C_186,0.0
2982,628527168,W_0,0.309333,0.61504,0.690667,0,,0.690667
2983,135432786,W_0,0.0,0.590438,0.309333,0,,0.309333
2984,668788594,W_0,0.0,0.566821,0.0,0,,0.0
2985,711012124,W_0,0.0,0.544148,0.0,0,,0.0
2986,841544858,W_0,0.0,0.522382,0.0,0,,0.0
2987,543385015,W_0,0.0,0.501487,0.0,0,,0.0
2988,161773218,W_0,0.0,0.481427,0.0,0,,0.0
2989,598667995,W_0,0.0,0.46217,0.0,0,,0.0
2990,251225576,W_0,0.0,0.443683,0.0,0,,0.0
2991,527181921,W_0,0.0,0.425936,0.0,0,,0.0
2992,144173414,W_0,0.0,0.408899,0.0,0,,0.0
2993,374972847,W_0,0.0,0.392543,0.0,0,,0.0
2994,175314679,W_0,0.0,0.376841,0.0,0,,0.0
2995,546047584,W_0,0.0,0.361767,0.0,0,,0.0
2996,725986276,W_0,0.0,0.347297,0.0,0,,0.0
2997,943915935,W_0,0.0,0.333405,0.0,0,,0.0
2998,555293097,W_0,0.0,0.320069,0.0,0,,0.0
2999,39567706,W_0,0.0,0.307266,0.0,0,,0.0
3000,158729352,W_0,0.0,0.294975,0.0,0,,0.0
